
===========================================================================
report_checks -path_delay min (Hold)
============================================================================
======================= Typical Corner ===================================

Startpoint: _248_ (rising edge-triggered flip-flop clocked by clk)
Endpoint: _248_ (rising edge-triggered flip-flop clocked by clk)
Path Group: clk
Path Type: min

Fanout     Cap    Slew   Delay    Time   Description
-----------------------------------------------------------------------------
                          0.00    0.00   clock clk (rise edge)
                          0.00    0.00   clock source latency
                  0.07    0.05    0.05 ^ clk (in)
     1    0.01                           clk (net)
                  0.07    0.00    0.05 ^ clkbuf_0_clk/A (sky130_fd_sc_hd__clkbuf_16)
                  0.05    0.14    0.18 ^ clkbuf_0_clk/X (sky130_fd_sc_hd__clkbuf_16)
     4    0.03                           clknet_0_clk (net)
                  0.05    0.00    0.18 ^ clkbuf_2_1__f_clk/A (sky130_fd_sc_hd__clkbuf_16)
                  0.05    0.13    0.31 ^ clkbuf_2_1__f_clk/X (sky130_fd_sc_hd__clkbuf_16)
     9    0.02                           clknet_2_1__leaf_clk (net)
                  0.05    0.00    0.31 ^ _248_/CLK (sky130_fd_sc_hd__dfrtp_1)
                  0.09    0.33    0.64 ^ _248_/Q (sky130_fd_sc_hd__dfrtp_1)
     2    0.01                           net12 (net)
                  0.09    0.00    0.64 ^ _143_/A1 (sky130_fd_sc_hd__mux2_1)
                  0.04    0.13    0.77 ^ _143_/X (sky130_fd_sc_hd__mux2_1)
     1    0.00                           _079_ (net)
                  0.04    0.00    0.77 ^ _144_/A (sky130_fd_sc_hd__clkbuf_1)
                  0.04    0.07    0.85 ^ _144_/X (sky130_fd_sc_hd__clkbuf_1)
     1    0.00                           _042_ (net)
                  0.04    0.00    0.85 ^ _248_/D (sky130_fd_sc_hd__dfrtp_1)
                                  0.85   data arrival time

                          0.00    0.00   clock clk (rise edge)
                          0.00    0.00   clock source latency
                  0.07    0.05    0.05 ^ clk (in)
     1    0.01                           clk (net)
                  0.07    0.00    0.05 ^ clkbuf_0_clk/A (sky130_fd_sc_hd__clkbuf_16)
                  0.05    0.15    0.20 ^ clkbuf_0_clk/X (sky130_fd_sc_hd__clkbuf_16)
     4    0.03                           clknet_0_clk (net)
                  0.05    0.00    0.20 ^ clkbuf_2_1__f_clk/A (sky130_fd_sc_hd__clkbuf_16)
                  0.05    0.14    0.34 ^ clkbuf_2_1__f_clk/X (sky130_fd_sc_hd__clkbuf_16)
     9    0.02                           clknet_2_1__leaf_clk (net)
                  0.05    0.00    0.34 ^ _248_/CLK (sky130_fd_sc_hd__dfrtp_1)
                          0.25    0.59   clock uncertainty
                         -0.03    0.56   clock reconvergence pessimism
                         -0.03    0.53   library hold time
                                  0.53   data required time
-----------------------------------------------------------------------------
                                  0.53   data required time
                                 -0.85   data arrival time
-----------------------------------------------------------------------------
                                  0.32   slack (MET)


Startpoint: _240_ (rising edge-triggered flip-flop clocked by clk)
Endpoint: _240_ (rising edge-triggered flip-flop clocked by clk)
Path Group: clk
Path Type: min

Fanout     Cap    Slew   Delay    Time   Description
-----------------------------------------------------------------------------
                          0.00    0.00   clock clk (rise edge)
                          0.00    0.00   clock source latency
                  0.07    0.05    0.05 ^ clk (in)
     1    0.01                           clk (net)
                  0.07    0.00    0.05 ^ clkbuf_0_clk/A (sky130_fd_sc_hd__clkbuf_16)
                  0.05    0.14    0.18 ^ clkbuf_0_clk/X (sky130_fd_sc_hd__clkbuf_16)
     4    0.03                           clknet_0_clk (net)
                  0.05    0.00    0.18 ^ clkbuf_2_0__f_clk/A (sky130_fd_sc_hd__clkbuf_16)
                  0.05    0.13    0.31 ^ clkbuf_2_0__f_clk/X (sky130_fd_sc_hd__clkbuf_16)
     9    0.03                           clknet_2_0__leaf_clk (net)
                  0.05    0.00    0.31 ^ _240_/CLK (sky130_fd_sc_hd__dfrtp_4)
                  0.12    0.44    0.75 ^ _240_/Q (sky130_fd_sc_hd__dfrtp_4)
    10    0.03                           rx_inst.bit_count[1] (net)
                  0.12    0.00    0.75 ^ _156_/B2 (sky130_fd_sc_hd__a22o_1)
                  0.05    0.13    0.88 ^ _156_/X (sky130_fd_sc_hd__a22o_1)
     1    0.00                           _038_ (net)
                  0.05    0.00    0.88 ^ _240_/D (sky130_fd_sc_hd__dfrtp_4)
                                  0.88   data arrival time

                          0.00    0.00   clock clk (rise edge)
                          0.00    0.00   clock source latency
                  0.07    0.05    0.05 ^ clk (in)
     1    0.01                           clk (net)
                  0.07    0.00    0.05 ^ clkbuf_0_clk/A (sky130_fd_sc_hd__clkbuf_16)
                  0.05    0.15    0.20 ^ clkbuf_0_clk/X (sky130_fd_sc_hd__clkbuf_16)
     4    0.03                           clknet_0_clk (net)
                  0.05    0.00    0.20 ^ clkbuf_2_0__f_clk/A (sky130_fd_sc_hd__clkbuf_16)
                  0.05    0.14    0.34 ^ clkbuf_2_0__f_clk/X (sky130_fd_sc_hd__clkbuf_16)
     9    0.03                           clknet_2_0__leaf_clk (net)
                  0.05    0.00    0.34 ^ _240_/CLK (sky130_fd_sc_hd__dfrtp_4)
                          0.25    0.59   clock uncertainty
                         -0.03    0.56   clock reconvergence pessimism
                         -0.04    0.53   library hold time
                                  0.53   data required time
-----------------------------------------------------------------------------
                                  0.53   data required time
                                 -0.88   data arrival time
-----------------------------------------------------------------------------
                                  0.36   slack (MET)


Startpoint: _243_ (rising edge-triggered flip-flop clocked by clk)
Endpoint: _237_ (rising edge-triggered flip-flop clocked by clk)
Path Group: clk
Path Type: min

Fanout     Cap    Slew   Delay    Time   Description
-----------------------------------------------------------------------------
                          0.00    0.00   clock clk (rise edge)
                          0.00    0.00   clock source latency
                  0.07    0.05    0.05 ^ clk (in)
     1    0.01                           clk (net)
                  0.07    0.00    0.05 ^ clkbuf_0_clk/A (sky130_fd_sc_hd__clkbuf_16)
                  0.05    0.14    0.18 ^ clkbuf_0_clk/X (sky130_fd_sc_hd__clkbuf_16)
     4    0.03                           clknet_0_clk (net)
                  0.05    0.00    0.18 ^ clkbuf_2_3__f_clk/A (sky130_fd_sc_hd__clkbuf_16)
                  0.04    0.12    0.30 ^ clkbuf_2_3__f_clk/X (sky130_fd_sc_hd__clkbuf_16)
     9    0.02                           clknet_2_3__leaf_clk (net)
                  0.04    0.00    0.30 ^ _243_/CLK (sky130_fd_sc_hd__dfrtp_4)
                  0.09    0.42    0.72 ^ _243_/Q (sky130_fd_sc_hd__dfrtp_4)
     8    0.02                           tx_inst.state[1] (net)
                  0.09    0.00    0.72 ^ _181_/A1 (sky130_fd_sc_hd__a311o_1)
                  0.05    0.16    0.88 ^ _181_/X (sky130_fd_sc_hd__a311o_1)
     1    0.00                           _114_ (net)
                  0.05    0.00    0.88 ^ _237_/D (sky130_fd_sc_hd__dfstp_1)
                                  0.88   data arrival time

                          0.00    0.00   clock clk (rise edge)
                          0.00    0.00   clock source latency
                  0.07    0.05    0.05 ^ clk (in)
     1    0.01                           clk (net)
                  0.07    0.00    0.05 ^ clkbuf_0_clk/A (sky130_fd_sc_hd__clkbuf_16)
                  0.05    0.15    0.20 ^ clkbuf_0_clk/X (sky130_fd_sc_hd__clkbuf_16)
     4    0.03                           clknet_0_clk (net)
                  0.05    0.00    0.20 ^ clkbuf_2_3__f_clk/A (sky130_fd_sc_hd__clkbuf_16)
                  0.04    0.13    0.33 ^ clkbuf_2_3__f_clk/X (sky130_fd_sc_hd__clkbuf_16)
     9    0.02                           clknet_2_3__leaf_clk (net)
                  0.04    0.00    0.33 ^ _237_/CLK (sky130_fd_sc_hd__dfstp_1)
                          0.25    0.58   clock uncertainty
                         -0.03    0.55   clock reconvergence pessimism
                         -0.04    0.52   library hold time
                                  0.52   data required time
-----------------------------------------------------------------------------
                                  0.52   data required time
                                 -0.88   data arrival time
-----------------------------------------------------------------------------
                                  0.36   slack (MET)


Startpoint: _240_ (rising edge-triggered flip-flop clocked by clk)
Endpoint: _254_ (rising edge-triggered flip-flop clocked by clk)
Path Group: clk
Path Type: min

Fanout     Cap    Slew   Delay    Time   Description
-----------------------------------------------------------------------------
                          0.00    0.00   clock clk (rise edge)
                          0.00    0.00   clock source latency
                  0.07    0.05    0.05 ^ clk (in)
     1    0.01                           clk (net)
                  0.07    0.00    0.05 ^ clkbuf_0_clk/A (sky130_fd_sc_hd__clkbuf_16)
                  0.05    0.14    0.18 ^ clkbuf_0_clk/X (sky130_fd_sc_hd__clkbuf_16)
     4    0.03                           clknet_0_clk (net)
                  0.05    0.00    0.18 ^ clkbuf_2_0__f_clk/A (sky130_fd_sc_hd__clkbuf_16)
                  0.05    0.13    0.31 ^ clkbuf_2_0__f_clk/X (sky130_fd_sc_hd__clkbuf_16)
     9    0.03                           clknet_2_0__leaf_clk (net)
                  0.05    0.00    0.31 ^ _240_/CLK (sky130_fd_sc_hd__dfrtp_4)
                  0.12    0.44    0.75 ^ _240_/Q (sky130_fd_sc_hd__dfrtp_4)
    10    0.03                           rx_inst.bit_count[1] (net)
                  0.12    0.00    0.75 ^ _124_/A1 (sky130_fd_sc_hd__a41o_1)
                  0.04    0.15    0.90 ^ _124_/X (sky130_fd_sc_hd__a41o_1)
     1    0.00                           _048_ (net)
                  0.04    0.00    0.90 ^ _254_/D (sky130_fd_sc_hd__dfrtp_1)
                                  0.90   data arrival time

                          0.00    0.00   clock clk (rise edge)
                          0.00    0.00   clock source latency
                  0.07    0.05    0.05 ^ clk (in)
     1    0.01                           clk (net)
                  0.07    0.00    0.05 ^ clkbuf_0_clk/A (sky130_fd_sc_hd__clkbuf_16)
                  0.05    0.15    0.20 ^ clkbuf_0_clk/X (sky130_fd_sc_hd__clkbuf_16)
     4    0.03                           clknet_0_clk (net)
                  0.05    0.00    0.20 ^ clkbuf_2_0__f_clk/A (sky130_fd_sc_hd__clkbuf_16)
                  0.05    0.14    0.34 ^ clkbuf_2_0__f_clk/X (sky130_fd_sc_hd__clkbuf_16)
     9    0.03                           clknet_2_0__leaf_clk (net)
                  0.05    0.00    0.34 ^ _254_/CLK (sky130_fd_sc_hd__dfrtp_1)
                          0.25    0.59   clock uncertainty
                         -0.03    0.56   clock reconvergence pessimism
                         -0.03    0.53   library hold time
                                  0.53   data required time
-----------------------------------------------------------------------------
                                  0.53   data required time
                                 -0.90   data arrival time
-----------------------------------------------------------------------------
                                  0.37   slack (MET)


Startpoint: _237_ (rising edge-triggered flip-flop clocked by clk)
Endpoint: _230_ (rising edge-triggered flip-flop clocked by clk)
Path Group: clk
Path Type: min

Fanout     Cap    Slew   Delay    Time   Description
-----------------------------------------------------------------------------
                          0.00    0.00   clock clk (rise edge)
                          0.00    0.00   clock source latency
                  0.07    0.05    0.05 ^ clk (in)
     1    0.01                           clk (net)
                  0.07    0.00    0.05 ^ clkbuf_0_clk/A (sky130_fd_sc_hd__clkbuf_16)
                  0.05    0.14    0.18 ^ clkbuf_0_clk/X (sky130_fd_sc_hd__clkbuf_16)
     4    0.03                           clknet_0_clk (net)
                  0.05    0.00    0.18 ^ clkbuf_2_3__f_clk/A (sky130_fd_sc_hd__clkbuf_16)
                  0.04    0.12    0.30 ^ clkbuf_2_3__f_clk/X (sky130_fd_sc_hd__clkbuf_16)
     9    0.02                           clknet_2_3__leaf_clk (net)
                  0.04    0.00    0.30 ^ _237_/CLK (sky130_fd_sc_hd__dfstp_1)
                  0.04    0.34    0.64 v _237_/Q (sky130_fd_sc_hd__dfstp_1)
     2    0.00                           rx_inst.rx (net)
                  0.04    0.00    0.64 v _116_/A (sky130_fd_sc_hd__buf_2)
                  0.08    0.16    0.80 v _116_/X (sky130_fd_sc_hd__buf_2)
    10    0.03                           _058_ (net)
                  0.08    0.00    0.80 v _149_/B1 (sky130_fd_sc_hd__o21a_1)
                  0.05    0.13    0.92 v _149_/X (sky130_fd_sc_hd__o21a_1)
     2    0.01                           _000_ (net)
                  0.05    0.00    0.92 v _230_/D (sky130_fd_sc_hd__dfstp_1)
                                  0.92   data arrival time

                          0.00    0.00   clock clk (rise edge)
                          0.00    0.00   clock source latency
                  0.07    0.05    0.05 ^ clk (in)
     1    0.01                           clk (net)
                  0.07    0.00    0.05 ^ clkbuf_0_clk/A (sky130_fd_sc_hd__clkbuf_16)
                  0.05    0.15    0.20 ^ clkbuf_0_clk/X (sky130_fd_sc_hd__clkbuf_16)
     4    0.03                           clknet_0_clk (net)
                  0.05    0.00    0.20 ^ clkbuf_2_2__f_clk/A (sky130_fd_sc_hd__clkbuf_16)
                  0.04    0.13    0.34 ^ clkbuf_2_2__f_clk/X (sky130_fd_sc_hd__clkbuf_16)
     6    0.02                           clknet_2_2__leaf_clk (net)
                  0.04    0.00    0.34 ^ _230_/CLK (sky130_fd_sc_hd__dfstp_1)
                          0.25    0.59   clock uncertainty
                         -0.02    0.57   clock reconvergence pessimism
                         -0.02    0.55   library hold time
                                  0.55   data required time
-----------------------------------------------------------------------------
                                  0.55   data required time
                                 -0.92   data arrival time
-----------------------------------------------------------------------------
                                  0.37   slack (MET)


Startpoint: _235_ (rising edge-triggered flip-flop clocked by clk)
Endpoint: _235_ (rising edge-triggered flip-flop clocked by clk)
Path Group: clk
Path Type: min

Fanout     Cap    Slew   Delay    Time   Description
-----------------------------------------------------------------------------
                          0.00    0.00   clock clk (rise edge)
                          0.00    0.00   clock source latency
                  0.07    0.05    0.05 ^ clk (in)
     1    0.01                           clk (net)
                  0.07    0.00    0.05 ^ clkbuf_0_clk/A (sky130_fd_sc_hd__clkbuf_16)
                  0.05    0.14    0.18 ^ clkbuf_0_clk/X (sky130_fd_sc_hd__clkbuf_16)
     4    0.03                           clknet_0_clk (net)
                  0.05    0.00    0.18 ^ clkbuf_2_3__f_clk/A (sky130_fd_sc_hd__clkbuf_16)
                  0.04    0.12    0.30 ^ clkbuf_2_3__f_clk/X (sky130_fd_sc_hd__clkbuf_16)
     9    0.02                           clknet_2_3__leaf_clk (net)
                  0.04    0.00    0.30 ^ _235_/CLK (sky130_fd_sc_hd__dfrtp_4)
                  0.10    0.42    0.72 ^ _235_/Q (sky130_fd_sc_hd__dfrtp_4)
     7    0.02                           tx_inst.bit_count[1] (net)
                  0.10    0.00    0.72 ^ _165_/A1 (sky130_fd_sc_hd__a21bo_1)
                  0.04    0.11    0.83 ^ _165_/X (sky130_fd_sc_hd__a21bo_1)
     1    0.00                           _092_ (net)
                  0.04    0.00    0.84 ^ _167_/A2 (sky130_fd_sc_hd__a21oi_1)
                  0.04    0.05    0.89 v _167_/Y (sky130_fd_sc_hd__a21oi_1)
     1    0.00                           _034_ (net)
                  0.04    0.00    0.89 v _235_/D (sky130_fd_sc_hd__dfrtp_4)
                                  0.89   data arrival time

                          0.00    0.00   clock clk (rise edge)
                          0.00    0.00   clock source latency
                  0.07    0.05    0.05 ^ clk (in)
     1    0.01                           clk (net)
                  0.07    0.00    0.05 ^ clkbuf_0_clk/A (sky130_fd_sc_hd__clkbuf_16)
                  0.05    0.15    0.20 ^ clkbuf_0_clk/X (sky130_fd_sc_hd__clkbuf_16)
     4    0.03                           clknet_0_clk (net)
                  0.05    0.00    0.20 ^ clkbuf_2_3__f_clk/A (sky130_fd_sc_hd__clkbuf_16)
                  0.04    0.13    0.33 ^ clkbuf_2_3__f_clk/X (sky130_fd_sc_hd__clkbuf_16)
     9    0.02                           clknet_2_3__leaf_clk (net)
                  0.04    0.00    0.33 ^ _235_/CLK (sky130_fd_sc_hd__dfrtp_4)
                          0.25    0.58   clock uncertainty
                         -0.03    0.55   clock reconvergence pessimism
                         -0.04    0.51   library hold time
                                  0.51   data required time
-----------------------------------------------------------------------------
                                  0.51   data required time
                                 -0.89   data arrival time
-----------------------------------------------------------------------------
                                  0.37   slack (MET)


Startpoint: _231_ (rising edge-triggered flip-flop clocked by clk)
Endpoint: _239_ (rising edge-triggered flip-flop clocked by clk)
Path Group: clk
Path Type: min

Fanout     Cap    Slew   Delay    Time   Description
-----------------------------------------------------------------------------
                          0.00    0.00   clock clk (rise edge)
                          0.00    0.00   clock source latency
                  0.07    0.05    0.05 ^ clk (in)
     1    0.01                           clk (net)
                  0.07    0.00    0.05 ^ clkbuf_0_clk/A (sky130_fd_sc_hd__clkbuf_16)
                  0.05    0.14    0.18 ^ clkbuf_0_clk/X (sky130_fd_sc_hd__clkbuf_16)
     4    0.03                           clknet_0_clk (net)
                  0.05    0.00    0.18 ^ clkbuf_2_0__f_clk/A (sky130_fd_sc_hd__clkbuf_16)
                  0.05    0.13    0.31 ^ clkbuf_2_0__f_clk/X (sky130_fd_sc_hd__clkbuf_16)
     9    0.03                           clknet_2_0__leaf_clk (net)
                  0.05    0.00    0.31 ^ _231_/CLK (sky130_fd_sc_hd__dfrtp_2)
                  0.10    0.37    0.68 ^ _231_/Q (sky130_fd_sc_hd__dfrtp_2)
     6    0.02                           rx_inst.state[1] (net)
                  0.10    0.00    0.68 ^ _157_/A0 (sky130_fd_sc_hd__mux2_1)
                  0.05    0.13    0.81 ^ _157_/X (sky130_fd_sc_hd__mux2_1)
     1    0.00                           _087_ (net)
                  0.05    0.00    0.81 ^ _158_/A (sky130_fd_sc_hd__clkbuf_1)
                  0.05    0.09    0.90 ^ _158_/X (sky130_fd_sc_hd__clkbuf_1)
     1    0.00                           _037_ (net)
                  0.05    0.00    0.90 ^ _239_/D (sky130_fd_sc_hd__dfrtp_1)
                                  0.90   data arrival time

                          0.00    0.00   clock clk (rise edge)
                          0.00    0.00   clock source latency
                  0.07    0.05    0.05 ^ clk (in)
     1    0.01                           clk (net)
                  0.07    0.00    0.05 ^ clkbuf_0_clk/A (sky130_fd_sc_hd__clkbuf_16)
                  0.05    0.15    0.20 ^ clkbuf_0_clk/X (sky130_fd_sc_hd__clkbuf_16)
     4    0.03                           clknet_0_clk (net)
                  0.05    0.00    0.20 ^ clkbuf_2_0__f_clk/A (sky130_fd_sc_hd__clkbuf_16)
                  0.05    0.14    0.34 ^ clkbuf_2_0__f_clk/X (sky130_fd_sc_hd__clkbuf_16)
     9    0.03                           clknet_2_0__leaf_clk (net)
                  0.05    0.00    0.34 ^ _239_/CLK (sky130_fd_sc_hd__dfrtp_1)
                          0.25    0.59   clock uncertainty
                         -0.03    0.56   clock reconvergence pessimism
                         -0.04    0.52   library hold time
                                  0.52   data required time
-----------------------------------------------------------------------------
                                  0.52   data required time
                                 -0.90   data arrival time
-----------------------------------------------------------------------------
                                  0.38   slack (MET)


Startpoint: _237_ (rising edge-triggered flip-flop clocked by clk)
Endpoint: _232_ (rising edge-triggered flip-flop clocked by clk)
Path Group: clk
Path Type: min

Fanout     Cap    Slew   Delay    Time   Description
-----------------------------------------------------------------------------
                          0.00    0.00   clock clk (rise edge)
                          0.00    0.00   clock source latency
                  0.07    0.05    0.05 ^ clk (in)
     1    0.01                           clk (net)
                  0.07    0.00    0.05 ^ clkbuf_0_clk/A (sky130_fd_sc_hd__clkbuf_16)
                  0.05    0.14    0.18 ^ clkbuf_0_clk/X (sky130_fd_sc_hd__clkbuf_16)
     4    0.03                           clknet_0_clk (net)
                  0.05    0.00    0.18 ^ clkbuf_2_3__f_clk/A (sky130_fd_sc_hd__clkbuf_16)
                  0.04    0.12    0.30 ^ clkbuf_2_3__f_clk/X (sky130_fd_sc_hd__clkbuf_16)
     9    0.02                           clknet_2_3__leaf_clk (net)
                  0.04    0.00    0.30 ^ _237_/CLK (sky130_fd_sc_hd__dfstp_1)
                  0.04    0.34    0.64 v _237_/Q (sky130_fd_sc_hd__dfstp_1)
     2    0.00                           rx_inst.rx (net)
                  0.04    0.00    0.64 v _116_/A (sky130_fd_sc_hd__buf_2)
                  0.08    0.16    0.80 v _116_/X (sky130_fd_sc_hd__buf_2)
    10    0.03                           _058_ (net)
                  0.08    0.00    0.80 v _182_/B (sky130_fd_sc_hd__nor2_1)
                  0.09    0.10    0.90 ^ _182_/Y (sky130_fd_sc_hd__nor2_1)
     1    0.00                           _001_ (net)
                  0.09    0.00    0.90 ^ _232_/D (sky130_fd_sc_hd__dfrtp_1)
                                  0.90   data arrival time

                          0.00    0.00   clock clk (rise edge)
                          0.00    0.00   clock source latency
                  0.07    0.05    0.05 ^ clk (in)
     1    0.01                           clk (net)
                  0.07    0.00    0.05 ^ clkbuf_0_clk/A (sky130_fd_sc_hd__clkbuf_16)
                  0.05    0.15    0.20 ^ clkbuf_0_clk/X (sky130_fd_sc_hd__clkbuf_16)
     4    0.03                           clknet_0_clk (net)
                  0.05    0.00    0.20 ^ clkbuf_2_2__f_clk/A (sky130_fd_sc_hd__clkbuf_16)
                  0.04    0.13    0.34 ^ clkbuf_2_2__f_clk/X (sky130_fd_sc_hd__clkbuf_16)
     6    0.02                           clknet_2_2__leaf_clk (net)
                  0.04    0.00    0.34 ^ _232_/CLK (sky130_fd_sc_hd__dfrtp_1)
                          0.25    0.59   clock uncertainty
                         -0.02    0.57   clock reconvergence pessimism
                         -0.05    0.52   library hold time
                                  0.52   data required time
-----------------------------------------------------------------------------
                                  0.52   data required time
                                 -0.90   data arrival time
-----------------------------------------------------------------------------
                                  0.38   slack (MET)


Startpoint: _231_ (rising edge-triggered flip-flop clocked by clk)
Endpoint: _241_ (rising edge-triggered flip-flop clocked by clk)
Path Group: clk
Path Type: min

Fanout     Cap    Slew   Delay    Time   Description
-----------------------------------------------------------------------------
                          0.00    0.00   clock clk (rise edge)
                          0.00    0.00   clock source latency
                  0.07    0.05    0.05 ^ clk (in)
     1    0.01                           clk (net)
                  0.07    0.00    0.05 ^ clkbuf_0_clk/A (sky130_fd_sc_hd__clkbuf_16)
                  0.05    0.14    0.18 ^ clkbuf_0_clk/X (sky130_fd_sc_hd__clkbuf_16)
     4    0.03                           clknet_0_clk (net)
                  0.05    0.00    0.18 ^ clkbuf_2_0__f_clk/A (sky130_fd_sc_hd__clkbuf_16)
                  0.05    0.13    0.31 ^ clkbuf_2_0__f_clk/X (sky130_fd_sc_hd__clkbuf_16)
     9    0.03                           clknet_2_0__leaf_clk (net)
                  0.05    0.00    0.31 ^ _231_/CLK (sky130_fd_sc_hd__dfrtp_2)
                  0.10    0.37    0.68 ^ _231_/Q (sky130_fd_sc_hd__dfrtp_2)
     6    0.02                           rx_inst.state[1] (net)
                  0.10    0.00    0.68 ^ _151_/A (sky130_fd_sc_hd__or2b_1)
                  0.07    0.12    0.80 ^ _151_/X (sky130_fd_sc_hd__or2b_1)
     2    0.01                           _083_ (net)
                  0.07    0.00    0.80 ^ _152_/B1 (sky130_fd_sc_hd__a22o_1)
                  0.05    0.11    0.91 ^ _152_/X (sky130_fd_sc_hd__a22o_1)
     1    0.00                           _039_ (net)
                  0.05    0.00    0.91 ^ _241_/D (sky130_fd_sc_hd__dfrtp_4)
                                  0.91   data arrival time

                          0.00    0.00   clock clk (rise edge)
                          0.00    0.00   clock source latency
                  0.07    0.05    0.05 ^ clk (in)
     1    0.01                           clk (net)
                  0.07    0.00    0.05 ^ clkbuf_0_clk/A (sky130_fd_sc_hd__clkbuf_16)
                  0.05    0.15    0.20 ^ clkbuf_0_clk/X (sky130_fd_sc_hd__clkbuf_16)
     4    0.03                           clknet_0_clk (net)
                  0.05    0.00    0.20 ^ clkbuf_2_0__f_clk/A (sky130_fd_sc_hd__clkbuf_16)
                  0.05    0.14    0.34 ^ clkbuf_2_0__f_clk/X (sky130_fd_sc_hd__clkbuf_16)
     9    0.03                           clknet_2_0__leaf_clk (net)
                  0.05    0.00    0.34 ^ _241_/CLK (sky130_fd_sc_hd__dfrtp_4)
                          0.25    0.59   clock uncertainty
                         -0.03    0.56   clock reconvergence pessimism
                         -0.03    0.53   library hold time
                                  0.53   data required time
-----------------------------------------------------------------------------
                                  0.53   data required time
                                 -0.91   data arrival time
-----------------------------------------------------------------------------
                                  0.39   slack (MET)


Startpoint: _236_ (rising edge-triggered flip-flop clocked by clk)
Endpoint: _245_ (rising edge-triggered flip-flop clocked by clk)
Path Group: clk
Path Type: min

Fanout     Cap    Slew   Delay    Time   Description
-----------------------------------------------------------------------------
                          0.00    0.00   clock clk (rise edge)
                          0.00    0.00   clock source latency
                  0.07    0.05    0.05 ^ clk (in)
     1    0.01                           clk (net)
                  0.07    0.00    0.05 ^ clkbuf_0_clk/A (sky130_fd_sc_hd__clkbuf_16)
                  0.05    0.14    0.18 ^ clkbuf_0_clk/X (sky130_fd_sc_hd__clkbuf_16)
     4    0.03                           clknet_0_clk (net)
                  0.05    0.00    0.18 ^ clkbuf_2_3__f_clk/A (sky130_fd_sc_hd__clkbuf_16)
                  0.04    0.12    0.30 ^ clkbuf_2_3__f_clk/X (sky130_fd_sc_hd__clkbuf_16)
     9    0.02                           clknet_2_3__leaf_clk (net)
                  0.04    0.00    0.30 ^ _236_/CLK (sky130_fd_sc_hd__dfrtp_1)
                  0.08    0.38    0.68 v _236_/Q (sky130_fd_sc_hd__dfrtp_1)
     5    0.01                           tx_inst.bit_count[2] (net)
                  0.08    0.00    0.68 v _183_/A (sky130_fd_sc_hd__and4_1)
                  0.03    0.15    0.83 v _183_/X (sky130_fd_sc_hd__and4_1)
     1    0.00                           _101_ (net)
                  0.03    0.00    0.83 v _184_/A (sky130_fd_sc_hd__clkbuf_1)
                  0.03    0.08    0.91 v _184_/X (sky130_fd_sc_hd__clkbuf_1)
     1    0.00                           _003_ (net)
                  0.03    0.00    0.91 v _245_/D (sky130_fd_sc_hd__dfrtp_1)
                                  0.91   data arrival time

                          0.00    0.00   clock clk (rise edge)
                          0.00    0.00   clock source latency
                  0.07    0.05    0.05 ^ clk (in)
     1    0.01                           clk (net)
                  0.07    0.00    0.05 ^ clkbuf_0_clk/A (sky130_fd_sc_hd__clkbuf_16)
                  0.05    0.15    0.20 ^ clkbuf_0_clk/X (sky130_fd_sc_hd__clkbuf_16)
     4    0.03                           clknet_0_clk (net)
                  0.05    0.00    0.20 ^ clkbuf_2_3__f_clk/A (sky130_fd_sc_hd__clkbuf_16)
                  0.04    0.13    0.33 ^ clkbuf_2_3__f_clk/X (sky130_fd_sc_hd__clkbuf_16)
     9    0.02                           clknet_2_3__leaf_clk (net)
                  0.04    0.00    0.33 ^ _245_/CLK (sky130_fd_sc_hd__dfrtp_1)
                          0.25    0.58   clock uncertainty
                         -0.03    0.55   clock reconvergence pessimism
                         -0.04    0.51   library hold time
                                  0.51   data required time
-----------------------------------------------------------------------------
                                  0.51   data required time
                                 -0.91   data arrival time
-----------------------------------------------------------------------------
                                  0.39   slack (MET)


Startpoint: _239_ (rising edge-triggered flip-flop clocked by clk)
Endpoint: _252_ (rising edge-triggered flip-flop clocked by clk)
Path Group: clk
Path Type: min

Fanout     Cap    Slew   Delay    Time   Description
-----------------------------------------------------------------------------
                          0.00    0.00   clock clk (rise edge)
                          0.00    0.00   clock source latency
                  0.07    0.05    0.05 ^ clk (in)
     1    0.01                           clk (net)
                  0.07    0.00    0.05 ^ clkbuf_0_clk/A (sky130_fd_sc_hd__clkbuf_16)
                  0.05    0.14    0.18 ^ clkbuf_0_clk/X (sky130_fd_sc_hd__clkbuf_16)
     4    0.03                           clknet_0_clk (net)
                  0.05    0.00    0.18 ^ clkbuf_2_0__f_clk/A (sky130_fd_sc_hd__clkbuf_16)
                  0.05    0.13    0.31 ^ clkbuf_2_0__f_clk/X (sky130_fd_sc_hd__clkbuf_16)
     9    0.03                           clknet_2_0__leaf_clk (net)
                  0.05    0.00    0.31 ^ _239_/CLK (sky130_fd_sc_hd__dfrtp_1)
                  0.06    0.36    0.67 v _239_/Q (sky130_fd_sc_hd__dfrtp_1)
     2    0.01                           rx_inst.bit_count[0] (net)
                  0.06    0.00    0.67 v _130_/A (sky130_fd_sc_hd__inv_2)
                  0.04    0.06    0.73 ^ _130_/Y (sky130_fd_sc_hd__inv_2)
     3    0.01                           _070_ (net)
                  0.04    0.00    0.73 ^ _131_/A2 (sky130_fd_sc_hd__o31a_1)
                  0.05    0.12    0.84 ^ _131_/X (sky130_fd_sc_hd__o31a_1)
     1    0.00                           _071_ (net)
                  0.05    0.00    0.84 ^ _132_/B1 (sky130_fd_sc_hd__a41o_1)
                  0.04    0.08    0.93 ^ _132_/X (sky130_fd_sc_hd__a41o_1)
     1    0.00                           _046_ (net)
                  0.04    0.00    0.93 ^ _252_/D (sky130_fd_sc_hd__dfrtp_1)
                                  0.93   data arrival time

                          0.00    0.00   clock clk (rise edge)
                          0.00    0.00   clock source latency
                  0.07    0.05    0.05 ^ clk (in)
     1    0.01                           clk (net)
                  0.07    0.00    0.05 ^ clkbuf_0_clk/A (sky130_fd_sc_hd__clkbuf_16)
                  0.05    0.15    0.20 ^ clkbuf_0_clk/X (sky130_fd_sc_hd__clkbuf_16)
     4    0.03                           clknet_0_clk (net)
                  0.05    0.00    0.20 ^ clkbuf_2_0__f_clk/A (sky130_fd_sc_hd__clkbuf_16)
                  0.05    0.14    0.34 ^ clkbuf_2_0__f_clk/X (sky130_fd_sc_hd__clkbuf_16)
     9    0.03                           clknet_2_0__leaf_clk (net)
                  0.05    0.00    0.34 ^ _252_/CLK (sky130_fd_sc_hd__dfrtp_1)
                          0.25    0.59   clock uncertainty
                         -0.03    0.56   clock reconvergence pessimism
                         -0.03    0.53   library hold time
                                  0.53   data required time
-----------------------------------------------------------------------------
                                  0.53   data required time
                                 -0.93   data arrival time
-----------------------------------------------------------------------------
                                  0.40   slack (MET)


Startpoint: _245_ (rising edge-triggered flip-flop clocked by clk)
Endpoint: _242_ (rising edge-triggered flip-flop clocked by clk)
Path Group: clk
Path Type: min

Fanout     Cap    Slew   Delay    Time   Description
-----------------------------------------------------------------------------
                          0.00    0.00   clock clk (rise edge)
                          0.00    0.00   clock source latency
                  0.07    0.05    0.05 ^ clk (in)
     1    0.01                           clk (net)
                  0.07    0.00    0.05 ^ clkbuf_0_clk/A (sky130_fd_sc_hd__clkbuf_16)
                  0.05    0.14    0.18 ^ clkbuf_0_clk/X (sky130_fd_sc_hd__clkbuf_16)
     4    0.03                           clknet_0_clk (net)
                  0.05    0.00    0.18 ^ clkbuf_2_3__f_clk/A (sky130_fd_sc_hd__clkbuf_16)
                  0.04    0.12    0.30 ^ clkbuf_2_3__f_clk/X (sky130_fd_sc_hd__clkbuf_16)
     9    0.02                           clknet_2_3__leaf_clk (net)
                  0.04    0.00    0.30 ^ _245_/CLK (sky130_fd_sc_hd__dfrtp_1)
                  0.06    0.31    0.61 ^ _245_/Q (sky130_fd_sc_hd__dfrtp_1)
     1    0.00                           tx_inst.state[3] (net)
                  0.06    0.00    0.61 ^ hold5/A (sky130_fd_sc_hd__clkdlybuf4s25_1)
                  0.12    0.29    0.89 ^ hold5/X (sky130_fd_sc_hd__clkdlybuf4s25_1)
     3    0.01                           net25 (net)
                  0.12    0.00    0.89 ^ _171_/B1 (sky130_fd_sc_hd__a21o_1)
                  0.04    0.09    0.99 ^ _171_/X (sky130_fd_sc_hd__a21o_1)
     1    0.00                           _006_ (net)
                  0.04    0.00    0.99 ^ _242_/D (sky130_fd_sc_hd__dfstp_1)
                                  0.99   data arrival time

                          0.00    0.00   clock clk (rise edge)
                          0.00    0.00   clock source latency
                  0.07    0.05    0.05 ^ clk (in)
     1    0.01                           clk (net)
                  0.07    0.00    0.05 ^ clkbuf_0_clk/A (sky130_fd_sc_hd__clkbuf_16)
                  0.05    0.15    0.20 ^ clkbuf_0_clk/X (sky130_fd_sc_hd__clkbuf_16)
     4    0.03                           clknet_0_clk (net)
                  0.05    0.00    0.20 ^ clkbuf_2_3__f_clk/A (sky130_fd_sc_hd__clkbuf_16)
                  0.04    0.13    0.33 ^ clkbuf_2_3__f_clk/X (sky130_fd_sc_hd__clkbuf_16)
     9    0.02                           clknet_2_3__leaf_clk (net)
                  0.04    0.00    0.33 ^ _242_/CLK (sky130_fd_sc_hd__dfstp_1)
                          0.25    0.58   clock uncertainty
                         -0.03    0.55   clock reconvergence pessimism
                         -0.03    0.52   library hold time
                                  0.52   data required time
-----------------------------------------------------------------------------
                                  0.52   data required time
                                 -0.99   data arrival time
-----------------------------------------------------------------------------
                                  0.47   slack (MET)


Startpoint: _239_ (rising edge-triggered flip-flop clocked by clk)
Endpoint: _250_ (rising edge-triggered flip-flop clocked by clk)
Path Group: clk
Path Type: min

Fanout     Cap    Slew   Delay    Time   Description
-----------------------------------------------------------------------------
                          0.00    0.00   clock clk (rise edge)
                          0.00    0.00   clock source latency
                  0.07    0.05    0.05 ^ clk (in)
     1    0.01                           clk (net)
                  0.07    0.00    0.05 ^ clkbuf_0_clk/A (sky130_fd_sc_hd__clkbuf_16)
                  0.05    0.14    0.18 ^ clkbuf_0_clk/X (sky130_fd_sc_hd__clkbuf_16)
     4    0.03                           clknet_0_clk (net)
                  0.05    0.00    0.18 ^ clkbuf_2_0__f_clk/A (sky130_fd_sc_hd__clkbuf_16)
                  0.05    0.13    0.31 ^ clkbuf_2_0__f_clk/X (sky130_fd_sc_hd__clkbuf_16)
     9    0.03                           clknet_2_0__leaf_clk (net)
                  0.05    0.00    0.31 ^ _239_/CLK (sky130_fd_sc_hd__dfrtp_1)
                  0.06    0.36    0.67 v _239_/Q (sky130_fd_sc_hd__dfrtp_1)
     2    0.01                           rx_inst.bit_count[0] (net)
                  0.06    0.00    0.67 v _130_/A (sky130_fd_sc_hd__inv_2)
                  0.04    0.06    0.73 ^ _130_/Y (sky130_fd_sc_hd__inv_2)
     3    0.01                           _070_ (net)
                  0.04    0.00    0.73 ^ _136_/C (sky130_fd_sc_hd__or4_1)
                  0.06    0.11    0.83 ^ _136_/X (sky130_fd_sc_hd__or4_1)
     1    0.01                           _074_ (net)
                  0.06    0.00    0.83 ^ _137_/S (sky130_fd_sc_hd__mux2_1)
                  0.04    0.12    0.96 ^ _137_/X (sky130_fd_sc_hd__mux2_1)
     1    0.00                           _075_ (net)
                  0.04    0.00    0.96 ^ _138_/A (sky130_fd_sc_hd__clkbuf_1)
                  0.05    0.08    1.03 ^ _138_/X (sky130_fd_sc_hd__clkbuf_1)
     1    0.00                           _044_ (net)
                  0.05    0.00    1.03 ^ _250_/D (sky130_fd_sc_hd__dfrtp_1)
                                  1.03   data arrival time

                          0.00    0.00   clock clk (rise edge)
                          0.00    0.00   clock source latency
                  0.07    0.05    0.05 ^ clk (in)
     1    0.01                           clk (net)
                  0.07    0.00    0.05 ^ clkbuf_0_clk/A (sky130_fd_sc_hd__clkbuf_16)
                  0.05    0.15    0.20 ^ clkbuf_0_clk/X (sky130_fd_sc_hd__clkbuf_16)
     4    0.03                           clknet_0_clk (net)
                  0.05    0.00    0.20 ^ clkbuf_2_0__f_clk/A (sky130_fd_sc_hd__clkbuf_16)
                  0.05    0.14    0.34 ^ clkbuf_2_0__f_clk/X (sky130_fd_sc_hd__clkbuf_16)
     9    0.03                           clknet_2_0__leaf_clk (net)
                  0.05    0.00    0.34 ^ _250_/CLK (sky130_fd_sc_hd__dfrtp_1)
                          0.25    0.59   clock uncertainty
                         -0.03    0.56   clock reconvergence pessimism
                         -0.04    0.53   library hold time
                                  0.53   data required time
-----------------------------------------------------------------------------
                                  0.53   data required time
                                 -1.03   data arrival time
-----------------------------------------------------------------------------
                                  0.51   slack (MET)


Startpoint: _241_ (rising edge-triggered flip-flop clocked by clk)
Endpoint: _249_ (rising edge-triggered flip-flop clocked by clk)
Path Group: clk
Path Type: min

Fanout     Cap    Slew   Delay    Time   Description
-----------------------------------------------------------------------------
                          0.00    0.00   clock clk (rise edge)
                          0.00    0.00   clock source latency
                  0.07    0.05    0.05 ^ clk (in)
     1    0.01                           clk (net)
                  0.07    0.00    0.05 ^ clkbuf_0_clk/A (sky130_fd_sc_hd__clkbuf_16)
                  0.05    0.14    0.18 ^ clkbuf_0_clk/X (sky130_fd_sc_hd__clkbuf_16)
     4    0.03                           clknet_0_clk (net)
                  0.05    0.00    0.18 ^ clkbuf_2_0__f_clk/A (sky130_fd_sc_hd__clkbuf_16)
                  0.05    0.13    0.31 ^ clkbuf_2_0__f_clk/X (sky130_fd_sc_hd__clkbuf_16)
     9    0.03                           clknet_2_0__leaf_clk (net)
                  0.05    0.00    0.31 ^ _241_/CLK (sky130_fd_sc_hd__dfrtp_4)
                  0.10    0.42    0.73 ^ _241_/Q (sky130_fd_sc_hd__dfrtp_4)
     9    0.02                           rx_inst.bit_count[2] (net)
                  0.10    0.00    0.73 ^ _139_/A (sky130_fd_sc_hd__or4_1)
                  0.06    0.13    0.86 ^ _139_/X (sky130_fd_sc_hd__or4_1)
     1    0.00                           _076_ (net)
                  0.06    0.00    0.86 ^ _140_/S (sky130_fd_sc_hd__mux2_1)
                  0.05    0.12    0.99 ^ _140_/X (sky130_fd_sc_hd__mux2_1)
     1    0.00                           _077_ (net)
                  0.05    0.00    0.99 ^ _141_/A (sky130_fd_sc_hd__clkbuf_1)
                  0.04    0.07    1.06 ^ _141_/X (sky130_fd_sc_hd__clkbuf_1)
     1    0.00                           _043_ (net)
                  0.04    0.00    1.06 ^ _249_/D (sky130_fd_sc_hd__dfrtp_1)
                                  1.06   data arrival time

                          0.00    0.00   clock clk (rise edge)
                          0.00    0.00   clock source latency
                  0.07    0.05    0.05 ^ clk (in)
     1    0.01                           clk (net)
                  0.07    0.00    0.05 ^ clkbuf_0_clk/A (sky130_fd_sc_hd__clkbuf_16)
                  0.05    0.15    0.20 ^ clkbuf_0_clk/X (sky130_fd_sc_hd__clkbuf_16)
     4    0.03                           clknet_0_clk (net)
                  0.05    0.00    0.20 ^ clkbuf_2_0__f_clk/A (sky130_fd_sc_hd__clkbuf_16)
                  0.05    0.14    0.34 ^ clkbuf_2_0__f_clk/X (sky130_fd_sc_hd__clkbuf_16)
     9    0.03                           clknet_2_0__leaf_clk (net)
                  0.05    0.00    0.34 ^ _249_/CLK (sky130_fd_sc_hd__dfrtp_1)
                          0.25    0.59   clock uncertainty
                         -0.03    0.56   clock reconvergence pessimism
                         -0.03    0.53   library hold time
                                  0.53   data required time
-----------------------------------------------------------------------------
                                  0.53   data required time
                                 -1.06   data arrival time
-----------------------------------------------------------------------------
                                  0.53   slack (MET)


Startpoint: _240_ (rising edge-triggered flip-flop clocked by clk)
Endpoint: _251_ (rising edge-triggered flip-flop clocked by clk)
Path Group: clk
Path Type: min

Fanout     Cap    Slew   Delay    Time   Description
-----------------------------------------------------------------------------
                          0.00    0.00   clock clk (rise edge)
                          0.00    0.00   clock source latency
                  0.07    0.05    0.05 ^ clk (in)
     1    0.01                           clk (net)
                  0.07    0.00    0.05 ^ clkbuf_0_clk/A (sky130_fd_sc_hd__clkbuf_16)
                  0.05    0.14    0.18 ^ clkbuf_0_clk/X (sky130_fd_sc_hd__clkbuf_16)
     4    0.03                           clknet_0_clk (net)
                  0.05    0.00    0.18 ^ clkbuf_2_0__f_clk/A (sky130_fd_sc_hd__clkbuf_16)
                  0.05    0.13    0.31 ^ clkbuf_2_0__f_clk/X (sky130_fd_sc_hd__clkbuf_16)
     9    0.03                           clknet_2_0__leaf_clk (net)
                  0.05    0.00    0.31 ^ _240_/CLK (sky130_fd_sc_hd__dfrtp_4)
                  0.12    0.44    0.75 ^ _240_/Q (sky130_fd_sc_hd__dfrtp_4)
    10    0.03                           rx_inst.bit_count[1] (net)
                  0.12    0.00    0.75 ^ _133_/A (sky130_fd_sc_hd__or3_1)
                  0.07    0.14    0.89 ^ _133_/X (sky130_fd_sc_hd__or3_1)
     1    0.01                           _072_ (net)
                  0.07    0.00    0.89 ^ _134_/S (sky130_fd_sc_hd__mux2_1)
                  0.05    0.13    1.01 ^ _134_/X (sky130_fd_sc_hd__mux2_1)
     1    0.00                           _073_ (net)
                  0.05    0.00    1.01 ^ _135_/A (sky130_fd_sc_hd__clkbuf_1)
                  0.04    0.08    1.09 ^ _135_/X (sky130_fd_sc_hd__clkbuf_1)
     1    0.00                           _045_ (net)
                  0.04    0.00    1.09 ^ _251_/D (sky130_fd_sc_hd__dfrtp_1)
                                  1.09   data arrival time

                          0.00    0.00   clock clk (rise edge)
                          0.00    0.00   clock source latency
                  0.07    0.05    0.05 ^ clk (in)
     1    0.01                           clk (net)
                  0.07    0.00    0.05 ^ clkbuf_0_clk/A (sky130_fd_sc_hd__clkbuf_16)
                  0.05    0.15    0.20 ^ clkbuf_0_clk/X (sky130_fd_sc_hd__clkbuf_16)
     4    0.03                           clknet_0_clk (net)
                  0.05    0.00    0.20 ^ clkbuf_2_2__f_clk/A (sky130_fd_sc_hd__clkbuf_16)
                  0.04    0.13    0.34 ^ clkbuf_2_2__f_clk/X (sky130_fd_sc_hd__clkbuf_16)
     6    0.02                           clknet_2_2__leaf_clk (net)
                  0.04    0.00    0.34 ^ _251_/CLK (sky130_fd_sc_hd__dfrtp_1)
                          0.25    0.59   clock uncertainty
                         -0.02    0.57   clock reconvergence pessimism
                         -0.04    0.53   library hold time
                                  0.53   data required time
-----------------------------------------------------------------------------
                                  0.53   data required time
                                 -1.09   data arrival time
-----------------------------------------------------------------------------
                                  0.56   slack (MET)


Startpoint: _232_ (rising edge-triggered flip-flop clocked by clk)
Endpoint: _247_ (rising edge-triggered flip-flop clocked by clk)
Path Group: clk
Path Type: min

Fanout     Cap    Slew   Delay    Time   Description
-----------------------------------------------------------------------------
                          0.00    0.00   clock clk (rise edge)
                          0.00    0.00   clock source latency
                  0.07    0.05    0.05 ^ clk (in)
     1    0.01                           clk (net)
                  0.07    0.00    0.05 ^ clkbuf_0_clk/A (sky130_fd_sc_hd__clkbuf_16)
                  0.05    0.14    0.18 ^ clkbuf_0_clk/X (sky130_fd_sc_hd__clkbuf_16)
     4    0.03                           clknet_0_clk (net)
                  0.05    0.00    0.18 ^ clkbuf_2_2__f_clk/A (sky130_fd_sc_hd__clkbuf_16)
                  0.04    0.12    0.30 ^ clkbuf_2_2__f_clk/X (sky130_fd_sc_hd__clkbuf_16)
     6    0.02                           clknet_2_2__leaf_clk (net)
                  0.04    0.00    0.30 ^ _232_/CLK (sky130_fd_sc_hd__dfrtp_1)
                  0.11    0.35    0.66 ^ _232_/Q (sky130_fd_sc_hd__dfrtp_1)
     4    0.01                           rx_inst.state[2] (net)
                  0.11    0.00    0.66 ^ _119_/B (sky130_fd_sc_hd__or3_2)
                  0.09    0.17    0.82 ^ _119_/X (sky130_fd_sc_hd__or3_2)
     6    0.02                           _061_ (net)
                  0.09    0.00    0.82 ^ _145_/A (sky130_fd_sc_hd__nor2_1)
                  0.03    0.06    0.88 v _145_/Y (sky130_fd_sc_hd__nor2_1)
     1    0.00                           _080_ (net)
                  0.03    0.00    0.88 v _146_/S (sky130_fd_sc_hd__mux2_1)
                  0.04    0.18    1.06 ^ _146_/X (sky130_fd_sc_hd__mux2_1)
     1    0.00                           _081_ (net)
                  0.04    0.00    1.06 ^ _147_/A (sky130_fd_sc_hd__clkbuf_1)
                  0.04    0.07    1.13 ^ _147_/X (sky130_fd_sc_hd__clkbuf_1)
     1    0.00                           _041_ (net)
                  0.04    0.00    1.13 ^ _247_/D (sky130_fd_sc_hd__dfrtp_1)
                                  1.13   data arrival time

                          0.00    0.00   clock clk (rise edge)
                          0.00    0.00   clock source latency
                  0.07    0.05    0.05 ^ clk (in)
     1    0.01                           clk (net)
                  0.07    0.00    0.05 ^ clkbuf_0_clk/A (sky130_fd_sc_hd__clkbuf_16)
                  0.05    0.15    0.20 ^ clkbuf_0_clk/X (sky130_fd_sc_hd__clkbuf_16)
     4    0.03                           clknet_0_clk (net)
                  0.05    0.00    0.20 ^ clkbuf_2_2__f_clk/A (sky130_fd_sc_hd__clkbuf_16)
                  0.04    0.13    0.34 ^ clkbuf_2_2__f_clk/X (sky130_fd_sc_hd__clkbuf_16)
     6    0.02                           clknet_2_2__leaf_clk (net)
                  0.04    0.00    0.34 ^ _247_/CLK (sky130_fd_sc_hd__dfrtp_1)
                          0.25    0.59   clock uncertainty
                         -0.03    0.55   clock reconvergence pessimism
                         -0.03    0.52   library hold time
                                  0.52   data required time
-----------------------------------------------------------------------------
                                  0.52   data required time
                                 -1.13   data arrival time
-----------------------------------------------------------------------------
                                  0.61   slack (MET)


Startpoint: _232_ (rising edge-triggered flip-flop clocked by clk)
Endpoint: _253_ (rising edge-triggered flip-flop clocked by clk)
Path Group: clk
Path Type: min

Fanout     Cap    Slew   Delay    Time   Description
-----------------------------------------------------------------------------
                          0.00    0.00   clock clk (rise edge)
                          0.00    0.00   clock source latency
                  0.07    0.05    0.05 ^ clk (in)
     1    0.01                           clk (net)
                  0.07    0.00    0.05 ^ clkbuf_0_clk/A (sky130_fd_sc_hd__clkbuf_16)
                  0.05    0.14    0.18 ^ clkbuf_0_clk/X (sky130_fd_sc_hd__clkbuf_16)
     4    0.03                           clknet_0_clk (net)
                  0.05    0.00    0.18 ^ clkbuf_2_2__f_clk/A (sky130_fd_sc_hd__clkbuf_16)
                  0.04    0.12    0.30 ^ clkbuf_2_2__f_clk/X (sky130_fd_sc_hd__clkbuf_16)
     6    0.02                           clknet_2_2__leaf_clk (net)
                  0.04    0.00    0.30 ^ _232_/CLK (sky130_fd_sc_hd__dfrtp_1)
                  0.11    0.35    0.66 ^ _232_/Q (sky130_fd_sc_hd__dfrtp_1)
     4    0.01                           rx_inst.state[2] (net)
                  0.11    0.00    0.66 ^ _126_/B (sky130_fd_sc_hd__or4b_1)
                  0.08    0.15    0.81 ^ _126_/X (sky130_fd_sc_hd__or4b_1)
     3    0.01                           _067_ (net)
                  0.08    0.00    0.81 ^ _127_/C (sky130_fd_sc_hd__or3_1)
                  0.07    0.12    0.93 ^ _127_/X (sky130_fd_sc_hd__or3_1)
     1    0.01                           _068_ (net)
                  0.07    0.00    0.93 ^ _128_/S (sky130_fd_sc_hd__mux2_1)
                  0.04    0.13    1.06 ^ _128_/X (sky130_fd_sc_hd__mux2_1)
     1    0.00                           _069_ (net)
                  0.04    0.00    1.06 ^ _129_/A (sky130_fd_sc_hd__clkbuf_1)
                  0.05    0.08    1.14 ^ _129_/X (sky130_fd_sc_hd__clkbuf_1)
     1    0.00                           _047_ (net)
                  0.05    0.00    1.14 ^ _253_/D (sky130_fd_sc_hd__dfrtp_1)
                                  1.14   data arrival time

                          0.00    0.00   clock clk (rise edge)
                          0.00    0.00   clock source latency
                  0.07    0.05    0.05 ^ clk (in)
     1    0.01                           clk (net)
                  0.07    0.00    0.05 ^ clkbuf_0_clk/A (sky130_fd_sc_hd__clkbuf_16)
                  0.05    0.15    0.20 ^ clkbuf_0_clk/X (sky130_fd_sc_hd__clkbuf_16)
     4    0.03                           clknet_0_clk (net)
                  0.05    0.00    0.20 ^ clkbuf_2_3__f_clk/A (sky130_fd_sc_hd__clkbuf_16)
                  0.04    0.13    0.33 ^ clkbuf_2_3__f_clk/X (sky130_fd_sc_hd__clkbuf_16)
     9    0.02                           clknet_2_3__leaf_clk (net)
                  0.04    0.00    0.33 ^ _253_/CLK (sky130_fd_sc_hd__dfrtp_1)
                          0.25    0.58   clock uncertainty
                         -0.02    0.57   clock reconvergence pessimism
                         -0.04    0.53   library hold time
                                  0.53   data required time
-----------------------------------------------------------------------------
                                  0.53   data required time
                                 -1.14   data arrival time
-----------------------------------------------------------------------------
                                  0.61   slack (MET)


Startpoint: _242_ (rising edge-triggered flip-flop clocked by clk)
Endpoint: _258_ (rising edge-triggered flip-flop clocked by clk)
Path Group: clk
Path Type: min

Fanout     Cap    Slew   Delay    Time   Description
-----------------------------------------------------------------------------
                          0.00    0.00   clock clk (rise edge)
                          0.00    0.00   clock source latency
                  0.07    0.05    0.05 ^ clk (in)
     1    0.01                           clk (net)
                  0.07    0.00    0.05 ^ clkbuf_0_clk/A (sky130_fd_sc_hd__clkbuf_16)
                  0.05    0.14    0.18 ^ clkbuf_0_clk/X (sky130_fd_sc_hd__clkbuf_16)
     4    0.03                           clknet_0_clk (net)
                  0.05    0.00    0.18 ^ clkbuf_2_3__f_clk/A (sky130_fd_sc_hd__clkbuf_16)
                  0.04    0.12    0.30 ^ clkbuf_2_3__f_clk/X (sky130_fd_sc_hd__clkbuf_16)
     9    0.02                           clknet_2_3__leaf_clk (net)
                  0.04    0.00    0.30 ^ _242_/CLK (sky130_fd_sc_hd__dfstp_1)
                  0.05    0.35    0.65 v _242_/Q (sky130_fd_sc_hd__dfstp_1)
     3    0.01                           tx_inst.state[0] (net)
                  0.05    0.00    0.65 v _212_/A (sky130_fd_sc_hd__and3_1)
                  0.04    0.13    0.78 v _212_/X (sky130_fd_sc_hd__and3_1)
     1    0.00                           _104_ (net)
                  0.04    0.00    0.78 v _213_/A (sky130_fd_sc_hd__clkbuf_4)
                  0.08    0.17    0.96 v _213_/X (sky130_fd_sc_hd__clkbuf_4)
     8    0.04                           _105_ (net)
                  0.08    0.00    0.96 v _220_/S (sky130_fd_sc_hd__mux2_1)
                  0.04    0.19    1.15 ^ _220_/X (sky130_fd_sc_hd__mux2_1)
     1    0.00                           _109_ (net)
                  0.04    0.00    1.15 ^ _221_/A (sky130_fd_sc_hd__clkbuf_1)
                  0.04    0.07    1.23 ^ _221_/X (sky130_fd_sc_hd__clkbuf_1)
     1    0.00                           _052_ (net)
                  0.04    0.00    1.23 ^ _258_/D (sky130_fd_sc_hd__dfxtp_1)
                                  1.23   data arrival time

                          0.00    0.00   clock clk (rise edge)
                          0.00    0.00   clock source latency
                  0.07    0.05    0.05 ^ clk (in)
     1    0.01                           clk (net)
                  0.07    0.00    0.05 ^ clkbuf_0_clk/A (sky130_fd_sc_hd__clkbuf_16)
                  0.05    0.15    0.20 ^ clkbuf_0_clk/X (sky130_fd_sc_hd__clkbuf_16)
     4    0.03                           clknet_0_clk (net)
                  0.05    0.00    0.20 ^ clkbuf_2_1__f_clk/A (sky130_fd_sc_hd__clkbuf_16)
                  0.05    0.14    0.34 ^ clkbuf_2_1__f_clk/X (sky130_fd_sc_hd__clkbuf_16)
     9    0.02                           clknet_2_1__leaf_clk (net)
                  0.05    0.00    0.34 ^ _258_/CLK (sky130_fd_sc_hd__dfxtp_1)
                          0.25    0.59   clock uncertainty
                         -0.02    0.57   clock reconvergence pessimism
                         -0.03    0.54   library hold time
                                  0.54   data required time
-----------------------------------------------------------------------------
                                  0.54   data required time
                                 -1.23   data arrival time
-----------------------------------------------------------------------------
                                  0.68   slack (MET)


Startpoint: _242_ (rising edge-triggered flip-flop clocked by clk)
Endpoint: _256_ (rising edge-triggered flip-flop clocked by clk)
Path Group: clk
Path Type: min

Fanout     Cap    Slew   Delay    Time   Description
-----------------------------------------------------------------------------
                          0.00    0.00   clock clk (rise edge)
                          0.00    0.00   clock source latency
                  0.07    0.05    0.05 ^ clk (in)
     1    0.01                           clk (net)
                  0.07    0.00    0.05 ^ clkbuf_0_clk/A (sky130_fd_sc_hd__clkbuf_16)
                  0.05    0.14    0.18 ^ clkbuf_0_clk/X (sky130_fd_sc_hd__clkbuf_16)
     4    0.03                           clknet_0_clk (net)
                  0.05    0.00    0.18 ^ clkbuf_2_3__f_clk/A (sky130_fd_sc_hd__clkbuf_16)
                  0.04    0.12    0.30 ^ clkbuf_2_3__f_clk/X (sky130_fd_sc_hd__clkbuf_16)
     9    0.02                           clknet_2_3__leaf_clk (net)
                  0.04    0.00    0.30 ^ _242_/CLK (sky130_fd_sc_hd__dfstp_1)
                  0.05    0.35    0.65 v _242_/Q (sky130_fd_sc_hd__dfstp_1)
     3    0.01                           tx_inst.state[0] (net)
                  0.05    0.00    0.65 v _212_/A (sky130_fd_sc_hd__and3_1)
                  0.04    0.13    0.78 v _212_/X (sky130_fd_sc_hd__and3_1)
     1    0.00                           _104_ (net)
                  0.04    0.00    0.78 v _213_/A (sky130_fd_sc_hd__clkbuf_4)
                  0.08    0.17    0.96 v _213_/X (sky130_fd_sc_hd__clkbuf_4)
     8    0.04                           _105_ (net)
                  0.08    0.00    0.96 v _216_/S (sky130_fd_sc_hd__mux2_1)
                  0.04    0.20    1.16 ^ _216_/X (sky130_fd_sc_hd__mux2_1)
     1    0.00                           _107_ (net)
                  0.04    0.00    1.16 ^ _217_/A (sky130_fd_sc_hd__clkbuf_1)
                  0.04    0.07    1.23 ^ _217_/X (sky130_fd_sc_hd__clkbuf_1)
     1    0.00                           _050_ (net)
                  0.04    0.00    1.23 ^ _256_/D (sky130_fd_sc_hd__dfxtp_1)
                                  1.23   data arrival time

                          0.00    0.00   clock clk (rise edge)
                          0.00    0.00   clock source latency
                  0.07    0.05    0.05 ^ clk (in)
     1    0.01                           clk (net)
                  0.07    0.00    0.05 ^ clkbuf_0_clk/A (sky130_fd_sc_hd__clkbuf_16)
                  0.05    0.15    0.20 ^ clkbuf_0_clk/X (sky130_fd_sc_hd__clkbuf_16)
     4    0.03                           clknet_0_clk (net)
                  0.05    0.00    0.20 ^ clkbuf_2_1__f_clk/A (sky130_fd_sc_hd__clkbuf_16)
                  0.05    0.14    0.34 ^ clkbuf_2_1__f_clk/X (sky130_fd_sc_hd__clkbuf_16)
     9    0.02                           clknet_2_1__leaf_clk (net)
                  0.05    0.00    0.34 ^ _256_/CLK (sky130_fd_sc_hd__dfxtp_1)
                          0.25    0.59   clock uncertainty
                         -0.02    0.57   clock reconvergence pessimism
                         -0.03    0.54   library hold time
                                  0.54   data required time
-----------------------------------------------------------------------------
                                  0.54   data required time
                                 -1.23   data arrival time
-----------------------------------------------------------------------------
                                  0.68   slack (MET)


Startpoint: _242_ (rising edge-triggered flip-flop clocked by clk)
Endpoint: _260_ (rising edge-triggered flip-flop clocked by clk)
Path Group: clk
Path Type: min

Fanout     Cap    Slew   Delay    Time   Description
-----------------------------------------------------------------------------
                          0.00    0.00   clock clk (rise edge)
                          0.00    0.00   clock source latency
                  0.07    0.05    0.05 ^ clk (in)
     1    0.01                           clk (net)
                  0.07    0.00    0.05 ^ clkbuf_0_clk/A (sky130_fd_sc_hd__clkbuf_16)
                  0.05    0.14    0.18 ^ clkbuf_0_clk/X (sky130_fd_sc_hd__clkbuf_16)
     4    0.03                           clknet_0_clk (net)
                  0.05    0.00    0.18 ^ clkbuf_2_3__f_clk/A (sky130_fd_sc_hd__clkbuf_16)
                  0.04    0.12    0.30 ^ clkbuf_2_3__f_clk/X (sky130_fd_sc_hd__clkbuf_16)
     9    0.02                           clknet_2_3__leaf_clk (net)
                  0.04    0.00    0.30 ^ _242_/CLK (sky130_fd_sc_hd__dfstp_1)
                  0.05    0.35    0.65 v _242_/Q (sky130_fd_sc_hd__dfstp_1)
     3    0.01                           tx_inst.state[0] (net)
                  0.05    0.00    0.65 v _212_/A (sky130_fd_sc_hd__and3_1)
                  0.04    0.13    0.78 v _212_/X (sky130_fd_sc_hd__and3_1)
     1    0.00                           _104_ (net)
                  0.04    0.00    0.78 v _213_/A (sky130_fd_sc_hd__clkbuf_4)
                  0.08    0.17    0.96 v _213_/X (sky130_fd_sc_hd__clkbuf_4)
     8    0.04                           _105_ (net)
                  0.08    0.00    0.96 v _224_/S (sky130_fd_sc_hd__mux2_1)
                  0.04    0.20    1.16 ^ _224_/X (sky130_fd_sc_hd__mux2_1)
     1    0.00                           _111_ (net)
                  0.04    0.00    1.16 ^ _225_/A (sky130_fd_sc_hd__clkbuf_1)
                  0.04    0.07    1.23 ^ _225_/X (sky130_fd_sc_hd__clkbuf_1)
     1    0.00                           _054_ (net)
                  0.04    0.00    1.23 ^ _260_/D (sky130_fd_sc_hd__dfxtp_1)
                                  1.23   data arrival time

                          0.00    0.00   clock clk (rise edge)
                          0.00    0.00   clock source latency
                  0.07    0.05    0.05 ^ clk (in)
     1    0.01                           clk (net)
                  0.07    0.00    0.05 ^ clkbuf_0_clk/A (sky130_fd_sc_hd__clkbuf_16)
                  0.05    0.15    0.20 ^ clkbuf_0_clk/X (sky130_fd_sc_hd__clkbuf_16)
     4    0.03                           clknet_0_clk (net)
                  0.05    0.00    0.20 ^ clkbuf_2_1__f_clk/A (sky130_fd_sc_hd__clkbuf_16)
                  0.05    0.14    0.34 ^ clkbuf_2_1__f_clk/X (sky130_fd_sc_hd__clkbuf_16)
     9    0.02                           clknet_2_1__leaf_clk (net)
                  0.05    0.00    0.34 ^ _260_/CLK (sky130_fd_sc_hd__dfxtp_1)
                          0.25    0.59   clock uncertainty
                         -0.02    0.57   clock reconvergence pessimism
                         -0.03    0.54   library hold time
                                  0.54   data required time
-----------------------------------------------------------------------------
                                  0.54   data required time
                                 -1.23   data arrival time
-----------------------------------------------------------------------------
                                  0.68   slack (MET)


Startpoint: _242_ (rising edge-triggered flip-flop clocked by clk)
Endpoint: _261_ (rising edge-triggered flip-flop clocked by clk)
Path Group: clk
Path Type: min

Fanout     Cap    Slew   Delay    Time   Description
-----------------------------------------------------------------------------
                          0.00    0.00   clock clk (rise edge)
                          0.00    0.00   clock source latency
                  0.07    0.05    0.05 ^ clk (in)
     1    0.01                           clk (net)
                  0.07    0.00    0.05 ^ clkbuf_0_clk/A (sky130_fd_sc_hd__clkbuf_16)
                  0.05    0.14    0.18 ^ clkbuf_0_clk/X (sky130_fd_sc_hd__clkbuf_16)
     4    0.03                           clknet_0_clk (net)
                  0.05    0.00    0.18 ^ clkbuf_2_3__f_clk/A (sky130_fd_sc_hd__clkbuf_16)
                  0.04    0.12    0.30 ^ clkbuf_2_3__f_clk/X (sky130_fd_sc_hd__clkbuf_16)
     9    0.02                           clknet_2_3__leaf_clk (net)
                  0.04    0.00    0.30 ^ _242_/CLK (sky130_fd_sc_hd__dfstp_1)
                  0.05    0.35    0.65 v _242_/Q (sky130_fd_sc_hd__dfstp_1)
     3    0.01                           tx_inst.state[0] (net)
                  0.05    0.00    0.65 v _212_/A (sky130_fd_sc_hd__and3_1)
                  0.04    0.13    0.78 v _212_/X (sky130_fd_sc_hd__and3_1)
     1    0.00                           _104_ (net)
                  0.04    0.00    0.78 v _213_/A (sky130_fd_sc_hd__clkbuf_4)
                  0.08    0.17    0.96 v _213_/X (sky130_fd_sc_hd__clkbuf_4)
     8    0.04                           _105_ (net)
                  0.08    0.00    0.96 v _226_/S (sky130_fd_sc_hd__mux2_1)
                  0.04    0.20    1.15 ^ _226_/X (sky130_fd_sc_hd__mux2_1)
     1    0.00                           _112_ (net)
                  0.04    0.00    1.15 ^ _227_/A (sky130_fd_sc_hd__clkbuf_1)
                  0.04    0.08    1.23 ^ _227_/X (sky130_fd_sc_hd__clkbuf_1)
     1    0.00                           _055_ (net)
                  0.04    0.00    1.23 ^ _261_/D (sky130_fd_sc_hd__dfxtp_1)
                                  1.23   data arrival time

                          0.00    0.00   clock clk (rise edge)
                          0.00    0.00   clock source latency
                  0.07    0.05    0.05 ^ clk (in)
     1    0.01                           clk (net)
                  0.07    0.00    0.05 ^ clkbuf_0_clk/A (sky130_fd_sc_hd__clkbuf_16)
                  0.05    0.15    0.20 ^ clkbuf_0_clk/X (sky130_fd_sc_hd__clkbuf_16)
     4    0.03                           clknet_0_clk (net)
                  0.05    0.00    0.20 ^ clkbuf_2_1__f_clk/A (sky130_fd_sc_hd__clkbuf_16)
                  0.05    0.14    0.34 ^ clkbuf_2_1__f_clk/X (sky130_fd_sc_hd__clkbuf_16)
     9    0.02                           clknet_2_1__leaf_clk (net)
                  0.05    0.00    0.34 ^ _261_/CLK (sky130_fd_sc_hd__dfxtp_1)
                          0.25    0.59   clock uncertainty
                         -0.02    0.57   clock reconvergence pessimism
                         -0.03    0.54   library hold time
                                  0.54   data required time
-----------------------------------------------------------------------------
                                  0.54   data required time
                                 -1.23   data arrival time
-----------------------------------------------------------------------------
                                  0.69   slack (MET)


Startpoint: _242_ (rising edge-triggered flip-flop clocked by clk)
Endpoint: _257_ (rising edge-triggered flip-flop clocked by clk)
Path Group: clk
Path Type: min

Fanout     Cap    Slew   Delay    Time   Description
-----------------------------------------------------------------------------
                          0.00    0.00   clock clk (rise edge)
                          0.00    0.00   clock source latency
                  0.07    0.05    0.05 ^ clk (in)
     1    0.01                           clk (net)
                  0.07    0.00    0.05 ^ clkbuf_0_clk/A (sky130_fd_sc_hd__clkbuf_16)
                  0.05    0.14    0.18 ^ clkbuf_0_clk/X (sky130_fd_sc_hd__clkbuf_16)
     4    0.03                           clknet_0_clk (net)
                  0.05    0.00    0.18 ^ clkbuf_2_3__f_clk/A (sky130_fd_sc_hd__clkbuf_16)
                  0.04    0.12    0.30 ^ clkbuf_2_3__f_clk/X (sky130_fd_sc_hd__clkbuf_16)
     9    0.02                           clknet_2_3__leaf_clk (net)
                  0.04    0.00    0.30 ^ _242_/CLK (sky130_fd_sc_hd__dfstp_1)
                  0.05    0.35    0.65 v _242_/Q (sky130_fd_sc_hd__dfstp_1)
     3    0.01                           tx_inst.state[0] (net)
                  0.05    0.00    0.65 v _212_/A (sky130_fd_sc_hd__and3_1)
                  0.04    0.13    0.78 v _212_/X (sky130_fd_sc_hd__and3_1)
     1    0.00                           _104_ (net)
                  0.04    0.00    0.78 v _213_/A (sky130_fd_sc_hd__clkbuf_4)
                  0.08    0.17    0.96 v _213_/X (sky130_fd_sc_hd__clkbuf_4)
     8    0.04                           _105_ (net)
                  0.08    0.00    0.96 v _218_/S (sky130_fd_sc_hd__mux2_1)
                  0.05    0.20    1.16 ^ _218_/X (sky130_fd_sc_hd__mux2_1)
     1    0.00                           _108_ (net)
                  0.05    0.00    1.16 ^ _219_/A (sky130_fd_sc_hd__clkbuf_1)
                  0.04    0.08    1.23 ^ _219_/X (sky130_fd_sc_hd__clkbuf_1)
     1    0.00                           _051_ (net)
                  0.04    0.00    1.23 ^ _257_/D (sky130_fd_sc_hd__dfxtp_1)
                                  1.23   data arrival time

                          0.00    0.00   clock clk (rise edge)
                          0.00    0.00   clock source latency
                  0.07    0.05    0.05 ^ clk (in)
     1    0.01                           clk (net)
                  0.07    0.00    0.05 ^ clkbuf_0_clk/A (sky130_fd_sc_hd__clkbuf_16)
                  0.05    0.15    0.20 ^ clkbuf_0_clk/X (sky130_fd_sc_hd__clkbuf_16)
     4    0.03                           clknet_0_clk (net)
                  0.05    0.00    0.20 ^ clkbuf_2_1__f_clk/A (sky130_fd_sc_hd__clkbuf_16)
                  0.05    0.14    0.34 ^ clkbuf_2_1__f_clk/X (sky130_fd_sc_hd__clkbuf_16)
     9    0.02                           clknet_2_1__leaf_clk (net)
                  0.05    0.00    0.34 ^ _257_/CLK (sky130_fd_sc_hd__dfxtp_1)
                          0.25    0.59   clock uncertainty
                         -0.02    0.57   clock reconvergence pessimism
                         -0.03    0.54   library hold time
                                  0.54   data required time
-----------------------------------------------------------------------------
                                  0.54   data required time
                                 -1.23   data arrival time
-----------------------------------------------------------------------------
                                  0.69   slack (MET)


Startpoint: _242_ (rising edge-triggered flip-flop clocked by clk)
Endpoint: _259_ (rising edge-triggered flip-flop clocked by clk)
Path Group: clk
Path Type: min

Fanout     Cap    Slew   Delay    Time   Description
-----------------------------------------------------------------------------
                          0.00    0.00   clock clk (rise edge)
                          0.00    0.00   clock source latency
                  0.07    0.05    0.05 ^ clk (in)
     1    0.01                           clk (net)
                  0.07    0.00    0.05 ^ clkbuf_0_clk/A (sky130_fd_sc_hd__clkbuf_16)
                  0.05    0.14    0.18 ^ clkbuf_0_clk/X (sky130_fd_sc_hd__clkbuf_16)
     4    0.03                           clknet_0_clk (net)
                  0.05    0.00    0.18 ^ clkbuf_2_3__f_clk/A (sky130_fd_sc_hd__clkbuf_16)
                  0.04    0.12    0.30 ^ clkbuf_2_3__f_clk/X (sky130_fd_sc_hd__clkbuf_16)
     9    0.02                           clknet_2_3__leaf_clk (net)
                  0.04    0.00    0.30 ^ _242_/CLK (sky130_fd_sc_hd__dfstp_1)
                  0.05    0.35    0.65 v _242_/Q (sky130_fd_sc_hd__dfstp_1)
     3    0.01                           tx_inst.state[0] (net)
                  0.05    0.00    0.65 v _212_/A (sky130_fd_sc_hd__and3_1)
                  0.04    0.13    0.78 v _212_/X (sky130_fd_sc_hd__and3_1)
     1    0.00                           _104_ (net)
                  0.04    0.00    0.78 v _213_/A (sky130_fd_sc_hd__clkbuf_4)
                  0.08    0.17    0.96 v _213_/X (sky130_fd_sc_hd__clkbuf_4)
     8    0.04                           _105_ (net)
                  0.08    0.00    0.96 v _222_/S (sky130_fd_sc_hd__mux2_1)
                  0.05    0.20    1.16 ^ _222_/X (sky130_fd_sc_hd__mux2_1)
     1    0.00                           _110_ (net)
                  0.05    0.00    1.16 ^ _223_/A (sky130_fd_sc_hd__clkbuf_1)
                  0.04    0.08    1.24 ^ _223_/X (sky130_fd_sc_hd__clkbuf_1)
     1    0.00                           _053_ (net)
                  0.04    0.00    1.24 ^ _259_/D (sky130_fd_sc_hd__dfxtp_1)
                                  1.24   data arrival time

                          0.00    0.00   clock clk (rise edge)
                          0.00    0.00   clock source latency
                  0.07    0.05    0.05 ^ clk (in)
     1    0.01                           clk (net)
                  0.07    0.00    0.05 ^ clkbuf_0_clk/A (sky130_fd_sc_hd__clkbuf_16)
                  0.05    0.15    0.20 ^ clkbuf_0_clk/X (sky130_fd_sc_hd__clkbuf_16)
     4    0.03                           clknet_0_clk (net)
                  0.05    0.00    0.20 ^ clkbuf_2_1__f_clk/A (sky130_fd_sc_hd__clkbuf_16)
                  0.05    0.14    0.34 ^ clkbuf_2_1__f_clk/X (sky130_fd_sc_hd__clkbuf_16)
     9    0.02                           clknet_2_1__leaf_clk (net)
                  0.05    0.00    0.34 ^ _259_/CLK (sky130_fd_sc_hd__dfxtp_1)
                          0.25    0.59   clock uncertainty
                         -0.02    0.57   clock reconvergence pessimism
                         -0.03    0.54   library hold time
                                  0.54   data required time
-----------------------------------------------------------------------------
                                  0.54   data required time
                                 -1.24   data arrival time
-----------------------------------------------------------------------------
                                  0.69   slack (MET)


Startpoint: _242_ (rising edge-triggered flip-flop clocked by clk)
Endpoint: _255_ (rising edge-triggered flip-flop clocked by clk)
Path Group: clk
Path Type: min

Fanout     Cap    Slew   Delay    Time   Description
-----------------------------------------------------------------------------
                          0.00    0.00   clock clk (rise edge)
                          0.00    0.00   clock source latency
                  0.07    0.05    0.05 ^ clk (in)
     1    0.01                           clk (net)
                  0.07    0.00    0.05 ^ clkbuf_0_clk/A (sky130_fd_sc_hd__clkbuf_16)
                  0.05    0.14    0.18 ^ clkbuf_0_clk/X (sky130_fd_sc_hd__clkbuf_16)
     4    0.03                           clknet_0_clk (net)
                  0.05    0.00    0.18 ^ clkbuf_2_3__f_clk/A (sky130_fd_sc_hd__clkbuf_16)
                  0.04    0.12    0.30 ^ clkbuf_2_3__f_clk/X (sky130_fd_sc_hd__clkbuf_16)
     9    0.02                           clknet_2_3__leaf_clk (net)
                  0.04    0.00    0.30 ^ _242_/CLK (sky130_fd_sc_hd__dfstp_1)
                  0.05    0.35    0.65 v _242_/Q (sky130_fd_sc_hd__dfstp_1)
     3    0.01                           tx_inst.state[0] (net)
                  0.05    0.00    0.65 v _212_/A (sky130_fd_sc_hd__and3_1)
                  0.04    0.13    0.78 v _212_/X (sky130_fd_sc_hd__and3_1)
     1    0.00                           _104_ (net)
                  0.04    0.00    0.78 v _213_/A (sky130_fd_sc_hd__clkbuf_4)
                  0.08    0.17    0.96 v _213_/X (sky130_fd_sc_hd__clkbuf_4)
     8    0.04                           _105_ (net)
                  0.08    0.00    0.96 v _214_/S (sky130_fd_sc_hd__mux2_1)
                  0.05    0.20    1.16 ^ _214_/X (sky130_fd_sc_hd__mux2_1)
     1    0.00                           _106_ (net)
                  0.05    0.00    1.16 ^ _215_/A (sky130_fd_sc_hd__clkbuf_1)
                  0.05    0.08    1.24 ^ _215_/X (sky130_fd_sc_hd__clkbuf_1)
     1    0.00                           _049_ (net)
                  0.05    0.00    1.24 ^ _255_/D (sky130_fd_sc_hd__dfxtp_1)
                                  1.24   data arrival time

                          0.00    0.00   clock clk (rise edge)
                          0.00    0.00   clock source latency
                  0.07    0.05    0.05 ^ clk (in)
     1    0.01                           clk (net)
                  0.07    0.00    0.05 ^ clkbuf_0_clk/A (sky130_fd_sc_hd__clkbuf_16)
                  0.05    0.15    0.20 ^ clkbuf_0_clk/X (sky130_fd_sc_hd__clkbuf_16)
     4    0.03                           clknet_0_clk (net)
                  0.05    0.00    0.20 ^ clkbuf_2_1__f_clk/A (sky130_fd_sc_hd__clkbuf_16)
                  0.05    0.14    0.34 ^ clkbuf_2_1__f_clk/X (sky130_fd_sc_hd__clkbuf_16)
     9    0.02                           clknet_2_1__leaf_clk (net)
                  0.05    0.00    0.34 ^ _255_/CLK (sky130_fd_sc_hd__dfxtp_1)
                          0.25    0.59   clock uncertainty
                         -0.02    0.57   clock reconvergence pessimism
                         -0.03    0.54   library hold time
                                  0.54   data required time
-----------------------------------------------------------------------------
                                  0.54   data required time
                                 -1.24   data arrival time
-----------------------------------------------------------------------------
                                  0.70   slack (MET)


Startpoint: _242_ (rising edge-triggered flip-flop clocked by clk)
Endpoint: _262_ (rising edge-triggered flip-flop clocked by clk)
Path Group: clk
Path Type: min

Fanout     Cap    Slew   Delay    Time   Description
-----------------------------------------------------------------------------
                          0.00    0.00   clock clk (rise edge)
                          0.00    0.00   clock source latency
                  0.07    0.05    0.05 ^ clk (in)
     1    0.01                           clk (net)
                  0.07    0.00    0.05 ^ clkbuf_0_clk/A (sky130_fd_sc_hd__clkbuf_16)
                  0.05    0.14    0.18 ^ clkbuf_0_clk/X (sky130_fd_sc_hd__clkbuf_16)
     4    0.03                           clknet_0_clk (net)
                  0.05    0.00    0.18 ^ clkbuf_2_3__f_clk/A (sky130_fd_sc_hd__clkbuf_16)
                  0.04    0.12    0.30 ^ clkbuf_2_3__f_clk/X (sky130_fd_sc_hd__clkbuf_16)
     9    0.02                           clknet_2_3__leaf_clk (net)
                  0.04    0.00    0.30 ^ _242_/CLK (sky130_fd_sc_hd__dfstp_1)
                  0.05    0.35    0.65 v _242_/Q (sky130_fd_sc_hd__dfstp_1)
     3    0.01                           tx_inst.state[0] (net)
                  0.05    0.00    0.65 v _212_/A (sky130_fd_sc_hd__and3_1)
                  0.04    0.13    0.78 v _212_/X (sky130_fd_sc_hd__and3_1)
     1    0.00                           _104_ (net)
                  0.04    0.00    0.78 v _213_/A (sky130_fd_sc_hd__clkbuf_4)
                  0.08    0.17    0.96 v _213_/X (sky130_fd_sc_hd__clkbuf_4)
     8    0.04                           _105_ (net)
                  0.08    0.00    0.96 v _228_/S (sky130_fd_sc_hd__mux2_1)
                  0.05    0.21    1.17 ^ _228_/X (sky130_fd_sc_hd__mux2_1)
     1    0.00                           _113_ (net)
                  0.05    0.00    1.17 ^ _229_/A (sky130_fd_sc_hd__clkbuf_1)
                  0.04    0.08    1.24 ^ _229_/X (sky130_fd_sc_hd__clkbuf_1)
     1    0.00                           _056_ (net)
                  0.04    0.00    1.24 ^ _262_/D (sky130_fd_sc_hd__dfxtp_1)
                                  1.24   data arrival time

                          0.00    0.00   clock clk (rise edge)
                          0.00    0.00   clock source latency
                  0.07    0.05    0.05 ^ clk (in)
     1    0.01                           clk (net)
                  0.07    0.00    0.05 ^ clkbuf_0_clk/A (sky130_fd_sc_hd__clkbuf_16)
                  0.05    0.15    0.20 ^ clkbuf_0_clk/X (sky130_fd_sc_hd__clkbuf_16)
     4    0.03                           clknet_0_clk (net)
                  0.05    0.00    0.20 ^ clkbuf_2_1__f_clk/A (sky130_fd_sc_hd__clkbuf_16)
                  0.05    0.14    0.34 ^ clkbuf_2_1__f_clk/X (sky130_fd_sc_hd__clkbuf_16)
     9    0.02                           clknet_2_1__leaf_clk (net)
                  0.05    0.00    0.34 ^ _262_/CLK (sky130_fd_sc_hd__dfxtp_1)
                          0.25    0.59   clock uncertainty
                         -0.02    0.57   clock reconvergence pessimism
                         -0.03    0.54   library hold time
                                  0.54   data required time
-----------------------------------------------------------------------------
                                  0.54   data required time
                                 -1.24   data arrival time
-----------------------------------------------------------------------------
                                  0.70   slack (MET)


Startpoint: _238_ (rising edge-triggered flip-flop clocked by clk)
Endpoint: _238_ (rising edge-triggered flip-flop clocked by clk)
Path Group: clk
Path Type: min

Fanout     Cap    Slew   Delay    Time   Description
-----------------------------------------------------------------------------
                          0.00    0.00   clock clk (rise edge)
                          0.00    0.00   clock source latency
                  0.07    0.05    0.05 ^ clk (in)
     1    0.01                           clk (net)
                  0.07    0.00    0.05 ^ clkbuf_0_clk/A (sky130_fd_sc_hd__clkbuf_16)
                  0.05    0.14    0.18 ^ clkbuf_0_clk/X (sky130_fd_sc_hd__clkbuf_16)
     4    0.03                           clknet_0_clk (net)
                  0.05    0.00    0.18 ^ clkbuf_2_2__f_clk/A (sky130_fd_sc_hd__clkbuf_16)
                  0.04    0.12    0.30 ^ clkbuf_2_2__f_clk/X (sky130_fd_sc_hd__clkbuf_16)
     6    0.02                           clknet_2_2__leaf_clk (net)
                  0.04    0.00    0.30 ^ _238_/CLK (sky130_fd_sc_hd__dfrtp_1)
                  0.08    0.33    0.63 ^ _238_/Q (sky130_fd_sc_hd__dfrtp_1)
     2    0.01                           net20 (net)
                  0.08    0.00    0.63 ^ _160_/A1 (sky130_fd_sc_hd__a21o_1)
                  0.04    0.10    0.74 ^ _160_/X (sky130_fd_sc_hd__a21o_1)
     1    0.00                           _036_ (net)
                  0.04    0.00    0.74 ^ hold6/A (sky130_fd_sc_hd__dlygate4sd3_1)
                  0.05    0.50    1.24 ^ hold6/X (sky130_fd_sc_hd__dlygate4sd3_1)
     1    0.00                           net26 (net)
                  0.05    0.00    1.24 ^ _238_/D (sky130_fd_sc_hd__dfrtp_1)
                                  1.24   data arrival time

                          0.00    0.00   clock clk (rise edge)
                          0.00    0.00   clock source latency
                  0.07    0.05    0.05 ^ clk (in)
     1    0.01                           clk (net)
                  0.07    0.00    0.05 ^ clkbuf_0_clk/A (sky130_fd_sc_hd__clkbuf_16)
                  0.05    0.15    0.20 ^ clkbuf_0_clk/X (sky130_fd_sc_hd__clkbuf_16)
     4    0.03                           clknet_0_clk (net)
                  0.05    0.00    0.20 ^ clkbuf_2_2__f_clk/A (sky130_fd_sc_hd__clkbuf_16)
                  0.04    0.13    0.34 ^ clkbuf_2_2__f_clk/X (sky130_fd_sc_hd__clkbuf_16)
     6    0.02                           clknet_2_2__leaf_clk (net)
                  0.04    0.00    0.34 ^ _238_/CLK (sky130_fd_sc_hd__dfrtp_1)
                          0.25    0.59   clock uncertainty
                         -0.03    0.55   clock reconvergence pessimism
                         -0.04    0.52   library hold time
                                  0.52   data required time
-----------------------------------------------------------------------------
                                  0.52   data required time
                                 -1.24   data arrival time
-----------------------------------------------------------------------------
                                  0.72   slack (MET)


Startpoint: _231_ (rising edge-triggered flip-flop clocked by clk)
Endpoint: _231_ (rising edge-triggered flip-flop clocked by clk)
Path Group: clk
Path Type: min

Fanout     Cap    Slew   Delay    Time   Description
-----------------------------------------------------------------------------
                          0.00    0.00   clock clk (rise edge)
                          0.00    0.00   clock source latency
                  0.07    0.05    0.05 ^ clk (in)
     1    0.01                           clk (net)
                  0.07    0.00    0.05 ^ clkbuf_0_clk/A (sky130_fd_sc_hd__clkbuf_16)
                  0.05    0.14    0.18 ^ clkbuf_0_clk/X (sky130_fd_sc_hd__clkbuf_16)
     4    0.03                           clknet_0_clk (net)
                  0.05    0.00    0.18 ^ clkbuf_2_0__f_clk/A (sky130_fd_sc_hd__clkbuf_16)
                  0.05    0.13    0.31 ^ clkbuf_2_0__f_clk/X (sky130_fd_sc_hd__clkbuf_16)
     9    0.03                           clknet_2_0__leaf_clk (net)
                  0.05    0.00    0.31 ^ _231_/CLK (sky130_fd_sc_hd__dfrtp_2)
                  0.10    0.37    0.68 ^ _231_/Q (sky130_fd_sc_hd__dfrtp_2)
     6    0.02                           rx_inst.state[1] (net)
                  0.10    0.00    0.68 ^ _172_/A1 (sky130_fd_sc_hd__a21o_1)
                  0.04    0.11    0.79 ^ _172_/X (sky130_fd_sc_hd__a21o_1)
     1    0.00                           _004_ (net)
                  0.04    0.00    0.79 ^ hold4/A (sky130_fd_sc_hd__dlygate4sd3_1)
                  0.05    0.50    1.29 ^ hold4/X (sky130_fd_sc_hd__dlygate4sd3_1)
     1    0.00                           net24 (net)
                  0.05    0.00    1.29 ^ _231_/D (sky130_fd_sc_hd__dfrtp_2)
                                  1.29   data arrival time

                          0.00    0.00   clock clk (rise edge)
                          0.00    0.00   clock source latency
                  0.07    0.05    0.05 ^ clk (in)
     1    0.01                           clk (net)
                  0.07    0.00    0.05 ^ clkbuf_0_clk/A (sky130_fd_sc_hd__clkbuf_16)
                  0.05    0.15    0.20 ^ clkbuf_0_clk/X (sky130_fd_sc_hd__clkbuf_16)
     4    0.03                           clknet_0_clk (net)
                  0.05    0.00    0.20 ^ clkbuf_2_0__f_clk/A (sky130_fd_sc_hd__clkbuf_16)
                  0.05    0.14    0.34 ^ clkbuf_2_0__f_clk/X (sky130_fd_sc_hd__clkbuf_16)
     9    0.03                           clknet_2_0__leaf_clk (net)
                  0.05    0.00    0.34 ^ _231_/CLK (sky130_fd_sc_hd__dfrtp_2)
                          0.25    0.59   clock uncertainty
                         -0.03    0.56   clock reconvergence pessimism
                         -0.04    0.53   library hold time
                                  0.53   data required time
-----------------------------------------------------------------------------
                                  0.53   data required time
                                 -1.29   data arrival time
-----------------------------------------------------------------------------
                                  0.77   slack (MET)


Startpoint: _233_ (rising edge-triggered flip-flop clocked by clk)
Endpoint: _233_ (rising edge-triggered flip-flop clocked by clk)
Path Group: clk
Path Type: min

Fanout     Cap    Slew   Delay    Time   Description
-----------------------------------------------------------------------------
                          0.00    0.00   clock clk (rise edge)
                          0.00    0.00   clock source latency
                  0.07    0.05    0.05 ^ clk (in)
     1    0.01                           clk (net)
                  0.07    0.00    0.05 ^ clkbuf_0_clk/A (sky130_fd_sc_hd__clkbuf_16)
                  0.05    0.14    0.18 ^ clkbuf_0_clk/X (sky130_fd_sc_hd__clkbuf_16)
     4    0.03                           clknet_0_clk (net)
                  0.05    0.00    0.18 ^ clkbuf_2_2__f_clk/A (sky130_fd_sc_hd__clkbuf_16)
                  0.04    0.12    0.30 ^ clkbuf_2_2__f_clk/X (sky130_fd_sc_hd__clkbuf_16)
     6    0.02                           clknet_2_2__leaf_clk (net)
                  0.04    0.00    0.30 ^ _233_/CLK (sky130_fd_sc_hd__dfrtp_1)
                  0.14    0.37    0.67 ^ _233_/Q (sky130_fd_sc_hd__dfrtp_1)
     5    0.01                           rx_inst.state[3] (net)
                  0.14    0.00    0.67 ^ _175_/B2 (sky130_fd_sc_hd__a32o_1)
                  0.04    0.13    0.80 ^ _175_/X (sky130_fd_sc_hd__a32o_1)
     1    0.00                           _005_ (net)
                  0.04    0.00    0.80 ^ hold18/A (sky130_fd_sc_hd__dlygate4sd3_1)
                  0.06    0.51    1.31 ^ hold18/X (sky130_fd_sc_hd__dlygate4sd3_1)
     1    0.00                           net38 (net)
                  0.06    0.00    1.31 ^ _233_/D (sky130_fd_sc_hd__dfrtp_1)
                                  1.31   data arrival time

                          0.00    0.00   clock clk (rise edge)
                          0.00    0.00   clock source latency
                  0.07    0.05    0.05 ^ clk (in)
     1    0.01                           clk (net)
                  0.07    0.00    0.05 ^ clkbuf_0_clk/A (sky130_fd_sc_hd__clkbuf_16)
                  0.05    0.15    0.20 ^ clkbuf_0_clk/X (sky130_fd_sc_hd__clkbuf_16)
     4    0.03                           clknet_0_clk (net)
                  0.05    0.00    0.20 ^ clkbuf_2_2__f_clk/A (sky130_fd_sc_hd__clkbuf_16)
                  0.04    0.13    0.34 ^ clkbuf_2_2__f_clk/X (sky130_fd_sc_hd__clkbuf_16)
     6    0.02                           clknet_2_2__leaf_clk (net)
                  0.04    0.00    0.34 ^ _233_/CLK (sky130_fd_sc_hd__dfrtp_1)
                          0.25    0.59   clock uncertainty
                         -0.03    0.55   clock reconvergence pessimism
                         -0.04    0.52   library hold time
                                  0.52   data required time
-----------------------------------------------------------------------------
                                  0.52   data required time
                                 -1.31   data arrival time
-----------------------------------------------------------------------------
                                  0.80   slack (MET)


Startpoint: _242_ (rising edge-triggered flip-flop clocked by clk)
Endpoint: _244_ (rising edge-triggered flip-flop clocked by clk)
Path Group: clk
Path Type: min

Fanout     Cap    Slew   Delay    Time   Description
-----------------------------------------------------------------------------
                          0.00    0.00   clock clk (rise edge)
                          0.00    0.00   clock source latency
                  0.07    0.05    0.05 ^ clk (in)
     1    0.01                           clk (net)
                  0.07    0.00    0.05 ^ clkbuf_0_clk/A (sky130_fd_sc_hd__clkbuf_16)
                  0.05    0.14    0.18 ^ clkbuf_0_clk/X (sky130_fd_sc_hd__clkbuf_16)
     4    0.03                           clknet_0_clk (net)
                  0.05    0.00    0.18 ^ clkbuf_2_3__f_clk/A (sky130_fd_sc_hd__clkbuf_16)
                  0.04    0.12    0.30 ^ clkbuf_2_3__f_clk/X (sky130_fd_sc_hd__clkbuf_16)
     9    0.02                           clknet_2_3__leaf_clk (net)
                  0.04    0.00    0.30 ^ _242_/CLK (sky130_fd_sc_hd__dfstp_1)
                  0.05    0.35    0.65 v _242_/Q (sky130_fd_sc_hd__dfstp_1)
     3    0.01                           tx_inst.state[0] (net)
                  0.05    0.00    0.65 v hold7/A (sky130_fd_sc_hd__dlygate4sd3_1)
                  0.08    0.56    1.21 v hold7/X (sky130_fd_sc_hd__dlygate4sd3_1)
     2    0.01                           net27 (net)
                  0.08    0.00    1.21 v _159_/A (sky130_fd_sc_hd__inv_2)
                  0.05    0.07    1.27 ^ _159_/Y (sky130_fd_sc_hd__inv_2)
     2    0.01                           _088_ (net)
                  0.05    0.00    1.27 ^ _176_/A (sky130_fd_sc_hd__nor2_1)
                  0.02    0.04    1.31 v _176_/Y (sky130_fd_sc_hd__nor2_1)
     1    0.00                           _002_ (net)
                  0.02    0.00    1.31 v _244_/D (sky130_fd_sc_hd__dfrtp_1)
                                  1.31   data arrival time

                          0.00    0.00   clock clk (rise edge)
                          0.00    0.00   clock source latency
                  0.07    0.05    0.05 ^ clk (in)
     1    0.01                           clk (net)
                  0.07    0.00    0.05 ^ clkbuf_0_clk/A (sky130_fd_sc_hd__clkbuf_16)
                  0.05    0.15    0.20 ^ clkbuf_0_clk/X (sky130_fd_sc_hd__clkbuf_16)
     4    0.03                           clknet_0_clk (net)
                  0.05    0.00    0.20 ^ clkbuf_2_3__f_clk/A (sky130_fd_sc_hd__clkbuf_16)
                  0.04    0.13    0.33 ^ clkbuf_2_3__f_clk/X (sky130_fd_sc_hd__clkbuf_16)
     9    0.02                           clknet_2_3__leaf_clk (net)
                  0.04    0.00    0.33 ^ _244_/CLK (sky130_fd_sc_hd__dfrtp_1)
                          0.25    0.58   clock uncertainty
                         -0.03    0.55   clock reconvergence pessimism
                         -0.04    0.52   library hold time
                                  0.52   data required time
-----------------------------------------------------------------------------
                                  0.52   data required time
                                 -1.31   data arrival time
-----------------------------------------------------------------------------
                                  0.80   slack (MET)


Startpoint: _233_ (rising edge-triggered flip-flop clocked by clk)
Endpoint: _246_ (rising edge-triggered flip-flop clocked by clk)
Path Group: clk
Path Type: min

Fanout     Cap    Slew   Delay    Time   Description
-----------------------------------------------------------------------------
                          0.00    0.00   clock clk (rise edge)
                          0.00    0.00   clock source latency
                  0.07    0.05    0.05 ^ clk (in)
     1    0.01                           clk (net)
                  0.07    0.00    0.05 ^ clkbuf_0_clk/A (sky130_fd_sc_hd__clkbuf_16)
                  0.05    0.14    0.18 ^ clkbuf_0_clk/X (sky130_fd_sc_hd__clkbuf_16)
     4    0.03                           clknet_0_clk (net)
                  0.05    0.00    0.18 ^ clkbuf_2_2__f_clk/A (sky130_fd_sc_hd__clkbuf_16)
                  0.04    0.12    0.30 ^ clkbuf_2_2__f_clk/X (sky130_fd_sc_hd__clkbuf_16)
     6    0.02                           clknet_2_2__leaf_clk (net)
                  0.04    0.00    0.30 ^ _233_/CLK (sky130_fd_sc_hd__dfrtp_1)
                  0.14    0.37    0.67 ^ _233_/Q (sky130_fd_sc_hd__dfrtp_1)
     5    0.01                           rx_inst.state[3] (net)
                  0.14    0.00    0.67 ^ _150_/A1 (sky130_fd_sc_hd__o22a_1)
                  0.05    0.16    0.83 ^ _150_/X (sky130_fd_sc_hd__o22a_1)
     1    0.00                           _040_ (net)
                  0.05    0.00    0.83 ^ hold10/A (sky130_fd_sc_hd__dlygate4sd3_1)
                  0.07    0.52    1.35 ^ hold10/X (sky130_fd_sc_hd__dlygate4sd3_1)
     1    0.00                           net30 (net)
                  0.07    0.00    1.35 ^ _246_/D (sky130_fd_sc_hd__dfrtp_1)
                                  1.35   data arrival time

                          0.00    0.00   clock clk (rise edge)
                          0.00    0.00   clock source latency
                  0.07    0.05    0.05 ^ clk (in)
     1    0.01                           clk (net)
                  0.07    0.00    0.05 ^ clkbuf_0_clk/A (sky130_fd_sc_hd__clkbuf_16)
                  0.05    0.15    0.20 ^ clkbuf_0_clk/X (sky130_fd_sc_hd__clkbuf_16)
     4    0.03                           clknet_0_clk (net)
                  0.05    0.00    0.20 ^ clkbuf_2_0__f_clk/A (sky130_fd_sc_hd__clkbuf_16)
                  0.05    0.14    0.34 ^ clkbuf_2_0__f_clk/X (sky130_fd_sc_hd__clkbuf_16)
     9    0.03                           clknet_2_0__leaf_clk (net)
                  0.05    0.00    0.34 ^ _246_/CLK (sky130_fd_sc_hd__dfrtp_1)
                          0.25    0.59   clock uncertainty
                         -0.02    0.57   clock reconvergence pessimism
                         -0.04    0.54   library hold time
                                  0.54   data required time
-----------------------------------------------------------------------------
                                  0.54   data required time
                                 -1.35   data arrival time
-----------------------------------------------------------------------------
                                  0.81   slack (MET)


Startpoint: _243_ (rising edge-triggered flip-flop clocked by clk)
Endpoint: _243_ (rising edge-triggered flip-flop clocked by clk)
Path Group: clk
Path Type: min

Fanout     Cap    Slew   Delay    Time   Description
-----------------------------------------------------------------------------
                          0.00    0.00   clock clk (rise edge)
                          0.00    0.00   clock source latency
                  0.07    0.05    0.05 ^ clk (in)
     1    0.01                           clk (net)
                  0.07    0.00    0.05 ^ clkbuf_0_clk/A (sky130_fd_sc_hd__clkbuf_16)
                  0.05    0.14    0.18 ^ clkbuf_0_clk/X (sky130_fd_sc_hd__clkbuf_16)
     4    0.03                           clknet_0_clk (net)
                  0.05    0.00    0.18 ^ clkbuf_2_3__f_clk/A (sky130_fd_sc_hd__clkbuf_16)
                  0.04    0.12    0.30 ^ clkbuf_2_3__f_clk/X (sky130_fd_sc_hd__clkbuf_16)
     9    0.02                           clknet_2_3__leaf_clk (net)
                  0.04    0.00    0.30 ^ _243_/CLK (sky130_fd_sc_hd__dfrtp_4)
                  0.09    0.42    0.72 ^ _243_/Q (sky130_fd_sc_hd__dfrtp_4)
     8    0.02                           tx_inst.state[1] (net)
                  0.09    0.00    0.72 ^ _173_/A1 (sky130_fd_sc_hd__a21o_1)
                  0.03    0.10    0.82 ^ _173_/X (sky130_fd_sc_hd__a21o_1)
     1    0.00                           _007_ (net)
                  0.03    0.00    0.82 ^ hold2/A (sky130_fd_sc_hd__dlygate4sd3_1)
                  0.06    0.51    1.33 ^ hold2/X (sky130_fd_sc_hd__dlygate4sd3_1)
     1    0.00                           net22 (net)
                  0.06    0.00    1.33 ^ _243_/D (sky130_fd_sc_hd__dfrtp_4)
                                  1.33   data arrival time

                          0.00    0.00   clock clk (rise edge)
                          0.00    0.00   clock source latency
                  0.07    0.05    0.05 ^ clk (in)
     1    0.01                           clk (net)
                  0.07    0.00    0.05 ^ clkbuf_0_clk/A (sky130_fd_sc_hd__clkbuf_16)
                  0.05    0.15    0.20 ^ clkbuf_0_clk/X (sky130_fd_sc_hd__clkbuf_16)
     4    0.03                           clknet_0_clk (net)
                  0.05    0.00    0.20 ^ clkbuf_2_3__f_clk/A (sky130_fd_sc_hd__clkbuf_16)
                  0.04    0.13    0.33 ^ clkbuf_2_3__f_clk/X (sky130_fd_sc_hd__clkbuf_16)
     9    0.02                           clknet_2_3__leaf_clk (net)
                  0.04    0.00    0.33 ^ _243_/CLK (sky130_fd_sc_hd__dfrtp_4)
                          0.25    0.58   clock uncertainty
                         -0.03    0.55   clock reconvergence pessimism
                         -0.04    0.51   library hold time
                                  0.51   data required time
-----------------------------------------------------------------------------
                                  0.51   data required time
                                 -1.33   data arrival time
-----------------------------------------------------------------------------
                                  0.82   slack (MET)


Startpoint: _235_ (rising edge-triggered flip-flop clocked by clk)
Endpoint: _236_ (rising edge-triggered flip-flop clocked by clk)
Path Group: clk
Path Type: min

Fanout     Cap    Slew   Delay    Time   Description
-----------------------------------------------------------------------------
                          0.00    0.00   clock clk (rise edge)
                          0.00    0.00   clock source latency
                  0.07    0.05    0.05 ^ clk (in)
     1    0.01                           clk (net)
                  0.07    0.00    0.05 ^ clkbuf_0_clk/A (sky130_fd_sc_hd__clkbuf_16)
                  0.05    0.14    0.18 ^ clkbuf_0_clk/X (sky130_fd_sc_hd__clkbuf_16)
     4    0.03                           clknet_0_clk (net)
                  0.05    0.00    0.18 ^ clkbuf_2_3__f_clk/A (sky130_fd_sc_hd__clkbuf_16)
                  0.04    0.12    0.30 ^ clkbuf_2_3__f_clk/X (sky130_fd_sc_hd__clkbuf_16)
     9    0.02                           clknet_2_3__leaf_clk (net)
                  0.04    0.00    0.30 ^ _235_/CLK (sky130_fd_sc_hd__dfrtp_4)
                  0.10    0.42    0.72 ^ _235_/Q (sky130_fd_sc_hd__dfrtp_4)
     7    0.02                           tx_inst.bit_count[1] (net)
                  0.10    0.00    0.72 ^ _162_/A1 (sky130_fd_sc_hd__a32o_1)
                  0.05    0.15    0.87 ^ _162_/X (sky130_fd_sc_hd__a32o_1)
     1    0.00                           _035_ (net)
                  0.05    0.00    0.87 ^ hold15/A (sky130_fd_sc_hd__dlygate4sd3_1)
                  0.05    0.51    1.38 ^ hold15/X (sky130_fd_sc_hd__dlygate4sd3_1)
     1    0.00                           net35 (net)
                  0.05    0.00    1.38 ^ _236_/D (sky130_fd_sc_hd__dfrtp_1)
                                  1.38   data arrival time

                          0.00    0.00   clock clk (rise edge)
                          0.00    0.00   clock source latency
                  0.07    0.05    0.05 ^ clk (in)
     1    0.01                           clk (net)
                  0.07    0.00    0.05 ^ clkbuf_0_clk/A (sky130_fd_sc_hd__clkbuf_16)
                  0.05    0.15    0.20 ^ clkbuf_0_clk/X (sky130_fd_sc_hd__clkbuf_16)
     4    0.03                           clknet_0_clk (net)
                  0.05    0.00    0.20 ^ clkbuf_2_3__f_clk/A (sky130_fd_sc_hd__clkbuf_16)
                  0.04    0.13    0.33 ^ clkbuf_2_3__f_clk/X (sky130_fd_sc_hd__clkbuf_16)
     9    0.02                           clknet_2_3__leaf_clk (net)
                  0.04    0.00    0.33 ^ _236_/CLK (sky130_fd_sc_hd__dfrtp_1)
                          0.25    0.58   clock uncertainty
                         -0.03    0.55   clock reconvergence pessimism
                         -0.04    0.52   library hold time
                                  0.52   data required time
-----------------------------------------------------------------------------
                                  0.52   data required time
                                 -1.38   data arrival time
-----------------------------------------------------------------------------
                                  0.86   slack (MET)


Startpoint: _243_ (rising edge-triggered flip-flop clocked by clk)
Endpoint: _234_ (rising edge-triggered flip-flop clocked by clk)
Path Group: clk
Path Type: min

Fanout     Cap    Slew   Delay    Time   Description
-----------------------------------------------------------------------------
                          0.00    0.00   clock clk (rise edge)
                          0.00    0.00   clock source latency
                  0.07    0.05    0.05 ^ clk (in)
     1    0.01                           clk (net)
                  0.07    0.00    0.05 ^ clkbuf_0_clk/A (sky130_fd_sc_hd__clkbuf_16)
                  0.05    0.14    0.18 ^ clkbuf_0_clk/X (sky130_fd_sc_hd__clkbuf_16)
     4    0.03                           clknet_0_clk (net)
                  0.05    0.00    0.18 ^ clkbuf_2_3__f_clk/A (sky130_fd_sc_hd__clkbuf_16)
                  0.04    0.12    0.30 ^ clkbuf_2_3__f_clk/X (sky130_fd_sc_hd__clkbuf_16)
     9    0.02                           clknet_2_3__leaf_clk (net)
                  0.04    0.00    0.30 ^ _243_/CLK (sky130_fd_sc_hd__dfrtp_4)
                  0.09    0.42    0.72 ^ _243_/Q (sky130_fd_sc_hd__dfrtp_4)
     8    0.02                           tx_inst.state[1] (net)
                  0.09    0.00    0.72 ^ _168_/B (sky130_fd_sc_hd__nor2_1)
                  0.03    0.04    0.76 v _168_/Y (sky130_fd_sc_hd__nor2_1)
     1    0.00                           _094_ (net)
                  0.03    0.00    0.76 v _169_/B1 (sky130_fd_sc_hd__a21oi_1)
                  0.08    0.09    0.85 ^ _169_/Y (sky130_fd_sc_hd__a21oi_1)
     1    0.00                           _033_ (net)
                  0.08    0.00    0.85 ^ hold28/A (sky130_fd_sc_hd__dlygate4sd3_1)
                  0.06    0.52    1.38 ^ hold28/X (sky130_fd_sc_hd__dlygate4sd3_1)
     1    0.00                           net48 (net)
                  0.06    0.00    1.38 ^ _234_/D (sky130_fd_sc_hd__dfrtp_4)
                                  1.38   data arrival time

                          0.00    0.00   clock clk (rise edge)
                          0.00    0.00   clock source latency
                  0.07    0.05    0.05 ^ clk (in)
     1    0.01                           clk (net)
                  0.07    0.00    0.05 ^ clkbuf_0_clk/A (sky130_fd_sc_hd__clkbuf_16)
                  0.05    0.15    0.20 ^ clkbuf_0_clk/X (sky130_fd_sc_hd__clkbuf_16)
     4    0.03                           clknet_0_clk (net)
                  0.05    0.00    0.20 ^ clkbuf_2_3__f_clk/A (sky130_fd_sc_hd__clkbuf_16)
                  0.04    0.13    0.33 ^ clkbuf_2_3__f_clk/X (sky130_fd_sc_hd__clkbuf_16)
     9    0.02                           clknet_2_3__leaf_clk (net)
                  0.04    0.00    0.33 ^ _234_/CLK (sky130_fd_sc_hd__dfrtp_4)
                          0.25    0.58   clock uncertainty
                         -0.03    0.55   clock reconvergence pessimism
                         -0.04    0.52   library hold time
                                  0.52   data required time
-----------------------------------------------------------------------------
                                  0.52   data required time
                                 -1.38   data arrival time
-----------------------------------------------------------------------------
                                  0.86   slack (MET)


Startpoint: reset (input port clocked by clk)
Endpoint: _254_ (removal check against rising-edge clock clk)
Path Group: asynchronous
Path Type: min

Fanout     Cap    Slew   Delay    Time   Description
-----------------------------------------------------------------------------
                          0.00    0.00   clock clk (rise edge)
                          0.00    0.00   clock network delay (propagated)
                          4.00    4.00 v input external delay
                  0.02    0.01    4.01 v reset (in)
     1    0.01                           reset (net)
                  0.02    0.00    4.01 v input1/A (sky130_fd_sc_hd__clkbuf_4)
                  0.07    0.15    4.16 v input1/X (sky130_fd_sc_hd__clkbuf_4)
     7    0.03                           net1 (net)
                  0.07    0.00    4.16 v _211_/A (sky130_fd_sc_hd__inv_2)
                  0.03    0.05    4.21 ^ _211_/Y (sky130_fd_sc_hd__inv_2)
     1    0.01                           _032_ (net)
                  0.03    0.00    4.21 ^ _254_/RESET_B (sky130_fd_sc_hd__dfrtp_1)
                                  4.21   data arrival time

                          0.00    0.00   clock clk (rise edge)
                          0.00    0.00   clock source latency
                  0.07    0.05    0.05 ^ clk (in)
     1    0.01                           clk (net)
                  0.07    0.00    0.05 ^ clkbuf_0_clk/A (sky130_fd_sc_hd__clkbuf_16)
                  0.05    0.15    0.20 ^ clkbuf_0_clk/X (sky130_fd_sc_hd__clkbuf_16)
     4    0.03                           clknet_0_clk (net)
                  0.05    0.00    0.20 ^ clkbuf_2_0__f_clk/A (sky130_fd_sc_hd__clkbuf_16)
                  0.05    0.14    0.34 ^ clkbuf_2_0__f_clk/X (sky130_fd_sc_hd__clkbuf_16)
     9    0.03                           clknet_2_0__leaf_clk (net)
                  0.05    0.00    0.34 ^ _254_/CLK (sky130_fd_sc_hd__dfrtp_1)
                          0.25    0.59   clock uncertainty
                          0.00    0.59   clock reconvergence pessimism
                          0.32    0.91   library removal time
                                  0.91   data required time
-----------------------------------------------------------------------------
                                  0.91   data required time
                                 -4.21   data arrival time
-----------------------------------------------------------------------------
                                  3.30   slack (MET)


Startpoint: reset (input port clocked by clk)
Endpoint: _252_ (removal check against rising-edge clock clk)
Path Group: asynchronous
Path Type: min

Fanout     Cap    Slew   Delay    Time   Description
-----------------------------------------------------------------------------
                          0.00    0.00   clock clk (rise edge)
                          0.00    0.00   clock network delay (propagated)
                          4.00    4.00 v input external delay
                  0.02    0.01    4.01 v reset (in)
     1    0.01                           reset (net)
                  0.02    0.00    4.01 v input1/A (sky130_fd_sc_hd__clkbuf_4)
                  0.07    0.15    4.16 v input1/X (sky130_fd_sc_hd__clkbuf_4)
     7    0.03                           net1 (net)
                  0.07    0.00    4.16 v _209_/A (sky130_fd_sc_hd__inv_2)
                  0.04    0.05    4.22 ^ _209_/Y (sky130_fd_sc_hd__inv_2)
     1    0.01                           _030_ (net)
                  0.04    0.00    4.22 ^ _252_/RESET_B (sky130_fd_sc_hd__dfrtp_1)
                                  4.22   data arrival time

                          0.00    0.00   clock clk (rise edge)
                          0.00    0.00   clock source latency
                  0.07    0.05    0.05 ^ clk (in)
     1    0.01                           clk (net)
                  0.07    0.00    0.05 ^ clkbuf_0_clk/A (sky130_fd_sc_hd__clkbuf_16)
                  0.05    0.15    0.20 ^ clkbuf_0_clk/X (sky130_fd_sc_hd__clkbuf_16)
     4    0.03                           clknet_0_clk (net)
                  0.05    0.00    0.20 ^ clkbuf_2_0__f_clk/A (sky130_fd_sc_hd__clkbuf_16)
                  0.05    0.14    0.34 ^ clkbuf_2_0__f_clk/X (sky130_fd_sc_hd__clkbuf_16)
     9    0.03                           clknet_2_0__leaf_clk (net)
                  0.05    0.00    0.34 ^ _252_/CLK (sky130_fd_sc_hd__dfrtp_1)
                          0.25    0.59   clock uncertainty
                          0.00    0.59   clock reconvergence pessimism
                          0.32    0.91   library removal time
                                  0.91   data required time
-----------------------------------------------------------------------------
                                  0.91   data required time
                                 -4.22   data arrival time
-----------------------------------------------------------------------------
                                  3.30   slack (MET)


Startpoint: reset (input port clocked by clk)
Endpoint: _251_ (removal check against rising-edge clock clk)
Path Group: asynchronous
Path Type: min

Fanout     Cap    Slew   Delay    Time   Description
-----------------------------------------------------------------------------
                          0.00    0.00   clock clk (rise edge)
                          0.00    0.00   clock network delay (propagated)
                          4.00    4.00 v input external delay
                  0.02    0.01    4.01 v reset (in)
     1    0.01                           reset (net)
                  0.02    0.00    4.01 v input1/A (sky130_fd_sc_hd__clkbuf_4)
                  0.07    0.15    4.16 v input1/X (sky130_fd_sc_hd__clkbuf_4)
     7    0.03                           net1 (net)
                  0.07    0.00    4.16 v _208_/A (sky130_fd_sc_hd__inv_2)
                  0.03    0.05    4.21 ^ _208_/Y (sky130_fd_sc_hd__inv_2)
     1    0.00                           _029_ (net)
                  0.03    0.00    4.21 ^ _251_/RESET_B (sky130_fd_sc_hd__dfrtp_1)
                                  4.21   data arrival time

                          0.00    0.00   clock clk (rise edge)
                          0.00    0.00   clock source latency
                  0.07    0.05    0.05 ^ clk (in)
     1    0.01                           clk (net)
                  0.07    0.00    0.05 ^ clkbuf_0_clk/A (sky130_fd_sc_hd__clkbuf_16)
                  0.05    0.15    0.20 ^ clkbuf_0_clk/X (sky130_fd_sc_hd__clkbuf_16)
     4    0.03                           clknet_0_clk (net)
                  0.05    0.00    0.20 ^ clkbuf_2_2__f_clk/A (sky130_fd_sc_hd__clkbuf_16)
                  0.04    0.13    0.34 ^ clkbuf_2_2__f_clk/X (sky130_fd_sc_hd__clkbuf_16)
     6    0.02                           clknet_2_2__leaf_clk (net)
                  0.04    0.00    0.34 ^ _251_/CLK (sky130_fd_sc_hd__dfrtp_1)
                          0.25    0.59   clock uncertainty
                          0.00    0.59   clock reconvergence pessimism
                          0.32    0.90   library removal time
                                  0.90   data required time
-----------------------------------------------------------------------------
                                  0.90   data required time
                                 -4.21   data arrival time
-----------------------------------------------------------------------------
                                  3.31   slack (MET)


Startpoint: reset (input port clocked by clk)
Endpoint: _253_ (removal check against rising-edge clock clk)
Path Group: asynchronous
Path Type: min

Fanout     Cap    Slew   Delay    Time   Description
-----------------------------------------------------------------------------
                          0.00    0.00   clock clk (rise edge)
                          0.00    0.00   clock network delay (propagated)
                          4.00    4.00 v input external delay
                  0.02    0.01    4.01 v reset (in)
     1    0.01                           reset (net)
                  0.02    0.00    4.01 v input1/A (sky130_fd_sc_hd__clkbuf_4)
                  0.07    0.15    4.16 v input1/X (sky130_fd_sc_hd__clkbuf_4)
     7    0.03                           net1 (net)
                  0.07    0.00    4.16 v _210_/A (sky130_fd_sc_hd__inv_2)
                  0.03    0.05    4.21 ^ _210_/Y (sky130_fd_sc_hd__inv_2)
     1    0.00                           _031_ (net)
                  0.03    0.00    4.21 ^ _253_/RESET_B (sky130_fd_sc_hd__dfrtp_1)
                                  4.21   data arrival time

                          0.00    0.00   clock clk (rise edge)
                          0.00    0.00   clock source latency
                  0.07    0.05    0.05 ^ clk (in)
     1    0.01                           clk (net)
                  0.07    0.00    0.05 ^ clkbuf_0_clk/A (sky130_fd_sc_hd__clkbuf_16)
                  0.05    0.15    0.20 ^ clkbuf_0_clk/X (sky130_fd_sc_hd__clkbuf_16)
     4    0.03                           clknet_0_clk (net)
                  0.05    0.00    0.20 ^ clkbuf_2_3__f_clk/A (sky130_fd_sc_hd__clkbuf_16)
                  0.04    0.13    0.33 ^ clkbuf_2_3__f_clk/X (sky130_fd_sc_hd__clkbuf_16)
     9    0.02                           clknet_2_3__leaf_clk (net)
                  0.04    0.00    0.33 ^ _253_/CLK (sky130_fd_sc_hd__dfrtp_1)
                          0.25    0.58   clock uncertainty
                          0.00    0.58   clock reconvergence pessimism
                          0.32    0.90   library removal time
                                  0.90   data required time
-----------------------------------------------------------------------------
                                  0.90   data required time
                                 -4.21   data arrival time
-----------------------------------------------------------------------------
                                  3.31   slack (MET)


Startpoint: reset (input port clocked by clk)
Endpoint: _240_ (removal check against rising-edge clock clk)
Path Group: asynchronous
Path Type: min

Fanout     Cap    Slew   Delay    Time   Description
-----------------------------------------------------------------------------
                          0.00    0.00   clock clk (rise edge)
                          0.00    0.00   clock network delay (propagated)
                          4.00    4.00 v input external delay
                  0.02    0.01    4.01 v reset (in)
     1    0.01                           reset (net)
                  0.02    0.00    4.01 v input1/A (sky130_fd_sc_hd__clkbuf_4)
                  0.07    0.15    4.16 v input1/X (sky130_fd_sc_hd__clkbuf_4)
     7    0.03                           net1 (net)
                  0.07    0.00    4.16 v _186_/A (sky130_fd_sc_hd__buf_4)
                  0.07    0.18    4.34 v _186_/X (sky130_fd_sc_hd__buf_4)
    10    0.04                           _102_ (net)
                  0.07    0.00    4.34 v _196_/A (sky130_fd_sc_hd__inv_2)
                  0.03    0.05    4.39 ^ _196_/Y (sky130_fd_sc_hd__inv_2)
     1    0.00                           _018_ (net)
                  0.03    0.00    4.39 ^ _240_/RESET_B (sky130_fd_sc_hd__dfrtp_4)
                                  4.39   data arrival time

                          0.00    0.00   clock clk (rise edge)
                          0.00    0.00   clock source latency
                  0.07    0.05    0.05 ^ clk (in)
     1    0.01                           clk (net)
                  0.07    0.00    0.05 ^ clkbuf_0_clk/A (sky130_fd_sc_hd__clkbuf_16)
                  0.05    0.15    0.20 ^ clkbuf_0_clk/X (sky130_fd_sc_hd__clkbuf_16)
     4    0.03                           clknet_0_clk (net)
                  0.05    0.00    0.20 ^ clkbuf_2_0__f_clk/A (sky130_fd_sc_hd__clkbuf_16)
                  0.05    0.14    0.34 ^ clkbuf_2_0__f_clk/X (sky130_fd_sc_hd__clkbuf_16)
     9    0.03                           clknet_2_0__leaf_clk (net)
                  0.05    0.00    0.34 ^ _240_/CLK (sky130_fd_sc_hd__dfrtp_4)
                          0.25    0.59   clock uncertainty
                          0.00    0.59   clock reconvergence pessimism
                          0.32    0.91   library removal time
                                  0.91   data required time
-----------------------------------------------------------------------------
                                  0.91   data required time
                                 -4.39   data arrival time
-----------------------------------------------------------------------------
                                  3.48   slack (MET)


Startpoint: reset (input port clocked by clk)
Endpoint: _231_ (removal check against rising-edge clock clk)
Path Group: asynchronous
Path Type: min

Fanout     Cap    Slew   Delay    Time   Description
-----------------------------------------------------------------------------
                          0.00    0.00   clock clk (rise edge)
                          0.00    0.00   clock network delay (propagated)
                          4.00    4.00 v input external delay
                  0.02    0.01    4.01 v reset (in)
     1    0.01                           reset (net)
                  0.02    0.00    4.01 v input1/A (sky130_fd_sc_hd__clkbuf_4)
                  0.07    0.15    4.16 v input1/X (sky130_fd_sc_hd__clkbuf_4)
     7    0.03                           net1 (net)
                  0.07    0.00    4.16 v _186_/A (sky130_fd_sc_hd__buf_4)
                  0.07    0.18    4.34 v _186_/X (sky130_fd_sc_hd__buf_4)
    10    0.04                           _102_ (net)
                  0.07    0.00    4.34 v _187_/A (sky130_fd_sc_hd__inv_2)
                  0.03    0.05    4.39 ^ _187_/Y (sky130_fd_sc_hd__inv_2)
     1    0.00                           _009_ (net)
                  0.03    0.00    4.39 ^ _231_/RESET_B (sky130_fd_sc_hd__dfrtp_2)
                                  4.39   data arrival time

                          0.00    0.00   clock clk (rise edge)
                          0.00    0.00   clock source latency
                  0.07    0.05    0.05 ^ clk (in)
     1    0.01                           clk (net)
                  0.07    0.00    0.05 ^ clkbuf_0_clk/A (sky130_fd_sc_hd__clkbuf_16)
                  0.05    0.15    0.20 ^ clkbuf_0_clk/X (sky130_fd_sc_hd__clkbuf_16)
     4    0.03                           clknet_0_clk (net)
                  0.05    0.00    0.20 ^ clkbuf_2_0__f_clk/A (sky130_fd_sc_hd__clkbuf_16)
                  0.05    0.14    0.34 ^ clkbuf_2_0__f_clk/X (sky130_fd_sc_hd__clkbuf_16)
     9    0.03                           clknet_2_0__leaf_clk (net)
                  0.05    0.00    0.34 ^ _231_/CLK (sky130_fd_sc_hd__dfrtp_2)
                          0.25    0.59   clock uncertainty
                          0.00    0.59   clock reconvergence pessimism
                          0.32    0.91   library removal time
                                  0.91   data required time
-----------------------------------------------------------------------------
                                  0.91   data required time
                                 -4.39   data arrival time
-----------------------------------------------------------------------------
                                  3.48   slack (MET)


Startpoint: reset (input port clocked by clk)
Endpoint: _230_ (removal check against rising-edge clock clk)
Path Group: asynchronous
Path Type: min

Fanout     Cap    Slew   Delay    Time   Description
-----------------------------------------------------------------------------
                          0.00    0.00   clock clk (rise edge)
                          0.00    0.00   clock network delay (propagated)
                          4.00    4.00 v input external delay
                  0.02    0.01    4.01 v reset (in)
     1    0.01                           reset (net)
                  0.02    0.00    4.01 v input1/A (sky130_fd_sc_hd__clkbuf_4)
                  0.07    0.15    4.16 v input1/X (sky130_fd_sc_hd__clkbuf_4)
     7    0.03                           net1 (net)
                  0.07    0.00    4.16 v _185_/A (sky130_fd_sc_hd__inv_2)
                  0.04    0.06    4.22 ^ _185_/Y (sky130_fd_sc_hd__inv_2)
     2    0.01                           _008_ (net)
                  0.04    0.00    4.22 ^ _230_/SET_B (sky130_fd_sc_hd__dfstp_1)
                                  4.22   data arrival time

                          0.00    0.00   clock clk (rise edge)
                          0.00    0.00   clock source latency
                  0.07    0.05    0.05 ^ clk (in)
     1    0.01                           clk (net)
                  0.07    0.00    0.05 ^ clkbuf_0_clk/A (sky130_fd_sc_hd__clkbuf_16)
                  0.05    0.15    0.20 ^ clkbuf_0_clk/X (sky130_fd_sc_hd__clkbuf_16)
     4    0.03                           clknet_0_clk (net)
                  0.05    0.00    0.20 ^ clkbuf_2_2__f_clk/A (sky130_fd_sc_hd__clkbuf_16)
                  0.04    0.13    0.34 ^ clkbuf_2_2__f_clk/X (sky130_fd_sc_hd__clkbuf_16)
     6    0.02                           clknet_2_2__leaf_clk (net)
                  0.04    0.00    0.34 ^ _230_/CLK (sky130_fd_sc_hd__dfstp_1)
                          0.25    0.59   clock uncertainty
                          0.00    0.59   clock reconvergence pessimism
                          0.15    0.74   library removal time
                                  0.74   data required time
-----------------------------------------------------------------------------
                                  0.74   data required time
                                 -4.22   data arrival time
-----------------------------------------------------------------------------
                                  3.48   slack (MET)


Startpoint: reset (input port clocked by clk)
Endpoint: _239_ (removal check against rising-edge clock clk)
Path Group: asynchronous
Path Type: min

Fanout     Cap    Slew   Delay    Time   Description
-----------------------------------------------------------------------------
                          0.00    0.00   clock clk (rise edge)
                          0.00    0.00   clock network delay (propagated)
                          4.00    4.00 v input external delay
                  0.02    0.01    4.01 v reset (in)
     1    0.01                           reset (net)
                  0.02    0.00    4.01 v input1/A (sky130_fd_sc_hd__clkbuf_4)
                  0.07    0.15    4.16 v input1/X (sky130_fd_sc_hd__clkbuf_4)
     7    0.03                           net1 (net)
                  0.07    0.00    4.16 v _186_/A (sky130_fd_sc_hd__buf_4)
                  0.07    0.18    4.34 v _186_/X (sky130_fd_sc_hd__buf_4)
    10    0.04                           _102_ (net)
                  0.07    0.00    4.34 v _195_/A (sky130_fd_sc_hd__inv_2)
                  0.03    0.05    4.39 ^ _195_/Y (sky130_fd_sc_hd__inv_2)
     1    0.00                           _017_ (net)
                  0.03    0.00    4.39 ^ _239_/RESET_B (sky130_fd_sc_hd__dfrtp_1)
                                  4.39   data arrival time

                          0.00    0.00   clock clk (rise edge)
                          0.00    0.00   clock source latency
                  0.07    0.05    0.05 ^ clk (in)
     1    0.01                           clk (net)
                  0.07    0.00    0.05 ^ clkbuf_0_clk/A (sky130_fd_sc_hd__clkbuf_16)
                  0.05    0.15    0.20 ^ clkbuf_0_clk/X (sky130_fd_sc_hd__clkbuf_16)
     4    0.03                           clknet_0_clk (net)
                  0.05    0.00    0.20 ^ clkbuf_2_0__f_clk/A (sky130_fd_sc_hd__clkbuf_16)
                  0.05    0.14    0.34 ^ clkbuf_2_0__f_clk/X (sky130_fd_sc_hd__clkbuf_16)
     9    0.03                           clknet_2_0__leaf_clk (net)
                  0.05    0.00    0.34 ^ _239_/CLK (sky130_fd_sc_hd__dfrtp_1)
                          0.25    0.59   clock uncertainty
                          0.00    0.59   clock reconvergence pessimism
                          0.32    0.91   library removal time
                                  0.91   data required time
-----------------------------------------------------------------------------
                                  0.91   data required time
                                 -4.39   data arrival time
-----------------------------------------------------------------------------
                                  3.48   slack (MET)


Startpoint: reset (input port clocked by clk)
Endpoint: _238_ (removal check against rising-edge clock clk)
Path Group: asynchronous
Path Type: min

Fanout     Cap    Slew   Delay    Time   Description
-----------------------------------------------------------------------------
                          0.00    0.00   clock clk (rise edge)
                          0.00    0.00   clock network delay (propagated)
                          4.00    4.00 v input external delay
                  0.02    0.01    4.01 v reset (in)
     1    0.01                           reset (net)
                  0.02    0.00    4.01 v input1/A (sky130_fd_sc_hd__clkbuf_4)
                  0.07    0.15    4.16 v input1/X (sky130_fd_sc_hd__clkbuf_4)
     7    0.03                           net1 (net)
                  0.07    0.00    4.16 v _186_/A (sky130_fd_sc_hd__buf_4)
                  0.07    0.18    4.34 v _186_/X (sky130_fd_sc_hd__buf_4)
    10    0.04                           _102_ (net)
                  0.07    0.00    4.34 v _194_/A (sky130_fd_sc_hd__inv_2)
                  0.03    0.05    4.39 ^ _194_/Y (sky130_fd_sc_hd__inv_2)
     1    0.00                           _016_ (net)
                  0.03    0.00    4.39 ^ _238_/RESET_B (sky130_fd_sc_hd__dfrtp_1)
                                  4.39   data arrival time

                          0.00    0.00   clock clk (rise edge)
                          0.00    0.00   clock source latency
                  0.07    0.05    0.05 ^ clk (in)
     1    0.01                           clk (net)
                  0.07    0.00    0.05 ^ clkbuf_0_clk/A (sky130_fd_sc_hd__clkbuf_16)
                  0.05    0.15    0.20 ^ clkbuf_0_clk/X (sky130_fd_sc_hd__clkbuf_16)
     4    0.03                           clknet_0_clk (net)
                  0.05    0.00    0.20 ^ clkbuf_2_2__f_clk/A (sky130_fd_sc_hd__clkbuf_16)
                  0.04    0.13    0.34 ^ clkbuf_2_2__f_clk/X (sky130_fd_sc_hd__clkbuf_16)
     6    0.02                           clknet_2_2__leaf_clk (net)
                  0.04    0.00    0.34 ^ _238_/CLK (sky130_fd_sc_hd__dfrtp_1)
                          0.25    0.59   clock uncertainty
                          0.00    0.59   clock reconvergence pessimism
                          0.32    0.90   library removal time
                                  0.90   data required time
-----------------------------------------------------------------------------
                                  0.90   data required time
                                 -4.39   data arrival time
-----------------------------------------------------------------------------
                                  3.49   slack (MET)


Startpoint: reset (input port clocked by clk)
Endpoint: _232_ (removal check against rising-edge clock clk)
Path Group: asynchronous
Path Type: min

Fanout     Cap    Slew   Delay    Time   Description
-----------------------------------------------------------------------------
                          0.00    0.00   clock clk (rise edge)
                          0.00    0.00   clock network delay (propagated)
                          4.00    4.00 v input external delay
                  0.02    0.01    4.01 v reset (in)
     1    0.01                           reset (net)
                  0.02    0.00    4.01 v input1/A (sky130_fd_sc_hd__clkbuf_4)
                  0.07    0.15    4.16 v input1/X (sky130_fd_sc_hd__clkbuf_4)
     7    0.03                           net1 (net)
                  0.07    0.00    4.16 v _186_/A (sky130_fd_sc_hd__buf_4)
                  0.07    0.18    4.34 v _186_/X (sky130_fd_sc_hd__buf_4)
    10    0.04                           _102_ (net)
                  0.07    0.00    4.34 v _188_/A (sky130_fd_sc_hd__inv_2)
                  0.03    0.05    4.39 ^ _188_/Y (sky130_fd_sc_hd__inv_2)
     1    0.00                           _010_ (net)
                  0.03    0.00    4.39 ^ _232_/RESET_B (sky130_fd_sc_hd__dfrtp_1)
                                  4.39   data arrival time

                          0.00    0.00   clock clk (rise edge)
                          0.00    0.00   clock source latency
                  0.07    0.05    0.05 ^ clk (in)
     1    0.01                           clk (net)
                  0.07    0.00    0.05 ^ clkbuf_0_clk/A (sky130_fd_sc_hd__clkbuf_16)
                  0.05    0.15    0.20 ^ clkbuf_0_clk/X (sky130_fd_sc_hd__clkbuf_16)
     4    0.03                           clknet_0_clk (net)
                  0.05    0.00    0.20 ^ clkbuf_2_2__f_clk/A (sky130_fd_sc_hd__clkbuf_16)
                  0.04    0.13    0.34 ^ clkbuf_2_2__f_clk/X (sky130_fd_sc_hd__clkbuf_16)
     6    0.02                           clknet_2_2__leaf_clk (net)
                  0.04    0.00    0.34 ^ _232_/CLK (sky130_fd_sc_hd__dfrtp_1)
                          0.25    0.59   clock uncertainty
                          0.00    0.59   clock reconvergence pessimism
                          0.32    0.90   library removal time
                                  0.90   data required time
-----------------------------------------------------------------------------
                                  0.90   data required time
                                 -4.39   data arrival time
-----------------------------------------------------------------------------
                                  3.49   slack (MET)


Startpoint: reset (input port clocked by clk)
Endpoint: _234_ (removal check against rising-edge clock clk)
Path Group: asynchronous
Path Type: min

Fanout     Cap    Slew   Delay    Time   Description
-----------------------------------------------------------------------------
                          0.00    0.00   clock clk (rise edge)
                          0.00    0.00   clock network delay (propagated)
                          4.00    4.00 v input external delay
                  0.02    0.01    4.01 v reset (in)
     1    0.01                           reset (net)
                  0.02    0.00    4.01 v input1/A (sky130_fd_sc_hd__clkbuf_4)
                  0.07    0.15    4.16 v input1/X (sky130_fd_sc_hd__clkbuf_4)
     7    0.03                           net1 (net)
                  0.07    0.00    4.16 v _186_/A (sky130_fd_sc_hd__buf_4)
                  0.07    0.18    4.34 v _186_/X (sky130_fd_sc_hd__buf_4)
    10    0.04                           _102_ (net)
                  0.07    0.00    4.34 v _190_/A (sky130_fd_sc_hd__inv_2)
                  0.03    0.05    4.39 ^ _190_/Y (sky130_fd_sc_hd__inv_2)
     1    0.00                           _012_ (net)
                  0.03    0.00    4.39 ^ _234_/RESET_B (sky130_fd_sc_hd__dfrtp_4)
                                  4.39   data arrival time

                          0.00    0.00   clock clk (rise edge)
                          0.00    0.00   clock source latency
                  0.07    0.05    0.05 ^ clk (in)
     1    0.01                           clk (net)
                  0.07    0.00    0.05 ^ clkbuf_0_clk/A (sky130_fd_sc_hd__clkbuf_16)
                  0.05    0.15    0.20 ^ clkbuf_0_clk/X (sky130_fd_sc_hd__clkbuf_16)
     4    0.03                           clknet_0_clk (net)
                  0.05    0.00    0.20 ^ clkbuf_2_3__f_clk/A (sky130_fd_sc_hd__clkbuf_16)
                  0.04    0.13    0.33 ^ clkbuf_2_3__f_clk/X (sky130_fd_sc_hd__clkbuf_16)
     9    0.02                           clknet_2_3__leaf_clk (net)
                  0.04    0.00    0.33 ^ _234_/CLK (sky130_fd_sc_hd__dfrtp_4)
                          0.25    0.58   clock uncertainty
                          0.00    0.58   clock reconvergence pessimism
                          0.32    0.90   library removal time
                                  0.90   data required time
-----------------------------------------------------------------------------
                                  0.90   data required time
                                 -4.39   data arrival time
-----------------------------------------------------------------------------
                                  3.49   slack (MET)


Startpoint: reset (input port clocked by clk)
Endpoint: _236_ (removal check against rising-edge clock clk)
Path Group: asynchronous
Path Type: min

Fanout     Cap    Slew   Delay    Time   Description
-----------------------------------------------------------------------------
                          0.00    0.00   clock clk (rise edge)
                          0.00    0.00   clock network delay (propagated)
                          4.00    4.00 v input external delay
                  0.02    0.01    4.01 v reset (in)
     1    0.01                           reset (net)
                  0.02    0.00    4.01 v input1/A (sky130_fd_sc_hd__clkbuf_4)
                  0.07    0.15    4.16 v input1/X (sky130_fd_sc_hd__clkbuf_4)
     7    0.03                           net1 (net)
                  0.07    0.00    4.16 v _186_/A (sky130_fd_sc_hd__buf_4)
                  0.07    0.18    4.34 v _186_/X (sky130_fd_sc_hd__buf_4)
    10    0.04                           _102_ (net)
                  0.07    0.00    4.34 v _192_/A (sky130_fd_sc_hd__inv_2)
                  0.03    0.05    4.39 ^ _192_/Y (sky130_fd_sc_hd__inv_2)
     1    0.00                           _014_ (net)
                  0.03    0.00    4.39 ^ _236_/RESET_B (sky130_fd_sc_hd__dfrtp_1)
                                  4.39   data arrival time

                          0.00    0.00   clock clk (rise edge)
                          0.00    0.00   clock source latency
                  0.07    0.05    0.05 ^ clk (in)
     1    0.01                           clk (net)
                  0.07    0.00    0.05 ^ clkbuf_0_clk/A (sky130_fd_sc_hd__clkbuf_16)
                  0.05    0.15    0.20 ^ clkbuf_0_clk/X (sky130_fd_sc_hd__clkbuf_16)
     4    0.03                           clknet_0_clk (net)
                  0.05    0.00    0.20 ^ clkbuf_2_3__f_clk/A (sky130_fd_sc_hd__clkbuf_16)
                  0.04    0.13    0.33 ^ clkbuf_2_3__f_clk/X (sky130_fd_sc_hd__clkbuf_16)
     9    0.02                           clknet_2_3__leaf_clk (net)
                  0.04    0.00    0.33 ^ _236_/CLK (sky130_fd_sc_hd__dfrtp_1)
                          0.25    0.58   clock uncertainty
                          0.00    0.58   clock reconvergence pessimism
                          0.32    0.90   library removal time
                                  0.90   data required time
-----------------------------------------------------------------------------
                                  0.90   data required time
                                 -4.39   data arrival time
-----------------------------------------------------------------------------
                                  3.49   slack (MET)


Startpoint: reset (input port clocked by clk)
Endpoint: _233_ (removal check against rising-edge clock clk)
Path Group: asynchronous
Path Type: min

Fanout     Cap    Slew   Delay    Time   Description
-----------------------------------------------------------------------------
                          0.00    0.00   clock clk (rise edge)
                          0.00    0.00   clock network delay (propagated)
                          4.00    4.00 v input external delay
                  0.02    0.01    4.01 v reset (in)
     1    0.01                           reset (net)
                  0.02    0.00    4.01 v input1/A (sky130_fd_sc_hd__clkbuf_4)
                  0.07    0.15    4.16 v input1/X (sky130_fd_sc_hd__clkbuf_4)
     7    0.03                           net1 (net)
                  0.07    0.00    4.16 v _186_/A (sky130_fd_sc_hd__buf_4)
                  0.07    0.18    4.34 v _186_/X (sky130_fd_sc_hd__buf_4)
    10    0.04                           _102_ (net)
                  0.07    0.00    4.34 v _189_/A (sky130_fd_sc_hd__inv_2)
                  0.04    0.06    4.39 ^ _189_/Y (sky130_fd_sc_hd__inv_2)
     1    0.01                           _011_ (net)
                  0.04    0.00    4.39 ^ _233_/RESET_B (sky130_fd_sc_hd__dfrtp_1)
                                  4.39   data arrival time

                          0.00    0.00   clock clk (rise edge)
                          0.00    0.00   clock source latency
                  0.07    0.05    0.05 ^ clk (in)
     1    0.01                           clk (net)
                  0.07    0.00    0.05 ^ clkbuf_0_clk/A (sky130_fd_sc_hd__clkbuf_16)
                  0.05    0.15    0.20 ^ clkbuf_0_clk/X (sky130_fd_sc_hd__clkbuf_16)
     4    0.03                           clknet_0_clk (net)
                  0.05    0.00    0.20 ^ clkbuf_2_2__f_clk/A (sky130_fd_sc_hd__clkbuf_16)
                  0.04    0.13    0.34 ^ clkbuf_2_2__f_clk/X (sky130_fd_sc_hd__clkbuf_16)
     6    0.02                           clknet_2_2__leaf_clk (net)
                  0.04    0.00    0.34 ^ _233_/CLK (sky130_fd_sc_hd__dfrtp_1)
                          0.25    0.59   clock uncertainty
                          0.00    0.59   clock reconvergence pessimism
                          0.32    0.90   library removal time
                                  0.90   data required time
-----------------------------------------------------------------------------
                                  0.90   data required time
                                 -4.39   data arrival time
-----------------------------------------------------------------------------
                                  3.49   slack (MET)


Startpoint: reset (input port clocked by clk)
Endpoint: _235_ (removal check against rising-edge clock clk)
Path Group: asynchronous
Path Type: min

Fanout     Cap    Slew   Delay    Time   Description
-----------------------------------------------------------------------------
                          0.00    0.00   clock clk (rise edge)
                          0.00    0.00   clock network delay (propagated)
                          4.00    4.00 v input external delay
                  0.02    0.01    4.01 v reset (in)
     1    0.01                           reset (net)
                  0.02    0.00    4.01 v input1/A (sky130_fd_sc_hd__clkbuf_4)
                  0.07    0.15    4.16 v input1/X (sky130_fd_sc_hd__clkbuf_4)
     7    0.03                           net1 (net)
                  0.07    0.00    4.16 v _186_/A (sky130_fd_sc_hd__buf_4)
                  0.07    0.18    4.34 v _186_/X (sky130_fd_sc_hd__buf_4)
    10    0.04                           _102_ (net)
                  0.07    0.00    4.34 v _191_/A (sky130_fd_sc_hd__inv_2)
                  0.04    0.06    4.39 ^ _191_/Y (sky130_fd_sc_hd__inv_2)
     1    0.01                           _013_ (net)
                  0.04    0.00    4.39 ^ _235_/RESET_B (sky130_fd_sc_hd__dfrtp_4)
                                  4.39   data arrival time

                          0.00    0.00   clock clk (rise edge)
                          0.00    0.00   clock source latency
                  0.07    0.05    0.05 ^ clk (in)
     1    0.01                           clk (net)
                  0.07    0.00    0.05 ^ clkbuf_0_clk/A (sky130_fd_sc_hd__clkbuf_16)
                  0.05    0.15    0.20 ^ clkbuf_0_clk/X (sky130_fd_sc_hd__clkbuf_16)
     4    0.03                           clknet_0_clk (net)
                  0.05    0.00    0.20 ^ clkbuf_2_3__f_clk/A (sky130_fd_sc_hd__clkbuf_16)
                  0.04    0.13    0.33 ^ clkbuf_2_3__f_clk/X (sky130_fd_sc_hd__clkbuf_16)
     9    0.02                           clknet_2_3__leaf_clk (net)
                  0.04    0.00    0.33 ^ _235_/CLK (sky130_fd_sc_hd__dfrtp_4)
                          0.25    0.58   clock uncertainty
                          0.00    0.58   clock reconvergence pessimism
                          0.32    0.90   library removal time
                                  0.90   data required time
-----------------------------------------------------------------------------
                                  0.90   data required time
                                 -4.39   data arrival time
-----------------------------------------------------------------------------
                                  3.49   slack (MET)


Startpoint: reset (input port clocked by clk)
Endpoint: _250_ (removal check against rising-edge clock clk)
Path Group: asynchronous
Path Type: min

Fanout     Cap    Slew   Delay    Time   Description
-----------------------------------------------------------------------------
                          0.00    0.00   clock clk (rise edge)
                          0.00    0.00   clock network delay (propagated)
                          4.00    4.00 v input external delay
                  0.02    0.01    4.01 v reset (in)
     1    0.01                           reset (net)
                  0.02    0.00    4.01 v input1/A (sky130_fd_sc_hd__clkbuf_4)
                  0.07    0.15    4.16 v input1/X (sky130_fd_sc_hd__clkbuf_4)
     7    0.03                           net1 (net)
                  0.07    0.00    4.16 v _197_/A (sky130_fd_sc_hd__buf_4)
                  0.08    0.19    4.35 v _197_/X (sky130_fd_sc_hd__buf_4)
    10    0.05                           _103_ (net)
                  0.08    0.00    4.35 v _207_/A (sky130_fd_sc_hd__inv_2)
                  0.03    0.06    4.41 ^ _207_/Y (sky130_fd_sc_hd__inv_2)
     1    0.00                           _028_ (net)
                  0.03    0.00    4.41 ^ _250_/RESET_B (sky130_fd_sc_hd__dfrtp_1)
                                  4.41   data arrival time

                          0.00    0.00   clock clk (rise edge)
                          0.00    0.00   clock source latency
                  0.07    0.05    0.05 ^ clk (in)
     1    0.01                           clk (net)
                  0.07    0.00    0.05 ^ clkbuf_0_clk/A (sky130_fd_sc_hd__clkbuf_16)
                  0.05    0.15    0.20 ^ clkbuf_0_clk/X (sky130_fd_sc_hd__clkbuf_16)
     4    0.03                           clknet_0_clk (net)
                  0.05    0.00    0.20 ^ clkbuf_2_0__f_clk/A (sky130_fd_sc_hd__clkbuf_16)
                  0.05    0.14    0.34 ^ clkbuf_2_0__f_clk/X (sky130_fd_sc_hd__clkbuf_16)
     9    0.03                           clknet_2_0__leaf_clk (net)
                  0.05    0.00    0.34 ^ _250_/CLK (sky130_fd_sc_hd__dfrtp_1)
                          0.25    0.59   clock uncertainty
                          0.00    0.59   clock reconvergence pessimism
                          0.32    0.91   library removal time
                                  0.91   data required time
-----------------------------------------------------------------------------
                                  0.91   data required time
                                 -4.41   data arrival time
-----------------------------------------------------------------------------
                                  3.49   slack (MET)


Startpoint: reset (input port clocked by clk)
Endpoint: _249_ (removal check against rising-edge clock clk)
Path Group: asynchronous
Path Type: min

Fanout     Cap    Slew   Delay    Time   Description
-----------------------------------------------------------------------------
                          0.00    0.00   clock clk (rise edge)
                          0.00    0.00   clock network delay (propagated)
                          4.00    4.00 v input external delay
                  0.02    0.01    4.01 v reset (in)
     1    0.01                           reset (net)
                  0.02    0.00    4.01 v input1/A (sky130_fd_sc_hd__clkbuf_4)
                  0.07    0.15    4.16 v input1/X (sky130_fd_sc_hd__clkbuf_4)
     7    0.03                           net1 (net)
                  0.07    0.00    4.16 v _197_/A (sky130_fd_sc_hd__buf_4)
                  0.08    0.19    4.35 v _197_/X (sky130_fd_sc_hd__buf_4)
    10    0.05                           _103_ (net)
                  0.08    0.00    4.35 v _206_/A (sky130_fd_sc_hd__inv_2)
                  0.03    0.06    4.41 ^ _206_/Y (sky130_fd_sc_hd__inv_2)
     1    0.00                           _027_ (net)
                  0.03    0.00    4.41 ^ _249_/RESET_B (sky130_fd_sc_hd__dfrtp_1)
                                  4.41   data arrival time

                          0.00    0.00   clock clk (rise edge)
                          0.00    0.00   clock source latency
                  0.07    0.05    0.05 ^ clk (in)
     1    0.01                           clk (net)
                  0.07    0.00    0.05 ^ clkbuf_0_clk/A (sky130_fd_sc_hd__clkbuf_16)
                  0.05    0.15    0.20 ^ clkbuf_0_clk/X (sky130_fd_sc_hd__clkbuf_16)
     4    0.03                           clknet_0_clk (net)
                  0.05    0.00    0.20 ^ clkbuf_2_0__f_clk/A (sky130_fd_sc_hd__clkbuf_16)
                  0.05    0.14    0.34 ^ clkbuf_2_0__f_clk/X (sky130_fd_sc_hd__clkbuf_16)
     9    0.03                           clknet_2_0__leaf_clk (net)
                  0.05    0.00    0.34 ^ _249_/CLK (sky130_fd_sc_hd__dfrtp_1)
                          0.25    0.59   clock uncertainty
                          0.00    0.59   clock reconvergence pessimism
                          0.32    0.91   library removal time
                                  0.91   data required time
-----------------------------------------------------------------------------
                                  0.91   data required time
                                 -4.41   data arrival time
-----------------------------------------------------------------------------
                                  3.49   slack (MET)


Startpoint: reset (input port clocked by clk)
Endpoint: _241_ (removal check against rising-edge clock clk)
Path Group: asynchronous
Path Type: min

Fanout     Cap    Slew   Delay    Time   Description
-----------------------------------------------------------------------------
                          0.00    0.00   clock clk (rise edge)
                          0.00    0.00   clock network delay (propagated)
                          4.00    4.00 v input external delay
                  0.02    0.01    4.01 v reset (in)
     1    0.01                           reset (net)
                  0.02    0.00    4.01 v input1/A (sky130_fd_sc_hd__clkbuf_4)
                  0.07    0.15    4.16 v input1/X (sky130_fd_sc_hd__clkbuf_4)
     7    0.03                           net1 (net)
                  0.07    0.00    4.16 v _197_/A (sky130_fd_sc_hd__buf_4)
                  0.08    0.19    4.35 v _197_/X (sky130_fd_sc_hd__buf_4)
    10    0.05                           _103_ (net)
                  0.08    0.00    4.35 v _198_/A (sky130_fd_sc_hd__inv_2)
                  0.03    0.06    4.41 ^ _198_/Y (sky130_fd_sc_hd__inv_2)
     1    0.00                           _019_ (net)
                  0.03    0.00    4.41 ^ _241_/RESET_B (sky130_fd_sc_hd__dfrtp_4)
                                  4.41   data arrival time

                          0.00    0.00   clock clk (rise edge)
                          0.00    0.00   clock source latency
                  0.07    0.05    0.05 ^ clk (in)
     1    0.01                           clk (net)
                  0.07    0.00    0.05 ^ clkbuf_0_clk/A (sky130_fd_sc_hd__clkbuf_16)
                  0.05    0.15    0.20 ^ clkbuf_0_clk/X (sky130_fd_sc_hd__clkbuf_16)
     4    0.03                           clknet_0_clk (net)
                  0.05    0.00    0.20 ^ clkbuf_2_0__f_clk/A (sky130_fd_sc_hd__clkbuf_16)
                  0.05    0.14    0.34 ^ clkbuf_2_0__f_clk/X (sky130_fd_sc_hd__clkbuf_16)
     9    0.03                           clknet_2_0__leaf_clk (net)
                  0.05    0.00    0.34 ^ _241_/CLK (sky130_fd_sc_hd__dfrtp_4)
                          0.25    0.59   clock uncertainty
                          0.00    0.59   clock reconvergence pessimism
                          0.32    0.91   library removal time
                                  0.91   data required time
-----------------------------------------------------------------------------
                                  0.91   data required time
                                 -4.41   data arrival time
-----------------------------------------------------------------------------
                                  3.49   slack (MET)


Startpoint: reset (input port clocked by clk)
Endpoint: _246_ (removal check against rising-edge clock clk)
Path Group: asynchronous
Path Type: min

Fanout     Cap    Slew   Delay    Time   Description
-----------------------------------------------------------------------------
                          0.00    0.00   clock clk (rise edge)
                          0.00    0.00   clock network delay (propagated)
                          4.00    4.00 v input external delay
                  0.02    0.01    4.01 v reset (in)
     1    0.01                           reset (net)
                  0.02    0.00    4.01 v input1/A (sky130_fd_sc_hd__clkbuf_4)
                  0.07    0.15    4.16 v input1/X (sky130_fd_sc_hd__clkbuf_4)
     7    0.03                           net1 (net)
                  0.07    0.00    4.16 v _197_/A (sky130_fd_sc_hd__buf_4)
                  0.08    0.19    4.35 v _197_/X (sky130_fd_sc_hd__buf_4)
    10    0.05                           _103_ (net)
                  0.08    0.00    4.35 v _203_/A (sky130_fd_sc_hd__inv_2)
                  0.04    0.06    4.41 ^ _203_/Y (sky130_fd_sc_hd__inv_2)
     1    0.00                           _024_ (net)
                  0.04    0.00    4.41 ^ _246_/RESET_B (sky130_fd_sc_hd__dfrtp_1)
                                  4.41   data arrival time

                          0.00    0.00   clock clk (rise edge)
                          0.00    0.00   clock source latency
                  0.07    0.05    0.05 ^ clk (in)
     1    0.01                           clk (net)
                  0.07    0.00    0.05 ^ clkbuf_0_clk/A (sky130_fd_sc_hd__clkbuf_16)
                  0.05    0.15    0.20 ^ clkbuf_0_clk/X (sky130_fd_sc_hd__clkbuf_16)
     4    0.03                           clknet_0_clk (net)
                  0.05    0.00    0.20 ^ clkbuf_2_0__f_clk/A (sky130_fd_sc_hd__clkbuf_16)
                  0.05    0.14    0.34 ^ clkbuf_2_0__f_clk/X (sky130_fd_sc_hd__clkbuf_16)
     9    0.03                           clknet_2_0__leaf_clk (net)
                  0.05    0.00    0.34 ^ _246_/CLK (sky130_fd_sc_hd__dfrtp_1)
                          0.25    0.59   clock uncertainty
                          0.00    0.59   clock reconvergence pessimism
                          0.32    0.91   library removal time
                                  0.91   data required time
-----------------------------------------------------------------------------
                                  0.91   data required time
                                 -4.41   data arrival time
-----------------------------------------------------------------------------
                                  3.50   slack (MET)


Startpoint: reset (input port clocked by clk)
Endpoint: _248_ (removal check against rising-edge clock clk)
Path Group: asynchronous
Path Type: min

Fanout     Cap    Slew   Delay    Time   Description
-----------------------------------------------------------------------------
                          0.00    0.00   clock clk (rise edge)
                          0.00    0.00   clock network delay (propagated)
                          4.00    4.00 v input external delay
                  0.02    0.01    4.01 v reset (in)
     1    0.01                           reset (net)
                  0.02    0.00    4.01 v input1/A (sky130_fd_sc_hd__clkbuf_4)
                  0.07    0.15    4.16 v input1/X (sky130_fd_sc_hd__clkbuf_4)
     7    0.03                           net1 (net)
                  0.07    0.00    4.16 v _197_/A (sky130_fd_sc_hd__buf_4)
                  0.08    0.19    4.35 v _197_/X (sky130_fd_sc_hd__buf_4)
    10    0.05                           _103_ (net)
                  0.08    0.00    4.35 v _205_/A (sky130_fd_sc_hd__inv_2)
                  0.04    0.06    4.41 ^ _205_/Y (sky130_fd_sc_hd__inv_2)
     1    0.00                           _026_ (net)
                  0.04    0.00    4.41 ^ _248_/RESET_B (sky130_fd_sc_hd__dfrtp_1)
                                  4.41   data arrival time

                          0.00    0.00   clock clk (rise edge)
                          0.00    0.00   clock source latency
                  0.07    0.05    0.05 ^ clk (in)
     1    0.01                           clk (net)
                  0.07    0.00    0.05 ^ clkbuf_0_clk/A (sky130_fd_sc_hd__clkbuf_16)
                  0.05    0.15    0.20 ^ clkbuf_0_clk/X (sky130_fd_sc_hd__clkbuf_16)
     4    0.03                           clknet_0_clk (net)
                  0.05    0.00    0.20 ^ clkbuf_2_1__f_clk/A (sky130_fd_sc_hd__clkbuf_16)
                  0.05    0.14    0.34 ^ clkbuf_2_1__f_clk/X (sky130_fd_sc_hd__clkbuf_16)
     9    0.02                           clknet_2_1__leaf_clk (net)
                  0.05    0.00    0.34 ^ _248_/CLK (sky130_fd_sc_hd__dfrtp_1)
                          0.25    0.59   clock uncertainty
                          0.00    0.59   clock reconvergence pessimism
                          0.32    0.91   library removal time
                                  0.91   data required time
-----------------------------------------------------------------------------
                                  0.91   data required time
                                 -4.41   data arrival time
-----------------------------------------------------------------------------
                                  3.50   slack (MET)


Startpoint: reset (input port clocked by clk)
Endpoint: _245_ (removal check against rising-edge clock clk)
Path Group: asynchronous
Path Type: min

Fanout     Cap    Slew   Delay    Time   Description
-----------------------------------------------------------------------------
                          0.00    0.00   clock clk (rise edge)
                          0.00    0.00   clock network delay (propagated)
                          4.00    4.00 v input external delay
                  0.02    0.01    4.01 v reset (in)
     1    0.01                           reset (net)
                  0.02    0.00    4.01 v input1/A (sky130_fd_sc_hd__clkbuf_4)
                  0.07    0.15    4.16 v input1/X (sky130_fd_sc_hd__clkbuf_4)
     7    0.03                           net1 (net)
                  0.07    0.00    4.16 v _197_/A (sky130_fd_sc_hd__buf_4)
                  0.08    0.19    4.35 v _197_/X (sky130_fd_sc_hd__buf_4)
    10    0.05                           _103_ (net)
                  0.08    0.00    4.35 v _202_/A (sky130_fd_sc_hd__inv_2)
                  0.03    0.06    4.41 ^ _202_/Y (sky130_fd_sc_hd__inv_2)
     1    0.00                           _023_ (net)
                  0.03    0.00    4.41 ^ _245_/RESET_B (sky130_fd_sc_hd__dfrtp_1)
                                  4.41   data arrival time

                          0.00    0.00   clock clk (rise edge)
                          0.00    0.00   clock source latency
                  0.07    0.05    0.05 ^ clk (in)
     1    0.01                           clk (net)
                  0.07    0.00    0.05 ^ clkbuf_0_clk/A (sky130_fd_sc_hd__clkbuf_16)
                  0.05    0.15    0.20 ^ clkbuf_0_clk/X (sky130_fd_sc_hd__clkbuf_16)
     4    0.03                           clknet_0_clk (net)
                  0.05    0.00    0.20 ^ clkbuf_2_3__f_clk/A (sky130_fd_sc_hd__clkbuf_16)
                  0.04    0.13    0.33 ^ clkbuf_2_3__f_clk/X (sky130_fd_sc_hd__clkbuf_16)
     9    0.02                           clknet_2_3__leaf_clk (net)
                  0.04    0.00    0.33 ^ _245_/CLK (sky130_fd_sc_hd__dfrtp_1)
                          0.25    0.58   clock uncertainty
                          0.00    0.58   clock reconvergence pessimism
                          0.32    0.90   library removal time
                                  0.90   data required time
-----------------------------------------------------------------------------
                                  0.90   data required time
                                 -4.41   data arrival time
-----------------------------------------------------------------------------
                                  3.50   slack (MET)


Startpoint: reset (input port clocked by clk)
Endpoint: _247_ (removal check against rising-edge clock clk)
Path Group: asynchronous
Path Type: min

Fanout     Cap    Slew   Delay    Time   Description
-----------------------------------------------------------------------------
                          0.00    0.00   clock clk (rise edge)
                          0.00    0.00   clock network delay (propagated)
                          4.00    4.00 v input external delay
                  0.02    0.01    4.01 v reset (in)
     1    0.01                           reset (net)
                  0.02    0.00    4.01 v input1/A (sky130_fd_sc_hd__clkbuf_4)
                  0.07    0.15    4.16 v input1/X (sky130_fd_sc_hd__clkbuf_4)
     7    0.03                           net1 (net)
                  0.07    0.00    4.16 v _197_/A (sky130_fd_sc_hd__buf_4)
                  0.08    0.19    4.35 v _197_/X (sky130_fd_sc_hd__buf_4)
    10    0.05                           _103_ (net)
                  0.08    0.00    4.35 v _204_/A (sky130_fd_sc_hd__inv_2)
                  0.04    0.06    4.41 ^ _204_/Y (sky130_fd_sc_hd__inv_2)
     1    0.01                           _025_ (net)
                  0.04    0.00    4.41 ^ _247_/RESET_B (sky130_fd_sc_hd__dfrtp_1)
                                  4.41   data arrival time

                          0.00    0.00   clock clk (rise edge)
                          0.00    0.00   clock source latency
                  0.07    0.05    0.05 ^ clk (in)
     1    0.01                           clk (net)
                  0.07    0.00    0.05 ^ clkbuf_0_clk/A (sky130_fd_sc_hd__clkbuf_16)
                  0.05    0.15    0.20 ^ clkbuf_0_clk/X (sky130_fd_sc_hd__clkbuf_16)
     4    0.03                           clknet_0_clk (net)
                  0.05    0.00    0.20 ^ clkbuf_2_2__f_clk/A (sky130_fd_sc_hd__clkbuf_16)
                  0.04    0.13    0.34 ^ clkbuf_2_2__f_clk/X (sky130_fd_sc_hd__clkbuf_16)
     6    0.02                           clknet_2_2__leaf_clk (net)
                  0.04    0.00    0.34 ^ _247_/CLK (sky130_fd_sc_hd__dfrtp_1)
                          0.25    0.59   clock uncertainty
                          0.00    0.59   clock reconvergence pessimism
                          0.32    0.90   library removal time
                                  0.90   data required time
-----------------------------------------------------------------------------
                                  0.90   data required time
                                 -4.41   data arrival time
-----------------------------------------------------------------------------
                                  3.51   slack (MET)


Startpoint: reset (input port clocked by clk)
Endpoint: _244_ (removal check against rising-edge clock clk)
Path Group: asynchronous
Path Type: min

Fanout     Cap    Slew   Delay    Time   Description
-----------------------------------------------------------------------------
                          0.00    0.00   clock clk (rise edge)
                          0.00    0.00   clock network delay (propagated)
                          4.00    4.00 v input external delay
                  0.02    0.01    4.01 v reset (in)
     1    0.01                           reset (net)
                  0.02    0.00    4.01 v input1/A (sky130_fd_sc_hd__clkbuf_4)
                  0.07    0.15    4.16 v input1/X (sky130_fd_sc_hd__clkbuf_4)
     7    0.03                           net1 (net)
                  0.07    0.00    4.16 v _197_/A (sky130_fd_sc_hd__buf_4)
                  0.08    0.19    4.35 v _197_/X (sky130_fd_sc_hd__buf_4)
    10    0.05                           _103_ (net)
                  0.08    0.00    4.35 v _201_/A (sky130_fd_sc_hd__inv_2)
                  0.04    0.06    4.41 ^ _201_/Y (sky130_fd_sc_hd__inv_2)
     1    0.00                           _022_ (net)
                  0.04    0.00    4.41 ^ _244_/RESET_B (sky130_fd_sc_hd__dfrtp_1)
                                  4.41   data arrival time

                          0.00    0.00   clock clk (rise edge)
                          0.00    0.00   clock source latency
                  0.07    0.05    0.05 ^ clk (in)
     1    0.01                           clk (net)
                  0.07    0.00    0.05 ^ clkbuf_0_clk/A (sky130_fd_sc_hd__clkbuf_16)
                  0.05    0.15    0.20 ^ clkbuf_0_clk/X (sky130_fd_sc_hd__clkbuf_16)
     4    0.03                           clknet_0_clk (net)
                  0.05    0.00    0.20 ^ clkbuf_2_3__f_clk/A (sky130_fd_sc_hd__clkbuf_16)
                  0.04    0.13    0.33 ^ clkbuf_2_3__f_clk/X (sky130_fd_sc_hd__clkbuf_16)
     9    0.02                           clknet_2_3__leaf_clk (net)
                  0.04    0.00    0.33 ^ _244_/CLK (sky130_fd_sc_hd__dfrtp_1)
                          0.25    0.58   clock uncertainty
                          0.00    0.58   clock reconvergence pessimism
                          0.32    0.90   library removal time
                                  0.90   data required time
-----------------------------------------------------------------------------
                                  0.90   data required time
                                 -4.41   data arrival time
-----------------------------------------------------------------------------
                                  3.51   slack (MET)


Startpoint: reset (input port clocked by clk)
Endpoint: _243_ (removal check against rising-edge clock clk)
Path Group: asynchronous
Path Type: min

Fanout     Cap    Slew   Delay    Time   Description
-----------------------------------------------------------------------------
                          0.00    0.00   clock clk (rise edge)
                          0.00    0.00   clock network delay (propagated)
                          4.00    4.00 v input external delay
                  0.02    0.01    4.01 v reset (in)
     1    0.01                           reset (net)
                  0.02    0.00    4.01 v input1/A (sky130_fd_sc_hd__clkbuf_4)
                  0.07    0.15    4.16 v input1/X (sky130_fd_sc_hd__clkbuf_4)
     7    0.03                           net1 (net)
                  0.07    0.00    4.16 v _197_/A (sky130_fd_sc_hd__buf_4)
                  0.08    0.19    4.35 v _197_/X (sky130_fd_sc_hd__buf_4)
    10    0.05                           _103_ (net)
                  0.08    0.00    4.35 v _200_/A (sky130_fd_sc_hd__inv_2)
                  0.04    0.06    4.41 ^ _200_/Y (sky130_fd_sc_hd__inv_2)
     1    0.00                           _021_ (net)
                  0.04    0.00    4.41 ^ _243_/RESET_B (sky130_fd_sc_hd__dfrtp_4)
                                  4.41   data arrival time

                          0.00    0.00   clock clk (rise edge)
                          0.00    0.00   clock source latency
                  0.07    0.05    0.05 ^ clk (in)
     1    0.01                           clk (net)
                  0.07    0.00    0.05 ^ clkbuf_0_clk/A (sky130_fd_sc_hd__clkbuf_16)
                  0.05    0.15    0.20 ^ clkbuf_0_clk/X (sky130_fd_sc_hd__clkbuf_16)
     4    0.03                           clknet_0_clk (net)
                  0.05    0.00    0.20 ^ clkbuf_2_3__f_clk/A (sky130_fd_sc_hd__clkbuf_16)
                  0.04    0.13    0.33 ^ clkbuf_2_3__f_clk/X (sky130_fd_sc_hd__clkbuf_16)
     9    0.02                           clknet_2_3__leaf_clk (net)
                  0.04    0.00    0.33 ^ _243_/CLK (sky130_fd_sc_hd__dfrtp_4)
                          0.25    0.58   clock uncertainty
                          0.00    0.58   clock reconvergence pessimism
                          0.32    0.90   library removal time
                                  0.90   data required time
-----------------------------------------------------------------------------
                                  0.90   data required time
                                 -4.41   data arrival time
-----------------------------------------------------------------------------
                                  3.51   slack (MET)


Startpoint: reset (input port clocked by clk)
Endpoint: _237_ (removal check against rising-edge clock clk)
Path Group: asynchronous
Path Type: min

Fanout     Cap    Slew   Delay    Time   Description
-----------------------------------------------------------------------------
                          0.00    0.00   clock clk (rise edge)
                          0.00    0.00   clock network delay (propagated)
                          4.00    4.00 v input external delay
                  0.02    0.01    4.01 v reset (in)
     1    0.01                           reset (net)
                  0.02    0.00    4.01 v input1/A (sky130_fd_sc_hd__clkbuf_4)
                  0.07    0.15    4.16 v input1/X (sky130_fd_sc_hd__clkbuf_4)
     7    0.03                           net1 (net)
                  0.07    0.00    4.16 v _186_/A (sky130_fd_sc_hd__buf_4)
                  0.07    0.18    4.34 v _186_/X (sky130_fd_sc_hd__buf_4)
    10    0.04                           _102_ (net)
                  0.07    0.00    4.34 v _193_/A (sky130_fd_sc_hd__inv_2)
                  0.03    0.05    4.39 ^ _193_/Y (sky130_fd_sc_hd__inv_2)
     1    0.00                           _015_ (net)
                  0.03    0.00    4.39 ^ _237_/SET_B (sky130_fd_sc_hd__dfstp_1)
                                  4.39   data arrival time

                          0.00    0.00   clock clk (rise edge)
                          0.00    0.00   clock source latency
                  0.07    0.05    0.05 ^ clk (in)
     1    0.01                           clk (net)
                  0.07    0.00    0.05 ^ clkbuf_0_clk/A (sky130_fd_sc_hd__clkbuf_16)
                  0.05    0.15    0.20 ^ clkbuf_0_clk/X (sky130_fd_sc_hd__clkbuf_16)
     4    0.03                           clknet_0_clk (net)
                  0.05    0.00    0.20 ^ clkbuf_2_3__f_clk/A (sky130_fd_sc_hd__clkbuf_16)
                  0.04    0.13    0.33 ^ clkbuf_2_3__f_clk/X (sky130_fd_sc_hd__clkbuf_16)
     9    0.02                           clknet_2_3__leaf_clk (net)
                  0.04    0.00    0.33 ^ _237_/CLK (sky130_fd_sc_hd__dfstp_1)
                          0.25    0.58   clock uncertainty
                          0.00    0.58   clock reconvergence pessimism
                          0.15    0.74   library removal time
                                  0.74   data required time
-----------------------------------------------------------------------------
                                  0.74   data required time
                                 -4.39   data arrival time
-----------------------------------------------------------------------------
                                  3.65   slack (MET)


Startpoint: reset (input port clocked by clk)
Endpoint: _242_ (removal check against rising-edge clock clk)
Path Group: asynchronous
Path Type: min

Fanout     Cap    Slew   Delay    Time   Description
-----------------------------------------------------------------------------
                          0.00    0.00   clock clk (rise edge)
                          0.00    0.00   clock network delay (propagated)
                          4.00    4.00 v input external delay
                  0.02    0.01    4.01 v reset (in)
     1    0.01                           reset (net)
                  0.02    0.00    4.01 v input1/A (sky130_fd_sc_hd__clkbuf_4)
                  0.07    0.15    4.16 v input1/X (sky130_fd_sc_hd__clkbuf_4)
     7    0.03                           net1 (net)
                  0.07    0.00    4.16 v _197_/A (sky130_fd_sc_hd__buf_4)
                  0.08    0.19    4.35 v _197_/X (sky130_fd_sc_hd__buf_4)
    10    0.05                           _103_ (net)
                  0.08    0.00    4.35 v _199_/A (sky130_fd_sc_hd__inv_2)
                  0.03    0.06    4.41 ^ _199_/Y (sky130_fd_sc_hd__inv_2)
     1    0.00                           _020_ (net)
                  0.03    0.00    4.41 ^ _242_/SET_B (sky130_fd_sc_hd__dfstp_1)
                                  4.41   data arrival time

                          0.00    0.00   clock clk (rise edge)
                          0.00    0.00   clock source latency
                  0.07    0.05    0.05 ^ clk (in)
     1    0.01                           clk (net)
                  0.07    0.00    0.05 ^ clkbuf_0_clk/A (sky130_fd_sc_hd__clkbuf_16)
                  0.05    0.15    0.20 ^ clkbuf_0_clk/X (sky130_fd_sc_hd__clkbuf_16)
     4    0.03                           clknet_0_clk (net)
                  0.05    0.00    0.20 ^ clkbuf_2_3__f_clk/A (sky130_fd_sc_hd__clkbuf_16)
                  0.04    0.13    0.33 ^ clkbuf_2_3__f_clk/X (sky130_fd_sc_hd__clkbuf_16)
     9    0.02                           clknet_2_3__leaf_clk (net)
                  0.04    0.00    0.33 ^ _242_/CLK (sky130_fd_sc_hd__dfstp_1)
                          0.25    0.58   clock uncertainty
                          0.00    0.58   clock reconvergence pessimism
                          0.15    0.74   library removal time
                                  0.74   data required time
-----------------------------------------------------------------------------
                                  0.74   data required time
                                 -4.41   data arrival time
-----------------------------------------------------------------------------
                                  3.67   slack (MET)


Startpoint: _252_ (rising edge-triggered flip-flop clocked by clk)
Endpoint: rx_data[5] (output port clocked by clk)
Path Group: clk
Path Type: min

Fanout     Cap    Slew   Delay    Time   Description
-----------------------------------------------------------------------------
                          0.00    0.00   clock clk (rise edge)
                          0.00    0.00   clock source latency
                  0.07    0.05    0.05 ^ clk (in)
     1    0.01                           clk (net)
                  0.07    0.00    0.05 ^ clkbuf_0_clk/A (sky130_fd_sc_hd__clkbuf_16)
                  0.05    0.14    0.18 ^ clkbuf_0_clk/X (sky130_fd_sc_hd__clkbuf_16)
     4    0.03                           clknet_0_clk (net)
                  0.05    0.00    0.18 ^ clkbuf_2_0__f_clk/A (sky130_fd_sc_hd__clkbuf_16)
                  0.05    0.13    0.31 ^ clkbuf_2_0__f_clk/X (sky130_fd_sc_hd__clkbuf_16)
     9    0.03                           clknet_2_0__leaf_clk (net)
                  0.05    0.00    0.31 ^ _252_/CLK (sky130_fd_sc_hd__dfrtp_1)
                  0.06    0.31    0.62 ^ _252_/Q (sky130_fd_sc_hd__dfrtp_1)
     2    0.00                           net16 (net)
                  0.06    0.00    0.62 ^ output16/A (sky130_fd_sc_hd__clkbuf_4)
                  0.11    0.18    0.80 ^ output16/X (sky130_fd_sc_hd__clkbuf_4)
     1    0.03                           rx_data[5] (net)
                  0.11    0.00    0.80 ^ rx_data[5] (out)
                                  0.80   data arrival time

                          0.00    0.00   clock clk (rise edge)
                          0.00    0.00   clock network delay (propagated)
                          0.25    0.25   clock uncertainty
                          0.00    0.25   clock reconvergence pessimism
                         -4.00   -3.75   output external delay
                                 -3.75   data required time
-----------------------------------------------------------------------------
                                 -3.75   data required time
                                 -0.80   data arrival time
-----------------------------------------------------------------------------
                                  4.55   slack (MET)


Startpoint: _251_ (rising edge-triggered flip-flop clocked by clk)
Endpoint: rx_data[4] (output port clocked by clk)
Path Group: clk
Path Type: min

Fanout     Cap    Slew   Delay    Time   Description
-----------------------------------------------------------------------------
                          0.00    0.00   clock clk (rise edge)
                          0.00    0.00   clock source latency
                  0.07    0.05    0.05 ^ clk (in)
     1    0.01                           clk (net)
                  0.07    0.00    0.05 ^ clkbuf_0_clk/A (sky130_fd_sc_hd__clkbuf_16)
                  0.05    0.14    0.18 ^ clkbuf_0_clk/X (sky130_fd_sc_hd__clkbuf_16)
     4    0.03                           clknet_0_clk (net)
                  0.05    0.00    0.18 ^ clkbuf_2_2__f_clk/A (sky130_fd_sc_hd__clkbuf_16)
                  0.04    0.12    0.30 ^ clkbuf_2_2__f_clk/X (sky130_fd_sc_hd__clkbuf_16)
     6    0.02                           clknet_2_2__leaf_clk (net)
                  0.04    0.00    0.30 ^ _251_/CLK (sky130_fd_sc_hd__dfrtp_1)
                  0.07    0.32    0.62 ^ _251_/Q (sky130_fd_sc_hd__dfrtp_1)
     2    0.01                           net15 (net)
                  0.07    0.00    0.62 ^ output15/A (sky130_fd_sc_hd__clkbuf_4)
                  0.11    0.18    0.81 ^ output15/X (sky130_fd_sc_hd__clkbuf_4)
     1    0.03                           rx_data[4] (net)
                  0.11    0.00    0.81 ^ rx_data[4] (out)
                                  0.81   data arrival time

                          0.00    0.00   clock clk (rise edge)
                          0.00    0.00   clock network delay (propagated)
                          0.25    0.25   clock uncertainty
                          0.00    0.25   clock reconvergence pessimism
                         -4.00   -3.75   output external delay
                                 -3.75   data required time
-----------------------------------------------------------------------------
                                 -3.75   data required time
                                 -0.81   data arrival time
-----------------------------------------------------------------------------
                                  4.56   slack (MET)


Startpoint: _250_ (rising edge-triggered flip-flop clocked by clk)
Endpoint: rx_data[3] (output port clocked by clk)
Path Group: clk
Path Type: min

Fanout     Cap    Slew   Delay    Time   Description
-----------------------------------------------------------------------------
                          0.00    0.00   clock clk (rise edge)
                          0.00    0.00   clock source latency
                  0.07    0.05    0.05 ^ clk (in)
     1    0.01                           clk (net)
                  0.07    0.00    0.05 ^ clkbuf_0_clk/A (sky130_fd_sc_hd__clkbuf_16)
                  0.05    0.14    0.18 ^ clkbuf_0_clk/X (sky130_fd_sc_hd__clkbuf_16)
     4    0.03                           clknet_0_clk (net)
                  0.05    0.00    0.18 ^ clkbuf_2_0__f_clk/A (sky130_fd_sc_hd__clkbuf_16)
                  0.05    0.13    0.31 ^ clkbuf_2_0__f_clk/X (sky130_fd_sc_hd__clkbuf_16)
     9    0.03                           clknet_2_0__leaf_clk (net)
                  0.05    0.00    0.31 ^ _250_/CLK (sky130_fd_sc_hd__dfrtp_1)
                  0.07    0.32    0.63 ^ _250_/Q (sky130_fd_sc_hd__dfrtp_1)
     2    0.01                           net14 (net)
                  0.07    0.00    0.63 ^ output14/A (sky130_fd_sc_hd__clkbuf_4)
                  0.11    0.18    0.81 ^ output14/X (sky130_fd_sc_hd__clkbuf_4)
     1    0.03                           rx_data[3] (net)
                  0.11    0.00    0.81 ^ rx_data[3] (out)
                                  0.81   data arrival time

                          0.00    0.00   clock clk (rise edge)
                          0.00    0.00   clock network delay (propagated)
                          0.25    0.25   clock uncertainty
                          0.00    0.25   clock reconvergence pessimism
                         -4.00   -3.75   output external delay
                                 -3.75   data required time
-----------------------------------------------------------------------------
                                 -3.75   data required time
                                 -0.81   data arrival time
-----------------------------------------------------------------------------
                                  4.56   slack (MET)


Startpoint: _253_ (rising edge-triggered flip-flop clocked by clk)
Endpoint: rx_data[6] (output port clocked by clk)
Path Group: clk
Path Type: min

Fanout     Cap    Slew   Delay    Time   Description
-----------------------------------------------------------------------------
                          0.00    0.00   clock clk (rise edge)
                          0.00    0.00   clock source latency
                  0.07    0.05    0.05 ^ clk (in)
     1    0.01                           clk (net)
                  0.07    0.00    0.05 ^ clkbuf_0_clk/A (sky130_fd_sc_hd__clkbuf_16)
                  0.05    0.14    0.18 ^ clkbuf_0_clk/X (sky130_fd_sc_hd__clkbuf_16)
     4    0.03                           clknet_0_clk (net)
                  0.05    0.00    0.18 ^ clkbuf_2_3__f_clk/A (sky130_fd_sc_hd__clkbuf_16)
                  0.04    0.12    0.30 ^ clkbuf_2_3__f_clk/X (sky130_fd_sc_hd__clkbuf_16)
     9    0.02                           clknet_2_3__leaf_clk (net)
                  0.04    0.00    0.30 ^ _253_/CLK (sky130_fd_sc_hd__dfrtp_1)
                  0.07    0.32    0.62 ^ _253_/Q (sky130_fd_sc_hd__dfrtp_1)
     2    0.01                           net17 (net)
                  0.07    0.00    0.62 ^ output17/A (sky130_fd_sc_hd__clkbuf_4)
                  0.12    0.19    0.82 ^ output17/X (sky130_fd_sc_hd__clkbuf_4)
     1    0.04                           rx_data[6] (net)
                  0.12    0.00    0.82 ^ rx_data[6] (out)
                                  0.82   data arrival time

                          0.00    0.00   clock clk (rise edge)
                          0.00    0.00   clock network delay (propagated)
                          0.25    0.25   clock uncertainty
                          0.00    0.25   clock reconvergence pessimism
                         -4.00   -3.75   output external delay
                                 -3.75   data required time
-----------------------------------------------------------------------------
                                 -3.75   data required time
                                 -0.82   data arrival time
-----------------------------------------------------------------------------
                                  4.57   slack (MET)


Startpoint: _247_ (rising edge-triggered flip-flop clocked by clk)
Endpoint: rx_data[0] (output port clocked by clk)
Path Group: clk
Path Type: min

Fanout     Cap    Slew   Delay    Time   Description
-----------------------------------------------------------------------------
                          0.00    0.00   clock clk (rise edge)
                          0.00    0.00   clock source latency
                  0.07    0.05    0.05 ^ clk (in)
     1    0.01                           clk (net)
                  0.07    0.00    0.05 ^ clkbuf_0_clk/A (sky130_fd_sc_hd__clkbuf_16)
                  0.05    0.14    0.18 ^ clkbuf_0_clk/X (sky130_fd_sc_hd__clkbuf_16)
     4    0.03                           clknet_0_clk (net)
                  0.05    0.00    0.18 ^ clkbuf_2_2__f_clk/A (sky130_fd_sc_hd__clkbuf_16)
                  0.04    0.12    0.30 ^ clkbuf_2_2__f_clk/X (sky130_fd_sc_hd__clkbuf_16)
     6    0.02                           clknet_2_2__leaf_clk (net)
                  0.04    0.00    0.30 ^ _247_/CLK (sky130_fd_sc_hd__dfrtp_1)
                  0.08    0.33    0.63 ^ _247_/Q (sky130_fd_sc_hd__dfrtp_1)
     2    0.01                           net11 (net)
                  0.08    0.00    0.63 ^ output11/A (sky130_fd_sc_hd__clkbuf_4)
                  0.11    0.19    0.82 ^ output11/X (sky130_fd_sc_hd__clkbuf_4)
     1    0.03                           rx_data[0] (net)
                  0.11    0.00    0.82 ^ rx_data[0] (out)
                                  0.82   data arrival time

                          0.00    0.00   clock clk (rise edge)
                          0.00    0.00   clock network delay (propagated)
                          0.25    0.25   clock uncertainty
                          0.00    0.25   clock reconvergence pessimism
                         -4.00   -3.75   output external delay
                                 -3.75   data required time
-----------------------------------------------------------------------------
                                 -3.75   data required time
                                 -0.82   data arrival time
-----------------------------------------------------------------------------
                                  4.57   slack (MET)


Startpoint: _249_ (rising edge-triggered flip-flop clocked by clk)
Endpoint: rx_data[2] (output port clocked by clk)
Path Group: clk
Path Type: min

Fanout     Cap    Slew   Delay    Time   Description
-----------------------------------------------------------------------------
                          0.00    0.00   clock clk (rise edge)
                          0.00    0.00   clock source latency
                  0.07    0.05    0.05 ^ clk (in)
     1    0.01                           clk (net)
                  0.07    0.00    0.05 ^ clkbuf_0_clk/A (sky130_fd_sc_hd__clkbuf_16)
                  0.05    0.14    0.18 ^ clkbuf_0_clk/X (sky130_fd_sc_hd__clkbuf_16)
     4    0.03                           clknet_0_clk (net)
                  0.05    0.00    0.18 ^ clkbuf_2_0__f_clk/A (sky130_fd_sc_hd__clkbuf_16)
                  0.05    0.13    0.31 ^ clkbuf_2_0__f_clk/X (sky130_fd_sc_hd__clkbuf_16)
     9    0.03                           clknet_2_0__leaf_clk (net)
                  0.05    0.00    0.31 ^ _249_/CLK (sky130_fd_sc_hd__dfrtp_1)
                  0.07    0.32    0.63 ^ _249_/Q (sky130_fd_sc_hd__dfrtp_1)
     2    0.01                           net13 (net)
                  0.07    0.00    0.63 ^ output13/A (sky130_fd_sc_hd__clkbuf_4)
                  0.11    0.19    0.82 ^ output13/X (sky130_fd_sc_hd__clkbuf_4)
     1    0.03                           rx_data[2] (net)
                  0.11    0.00    0.82 ^ rx_data[2] (out)
                                  0.82   data arrival time

                          0.00    0.00   clock clk (rise edge)
                          0.00    0.00   clock network delay (propagated)
                          0.25    0.25   clock uncertainty
                          0.00    0.25   clock reconvergence pessimism
                         -4.00   -3.75   output external delay
                                 -3.75   data required time
-----------------------------------------------------------------------------
                                 -3.75   data required time
                                 -0.82   data arrival time
-----------------------------------------------------------------------------
                                  4.57   slack (MET)


Startpoint: _246_ (rising edge-triggered flip-flop clocked by clk)
Endpoint: rx_done (output port clocked by clk)
Path Group: clk
Path Type: min

Fanout     Cap    Slew   Delay    Time   Description
-----------------------------------------------------------------------------
                          0.00    0.00   clock clk (rise edge)
                          0.00    0.00   clock source latency
                  0.07    0.05    0.05 ^ clk (in)
     1    0.01                           clk (net)
                  0.07    0.00    0.05 ^ clkbuf_0_clk/A (sky130_fd_sc_hd__clkbuf_16)
                  0.05    0.14    0.18 ^ clkbuf_0_clk/X (sky130_fd_sc_hd__clkbuf_16)
     4    0.03                           clknet_0_clk (net)
                  0.05    0.00    0.18 ^ clkbuf_2_0__f_clk/A (sky130_fd_sc_hd__clkbuf_16)
                  0.05    0.13    0.31 ^ clkbuf_2_0__f_clk/X (sky130_fd_sc_hd__clkbuf_16)
     9    0.03                           clknet_2_0__leaf_clk (net)
                  0.05    0.00    0.31 ^ _246_/CLK (sky130_fd_sc_hd__dfrtp_1)
                  0.08    0.33    0.64 ^ _246_/Q (sky130_fd_sc_hd__dfrtp_1)
     2    0.01                           net19 (net)
                  0.08    0.00    0.64 ^ output19/A (sky130_fd_sc_hd__clkbuf_4)
                  0.11    0.19    0.83 ^ output19/X (sky130_fd_sc_hd__clkbuf_4)
     1    0.03                           rx_done (net)
                  0.11    0.00    0.83 ^ rx_done (out)
                                  0.83   data arrival time

                          0.00    0.00   clock clk (rise edge)
                          0.00    0.00   clock network delay (propagated)
                          0.25    0.25   clock uncertainty
                          0.00    0.25   clock reconvergence pessimism
                         -4.00   -3.75   output external delay
                                 -3.75   data required time
-----------------------------------------------------------------------------
                                 -3.75   data required time
                                 -0.83   data arrival time
-----------------------------------------------------------------------------
                                  4.58   slack (MET)


Startpoint: _238_ (rising edge-triggered flip-flop clocked by clk)
Endpoint: tx_done (output port clocked by clk)
Path Group: clk
Path Type: min

Fanout     Cap    Slew   Delay    Time   Description
-----------------------------------------------------------------------------
                          0.00    0.00   clock clk (rise edge)
                          0.00    0.00   clock source latency
                  0.07    0.05    0.05 ^ clk (in)
     1    0.01                           clk (net)
                  0.07    0.00    0.05 ^ clkbuf_0_clk/A (sky130_fd_sc_hd__clkbuf_16)
                  0.05    0.14    0.18 ^ clkbuf_0_clk/X (sky130_fd_sc_hd__clkbuf_16)
     4    0.03                           clknet_0_clk (net)
                  0.05    0.00    0.18 ^ clkbuf_2_2__f_clk/A (sky130_fd_sc_hd__clkbuf_16)
                  0.04    0.12    0.30 ^ clkbuf_2_2__f_clk/X (sky130_fd_sc_hd__clkbuf_16)
     6    0.02                           clknet_2_2__leaf_clk (net)
                  0.04    0.00    0.30 ^ _238_/CLK (sky130_fd_sc_hd__dfrtp_1)
                  0.08    0.33    0.63 ^ _238_/Q (sky130_fd_sc_hd__dfrtp_1)
     2    0.01                           net20 (net)
                  0.08    0.00    0.63 ^ output20/A (sky130_fd_sc_hd__buf_2)
                  0.17    0.20    0.83 ^ output20/X (sky130_fd_sc_hd__buf_2)
     1    0.03                           tx_done (net)
                  0.17    0.00    0.83 ^ tx_done (out)
                                  0.83   data arrival time

                          0.00    0.00   clock clk (rise edge)
                          0.00    0.00   clock network delay (propagated)
                          0.25    0.25   clock uncertainty
                          0.00    0.25   clock reconvergence pessimism
                         -4.00   -3.75   output external delay
                                 -3.75   data required time
-----------------------------------------------------------------------------
                                 -3.75   data required time
                                 -0.83   data arrival time
-----------------------------------------------------------------------------
                                  4.58   slack (MET)


Startpoint: _248_ (rising edge-triggered flip-flop clocked by clk)
Endpoint: rx_data[1] (output port clocked by clk)
Path Group: clk
Path Type: min

Fanout     Cap    Slew   Delay    Time   Description
-----------------------------------------------------------------------------
                          0.00    0.00   clock clk (rise edge)
                          0.00    0.00   clock source latency
                  0.07    0.05    0.05 ^ clk (in)
     1    0.01                           clk (net)
                  0.07    0.00    0.05 ^ clkbuf_0_clk/A (sky130_fd_sc_hd__clkbuf_16)
                  0.05    0.14    0.18 ^ clkbuf_0_clk/X (sky130_fd_sc_hd__clkbuf_16)
     4    0.03                           clknet_0_clk (net)
                  0.05    0.00    0.18 ^ clkbuf_2_1__f_clk/A (sky130_fd_sc_hd__clkbuf_16)
                  0.05    0.13    0.31 ^ clkbuf_2_1__f_clk/X (sky130_fd_sc_hd__clkbuf_16)
     9    0.02                           clknet_2_1__leaf_clk (net)
                  0.05    0.00    0.31 ^ _248_/CLK (sky130_fd_sc_hd__dfrtp_1)
                  0.09    0.33    0.64 ^ _248_/Q (sky130_fd_sc_hd__dfrtp_1)
     2    0.01                           net12 (net)
                  0.09    0.00    0.64 ^ output12/A (sky130_fd_sc_hd__clkbuf_4)
                  0.11    0.19    0.83 ^ output12/X (sky130_fd_sc_hd__clkbuf_4)
     1    0.03                           rx_data[1] (net)
                  0.11    0.00    0.84 ^ rx_data[1] (out)
                                  0.84   data arrival time

                          0.00    0.00   clock clk (rise edge)
                          0.00    0.00   clock network delay (propagated)
                          0.25    0.25   clock uncertainty
                          0.00    0.25   clock reconvergence pessimism
                         -4.00   -3.75   output external delay
                                 -3.75   data required time
-----------------------------------------------------------------------------
                                 -3.75   data required time
                                 -0.84   data arrival time
-----------------------------------------------------------------------------
                                  4.59   slack (MET)


Startpoint: _254_ (rising edge-triggered flip-flop clocked by clk)
Endpoint: rx_data[7] (output port clocked by clk)
Path Group: clk
Path Type: min

Fanout     Cap    Slew   Delay    Time   Description
-----------------------------------------------------------------------------
                          0.00    0.00   clock clk (rise edge)
                          0.00    0.00   clock source latency
                  0.07    0.05    0.05 ^ clk (in)
     1    0.01                           clk (net)
                  0.07    0.00    0.05 ^ clkbuf_0_clk/A (sky130_fd_sc_hd__clkbuf_16)
                  0.05    0.14    0.18 ^ clkbuf_0_clk/X (sky130_fd_sc_hd__clkbuf_16)
     4    0.03                           clknet_0_clk (net)
                  0.05    0.00    0.18 ^ clkbuf_2_0__f_clk/A (sky130_fd_sc_hd__clkbuf_16)
                  0.05    0.13    0.31 ^ clkbuf_2_0__f_clk/X (sky130_fd_sc_hd__clkbuf_16)
     9    0.03                           clknet_2_0__leaf_clk (net)
                  0.05    0.00    0.31 ^ _254_/CLK (sky130_fd_sc_hd__dfrtp_1)
                  0.08    0.33    0.64 ^ _254_/Q (sky130_fd_sc_hd__dfrtp_1)
     2    0.01                           net18 (net)
                  0.08    0.00    0.64 ^ output18/A (sky130_fd_sc_hd__clkbuf_4)
                  0.12    0.19    0.83 ^ output18/X (sky130_fd_sc_hd__clkbuf_4)
     1    0.04                           rx_data[7] (net)
                  0.12    0.00    0.84 ^ rx_data[7] (out)
                                  0.84   data arrival time

                          0.00    0.00   clock clk (rise edge)
                          0.00    0.00   clock network delay (propagated)
                          0.25    0.25   clock uncertainty
                          0.00    0.25   clock reconvergence pessimism
                         -4.00   -3.75   output external delay
                                 -3.75   data required time
-----------------------------------------------------------------------------
                                 -3.75   data required time
                                 -0.84   data arrival time
-----------------------------------------------------------------------------
                                  4.59   slack (MET)



