
===========================================================================
report_checks -path_delay max (Setup)
============================================================================
======================= Typical Corner ===================================

Startpoint: _248_ (rising edge-triggered flip-flop clocked by clk)
Endpoint: rx_data[1] (output port clocked by clk)
Path Group: clk
Path Type: max

Fanout     Cap    Slew   Delay    Time   Description
-----------------------------------------------------------------------------
                          0.00    0.00   clock clk (rise edge)
                          0.00    0.00   clock source latency
                  0.04    0.03    0.03 ^ clk (in)
     1    0.01                           clk (net)
                  0.04    0.00    0.03 ^ clkbuf_0_clk/A (sky130_fd_sc_hd__clkbuf_16)
                  0.05    0.14    0.17 ^ clkbuf_0_clk/X (sky130_fd_sc_hd__clkbuf_16)
     4    0.03                           clknet_0_clk (net)
                  0.05    0.00    0.17 ^ clkbuf_2_1__f_clk/A (sky130_fd_sc_hd__clkbuf_16)
                  0.04    0.13    0.30 ^ clkbuf_2_1__f_clk/X (sky130_fd_sc_hd__clkbuf_16)
     9    0.02                           clknet_2_1__leaf_clk (net)
                  0.04    0.00    0.30 ^ _248_/CLK (sky130_fd_sc_hd__dfrtp_1)
                  0.05    0.38    0.68 v _248_/Q (sky130_fd_sc_hd__dfrtp_1)
     2    0.00                           net12 (net)
                  0.05    0.00    0.68 v output12/A (sky130_fd_sc_hd__clkbuf_4)
                  0.08    0.19    0.87 v output12/X (sky130_fd_sc_hd__clkbuf_4)
     1    0.03                           rx_data[1] (net)
                  0.08    0.00    0.87 v rx_data[1] (out)
                                  0.87   data arrival time

                         20.00   20.00   clock clk (rise edge)
                          0.00   20.00   clock network delay (propagated)
                         -0.25   19.75   clock uncertainty
                          0.00   19.75   clock reconvergence pessimism
                         -4.00   15.75   output external delay
                                 15.75   data required time
-----------------------------------------------------------------------------
                                 15.75   data required time
                                 -0.87   data arrival time
-----------------------------------------------------------------------------
                                 14.88   slack (MET)


Startpoint: _249_ (rising edge-triggered flip-flop clocked by clk)
Endpoint: rx_data[2] (output port clocked by clk)
Path Group: clk
Path Type: max

Fanout     Cap    Slew   Delay    Time   Description
-----------------------------------------------------------------------------
                          0.00    0.00   clock clk (rise edge)
                          0.00    0.00   clock source latency
                  0.04    0.03    0.03 ^ clk (in)
     1    0.01                           clk (net)
                  0.04    0.00    0.03 ^ clkbuf_0_clk/A (sky130_fd_sc_hd__clkbuf_16)
                  0.05    0.14    0.17 ^ clkbuf_0_clk/X (sky130_fd_sc_hd__clkbuf_16)
     4    0.03                           clknet_0_clk (net)
                  0.05    0.00    0.17 ^ clkbuf_2_0__f_clk/A (sky130_fd_sc_hd__clkbuf_16)
                  0.04    0.13    0.30 ^ clkbuf_2_0__f_clk/X (sky130_fd_sc_hd__clkbuf_16)
     9    0.02                           clknet_2_0__leaf_clk (net)
                  0.04    0.00    0.30 ^ _249_/CLK (sky130_fd_sc_hd__dfrtp_1)
                  0.04    0.37    0.68 v _249_/Q (sky130_fd_sc_hd__dfrtp_1)
     2    0.00                           net13 (net)
                  0.04    0.00    0.68 v output13/A (sky130_fd_sc_hd__clkbuf_4)
                  0.08    0.19    0.87 v output13/X (sky130_fd_sc_hd__clkbuf_4)
     1    0.03                           rx_data[2] (net)
                  0.08    0.00    0.87 v rx_data[2] (out)
                                  0.87   data arrival time

                         20.00   20.00   clock clk (rise edge)
                          0.00   20.00   clock network delay (propagated)
                         -0.25   19.75   clock uncertainty
                          0.00   19.75   clock reconvergence pessimism
                         -4.00   15.75   output external delay
                                 15.75   data required time
-----------------------------------------------------------------------------
                                 15.75   data required time
                                 -0.87   data arrival time
-----------------------------------------------------------------------------
                                 14.88   slack (MET)


Startpoint: _250_ (rising edge-triggered flip-flop clocked by clk)
Endpoint: rx_data[3] (output port clocked by clk)
Path Group: clk
Path Type: max

Fanout     Cap    Slew   Delay    Time   Description
-----------------------------------------------------------------------------
                          0.00    0.00   clock clk (rise edge)
                          0.00    0.00   clock source latency
                  0.04    0.03    0.03 ^ clk (in)
     1    0.01                           clk (net)
                  0.04    0.00    0.03 ^ clkbuf_0_clk/A (sky130_fd_sc_hd__clkbuf_16)
                  0.05    0.14    0.17 ^ clkbuf_0_clk/X (sky130_fd_sc_hd__clkbuf_16)
     4    0.03                           clknet_0_clk (net)
                  0.05    0.00    0.17 ^ clkbuf_2_0__f_clk/A (sky130_fd_sc_hd__clkbuf_16)
                  0.04    0.13    0.30 ^ clkbuf_2_0__f_clk/X (sky130_fd_sc_hd__clkbuf_16)
     9    0.02                           clknet_2_0__leaf_clk (net)
                  0.04    0.00    0.30 ^ _250_/CLK (sky130_fd_sc_hd__dfrtp_1)
                  0.04    0.37    0.68 v _250_/Q (sky130_fd_sc_hd__dfrtp_1)
     2    0.00                           net14 (net)
                  0.04    0.00    0.68 v output14/A (sky130_fd_sc_hd__clkbuf_4)
                  0.08    0.19    0.87 v output14/X (sky130_fd_sc_hd__clkbuf_4)
     1    0.03                           rx_data[3] (net)
                  0.08    0.00    0.87 v rx_data[3] (out)
                                  0.87   data arrival time

                         20.00   20.00   clock clk (rise edge)
                          0.00   20.00   clock network delay (propagated)
                         -0.25   19.75   clock uncertainty
                          0.00   19.75   clock reconvergence pessimism
                         -4.00   15.75   output external delay
                                 15.75   data required time
-----------------------------------------------------------------------------
                                 15.75   data required time
                                 -0.87   data arrival time
-----------------------------------------------------------------------------
                                 14.88   slack (MET)


Startpoint: _252_ (rising edge-triggered flip-flop clocked by clk)
Endpoint: rx_data[5] (output port clocked by clk)
Path Group: clk
Path Type: max

Fanout     Cap    Slew   Delay    Time   Description
-----------------------------------------------------------------------------
                          0.00    0.00   clock clk (rise edge)
                          0.00    0.00   clock source latency
                  0.04    0.03    0.03 ^ clk (in)
     1    0.01                           clk (net)
                  0.04    0.00    0.03 ^ clkbuf_0_clk/A (sky130_fd_sc_hd__clkbuf_16)
                  0.05    0.14    0.17 ^ clkbuf_0_clk/X (sky130_fd_sc_hd__clkbuf_16)
     4    0.03                           clknet_0_clk (net)
                  0.05    0.00    0.17 ^ clkbuf_2_0__f_clk/A (sky130_fd_sc_hd__clkbuf_16)
                  0.04    0.13    0.30 ^ clkbuf_2_0__f_clk/X (sky130_fd_sc_hd__clkbuf_16)
     9    0.02                           clknet_2_0__leaf_clk (net)
                  0.04    0.00    0.30 ^ _252_/CLK (sky130_fd_sc_hd__dfrtp_1)
                  0.04    0.37    0.68 v _252_/Q (sky130_fd_sc_hd__dfrtp_1)
     2    0.00                           net16 (net)
                  0.04    0.00    0.68 v output16/A (sky130_fd_sc_hd__clkbuf_4)
                  0.08    0.19    0.87 v output16/X (sky130_fd_sc_hd__clkbuf_4)
     1    0.03                           rx_data[5] (net)
                  0.08    0.00    0.87 v rx_data[5] (out)
                                  0.87   data arrival time

                         20.00   20.00   clock clk (rise edge)
                          0.00   20.00   clock network delay (propagated)
                         -0.25   19.75   clock uncertainty
                          0.00   19.75   clock reconvergence pessimism
                         -4.00   15.75   output external delay
                                 15.75   data required time
-----------------------------------------------------------------------------
                                 15.75   data required time
                                 -0.87   data arrival time
-----------------------------------------------------------------------------
                                 14.88   slack (MET)


Startpoint: _254_ (rising edge-triggered flip-flop clocked by clk)
Endpoint: rx_data[7] (output port clocked by clk)
Path Group: clk
Path Type: max

Fanout     Cap    Slew   Delay    Time   Description
-----------------------------------------------------------------------------
                          0.00    0.00   clock clk (rise edge)
                          0.00    0.00   clock source latency
                  0.04    0.03    0.03 ^ clk (in)
     1    0.01                           clk (net)
                  0.04    0.00    0.03 ^ clkbuf_0_clk/A (sky130_fd_sc_hd__clkbuf_16)
                  0.05    0.14    0.17 ^ clkbuf_0_clk/X (sky130_fd_sc_hd__clkbuf_16)
     4    0.03                           clknet_0_clk (net)
                  0.05    0.00    0.17 ^ clkbuf_2_0__f_clk/A (sky130_fd_sc_hd__clkbuf_16)
                  0.04    0.13    0.30 ^ clkbuf_2_0__f_clk/X (sky130_fd_sc_hd__clkbuf_16)
     9    0.02                           clknet_2_0__leaf_clk (net)
                  0.04    0.00    0.30 ^ _254_/CLK (sky130_fd_sc_hd__dfrtp_1)
                  0.04    0.37    0.68 v _254_/Q (sky130_fd_sc_hd__dfrtp_1)
     2    0.00                           net18 (net)
                  0.04    0.00    0.68 v output18/A (sky130_fd_sc_hd__clkbuf_4)
                  0.08    0.19    0.87 v output18/X (sky130_fd_sc_hd__clkbuf_4)
     1    0.03                           rx_data[7] (net)
                  0.08    0.00    0.87 v rx_data[7] (out)
                                  0.87   data arrival time

                         20.00   20.00   clock clk (rise edge)
                          0.00   20.00   clock network delay (propagated)
                         -0.25   19.75   clock uncertainty
                          0.00   19.75   clock reconvergence pessimism
                         -4.00   15.75   output external delay
                                 15.75   data required time
-----------------------------------------------------------------------------
                                 15.75   data required time
                                 -0.87   data arrival time
-----------------------------------------------------------------------------
                                 14.88   slack (MET)


Startpoint: _246_ (rising edge-triggered flip-flop clocked by clk)
Endpoint: rx_done (output port clocked by clk)
Path Group: clk
Path Type: max

Fanout     Cap    Slew   Delay    Time   Description
-----------------------------------------------------------------------------
                          0.00    0.00   clock clk (rise edge)
                          0.00    0.00   clock source latency
                  0.04    0.03    0.03 ^ clk (in)
     1    0.01                           clk (net)
                  0.04    0.00    0.03 ^ clkbuf_0_clk/A (sky130_fd_sc_hd__clkbuf_16)
                  0.05    0.14    0.17 ^ clkbuf_0_clk/X (sky130_fd_sc_hd__clkbuf_16)
     4    0.03                           clknet_0_clk (net)
                  0.05    0.00    0.17 ^ clkbuf_2_0__f_clk/A (sky130_fd_sc_hd__clkbuf_16)
                  0.04    0.13    0.30 ^ clkbuf_2_0__f_clk/X (sky130_fd_sc_hd__clkbuf_16)
     9    0.02                           clknet_2_0__leaf_clk (net)
                  0.04    0.00    0.30 ^ _246_/CLK (sky130_fd_sc_hd__dfrtp_1)
                  0.04    0.37    0.68 v _246_/Q (sky130_fd_sc_hd__dfrtp_1)
     2    0.00                           net19 (net)
                  0.04    0.00    0.68 v output19/A (sky130_fd_sc_hd__clkbuf_4)
                  0.08    0.19    0.87 v output19/X (sky130_fd_sc_hd__clkbuf_4)
     1    0.03                           rx_done (net)
                  0.08    0.00    0.87 v rx_done (out)
                                  0.87   data arrival time

                         20.00   20.00   clock clk (rise edge)
                          0.00   20.00   clock network delay (propagated)
                         -0.25   19.75   clock uncertainty
                          0.00   19.75   clock reconvergence pessimism
                         -4.00   15.75   output external delay
                                 15.75   data required time
-----------------------------------------------------------------------------
                                 15.75   data required time
                                 -0.87   data arrival time
-----------------------------------------------------------------------------
                                 14.88   slack (MET)


Startpoint: _253_ (rising edge-triggered flip-flop clocked by clk)
Endpoint: rx_data[6] (output port clocked by clk)
Path Group: clk
Path Type: max

Fanout     Cap    Slew   Delay    Time   Description
-----------------------------------------------------------------------------
                          0.00    0.00   clock clk (rise edge)
                          0.00    0.00   clock source latency
                  0.04    0.03    0.03 ^ clk (in)
     1    0.01                           clk (net)
                  0.04    0.00    0.03 ^ clkbuf_0_clk/A (sky130_fd_sc_hd__clkbuf_16)
                  0.05    0.14    0.17 ^ clkbuf_0_clk/X (sky130_fd_sc_hd__clkbuf_16)
     4    0.03                           clknet_0_clk (net)
                  0.05    0.00    0.17 ^ clkbuf_2_3__f_clk/A (sky130_fd_sc_hd__clkbuf_16)
                  0.04    0.13    0.30 ^ clkbuf_2_3__f_clk/X (sky130_fd_sc_hd__clkbuf_16)
     9    0.02                           clknet_2_3__leaf_clk (net)
                  0.04    0.00    0.30 ^ _253_/CLK (sky130_fd_sc_hd__dfrtp_1)
                  0.04    0.37    0.68 v _253_/Q (sky130_fd_sc_hd__dfrtp_1)
     2    0.00                           net17 (net)
                  0.04    0.00    0.68 v output17/A (sky130_fd_sc_hd__clkbuf_4)
                  0.08    0.19    0.87 v output17/X (sky130_fd_sc_hd__clkbuf_4)
     1    0.03                           rx_data[6] (net)
                  0.08    0.00    0.87 v rx_data[6] (out)
                                  0.87   data arrival time

                         20.00   20.00   clock clk (rise edge)
                          0.00   20.00   clock network delay (propagated)
                         -0.25   19.75   clock uncertainty
                          0.00   19.75   clock reconvergence pessimism
                         -4.00   15.75   output external delay
                                 15.75   data required time
-----------------------------------------------------------------------------
                                 15.75   data required time
                                 -0.87   data arrival time
-----------------------------------------------------------------------------
                                 14.88   slack (MET)


Startpoint: _238_ (rising edge-triggered flip-flop clocked by clk)
Endpoint: tx_done (output port clocked by clk)
Path Group: clk
Path Type: max

Fanout     Cap    Slew   Delay    Time   Description
-----------------------------------------------------------------------------
                          0.00    0.00   clock clk (rise edge)
                          0.00    0.00   clock source latency
                  0.04    0.03    0.03 ^ clk (in)
     1    0.01                           clk (net)
                  0.04    0.00    0.03 ^ clkbuf_0_clk/A (sky130_fd_sc_hd__clkbuf_16)
                  0.05    0.14    0.17 ^ clkbuf_0_clk/X (sky130_fd_sc_hd__clkbuf_16)
     4    0.03                           clknet_0_clk (net)
                  0.05    0.00    0.17 ^ clkbuf_2_2__f_clk/A (sky130_fd_sc_hd__clkbuf_16)
                  0.03    0.13    0.30 ^ clkbuf_2_2__f_clk/X (sky130_fd_sc_hd__clkbuf_16)
     6    0.01                           clknet_2_2__leaf_clk (net)
                  0.03    0.00    0.30 ^ _238_/CLK (sky130_fd_sc_hd__dfrtp_1)
                  0.05    0.37    0.67 v _238_/Q (sky130_fd_sc_hd__dfrtp_1)
     2    0.00                           net20 (net)
                  0.05    0.00    0.67 v output20/A (sky130_fd_sc_hd__buf_2)
                  0.09    0.19    0.86 v output20/X (sky130_fd_sc_hd__buf_2)
     1    0.03                           tx_done (net)
                  0.09    0.00    0.86 v tx_done (out)
                                  0.86   data arrival time

                         20.00   20.00   clock clk (rise edge)
                          0.00   20.00   clock network delay (propagated)
                         -0.25   19.75   clock uncertainty
                          0.00   19.75   clock reconvergence pessimism
                         -4.00   15.75   output external delay
                                 15.75   data required time
-----------------------------------------------------------------------------
                                 15.75   data required time
                                 -0.86   data arrival time
-----------------------------------------------------------------------------
                                 14.89   slack (MET)


Startpoint: _247_ (rising edge-triggered flip-flop clocked by clk)
Endpoint: rx_data[0] (output port clocked by clk)
Path Group: clk
Path Type: max

Fanout     Cap    Slew   Delay    Time   Description
-----------------------------------------------------------------------------
                          0.00    0.00   clock clk (rise edge)
                          0.00    0.00   clock source latency
                  0.04    0.03    0.03 ^ clk (in)
     1    0.01                           clk (net)
                  0.04    0.00    0.03 ^ clkbuf_0_clk/A (sky130_fd_sc_hd__clkbuf_16)
                  0.05    0.14    0.17 ^ clkbuf_0_clk/X (sky130_fd_sc_hd__clkbuf_16)
     4    0.03                           clknet_0_clk (net)
                  0.05    0.00    0.17 ^ clkbuf_2_2__f_clk/A (sky130_fd_sc_hd__clkbuf_16)
                  0.03    0.13    0.30 ^ clkbuf_2_2__f_clk/X (sky130_fd_sc_hd__clkbuf_16)
     6    0.01                           clknet_2_2__leaf_clk (net)
                  0.03    0.00    0.30 ^ _247_/CLK (sky130_fd_sc_hd__dfrtp_1)
                  0.04    0.37    0.67 v _247_/Q (sky130_fd_sc_hd__dfrtp_1)
     2    0.00                           net11 (net)
                  0.04    0.00    0.67 v output11/A (sky130_fd_sc_hd__clkbuf_4)
                  0.08    0.19    0.86 v output11/X (sky130_fd_sc_hd__clkbuf_4)
     1    0.03                           rx_data[0] (net)
                  0.08    0.00    0.86 v rx_data[0] (out)
                                  0.86   data arrival time

                         20.00   20.00   clock clk (rise edge)
                          0.00   20.00   clock network delay (propagated)
                         -0.25   19.75   clock uncertainty
                          0.00   19.75   clock reconvergence pessimism
                         -4.00   15.75   output external delay
                                 15.75   data required time
-----------------------------------------------------------------------------
                                 15.75   data required time
                                 -0.86   data arrival time
-----------------------------------------------------------------------------
                                 14.89   slack (MET)


Startpoint: _251_ (rising edge-triggered flip-flop clocked by clk)
Endpoint: rx_data[4] (output port clocked by clk)
Path Group: clk
Path Type: max

Fanout     Cap    Slew   Delay    Time   Description
-----------------------------------------------------------------------------
                          0.00    0.00   clock clk (rise edge)
                          0.00    0.00   clock source latency
                  0.04    0.03    0.03 ^ clk (in)
     1    0.01                           clk (net)
                  0.04    0.00    0.03 ^ clkbuf_0_clk/A (sky130_fd_sc_hd__clkbuf_16)
                  0.05    0.14    0.17 ^ clkbuf_0_clk/X (sky130_fd_sc_hd__clkbuf_16)
     4    0.03                           clknet_0_clk (net)
                  0.05    0.00    0.17 ^ clkbuf_2_2__f_clk/A (sky130_fd_sc_hd__clkbuf_16)
                  0.03    0.13    0.30 ^ clkbuf_2_2__f_clk/X (sky130_fd_sc_hd__clkbuf_16)
     6    0.01                           clknet_2_2__leaf_clk (net)
                  0.03    0.00    0.30 ^ _251_/CLK (sky130_fd_sc_hd__dfrtp_1)
                  0.04    0.37    0.67 v _251_/Q (sky130_fd_sc_hd__dfrtp_1)
     2    0.00                           net15 (net)
                  0.04    0.00    0.67 v output15/A (sky130_fd_sc_hd__clkbuf_4)
                  0.08    0.19    0.86 v output15/X (sky130_fd_sc_hd__clkbuf_4)
     1    0.03                           rx_data[4] (net)
                  0.08    0.00    0.86 v rx_data[4] (out)
                                  0.86   data arrival time

                         20.00   20.00   clock clk (rise edge)
                          0.00   20.00   clock network delay (propagated)
                         -0.25   19.75   clock uncertainty
                          0.00   19.75   clock reconvergence pessimism
                         -4.00   15.75   output external delay
                                 15.75   data required time
-----------------------------------------------------------------------------
                                 15.75   data required time
                                 -0.86   data arrival time
-----------------------------------------------------------------------------
                                 14.89   slack (MET)


Startpoint: reset (input port clocked by clk)
Endpoint: _255_ (rising edge-triggered flip-flop clocked by clk)
Path Group: clk
Path Type: max

Fanout     Cap    Slew   Delay    Time   Description
-----------------------------------------------------------------------------
                          0.00    0.00   clock clk (rise edge)
                          0.00    0.00   clock network delay (propagated)
                          4.00    4.00 ^ input external delay
                  0.02    0.01    4.01 ^ reset (in)
     1    0.00                           reset (net)
                  0.02    0.00    4.01 ^ input1/A (sky130_fd_sc_hd__clkbuf_4)
                  0.10    0.17    4.18 ^ input1/X (sky130_fd_sc_hd__clkbuf_4)
     7    0.03                           net1 (net)
                  0.10    0.00    4.18 ^ _185_/A (sky130_fd_sc_hd__inv_2)
                  0.03    0.04    4.22 v _185_/Y (sky130_fd_sc_hd__inv_2)
     2    0.00                           _008_ (net)
                  0.03    0.00    4.22 v _212_/C (sky130_fd_sc_hd__and3_1)
                  0.03    0.17    4.39 v _212_/X (sky130_fd_sc_hd__and3_1)
     1    0.00                           _104_ (net)
                  0.03    0.00    4.39 v _213_/A (sky130_fd_sc_hd__clkbuf_4)
                  0.07    0.17    4.57 v _213_/X (sky130_fd_sc_hd__clkbuf_4)
     8    0.03                           _105_ (net)
                  0.07    0.00    4.57 v _214_/S (sky130_fd_sc_hd__mux2_1)
                  0.05    0.32    4.89 v _214_/X (sky130_fd_sc_hd__mux2_1)
     1    0.00                           _106_ (net)
                  0.05    0.00    4.89 v _215_/A (sky130_fd_sc_hd__clkbuf_1)
                  0.02    0.09    4.97 v _215_/X (sky130_fd_sc_hd__clkbuf_1)
     1    0.00                           _049_ (net)
                  0.02    0.00    4.97 v _255_/D (sky130_fd_sc_hd__dfxtp_1)
                                  4.97   data arrival time

                         20.00   20.00   clock clk (rise edge)
                          0.00   20.00   clock source latency
                  0.04    0.03   20.03 ^ clk (in)
     1    0.01                           clk (net)
                  0.04    0.00   20.03 ^ clkbuf_0_clk/A (sky130_fd_sc_hd__clkbuf_16)
                  0.05    0.13   20.15 ^ clkbuf_0_clk/X (sky130_fd_sc_hd__clkbuf_16)
     4    0.03                           clknet_0_clk (net)
                  0.05    0.00   20.15 ^ clkbuf_2_1__f_clk/A (sky130_fd_sc_hd__clkbuf_16)
                  0.04    0.12   20.27 ^ clkbuf_2_1__f_clk/X (sky130_fd_sc_hd__clkbuf_16)
     9    0.02                           clknet_2_1__leaf_clk (net)
                  0.04    0.00   20.27 ^ _255_/CLK (sky130_fd_sc_hd__dfxtp_1)
                         -0.25   20.02   clock uncertainty
                          0.00   20.02   clock reconvergence pessimism
                         -0.10   19.92   library setup time
                                 19.92   data required time
-----------------------------------------------------------------------------
                                 19.92   data required time
                                 -4.97   data arrival time
-----------------------------------------------------------------------------
                                 14.95   slack (MET)


Startpoint: reset (input port clocked by clk)
Endpoint: _256_ (rising edge-triggered flip-flop clocked by clk)
Path Group: clk
Path Type: max

Fanout     Cap    Slew   Delay    Time   Description
-----------------------------------------------------------------------------
                          0.00    0.00   clock clk (rise edge)
                          0.00    0.00   clock network delay (propagated)
                          4.00    4.00 ^ input external delay
                  0.02    0.01    4.01 ^ reset (in)
     1    0.00                           reset (net)
                  0.02    0.00    4.01 ^ input1/A (sky130_fd_sc_hd__clkbuf_4)
                  0.10    0.17    4.18 ^ input1/X (sky130_fd_sc_hd__clkbuf_4)
     7    0.03                           net1 (net)
                  0.10    0.00    4.18 ^ _185_/A (sky130_fd_sc_hd__inv_2)
                  0.03    0.04    4.22 v _185_/Y (sky130_fd_sc_hd__inv_2)
     2    0.00                           _008_ (net)
                  0.03    0.00    4.22 v _212_/C (sky130_fd_sc_hd__and3_1)
                  0.03    0.17    4.39 v _212_/X (sky130_fd_sc_hd__and3_1)
     1    0.00                           _104_ (net)
                  0.03    0.00    4.39 v _213_/A (sky130_fd_sc_hd__clkbuf_4)
                  0.07    0.17    4.57 v _213_/X (sky130_fd_sc_hd__clkbuf_4)
     8    0.03                           _105_ (net)
                  0.07    0.00    4.57 v _216_/S (sky130_fd_sc_hd__mux2_1)
                  0.05    0.32    4.89 v _216_/X (sky130_fd_sc_hd__mux2_1)
     1    0.00                           _107_ (net)
                  0.05    0.00    4.89 v _217_/A (sky130_fd_sc_hd__clkbuf_1)
                  0.02    0.09    4.97 v _217_/X (sky130_fd_sc_hd__clkbuf_1)
     1    0.00                           _050_ (net)
                  0.02    0.00    4.97 v _256_/D (sky130_fd_sc_hd__dfxtp_1)
                                  4.97   data arrival time

                         20.00   20.00   clock clk (rise edge)
                          0.00   20.00   clock source latency
                  0.04    0.03   20.03 ^ clk (in)
     1    0.01                           clk (net)
                  0.04    0.00   20.03 ^ clkbuf_0_clk/A (sky130_fd_sc_hd__clkbuf_16)
                  0.05    0.13   20.15 ^ clkbuf_0_clk/X (sky130_fd_sc_hd__clkbuf_16)
     4    0.03                           clknet_0_clk (net)
                  0.05    0.00   20.15 ^ clkbuf_2_1__f_clk/A (sky130_fd_sc_hd__clkbuf_16)
                  0.04    0.12   20.27 ^ clkbuf_2_1__f_clk/X (sky130_fd_sc_hd__clkbuf_16)
     9    0.02                           clknet_2_1__leaf_clk (net)
                  0.04    0.00   20.27 ^ _256_/CLK (sky130_fd_sc_hd__dfxtp_1)
                         -0.25   20.02   clock uncertainty
                          0.00   20.02   clock reconvergence pessimism
                         -0.10   19.92   library setup time
                                 19.92   data required time
-----------------------------------------------------------------------------
                                 19.92   data required time
                                 -4.97   data arrival time
-----------------------------------------------------------------------------
                                 14.95   slack (MET)


Startpoint: reset (input port clocked by clk)
Endpoint: _257_ (rising edge-triggered flip-flop clocked by clk)
Path Group: clk
Path Type: max

Fanout     Cap    Slew   Delay    Time   Description
-----------------------------------------------------------------------------
                          0.00    0.00   clock clk (rise edge)
                          0.00    0.00   clock network delay (propagated)
                          4.00    4.00 ^ input external delay
                  0.02    0.01    4.01 ^ reset (in)
     1    0.00                           reset (net)
                  0.02    0.00    4.01 ^ input1/A (sky130_fd_sc_hd__clkbuf_4)
                  0.10    0.17    4.18 ^ input1/X (sky130_fd_sc_hd__clkbuf_4)
     7    0.03                           net1 (net)
                  0.10    0.00    4.18 ^ _185_/A (sky130_fd_sc_hd__inv_2)
                  0.03    0.04    4.22 v _185_/Y (sky130_fd_sc_hd__inv_2)
     2    0.00                           _008_ (net)
                  0.03    0.00    4.22 v _212_/C (sky130_fd_sc_hd__and3_1)
                  0.03    0.17    4.39 v _212_/X (sky130_fd_sc_hd__and3_1)
     1    0.00                           _104_ (net)
                  0.03    0.00    4.39 v _213_/A (sky130_fd_sc_hd__clkbuf_4)
                  0.07    0.17    4.57 v _213_/X (sky130_fd_sc_hd__clkbuf_4)
     8    0.03                           _105_ (net)
                  0.07    0.00    4.57 v _218_/S (sky130_fd_sc_hd__mux2_1)
                  0.05    0.32    4.89 v _218_/X (sky130_fd_sc_hd__mux2_1)
     1    0.00                           _108_ (net)
                  0.05    0.00    4.89 v _219_/A (sky130_fd_sc_hd__clkbuf_1)
                  0.02    0.09    4.97 v _219_/X (sky130_fd_sc_hd__clkbuf_1)
     1    0.00                           _051_ (net)
                  0.02    0.00    4.97 v _257_/D (sky130_fd_sc_hd__dfxtp_1)
                                  4.97   data arrival time

                         20.00   20.00   clock clk (rise edge)
                          0.00   20.00   clock source latency
                  0.04    0.03   20.03 ^ clk (in)
     1    0.01                           clk (net)
                  0.04    0.00   20.03 ^ clkbuf_0_clk/A (sky130_fd_sc_hd__clkbuf_16)
                  0.05    0.13   20.15 ^ clkbuf_0_clk/X (sky130_fd_sc_hd__clkbuf_16)
     4    0.03                           clknet_0_clk (net)
                  0.05    0.00   20.15 ^ clkbuf_2_1__f_clk/A (sky130_fd_sc_hd__clkbuf_16)
                  0.04    0.12   20.27 ^ clkbuf_2_1__f_clk/X (sky130_fd_sc_hd__clkbuf_16)
     9    0.02                           clknet_2_1__leaf_clk (net)
                  0.04    0.00   20.27 ^ _257_/CLK (sky130_fd_sc_hd__dfxtp_1)
                         -0.25   20.02   clock uncertainty
                          0.00   20.02   clock reconvergence pessimism
                         -0.10   19.92   library setup time
                                 19.92   data required time
-----------------------------------------------------------------------------
                                 19.92   data required time
                                 -4.97   data arrival time
-----------------------------------------------------------------------------
                                 14.95   slack (MET)


Startpoint: reset (input port clocked by clk)
Endpoint: _258_ (rising edge-triggered flip-flop clocked by clk)
Path Group: clk
Path Type: max

Fanout     Cap    Slew   Delay    Time   Description
-----------------------------------------------------------------------------
                          0.00    0.00   clock clk (rise edge)
                          0.00    0.00   clock network delay (propagated)
                          4.00    4.00 ^ input external delay
                  0.02    0.01    4.01 ^ reset (in)
     1    0.00                           reset (net)
                  0.02    0.00    4.01 ^ input1/A (sky130_fd_sc_hd__clkbuf_4)
                  0.10    0.17    4.18 ^ input1/X (sky130_fd_sc_hd__clkbuf_4)
     7    0.03                           net1 (net)
                  0.10    0.00    4.18 ^ _185_/A (sky130_fd_sc_hd__inv_2)
                  0.03    0.04    4.22 v _185_/Y (sky130_fd_sc_hd__inv_2)
     2    0.00                           _008_ (net)
                  0.03    0.00    4.22 v _212_/C (sky130_fd_sc_hd__and3_1)
                  0.03    0.17    4.39 v _212_/X (sky130_fd_sc_hd__and3_1)
     1    0.00                           _104_ (net)
                  0.03    0.00    4.39 v _213_/A (sky130_fd_sc_hd__clkbuf_4)
                  0.07    0.17    4.57 v _213_/X (sky130_fd_sc_hd__clkbuf_4)
     8    0.03                           _105_ (net)
                  0.07    0.00    4.57 v _220_/S (sky130_fd_sc_hd__mux2_1)
                  0.05    0.32    4.89 v _220_/X (sky130_fd_sc_hd__mux2_1)
     1    0.00                           _109_ (net)
                  0.05    0.00    4.89 v _221_/A (sky130_fd_sc_hd__clkbuf_1)
                  0.02    0.09    4.97 v _221_/X (sky130_fd_sc_hd__clkbuf_1)
     1    0.00                           _052_ (net)
                  0.02    0.00    4.97 v _258_/D (sky130_fd_sc_hd__dfxtp_1)
                                  4.97   data arrival time

                         20.00   20.00   clock clk (rise edge)
                          0.00   20.00   clock source latency
                  0.04    0.03   20.03 ^ clk (in)
     1    0.01                           clk (net)
                  0.04    0.00   20.03 ^ clkbuf_0_clk/A (sky130_fd_sc_hd__clkbuf_16)
                  0.05    0.13   20.15 ^ clkbuf_0_clk/X (sky130_fd_sc_hd__clkbuf_16)
     4    0.03                           clknet_0_clk (net)
                  0.05    0.00   20.15 ^ clkbuf_2_1__f_clk/A (sky130_fd_sc_hd__clkbuf_16)
                  0.04    0.12   20.27 ^ clkbuf_2_1__f_clk/X (sky130_fd_sc_hd__clkbuf_16)
     9    0.02                           clknet_2_1__leaf_clk (net)
                  0.04    0.00   20.27 ^ _258_/CLK (sky130_fd_sc_hd__dfxtp_1)
                         -0.25   20.02   clock uncertainty
                          0.00   20.02   clock reconvergence pessimism
                         -0.10   19.92   library setup time
                                 19.92   data required time
-----------------------------------------------------------------------------
                                 19.92   data required time
                                 -4.97   data arrival time
-----------------------------------------------------------------------------
                                 14.95   slack (MET)


Startpoint: reset (input port clocked by clk)
Endpoint: _259_ (rising edge-triggered flip-flop clocked by clk)
Path Group: clk
Path Type: max

Fanout     Cap    Slew   Delay    Time   Description
-----------------------------------------------------------------------------
                          0.00    0.00   clock clk (rise edge)
                          0.00    0.00   clock network delay (propagated)
                          4.00    4.00 ^ input external delay
                  0.02    0.01    4.01 ^ reset (in)
     1    0.00                           reset (net)
                  0.02    0.00    4.01 ^ input1/A (sky130_fd_sc_hd__clkbuf_4)
                  0.10    0.17    4.18 ^ input1/X (sky130_fd_sc_hd__clkbuf_4)
     7    0.03                           net1 (net)
                  0.10    0.00    4.18 ^ _185_/A (sky130_fd_sc_hd__inv_2)
                  0.03    0.04    4.22 v _185_/Y (sky130_fd_sc_hd__inv_2)
     2    0.00                           _008_ (net)
                  0.03    0.00    4.22 v _212_/C (sky130_fd_sc_hd__and3_1)
                  0.03    0.17    4.39 v _212_/X (sky130_fd_sc_hd__and3_1)
     1    0.00                           _104_ (net)
                  0.03    0.00    4.39 v _213_/A (sky130_fd_sc_hd__clkbuf_4)
                  0.07    0.17    4.57 v _213_/X (sky130_fd_sc_hd__clkbuf_4)
     8    0.03                           _105_ (net)
                  0.07    0.00    4.57 v _222_/S (sky130_fd_sc_hd__mux2_1)
                  0.05    0.32    4.89 v _222_/X (sky130_fd_sc_hd__mux2_1)
     1    0.00                           _110_ (net)
                  0.05    0.00    4.89 v _223_/A (sky130_fd_sc_hd__clkbuf_1)
                  0.02    0.09    4.97 v _223_/X (sky130_fd_sc_hd__clkbuf_1)
     1    0.00                           _053_ (net)
                  0.02    0.00    4.97 v _259_/D (sky130_fd_sc_hd__dfxtp_1)
                                  4.97   data arrival time

                         20.00   20.00   clock clk (rise edge)
                          0.00   20.00   clock source latency
                  0.04    0.03   20.03 ^ clk (in)
     1    0.01                           clk (net)
                  0.04    0.00   20.03 ^ clkbuf_0_clk/A (sky130_fd_sc_hd__clkbuf_16)
                  0.05    0.13   20.15 ^ clkbuf_0_clk/X (sky130_fd_sc_hd__clkbuf_16)
     4    0.03                           clknet_0_clk (net)
                  0.05    0.00   20.15 ^ clkbuf_2_1__f_clk/A (sky130_fd_sc_hd__clkbuf_16)
                  0.04    0.12   20.27 ^ clkbuf_2_1__f_clk/X (sky130_fd_sc_hd__clkbuf_16)
     9    0.02                           clknet_2_1__leaf_clk (net)
                  0.04    0.00   20.27 ^ _259_/CLK (sky130_fd_sc_hd__dfxtp_1)
                         -0.25   20.02   clock uncertainty
                          0.00   20.02   clock reconvergence pessimism
                         -0.10   19.92   library setup time
                                 19.92   data required time
-----------------------------------------------------------------------------
                                 19.92   data required time
                                 -4.97   data arrival time
-----------------------------------------------------------------------------
                                 14.95   slack (MET)


Startpoint: reset (input port clocked by clk)
Endpoint: _260_ (rising edge-triggered flip-flop clocked by clk)
Path Group: clk
Path Type: max

Fanout     Cap    Slew   Delay    Time   Description
-----------------------------------------------------------------------------
                          0.00    0.00   clock clk (rise edge)
                          0.00    0.00   clock network delay (propagated)
                          4.00    4.00 ^ input external delay
                  0.02    0.01    4.01 ^ reset (in)
     1    0.00                           reset (net)
                  0.02    0.00    4.01 ^ input1/A (sky130_fd_sc_hd__clkbuf_4)
                  0.10    0.17    4.18 ^ input1/X (sky130_fd_sc_hd__clkbuf_4)
     7    0.03                           net1 (net)
                  0.10    0.00    4.18 ^ _185_/A (sky130_fd_sc_hd__inv_2)
                  0.03    0.04    4.22 v _185_/Y (sky130_fd_sc_hd__inv_2)
     2    0.00                           _008_ (net)
                  0.03    0.00    4.22 v _212_/C (sky130_fd_sc_hd__and3_1)
                  0.03    0.17    4.39 v _212_/X (sky130_fd_sc_hd__and3_1)
     1    0.00                           _104_ (net)
                  0.03    0.00    4.39 v _213_/A (sky130_fd_sc_hd__clkbuf_4)
                  0.07    0.17    4.57 v _213_/X (sky130_fd_sc_hd__clkbuf_4)
     8    0.03                           _105_ (net)
                  0.07    0.00    4.57 v _224_/S (sky130_fd_sc_hd__mux2_1)
                  0.05    0.32    4.89 v _224_/X (sky130_fd_sc_hd__mux2_1)
     1    0.00                           _111_ (net)
                  0.05    0.00    4.89 v _225_/A (sky130_fd_sc_hd__clkbuf_1)
                  0.02    0.09    4.97 v _225_/X (sky130_fd_sc_hd__clkbuf_1)
     1    0.00                           _054_ (net)
                  0.02    0.00    4.97 v _260_/D (sky130_fd_sc_hd__dfxtp_1)
                                  4.97   data arrival time

                         20.00   20.00   clock clk (rise edge)
                          0.00   20.00   clock source latency
                  0.04    0.03   20.03 ^ clk (in)
     1    0.01                           clk (net)
                  0.04    0.00   20.03 ^ clkbuf_0_clk/A (sky130_fd_sc_hd__clkbuf_16)
                  0.05    0.13   20.15 ^ clkbuf_0_clk/X (sky130_fd_sc_hd__clkbuf_16)
     4    0.03                           clknet_0_clk (net)
                  0.05    0.00   20.15 ^ clkbuf_2_1__f_clk/A (sky130_fd_sc_hd__clkbuf_16)
                  0.04    0.12   20.27 ^ clkbuf_2_1__f_clk/X (sky130_fd_sc_hd__clkbuf_16)
     9    0.02                           clknet_2_1__leaf_clk (net)
                  0.04    0.00   20.27 ^ _260_/CLK (sky130_fd_sc_hd__dfxtp_1)
                         -0.25   20.02   clock uncertainty
                          0.00   20.02   clock reconvergence pessimism
                         -0.10   19.92   library setup time
                                 19.92   data required time
-----------------------------------------------------------------------------
                                 19.92   data required time
                                 -4.97   data arrival time
-----------------------------------------------------------------------------
                                 14.95   slack (MET)


Startpoint: reset (input port clocked by clk)
Endpoint: _261_ (rising edge-triggered flip-flop clocked by clk)
Path Group: clk
Path Type: max

Fanout     Cap    Slew   Delay    Time   Description
-----------------------------------------------------------------------------
                          0.00    0.00   clock clk (rise edge)
                          0.00    0.00   clock network delay (propagated)
                          4.00    4.00 ^ input external delay
                  0.02    0.01    4.01 ^ reset (in)
     1    0.00                           reset (net)
                  0.02    0.00    4.01 ^ input1/A (sky130_fd_sc_hd__clkbuf_4)
                  0.10    0.17    4.18 ^ input1/X (sky130_fd_sc_hd__clkbuf_4)
     7    0.03                           net1 (net)
                  0.10    0.00    4.18 ^ _185_/A (sky130_fd_sc_hd__inv_2)
                  0.03    0.04    4.22 v _185_/Y (sky130_fd_sc_hd__inv_2)
     2    0.00                           _008_ (net)
                  0.03    0.00    4.22 v _212_/C (sky130_fd_sc_hd__and3_1)
                  0.03    0.17    4.39 v _212_/X (sky130_fd_sc_hd__and3_1)
     1    0.00                           _104_ (net)
                  0.03    0.00    4.39 v _213_/A (sky130_fd_sc_hd__clkbuf_4)
                  0.07    0.17    4.57 v _213_/X (sky130_fd_sc_hd__clkbuf_4)
     8    0.03                           _105_ (net)
                  0.07    0.00    4.57 v _226_/S (sky130_fd_sc_hd__mux2_1)
                  0.05    0.32    4.89 v _226_/X (sky130_fd_sc_hd__mux2_1)
     1    0.00                           _112_ (net)
                  0.05    0.00    4.89 v _227_/A (sky130_fd_sc_hd__clkbuf_1)
                  0.02    0.09    4.97 v _227_/X (sky130_fd_sc_hd__clkbuf_1)
     1    0.00                           _055_ (net)
                  0.02    0.00    4.97 v _261_/D (sky130_fd_sc_hd__dfxtp_1)
                                  4.97   data arrival time

                         20.00   20.00   clock clk (rise edge)
                          0.00   20.00   clock source latency
                  0.04    0.03   20.03 ^ clk (in)
     1    0.01                           clk (net)
                  0.04    0.00   20.03 ^ clkbuf_0_clk/A (sky130_fd_sc_hd__clkbuf_16)
                  0.05    0.13   20.15 ^ clkbuf_0_clk/X (sky130_fd_sc_hd__clkbuf_16)
     4    0.03                           clknet_0_clk (net)
                  0.05    0.00   20.15 ^ clkbuf_2_1__f_clk/A (sky130_fd_sc_hd__clkbuf_16)
                  0.04    0.12   20.27 ^ clkbuf_2_1__f_clk/X (sky130_fd_sc_hd__clkbuf_16)
     9    0.02                           clknet_2_1__leaf_clk (net)
                  0.04    0.00   20.27 ^ _261_/CLK (sky130_fd_sc_hd__dfxtp_1)
                         -0.25   20.02   clock uncertainty
                          0.00   20.02   clock reconvergence pessimism
                         -0.10   19.92   library setup time
                                 19.92   data required time
-----------------------------------------------------------------------------
                                 19.92   data required time
                                 -4.97   data arrival time
-----------------------------------------------------------------------------
                                 14.95   slack (MET)


Startpoint: reset (input port clocked by clk)
Endpoint: _262_ (rising edge-triggered flip-flop clocked by clk)
Path Group: clk
Path Type: max

Fanout     Cap    Slew   Delay    Time   Description
-----------------------------------------------------------------------------
                          0.00    0.00   clock clk (rise edge)
                          0.00    0.00   clock network delay (propagated)
                          4.00    4.00 ^ input external delay
                  0.02    0.01    4.01 ^ reset (in)
     1    0.00                           reset (net)
                  0.02    0.00    4.01 ^ input1/A (sky130_fd_sc_hd__clkbuf_4)
                  0.10    0.17    4.18 ^ input1/X (sky130_fd_sc_hd__clkbuf_4)
     7    0.03                           net1 (net)
                  0.10    0.00    4.18 ^ _185_/A (sky130_fd_sc_hd__inv_2)
                  0.03    0.04    4.22 v _185_/Y (sky130_fd_sc_hd__inv_2)
     2    0.00                           _008_ (net)
                  0.03    0.00    4.22 v _212_/C (sky130_fd_sc_hd__and3_1)
                  0.03    0.17    4.39 v _212_/X (sky130_fd_sc_hd__and3_1)
     1    0.00                           _104_ (net)
                  0.03    0.00    4.39 v _213_/A (sky130_fd_sc_hd__clkbuf_4)
                  0.07    0.17    4.57 v _213_/X (sky130_fd_sc_hd__clkbuf_4)
     8    0.03                           _105_ (net)
                  0.07    0.00    4.57 v _228_/S (sky130_fd_sc_hd__mux2_1)
                  0.05    0.32    4.89 v _228_/X (sky130_fd_sc_hd__mux2_1)
     1    0.00                           _113_ (net)
                  0.05    0.00    4.89 v _229_/A (sky130_fd_sc_hd__clkbuf_1)
                  0.02    0.09    4.97 v _229_/X (sky130_fd_sc_hd__clkbuf_1)
     1    0.00                           _056_ (net)
                  0.02    0.00    4.97 v _262_/D (sky130_fd_sc_hd__dfxtp_1)
                                  4.97   data arrival time

                         20.00   20.00   clock clk (rise edge)
                          0.00   20.00   clock source latency
                  0.04    0.03   20.03 ^ clk (in)
     1    0.01                           clk (net)
                  0.04    0.00   20.03 ^ clkbuf_0_clk/A (sky130_fd_sc_hd__clkbuf_16)
                  0.05    0.13   20.15 ^ clkbuf_0_clk/X (sky130_fd_sc_hd__clkbuf_16)
     4    0.03                           clknet_0_clk (net)
                  0.05    0.00   20.15 ^ clkbuf_2_1__f_clk/A (sky130_fd_sc_hd__clkbuf_16)
                  0.04    0.12   20.27 ^ clkbuf_2_1__f_clk/X (sky130_fd_sc_hd__clkbuf_16)
     9    0.02                           clknet_2_1__leaf_clk (net)
                  0.04    0.00   20.27 ^ _262_/CLK (sky130_fd_sc_hd__dfxtp_1)
                         -0.25   20.02   clock uncertainty
                          0.00   20.02   clock reconvergence pessimism
                         -0.10   19.92   library setup time
                                 19.92   data required time
-----------------------------------------------------------------------------
                                 19.92   data required time
                                 -4.97   data arrival time
-----------------------------------------------------------------------------
                                 14.95   slack (MET)


Startpoint: start (input port clocked by clk)
Endpoint: _242_ (rising edge-triggered flip-flop clocked by clk)
Path Group: clk
Path Type: max

Fanout     Cap    Slew   Delay    Time   Description
-----------------------------------------------------------------------------
                          0.00    0.00   clock clk (rise edge)
                          0.00    0.00   clock network delay (propagated)
                          4.00    4.00 ^ input external delay
                  0.02    0.01    4.01 ^ start (in)
     1    0.00                           start (net)
                  0.02    0.00    4.01 ^ input2/A (sky130_fd_sc_hd__buf_1)
                  0.08    0.10    4.11 ^ input2/X (sky130_fd_sc_hd__buf_1)
     2    0.01                           net2 (net)
                  0.08    0.00    4.11 ^ _170_/A (sky130_fd_sc_hd__inv_2)
                  0.03    0.04    4.15 v _170_/Y (sky130_fd_sc_hd__inv_2)
     2    0.00                           _095_ (net)
                  0.03    0.00    4.15 v _171_/A2 (sky130_fd_sc_hd__a21o_1)
                  0.03    0.17    4.32 v _171_/X (sky130_fd_sc_hd__a21o_1)
     1    0.00                           _006_ (net)
                  0.03    0.00    4.32 v _242_/D (sky130_fd_sc_hd__dfstp_1)
                                  4.32   data arrival time

                         20.00   20.00   clock clk (rise edge)
                          0.00   20.00   clock source latency
                  0.04    0.03   20.03 ^ clk (in)
     1    0.01                           clk (net)
                  0.04    0.00   20.03 ^ clkbuf_0_clk/A (sky130_fd_sc_hd__clkbuf_16)
                  0.05    0.13   20.15 ^ clkbuf_0_clk/X (sky130_fd_sc_hd__clkbuf_16)
     4    0.03                           clknet_0_clk (net)
                  0.05    0.00   20.15 ^ clkbuf_2_3__f_clk/A (sky130_fd_sc_hd__clkbuf_16)
                  0.04    0.12   20.27 ^ clkbuf_2_3__f_clk/X (sky130_fd_sc_hd__clkbuf_16)
     9    0.02                           clknet_2_3__leaf_clk (net)
                  0.04    0.00   20.27 ^ _242_/CLK (sky130_fd_sc_hd__dfstp_1)
                         -0.25   20.02   clock uncertainty
                          0.00   20.02   clock reconvergence pessimism
                         -0.07   19.96   library setup time
                                 19.96   data required time
-----------------------------------------------------------------------------
                                 19.96   data required time
                                 -4.32   data arrival time
-----------------------------------------------------------------------------
                                 15.64   slack (MET)


Startpoint: start (input port clocked by clk)
Endpoint: _244_ (rising edge-triggered flip-flop clocked by clk)
Path Group: clk
Path Type: max

Fanout     Cap    Slew   Delay    Time   Description
-----------------------------------------------------------------------------
                          0.00    0.00   clock clk (rise edge)
                          0.00    0.00   clock network delay (propagated)
                          4.00    4.00 ^ input external delay
                  0.02    0.01    4.01 ^ start (in)
     1    0.00                           start (net)
                  0.02    0.00    4.01 ^ input2/A (sky130_fd_sc_hd__buf_1)
                  0.08    0.10    4.11 ^ input2/X (sky130_fd_sc_hd__buf_1)
     2    0.01                           net2 (net)
                  0.08    0.00    4.11 ^ _170_/A (sky130_fd_sc_hd__inv_2)
                  0.03    0.04    4.15 v _170_/Y (sky130_fd_sc_hd__inv_2)
     2    0.00                           _095_ (net)
                  0.03    0.00    4.15 v _176_/B (sky130_fd_sc_hd__nor2_1)
                  0.07    0.07    4.22 ^ _176_/Y (sky130_fd_sc_hd__nor2_1)
     1    0.00                           _002_ (net)
                  0.07    0.00    4.22 ^ _244_/D (sky130_fd_sc_hd__dfrtp_1)
                                  4.22   data arrival time

                         20.00   20.00   clock clk (rise edge)
                          0.00   20.00   clock source latency
                  0.04    0.03   20.03 ^ clk (in)
     1    0.01                           clk (net)
                  0.04    0.00   20.03 ^ clkbuf_0_clk/A (sky130_fd_sc_hd__clkbuf_16)
                  0.05    0.13   20.15 ^ clkbuf_0_clk/X (sky130_fd_sc_hd__clkbuf_16)
     4    0.03                           clknet_0_clk (net)
                  0.05    0.00   20.15 ^ clkbuf_2_3__f_clk/A (sky130_fd_sc_hd__clkbuf_16)
                  0.04    0.12   20.27 ^ clkbuf_2_3__f_clk/X (sky130_fd_sc_hd__clkbuf_16)
     9    0.02                           clknet_2_3__leaf_clk (net)
                  0.04    0.00   20.27 ^ _244_/CLK (sky130_fd_sc_hd__dfrtp_1)
                         -0.25   20.02   clock uncertainty
                          0.00   20.02   clock reconvergence pessimism
                         -0.07   19.96   library setup time
                                 19.96   data required time
-----------------------------------------------------------------------------
                                 19.96   data required time
                                 -4.22   data arrival time
-----------------------------------------------------------------------------
                                 15.74   slack (MET)


Startpoint: reset (input port clocked by clk)
Endpoint: _237_ (recovery check against rising-edge clock clk)
Path Group: asynchronous
Path Type: max

Fanout     Cap    Slew   Delay    Time   Description
-----------------------------------------------------------------------------
                          0.00    0.00   clock clk (rise edge)
                          0.00    0.00   clock network delay (propagated)
                          4.00    4.00 v input external delay
                  0.01    0.00    4.00 v reset (in)
     1    0.00                           reset (net)
                  0.01    0.00    4.00 v input1/A (sky130_fd_sc_hd__clkbuf_4)
                  0.07    0.16    4.16 v input1/X (sky130_fd_sc_hd__clkbuf_4)
     7    0.03                           net1 (net)
                  0.07    0.00    4.16 v _186_/A (sky130_fd_sc_hd__buf_4)
                  0.07    0.20    4.36 v _186_/X (sky130_fd_sc_hd__buf_4)
    10    0.04                           _102_ (net)
                  0.07    0.00    4.36 v _193_/A (sky130_fd_sc_hd__inv_2)
                  0.03    0.05    4.42 ^ _193_/Y (sky130_fd_sc_hd__inv_2)
     1    0.00                           _015_ (net)
                  0.03    0.00    4.42 ^ _237_/SET_B (sky130_fd_sc_hd__dfstp_1)
                                  4.42   data arrival time

                         20.00   20.00   clock clk (rise edge)
                          0.00   20.00   clock source latency
                  0.04    0.03   20.03 ^ clk (in)
     1    0.01                           clk (net)
                  0.04    0.00   20.03 ^ clkbuf_0_clk/A (sky130_fd_sc_hd__clkbuf_16)
                  0.05    0.13   20.15 ^ clkbuf_0_clk/X (sky130_fd_sc_hd__clkbuf_16)
     4    0.03                           clknet_0_clk (net)
                  0.05    0.00   20.15 ^ clkbuf_2_3__f_clk/A (sky130_fd_sc_hd__clkbuf_16)
                  0.04    0.12   20.27 ^ clkbuf_2_3__f_clk/X (sky130_fd_sc_hd__clkbuf_16)
     9    0.02                           clknet_2_3__leaf_clk (net)
                  0.04    0.00   20.27 ^ _237_/CLK (sky130_fd_sc_hd__dfstp_1)
                         -0.25   20.02   clock uncertainty
                          0.00   20.02   clock reconvergence pessimism
                          0.14   20.16   library recovery time
                                 20.16   data required time
-----------------------------------------------------------------------------
                                 20.16   data required time
                                 -4.42   data arrival time
-----------------------------------------------------------------------------
                                 15.75   slack (MET)


Startpoint: reset (input port clocked by clk)
Endpoint: _242_ (recovery check against rising-edge clock clk)
Path Group: asynchronous
Path Type: max

Fanout     Cap    Slew   Delay    Time   Description
-----------------------------------------------------------------------------
                          0.00    0.00   clock clk (rise edge)
                          0.00    0.00   clock network delay (propagated)
                          4.00    4.00 v input external delay
                  0.01    0.00    4.00 v reset (in)
     1    0.00                           reset (net)
                  0.01    0.00    4.00 v input1/A (sky130_fd_sc_hd__clkbuf_4)
                  0.07    0.16    4.16 v input1/X (sky130_fd_sc_hd__clkbuf_4)
     7    0.03                           net1 (net)
                  0.07    0.00    4.16 v _197_/A (sky130_fd_sc_hd__buf_4)
                  0.07    0.20    4.36 v _197_/X (sky130_fd_sc_hd__buf_4)
    10    0.04                           _103_ (net)
                  0.07    0.00    4.36 v _199_/A (sky130_fd_sc_hd__inv_2)
                  0.03    0.05    4.42 ^ _199_/Y (sky130_fd_sc_hd__inv_2)
     1    0.00                           _020_ (net)
                  0.03    0.00    4.42 ^ _242_/SET_B (sky130_fd_sc_hd__dfstp_1)
                                  4.42   data arrival time

                         20.00   20.00   clock clk (rise edge)
                          0.00   20.00   clock source latency
                  0.04    0.03   20.03 ^ clk (in)
     1    0.01                           clk (net)
                  0.04    0.00   20.03 ^ clkbuf_0_clk/A (sky130_fd_sc_hd__clkbuf_16)
                  0.05    0.13   20.15 ^ clkbuf_0_clk/X (sky130_fd_sc_hd__clkbuf_16)
     4    0.03                           clknet_0_clk (net)
                  0.05    0.00   20.15 ^ clkbuf_2_3__f_clk/A (sky130_fd_sc_hd__clkbuf_16)
                  0.04    0.12   20.27 ^ clkbuf_2_3__f_clk/X (sky130_fd_sc_hd__clkbuf_16)
     9    0.02                           clknet_2_3__leaf_clk (net)
                  0.04    0.00   20.27 ^ _242_/CLK (sky130_fd_sc_hd__dfstp_1)
                         -0.25   20.02   clock uncertainty
                          0.00   20.02   clock reconvergence pessimism
                          0.14   20.16   library recovery time
                                 20.16   data required time
-----------------------------------------------------------------------------
                                 20.16   data required time
                                 -4.42   data arrival time
-----------------------------------------------------------------------------
                                 15.75   slack (MET)


Startpoint: reset (input port clocked by clk)
Endpoint: _234_ (recovery check against rising-edge clock clk)
Path Group: asynchronous
Path Type: max

Fanout     Cap    Slew   Delay    Time   Description
-----------------------------------------------------------------------------
                          0.00    0.00   clock clk (rise edge)
                          0.00    0.00   clock network delay (propagated)
                          4.00    4.00 v input external delay
                  0.01    0.00    4.00 v reset (in)
     1    0.00                           reset (net)
                  0.01    0.00    4.00 v input1/A (sky130_fd_sc_hd__clkbuf_4)
                  0.07    0.16    4.16 v input1/X (sky130_fd_sc_hd__clkbuf_4)
     7    0.03                           net1 (net)
                  0.07    0.00    4.16 v _186_/A (sky130_fd_sc_hd__buf_4)
                  0.07    0.20    4.36 v _186_/X (sky130_fd_sc_hd__buf_4)
    10    0.04                           _102_ (net)
                  0.07    0.00    4.36 v _190_/A (sky130_fd_sc_hd__inv_2)
                  0.03    0.05    4.42 ^ _190_/Y (sky130_fd_sc_hd__inv_2)
     1    0.00                           _012_ (net)
                  0.03    0.00    4.42 ^ _234_/RESET_B (sky130_fd_sc_hd__dfrtp_4)
                                  4.42   data arrival time

                         20.00   20.00   clock clk (rise edge)
                          0.00   20.00   clock source latency
                  0.04    0.03   20.03 ^ clk (in)
     1    0.01                           clk (net)
                  0.04    0.00   20.03 ^ clkbuf_0_clk/A (sky130_fd_sc_hd__clkbuf_16)
                  0.05    0.13   20.15 ^ clkbuf_0_clk/X (sky130_fd_sc_hd__clkbuf_16)
     4    0.03                           clknet_0_clk (net)
                  0.05    0.00   20.15 ^ clkbuf_2_3__f_clk/A (sky130_fd_sc_hd__clkbuf_16)
                  0.04    0.12   20.27 ^ clkbuf_2_3__f_clk/X (sky130_fd_sc_hd__clkbuf_16)
     9    0.02                           clknet_2_3__leaf_clk (net)
                  0.04    0.00   20.27 ^ _234_/CLK (sky130_fd_sc_hd__dfrtp_4)
                         -0.25   20.02   clock uncertainty
                          0.00   20.02   clock reconvergence pessimism
                          0.22   20.24   library recovery time
                                 20.24   data required time
-----------------------------------------------------------------------------
                                 20.24   data required time
                                 -4.42   data arrival time
-----------------------------------------------------------------------------
                                 15.83   slack (MET)


Startpoint: reset (input port clocked by clk)
Endpoint: _235_ (recovery check against rising-edge clock clk)
Path Group: asynchronous
Path Type: max

Fanout     Cap    Slew   Delay    Time   Description
-----------------------------------------------------------------------------
                          0.00    0.00   clock clk (rise edge)
                          0.00    0.00   clock network delay (propagated)
                          4.00    4.00 v input external delay
                  0.01    0.00    4.00 v reset (in)
     1    0.00                           reset (net)
                  0.01    0.00    4.00 v input1/A (sky130_fd_sc_hd__clkbuf_4)
                  0.07    0.16    4.16 v input1/X (sky130_fd_sc_hd__clkbuf_4)
     7    0.03                           net1 (net)
                  0.07    0.00    4.16 v _186_/A (sky130_fd_sc_hd__buf_4)
                  0.07    0.20    4.36 v _186_/X (sky130_fd_sc_hd__buf_4)
    10    0.04                           _102_ (net)
                  0.07    0.00    4.36 v _191_/A (sky130_fd_sc_hd__inv_2)
                  0.03    0.05    4.42 ^ _191_/Y (sky130_fd_sc_hd__inv_2)
     1    0.00                           _013_ (net)
                  0.03    0.00    4.42 ^ _235_/RESET_B (sky130_fd_sc_hd__dfrtp_4)
                                  4.42   data arrival time

                         20.00   20.00   clock clk (rise edge)
                          0.00   20.00   clock source latency
                  0.04    0.03   20.03 ^ clk (in)
     1    0.01                           clk (net)
                  0.04    0.00   20.03 ^ clkbuf_0_clk/A (sky130_fd_sc_hd__clkbuf_16)
                  0.05    0.13   20.15 ^ clkbuf_0_clk/X (sky130_fd_sc_hd__clkbuf_16)
     4    0.03                           clknet_0_clk (net)
                  0.05    0.00   20.15 ^ clkbuf_2_3__f_clk/A (sky130_fd_sc_hd__clkbuf_16)
                  0.04    0.12   20.27 ^ clkbuf_2_3__f_clk/X (sky130_fd_sc_hd__clkbuf_16)
     9    0.02                           clknet_2_3__leaf_clk (net)
                  0.04    0.00   20.27 ^ _235_/CLK (sky130_fd_sc_hd__dfrtp_4)
                         -0.25   20.02   clock uncertainty
                          0.00   20.02   clock reconvergence pessimism
                          0.22   20.24   library recovery time
                                 20.24   data required time
-----------------------------------------------------------------------------
                                 20.24   data required time
                                 -4.42   data arrival time
-----------------------------------------------------------------------------
                                 15.83   slack (MET)


Startpoint: reset (input port clocked by clk)
Endpoint: _243_ (recovery check against rising-edge clock clk)
Path Group: asynchronous
Path Type: max

Fanout     Cap    Slew   Delay    Time   Description
-----------------------------------------------------------------------------
                          0.00    0.00   clock clk (rise edge)
                          0.00    0.00   clock network delay (propagated)
                          4.00    4.00 v input external delay
                  0.01    0.00    4.00 v reset (in)
     1    0.00                           reset (net)
                  0.01    0.00    4.00 v input1/A (sky130_fd_sc_hd__clkbuf_4)
                  0.07    0.16    4.16 v input1/X (sky130_fd_sc_hd__clkbuf_4)
     7    0.03                           net1 (net)
                  0.07    0.00    4.16 v _197_/A (sky130_fd_sc_hd__buf_4)
                  0.07    0.20    4.36 v _197_/X (sky130_fd_sc_hd__buf_4)
    10    0.04                           _103_ (net)
                  0.07    0.00    4.36 v _200_/A (sky130_fd_sc_hd__inv_2)
                  0.03    0.05    4.42 ^ _200_/Y (sky130_fd_sc_hd__inv_2)
     1    0.00                           _021_ (net)
                  0.03    0.00    4.42 ^ _243_/RESET_B (sky130_fd_sc_hd__dfrtp_4)
                                  4.42   data arrival time

                         20.00   20.00   clock clk (rise edge)
                          0.00   20.00   clock source latency
                  0.04    0.03   20.03 ^ clk (in)
     1    0.01                           clk (net)
                  0.04    0.00   20.03 ^ clkbuf_0_clk/A (sky130_fd_sc_hd__clkbuf_16)
                  0.05    0.13   20.15 ^ clkbuf_0_clk/X (sky130_fd_sc_hd__clkbuf_16)
     4    0.03                           clknet_0_clk (net)
                  0.05    0.00   20.15 ^ clkbuf_2_3__f_clk/A (sky130_fd_sc_hd__clkbuf_16)
                  0.04    0.12   20.27 ^ clkbuf_2_3__f_clk/X (sky130_fd_sc_hd__clkbuf_16)
     9    0.02                           clknet_2_3__leaf_clk (net)
                  0.04    0.00   20.27 ^ _243_/CLK (sky130_fd_sc_hd__dfrtp_4)
                         -0.25   20.02   clock uncertainty
                          0.00   20.02   clock reconvergence pessimism
                          0.22   20.24   library recovery time
                                 20.24   data required time
-----------------------------------------------------------------------------
                                 20.24   data required time
                                 -4.42   data arrival time
-----------------------------------------------------------------------------
                                 15.83   slack (MET)


Startpoint: reset (input port clocked by clk)
Endpoint: _240_ (recovery check against rising-edge clock clk)
Path Group: asynchronous
Path Type: max

Fanout     Cap    Slew   Delay    Time   Description
-----------------------------------------------------------------------------
                          0.00    0.00   clock clk (rise edge)
                          0.00    0.00   clock network delay (propagated)
                          4.00    4.00 v input external delay
                  0.01    0.00    4.00 v reset (in)
     1    0.00                           reset (net)
                  0.01    0.00    4.00 v input1/A (sky130_fd_sc_hd__clkbuf_4)
                  0.07    0.16    4.16 v input1/X (sky130_fd_sc_hd__clkbuf_4)
     7    0.03                           net1 (net)
                  0.07    0.00    4.16 v _186_/A (sky130_fd_sc_hd__buf_4)
                  0.07    0.20    4.36 v _186_/X (sky130_fd_sc_hd__buf_4)
    10    0.04                           _102_ (net)
                  0.07    0.00    4.36 v _196_/A (sky130_fd_sc_hd__inv_2)
                  0.03    0.05    4.42 ^ _196_/Y (sky130_fd_sc_hd__inv_2)
     1    0.00                           _018_ (net)
                  0.03    0.00    4.42 ^ _240_/RESET_B (sky130_fd_sc_hd__dfrtp_4)
                                  4.42   data arrival time

                         20.00   20.00   clock clk (rise edge)
                          0.00   20.00   clock source latency
                  0.04    0.03   20.03 ^ clk (in)
     1    0.01                           clk (net)
                  0.04    0.00   20.03 ^ clkbuf_0_clk/A (sky130_fd_sc_hd__clkbuf_16)
                  0.05    0.13   20.15 ^ clkbuf_0_clk/X (sky130_fd_sc_hd__clkbuf_16)
     4    0.03                           clknet_0_clk (net)
                  0.05    0.00   20.15 ^ clkbuf_2_0__f_clk/A (sky130_fd_sc_hd__clkbuf_16)
                  0.04    0.12   20.27 ^ clkbuf_2_0__f_clk/X (sky130_fd_sc_hd__clkbuf_16)
     9    0.02                           clknet_2_0__leaf_clk (net)
                  0.04    0.00   20.27 ^ _240_/CLK (sky130_fd_sc_hd__dfrtp_4)
                         -0.25   20.02   clock uncertainty
                          0.00   20.02   clock reconvergence pessimism
                          0.22   20.24   library recovery time
                                 20.24   data required time
-----------------------------------------------------------------------------
                                 20.24   data required time
                                 -4.42   data arrival time
-----------------------------------------------------------------------------
                                 15.83   slack (MET)


Startpoint: reset (input port clocked by clk)
Endpoint: _241_ (recovery check against rising-edge clock clk)
Path Group: asynchronous
Path Type: max

Fanout     Cap    Slew   Delay    Time   Description
-----------------------------------------------------------------------------
                          0.00    0.00   clock clk (rise edge)
                          0.00    0.00   clock network delay (propagated)
                          4.00    4.00 v input external delay
                  0.01    0.00    4.00 v reset (in)
     1    0.00                           reset (net)
                  0.01    0.00    4.00 v input1/A (sky130_fd_sc_hd__clkbuf_4)
                  0.07    0.16    4.16 v input1/X (sky130_fd_sc_hd__clkbuf_4)
     7    0.03                           net1 (net)
                  0.07    0.00    4.16 v _197_/A (sky130_fd_sc_hd__buf_4)
                  0.07    0.20    4.36 v _197_/X (sky130_fd_sc_hd__buf_4)
    10    0.04                           _103_ (net)
                  0.07    0.00    4.36 v _198_/A (sky130_fd_sc_hd__inv_2)
                  0.03    0.05    4.42 ^ _198_/Y (sky130_fd_sc_hd__inv_2)
     1    0.00                           _019_ (net)
                  0.03    0.00    4.42 ^ _241_/RESET_B (sky130_fd_sc_hd__dfrtp_4)
                                  4.42   data arrival time

                         20.00   20.00   clock clk (rise edge)
                          0.00   20.00   clock source latency
                  0.04    0.03   20.03 ^ clk (in)
     1    0.01                           clk (net)
                  0.04    0.00   20.03 ^ clkbuf_0_clk/A (sky130_fd_sc_hd__clkbuf_16)
                  0.05    0.13   20.15 ^ clkbuf_0_clk/X (sky130_fd_sc_hd__clkbuf_16)
     4    0.03                           clknet_0_clk (net)
                  0.05    0.00   20.15 ^ clkbuf_2_0__f_clk/A (sky130_fd_sc_hd__clkbuf_16)
                  0.04    0.12   20.27 ^ clkbuf_2_0__f_clk/X (sky130_fd_sc_hd__clkbuf_16)
     9    0.02                           clknet_2_0__leaf_clk (net)
                  0.04    0.00   20.27 ^ _241_/CLK (sky130_fd_sc_hd__dfrtp_4)
                         -0.25   20.02   clock uncertainty
                          0.00   20.02   clock reconvergence pessimism
                          0.22   20.24   library recovery time
                                 20.24   data required time
-----------------------------------------------------------------------------
                                 20.24   data required time
                                 -4.42   data arrival time
-----------------------------------------------------------------------------
                                 15.83   slack (MET)


Startpoint: reset (input port clocked by clk)
Endpoint: _231_ (recovery check against rising-edge clock clk)
Path Group: asynchronous
Path Type: max

Fanout     Cap    Slew   Delay    Time   Description
-----------------------------------------------------------------------------
                          0.00    0.00   clock clk (rise edge)
                          0.00    0.00   clock network delay (propagated)
                          4.00    4.00 v input external delay
                  0.01    0.00    4.00 v reset (in)
     1    0.00                           reset (net)
                  0.01    0.00    4.00 v input1/A (sky130_fd_sc_hd__clkbuf_4)
                  0.07    0.16    4.16 v input1/X (sky130_fd_sc_hd__clkbuf_4)
     7    0.03                           net1 (net)
                  0.07    0.00    4.16 v _186_/A (sky130_fd_sc_hd__buf_4)
                  0.07    0.20    4.36 v _186_/X (sky130_fd_sc_hd__buf_4)
    10    0.04                           _102_ (net)
                  0.07    0.00    4.36 v _187_/A (sky130_fd_sc_hd__inv_2)
                  0.03    0.05    4.42 ^ _187_/Y (sky130_fd_sc_hd__inv_2)
     1    0.00                           _009_ (net)
                  0.03    0.00    4.42 ^ _231_/RESET_B (sky130_fd_sc_hd__dfrtp_2)
                                  4.42   data arrival time

                         20.00   20.00   clock clk (rise edge)
                          0.00   20.00   clock source latency
                  0.04    0.03   20.03 ^ clk (in)
     1    0.01                           clk (net)
                  0.04    0.00   20.03 ^ clkbuf_0_clk/A (sky130_fd_sc_hd__clkbuf_16)
                  0.05    0.13   20.15 ^ clkbuf_0_clk/X (sky130_fd_sc_hd__clkbuf_16)
     4    0.03                           clknet_0_clk (net)
                  0.05    0.00   20.15 ^ clkbuf_2_0__f_clk/A (sky130_fd_sc_hd__clkbuf_16)
                  0.04    0.12   20.27 ^ clkbuf_2_0__f_clk/X (sky130_fd_sc_hd__clkbuf_16)
     9    0.02                           clknet_2_0__leaf_clk (net)
                  0.04    0.00   20.27 ^ _231_/CLK (sky130_fd_sc_hd__dfrtp_2)
                         -0.25   20.02   clock uncertainty
                          0.00   20.02   clock reconvergence pessimism
                          0.22   20.25   library recovery time
                                 20.25   data required time
-----------------------------------------------------------------------------
                                 20.25   data required time
                                 -4.42   data arrival time
-----------------------------------------------------------------------------
                                 15.83   slack (MET)


Startpoint: reset (input port clocked by clk)
Endpoint: _232_ (recovery check against rising-edge clock clk)
Path Group: asynchronous
Path Type: max

Fanout     Cap    Slew   Delay    Time   Description
-----------------------------------------------------------------------------
                          0.00    0.00   clock clk (rise edge)
                          0.00    0.00   clock network delay (propagated)
                          4.00    4.00 v input external delay
                  0.01    0.00    4.00 v reset (in)
     1    0.00                           reset (net)
                  0.01    0.00    4.00 v input1/A (sky130_fd_sc_hd__clkbuf_4)
                  0.07    0.16    4.16 v input1/X (sky130_fd_sc_hd__clkbuf_4)
     7    0.03                           net1 (net)
                  0.07    0.00    4.16 v _186_/A (sky130_fd_sc_hd__buf_4)
                  0.07    0.20    4.36 v _186_/X (sky130_fd_sc_hd__buf_4)
    10    0.04                           _102_ (net)
                  0.07    0.00    4.36 v _188_/A (sky130_fd_sc_hd__inv_2)
                  0.03    0.05    4.42 ^ _188_/Y (sky130_fd_sc_hd__inv_2)
     1    0.00                           _010_ (net)
                  0.03    0.00    4.42 ^ _232_/RESET_B (sky130_fd_sc_hd__dfrtp_1)
                                  4.42   data arrival time

                         20.00   20.00   clock clk (rise edge)
                          0.00   20.00   clock source latency
                  0.04    0.03   20.03 ^ clk (in)
     1    0.01                           clk (net)
                  0.04    0.00   20.03 ^ clkbuf_0_clk/A (sky130_fd_sc_hd__clkbuf_16)
                  0.05    0.13   20.15 ^ clkbuf_0_clk/X (sky130_fd_sc_hd__clkbuf_16)
     4    0.03                           clknet_0_clk (net)
                  0.05    0.00   20.15 ^ clkbuf_2_2__f_clk/A (sky130_fd_sc_hd__clkbuf_16)
                  0.03    0.11   20.27 ^ clkbuf_2_2__f_clk/X (sky130_fd_sc_hd__clkbuf_16)
     6    0.01                           clknet_2_2__leaf_clk (net)
                  0.03    0.00   20.27 ^ _232_/CLK (sky130_fd_sc_hd__dfrtp_1)
                         -0.25   20.02   clock uncertainty
                          0.00   20.02   clock reconvergence pessimism
                          0.23   20.25   library recovery time
                                 20.25   data required time
-----------------------------------------------------------------------------
                                 20.25   data required time
                                 -4.42   data arrival time
-----------------------------------------------------------------------------
                                 15.83   slack (MET)


Startpoint: reset (input port clocked by clk)
Endpoint: _233_ (recovery check against rising-edge clock clk)
Path Group: asynchronous
Path Type: max

Fanout     Cap    Slew   Delay    Time   Description
-----------------------------------------------------------------------------
                          0.00    0.00   clock clk (rise edge)
                          0.00    0.00   clock network delay (propagated)
                          4.00    4.00 v input external delay
                  0.01    0.00    4.00 v reset (in)
     1    0.00                           reset (net)
                  0.01    0.00    4.00 v input1/A (sky130_fd_sc_hd__clkbuf_4)
                  0.07    0.16    4.16 v input1/X (sky130_fd_sc_hd__clkbuf_4)
     7    0.03                           net1 (net)
                  0.07    0.00    4.16 v _186_/A (sky130_fd_sc_hd__buf_4)
                  0.07    0.20    4.36 v _186_/X (sky130_fd_sc_hd__buf_4)
    10    0.04                           _102_ (net)
                  0.07    0.00    4.36 v _189_/A (sky130_fd_sc_hd__inv_2)
                  0.03    0.05    4.42 ^ _189_/Y (sky130_fd_sc_hd__inv_2)
     1    0.00                           _011_ (net)
                  0.03    0.00    4.42 ^ _233_/RESET_B (sky130_fd_sc_hd__dfrtp_1)
                                  4.42   data arrival time

                         20.00   20.00   clock clk (rise edge)
                          0.00   20.00   clock source latency
                  0.04    0.03   20.03 ^ clk (in)
     1    0.01                           clk (net)
                  0.04    0.00   20.03 ^ clkbuf_0_clk/A (sky130_fd_sc_hd__clkbuf_16)
                  0.05    0.13   20.15 ^ clkbuf_0_clk/X (sky130_fd_sc_hd__clkbuf_16)
     4    0.03                           clknet_0_clk (net)
                  0.05    0.00   20.15 ^ clkbuf_2_2__f_clk/A (sky130_fd_sc_hd__clkbuf_16)
                  0.03    0.11   20.27 ^ clkbuf_2_2__f_clk/X (sky130_fd_sc_hd__clkbuf_16)
     6    0.01                           clknet_2_2__leaf_clk (net)
                  0.03    0.00   20.27 ^ _233_/CLK (sky130_fd_sc_hd__dfrtp_1)
                         -0.25   20.02   clock uncertainty
                          0.00   20.02   clock reconvergence pessimism
                          0.23   20.25   library recovery time
                                 20.25   data required time
-----------------------------------------------------------------------------
                                 20.25   data required time
                                 -4.42   data arrival time
-----------------------------------------------------------------------------
                                 15.83   slack (MET)


Startpoint: reset (input port clocked by clk)
Endpoint: _238_ (recovery check against rising-edge clock clk)
Path Group: asynchronous
Path Type: max

Fanout     Cap    Slew   Delay    Time   Description
-----------------------------------------------------------------------------
                          0.00    0.00   clock clk (rise edge)
                          0.00    0.00   clock network delay (propagated)
                          4.00    4.00 v input external delay
                  0.01    0.00    4.00 v reset (in)
     1    0.00                           reset (net)
                  0.01    0.00    4.00 v input1/A (sky130_fd_sc_hd__clkbuf_4)
                  0.07    0.16    4.16 v input1/X (sky130_fd_sc_hd__clkbuf_4)
     7    0.03                           net1 (net)
                  0.07    0.00    4.16 v _186_/A (sky130_fd_sc_hd__buf_4)
                  0.07    0.20    4.36 v _186_/X (sky130_fd_sc_hd__buf_4)
    10    0.04                           _102_ (net)
                  0.07    0.00    4.36 v _194_/A (sky130_fd_sc_hd__inv_2)
                  0.03    0.05    4.42 ^ _194_/Y (sky130_fd_sc_hd__inv_2)
     1    0.00                           _016_ (net)
                  0.03    0.00    4.42 ^ _238_/RESET_B (sky130_fd_sc_hd__dfrtp_1)
                                  4.42   data arrival time

                         20.00   20.00   clock clk (rise edge)
                          0.00   20.00   clock source latency
                  0.04    0.03   20.03 ^ clk (in)
     1    0.01                           clk (net)
                  0.04    0.00   20.03 ^ clkbuf_0_clk/A (sky130_fd_sc_hd__clkbuf_16)
                  0.05    0.13   20.15 ^ clkbuf_0_clk/X (sky130_fd_sc_hd__clkbuf_16)
     4    0.03                           clknet_0_clk (net)
                  0.05    0.00   20.15 ^ clkbuf_2_2__f_clk/A (sky130_fd_sc_hd__clkbuf_16)
                  0.03    0.11   20.27 ^ clkbuf_2_2__f_clk/X (sky130_fd_sc_hd__clkbuf_16)
     6    0.01                           clknet_2_2__leaf_clk (net)
                  0.03    0.00   20.27 ^ _238_/CLK (sky130_fd_sc_hd__dfrtp_1)
                         -0.25   20.02   clock uncertainty
                          0.00   20.02   clock reconvergence pessimism
                          0.23   20.25   library recovery time
                                 20.25   data required time
-----------------------------------------------------------------------------
                                 20.25   data required time
                                 -4.42   data arrival time
-----------------------------------------------------------------------------
                                 15.83   slack (MET)


Startpoint: reset (input port clocked by clk)
Endpoint: _247_ (recovery check against rising-edge clock clk)
Path Group: asynchronous
Path Type: max

Fanout     Cap    Slew   Delay    Time   Description
-----------------------------------------------------------------------------
                          0.00    0.00   clock clk (rise edge)
                          0.00    0.00   clock network delay (propagated)
                          4.00    4.00 v input external delay
                  0.01    0.00    4.00 v reset (in)
     1    0.00                           reset (net)
                  0.01    0.00    4.00 v input1/A (sky130_fd_sc_hd__clkbuf_4)
                  0.07    0.16    4.16 v input1/X (sky130_fd_sc_hd__clkbuf_4)
     7    0.03                           net1 (net)
                  0.07    0.00    4.16 v _197_/A (sky130_fd_sc_hd__buf_4)
                  0.07    0.20    4.36 v _197_/X (sky130_fd_sc_hd__buf_4)
    10    0.04                           _103_ (net)
                  0.07    0.00    4.36 v _204_/A (sky130_fd_sc_hd__inv_2)
                  0.03    0.05    4.42 ^ _204_/Y (sky130_fd_sc_hd__inv_2)
     1    0.00                           _025_ (net)
                  0.03    0.00    4.42 ^ _247_/RESET_B (sky130_fd_sc_hd__dfrtp_1)
                                  4.42   data arrival time

                         20.00   20.00   clock clk (rise edge)
                          0.00   20.00   clock source latency
                  0.04    0.03   20.03 ^ clk (in)
     1    0.01                           clk (net)
                  0.04    0.00   20.03 ^ clkbuf_0_clk/A (sky130_fd_sc_hd__clkbuf_16)
                  0.05    0.13   20.15 ^ clkbuf_0_clk/X (sky130_fd_sc_hd__clkbuf_16)
     4    0.03                           clknet_0_clk (net)
                  0.05    0.00   20.15 ^ clkbuf_2_2__f_clk/A (sky130_fd_sc_hd__clkbuf_16)
                  0.03    0.11   20.27 ^ clkbuf_2_2__f_clk/X (sky130_fd_sc_hd__clkbuf_16)
     6    0.01                           clknet_2_2__leaf_clk (net)
                  0.03    0.00   20.27 ^ _247_/CLK (sky130_fd_sc_hd__dfrtp_1)
                         -0.25   20.02   clock uncertainty
                          0.00   20.02   clock reconvergence pessimism
                          0.23   20.25   library recovery time
                                 20.25   data required time
-----------------------------------------------------------------------------
                                 20.25   data required time
                                 -4.42   data arrival time
-----------------------------------------------------------------------------
                                 15.83   slack (MET)


Startpoint: reset (input port clocked by clk)
Endpoint: _236_ (recovery check against rising-edge clock clk)
Path Group: asynchronous
Path Type: max

Fanout     Cap    Slew   Delay    Time   Description
-----------------------------------------------------------------------------
                          0.00    0.00   clock clk (rise edge)
                          0.00    0.00   clock network delay (propagated)
                          4.00    4.00 v input external delay
                  0.01    0.00    4.00 v reset (in)
     1    0.00                           reset (net)
                  0.01    0.00    4.00 v input1/A (sky130_fd_sc_hd__clkbuf_4)
                  0.07    0.16    4.16 v input1/X (sky130_fd_sc_hd__clkbuf_4)
     7    0.03                           net1 (net)
                  0.07    0.00    4.16 v _186_/A (sky130_fd_sc_hd__buf_4)
                  0.07    0.20    4.36 v _186_/X (sky130_fd_sc_hd__buf_4)
    10    0.04                           _102_ (net)
                  0.07    0.00    4.36 v _192_/A (sky130_fd_sc_hd__inv_2)
                  0.03    0.05    4.42 ^ _192_/Y (sky130_fd_sc_hd__inv_2)
     1    0.00                           _014_ (net)
                  0.03    0.00    4.42 ^ _236_/RESET_B (sky130_fd_sc_hd__dfrtp_1)
                                  4.42   data arrival time

                         20.00   20.00   clock clk (rise edge)
                          0.00   20.00   clock source latency
                  0.04    0.03   20.03 ^ clk (in)
     1    0.01                           clk (net)
                  0.04    0.00   20.03 ^ clkbuf_0_clk/A (sky130_fd_sc_hd__clkbuf_16)
                  0.05    0.13   20.15 ^ clkbuf_0_clk/X (sky130_fd_sc_hd__clkbuf_16)
     4    0.03                           clknet_0_clk (net)
                  0.05    0.00   20.15 ^ clkbuf_2_3__f_clk/A (sky130_fd_sc_hd__clkbuf_16)
                  0.04    0.12   20.27 ^ clkbuf_2_3__f_clk/X (sky130_fd_sc_hd__clkbuf_16)
     9    0.02                           clknet_2_3__leaf_clk (net)
                  0.04    0.00   20.27 ^ _236_/CLK (sky130_fd_sc_hd__dfrtp_1)
                         -0.25   20.02   clock uncertainty
                          0.00   20.02   clock reconvergence pessimism
                          0.23   20.26   library recovery time
                                 20.26   data required time
-----------------------------------------------------------------------------
                                 20.26   data required time
                                 -4.42   data arrival time
-----------------------------------------------------------------------------
                                 15.84   slack (MET)


Startpoint: reset (input port clocked by clk)
Endpoint: _244_ (recovery check against rising-edge clock clk)
Path Group: asynchronous
Path Type: max

Fanout     Cap    Slew   Delay    Time   Description
-----------------------------------------------------------------------------
                          0.00    0.00   clock clk (rise edge)
                          0.00    0.00   clock network delay (propagated)
                          4.00    4.00 v input external delay
                  0.01    0.00    4.00 v reset (in)
     1    0.00                           reset (net)
                  0.01    0.00    4.00 v input1/A (sky130_fd_sc_hd__clkbuf_4)
                  0.07    0.16    4.16 v input1/X (sky130_fd_sc_hd__clkbuf_4)
     7    0.03                           net1 (net)
                  0.07    0.00    4.16 v _197_/A (sky130_fd_sc_hd__buf_4)
                  0.07    0.20    4.36 v _197_/X (sky130_fd_sc_hd__buf_4)
    10    0.04                           _103_ (net)
                  0.07    0.00    4.36 v _201_/A (sky130_fd_sc_hd__inv_2)
                  0.03    0.05    4.42 ^ _201_/Y (sky130_fd_sc_hd__inv_2)
     1    0.00                           _022_ (net)
                  0.03    0.00    4.42 ^ _244_/RESET_B (sky130_fd_sc_hd__dfrtp_1)
                                  4.42   data arrival time

                         20.00   20.00   clock clk (rise edge)
                          0.00   20.00   clock source latency
                  0.04    0.03   20.03 ^ clk (in)
     1    0.01                           clk (net)
                  0.04    0.00   20.03 ^ clkbuf_0_clk/A (sky130_fd_sc_hd__clkbuf_16)
                  0.05    0.13   20.15 ^ clkbuf_0_clk/X (sky130_fd_sc_hd__clkbuf_16)
     4    0.03                           clknet_0_clk (net)
                  0.05    0.00   20.15 ^ clkbuf_2_3__f_clk/A (sky130_fd_sc_hd__clkbuf_16)
                  0.04    0.12   20.27 ^ clkbuf_2_3__f_clk/X (sky130_fd_sc_hd__clkbuf_16)
     9    0.02                           clknet_2_3__leaf_clk (net)
                  0.04    0.00   20.27 ^ _244_/CLK (sky130_fd_sc_hd__dfrtp_1)
                         -0.25   20.02   clock uncertainty
                          0.00   20.02   clock reconvergence pessimism
                          0.23   20.26   library recovery time
                                 20.26   data required time
-----------------------------------------------------------------------------
                                 20.26   data required time
                                 -4.42   data arrival time
-----------------------------------------------------------------------------
                                 15.84   slack (MET)


Startpoint: reset (input port clocked by clk)
Endpoint: _245_ (recovery check against rising-edge clock clk)
Path Group: asynchronous
Path Type: max

Fanout     Cap    Slew   Delay    Time   Description
-----------------------------------------------------------------------------
                          0.00    0.00   clock clk (rise edge)
                          0.00    0.00   clock network delay (propagated)
                          4.00    4.00 v input external delay
                  0.01    0.00    4.00 v reset (in)
     1    0.00                           reset (net)
                  0.01    0.00    4.00 v input1/A (sky130_fd_sc_hd__clkbuf_4)
                  0.07    0.16    4.16 v input1/X (sky130_fd_sc_hd__clkbuf_4)
     7    0.03                           net1 (net)
                  0.07    0.00    4.16 v _197_/A (sky130_fd_sc_hd__buf_4)
                  0.07    0.20    4.36 v _197_/X (sky130_fd_sc_hd__buf_4)
    10    0.04                           _103_ (net)
                  0.07    0.00    4.36 v _202_/A (sky130_fd_sc_hd__inv_2)
                  0.03    0.05    4.42 ^ _202_/Y (sky130_fd_sc_hd__inv_2)
     1    0.00                           _023_ (net)
                  0.03    0.00    4.42 ^ _245_/RESET_B (sky130_fd_sc_hd__dfrtp_1)
                                  4.42   data arrival time

                         20.00   20.00   clock clk (rise edge)
                          0.00   20.00   clock source latency
                  0.04    0.03   20.03 ^ clk (in)
     1    0.01                           clk (net)
                  0.04    0.00   20.03 ^ clkbuf_0_clk/A (sky130_fd_sc_hd__clkbuf_16)
                  0.05    0.13   20.15 ^ clkbuf_0_clk/X (sky130_fd_sc_hd__clkbuf_16)
     4    0.03                           clknet_0_clk (net)
                  0.05    0.00   20.15 ^ clkbuf_2_3__f_clk/A (sky130_fd_sc_hd__clkbuf_16)
                  0.04    0.12   20.27 ^ clkbuf_2_3__f_clk/X (sky130_fd_sc_hd__clkbuf_16)
     9    0.02                           clknet_2_3__leaf_clk (net)
                  0.04    0.00   20.27 ^ _245_/CLK (sky130_fd_sc_hd__dfrtp_1)
                         -0.25   20.02   clock uncertainty
                          0.00   20.02   clock reconvergence pessimism
                          0.23   20.26   library recovery time
                                 20.26   data required time
-----------------------------------------------------------------------------
                                 20.26   data required time
                                 -4.42   data arrival time
-----------------------------------------------------------------------------
                                 15.84   slack (MET)


Startpoint: reset (input port clocked by clk)
Endpoint: _239_ (recovery check against rising-edge clock clk)
Path Group: asynchronous
Path Type: max

Fanout     Cap    Slew   Delay    Time   Description
-----------------------------------------------------------------------------
                          0.00    0.00   clock clk (rise edge)
                          0.00    0.00   clock network delay (propagated)
                          4.00    4.00 v input external delay
                  0.01    0.00    4.00 v reset (in)
     1    0.00                           reset (net)
                  0.01    0.00    4.00 v input1/A (sky130_fd_sc_hd__clkbuf_4)
                  0.07    0.16    4.16 v input1/X (sky130_fd_sc_hd__clkbuf_4)
     7    0.03                           net1 (net)
                  0.07    0.00    4.16 v _186_/A (sky130_fd_sc_hd__buf_4)
                  0.07    0.20    4.36 v _186_/X (sky130_fd_sc_hd__buf_4)
    10    0.04                           _102_ (net)
                  0.07    0.00    4.36 v _195_/A (sky130_fd_sc_hd__inv_2)
                  0.03    0.05    4.42 ^ _195_/Y (sky130_fd_sc_hd__inv_2)
     1    0.00                           _017_ (net)
                  0.03    0.00    4.42 ^ _239_/RESET_B (sky130_fd_sc_hd__dfrtp_1)
                                  4.42   data arrival time

                         20.00   20.00   clock clk (rise edge)
                          0.00   20.00   clock source latency
                  0.04    0.03   20.03 ^ clk (in)
     1    0.01                           clk (net)
                  0.04    0.00   20.03 ^ clkbuf_0_clk/A (sky130_fd_sc_hd__clkbuf_16)
                  0.05    0.13   20.15 ^ clkbuf_0_clk/X (sky130_fd_sc_hd__clkbuf_16)
     4    0.03                           clknet_0_clk (net)
                  0.05    0.00   20.15 ^ clkbuf_2_0__f_clk/A (sky130_fd_sc_hd__clkbuf_16)
                  0.04    0.12   20.27 ^ clkbuf_2_0__f_clk/X (sky130_fd_sc_hd__clkbuf_16)
     9    0.02                           clknet_2_0__leaf_clk (net)
                  0.04    0.00   20.27 ^ _239_/CLK (sky130_fd_sc_hd__dfrtp_1)
                         -0.25   20.02   clock uncertainty
                          0.00   20.02   clock reconvergence pessimism
                          0.23   20.26   library recovery time
                                 20.26   data required time
-----------------------------------------------------------------------------
                                 20.26   data required time
                                 -4.42   data arrival time
-----------------------------------------------------------------------------
                                 15.84   slack (MET)


Startpoint: reset (input port clocked by clk)
Endpoint: _246_ (recovery check against rising-edge clock clk)
Path Group: asynchronous
Path Type: max

Fanout     Cap    Slew   Delay    Time   Description
-----------------------------------------------------------------------------
                          0.00    0.00   clock clk (rise edge)
                          0.00    0.00   clock network delay (propagated)
                          4.00    4.00 v input external delay
                  0.01    0.00    4.00 v reset (in)
     1    0.00                           reset (net)
                  0.01    0.00    4.00 v input1/A (sky130_fd_sc_hd__clkbuf_4)
                  0.07    0.16    4.16 v input1/X (sky130_fd_sc_hd__clkbuf_4)
     7    0.03                           net1 (net)
                  0.07    0.00    4.16 v _197_/A (sky130_fd_sc_hd__buf_4)
                  0.07    0.20    4.36 v _197_/X (sky130_fd_sc_hd__buf_4)
    10    0.04                           _103_ (net)
                  0.07    0.00    4.36 v _203_/A (sky130_fd_sc_hd__inv_2)
                  0.03    0.05    4.42 ^ _203_/Y (sky130_fd_sc_hd__inv_2)
     1    0.00                           _024_ (net)
                  0.03    0.00    4.42 ^ _246_/RESET_B (sky130_fd_sc_hd__dfrtp_1)
                                  4.42   data arrival time

                         20.00   20.00   clock clk (rise edge)
                          0.00   20.00   clock source latency
                  0.04    0.03   20.03 ^ clk (in)
     1    0.01                           clk (net)
                  0.04    0.00   20.03 ^ clkbuf_0_clk/A (sky130_fd_sc_hd__clkbuf_16)
                  0.05    0.13   20.15 ^ clkbuf_0_clk/X (sky130_fd_sc_hd__clkbuf_16)
     4    0.03                           clknet_0_clk (net)
                  0.05    0.00   20.15 ^ clkbuf_2_0__f_clk/A (sky130_fd_sc_hd__clkbuf_16)
                  0.04    0.12   20.27 ^ clkbuf_2_0__f_clk/X (sky130_fd_sc_hd__clkbuf_16)
     9    0.02                           clknet_2_0__leaf_clk (net)
                  0.04    0.00   20.27 ^ _246_/CLK (sky130_fd_sc_hd__dfrtp_1)
                         -0.25   20.02   clock uncertainty
                          0.00   20.02   clock reconvergence pessimism
                          0.23   20.26   library recovery time
                                 20.26   data required time
-----------------------------------------------------------------------------
                                 20.26   data required time
                                 -4.42   data arrival time
-----------------------------------------------------------------------------
                                 15.84   slack (MET)


Startpoint: reset (input port clocked by clk)
Endpoint: _249_ (recovery check against rising-edge clock clk)
Path Group: asynchronous
Path Type: max

Fanout     Cap    Slew   Delay    Time   Description
-----------------------------------------------------------------------------
                          0.00    0.00   clock clk (rise edge)
                          0.00    0.00   clock network delay (propagated)
                          4.00    4.00 v input external delay
                  0.01    0.00    4.00 v reset (in)
     1    0.00                           reset (net)
                  0.01    0.00    4.00 v input1/A (sky130_fd_sc_hd__clkbuf_4)
                  0.07    0.16    4.16 v input1/X (sky130_fd_sc_hd__clkbuf_4)
     7    0.03                           net1 (net)
                  0.07    0.00    4.16 v _197_/A (sky130_fd_sc_hd__buf_4)
                  0.07    0.20    4.36 v _197_/X (sky130_fd_sc_hd__buf_4)
    10    0.04                           _103_ (net)
                  0.07    0.00    4.36 v _206_/A (sky130_fd_sc_hd__inv_2)
                  0.03    0.05    4.42 ^ _206_/Y (sky130_fd_sc_hd__inv_2)
     1    0.00                           _027_ (net)
                  0.03    0.00    4.42 ^ _249_/RESET_B (sky130_fd_sc_hd__dfrtp_1)
                                  4.42   data arrival time

                         20.00   20.00   clock clk (rise edge)
                          0.00   20.00   clock source latency
                  0.04    0.03   20.03 ^ clk (in)
     1    0.01                           clk (net)
                  0.04    0.00   20.03 ^ clkbuf_0_clk/A (sky130_fd_sc_hd__clkbuf_16)
                  0.05    0.13   20.15 ^ clkbuf_0_clk/X (sky130_fd_sc_hd__clkbuf_16)
     4    0.03                           clknet_0_clk (net)
                  0.05    0.00   20.15 ^ clkbuf_2_0__f_clk/A (sky130_fd_sc_hd__clkbuf_16)
                  0.04    0.12   20.27 ^ clkbuf_2_0__f_clk/X (sky130_fd_sc_hd__clkbuf_16)
     9    0.02                           clknet_2_0__leaf_clk (net)
                  0.04    0.00   20.27 ^ _249_/CLK (sky130_fd_sc_hd__dfrtp_1)
                         -0.25   20.02   clock uncertainty
                          0.00   20.02   clock reconvergence pessimism
                          0.23   20.26   library recovery time
                                 20.26   data required time
-----------------------------------------------------------------------------
                                 20.26   data required time
                                 -4.42   data arrival time
-----------------------------------------------------------------------------
                                 15.84   slack (MET)


Startpoint: reset (input port clocked by clk)
Endpoint: _250_ (recovery check against rising-edge clock clk)
Path Group: asynchronous
Path Type: max

Fanout     Cap    Slew   Delay    Time   Description
-----------------------------------------------------------------------------
                          0.00    0.00   clock clk (rise edge)
                          0.00    0.00   clock network delay (propagated)
                          4.00    4.00 v input external delay
                  0.01    0.00    4.00 v reset (in)
     1    0.00                           reset (net)
                  0.01    0.00    4.00 v input1/A (sky130_fd_sc_hd__clkbuf_4)
                  0.07    0.16    4.16 v input1/X (sky130_fd_sc_hd__clkbuf_4)
     7    0.03                           net1 (net)
                  0.07    0.00    4.16 v _197_/A (sky130_fd_sc_hd__buf_4)
                  0.07    0.20    4.36 v _197_/X (sky130_fd_sc_hd__buf_4)
    10    0.04                           _103_ (net)
                  0.07    0.00    4.36 v _207_/A (sky130_fd_sc_hd__inv_2)
                  0.03    0.05    4.42 ^ _207_/Y (sky130_fd_sc_hd__inv_2)
     1    0.00                           _028_ (net)
                  0.03    0.00    4.42 ^ _250_/RESET_B (sky130_fd_sc_hd__dfrtp_1)
                                  4.42   data arrival time

                         20.00   20.00   clock clk (rise edge)
                          0.00   20.00   clock source latency
                  0.04    0.03   20.03 ^ clk (in)
     1    0.01                           clk (net)
                  0.04    0.00   20.03 ^ clkbuf_0_clk/A (sky130_fd_sc_hd__clkbuf_16)
                  0.05    0.13   20.15 ^ clkbuf_0_clk/X (sky130_fd_sc_hd__clkbuf_16)
     4    0.03                           clknet_0_clk (net)
                  0.05    0.00   20.15 ^ clkbuf_2_0__f_clk/A (sky130_fd_sc_hd__clkbuf_16)
                  0.04    0.12   20.27 ^ clkbuf_2_0__f_clk/X (sky130_fd_sc_hd__clkbuf_16)
     9    0.02                           clknet_2_0__leaf_clk (net)
                  0.04    0.00   20.27 ^ _250_/CLK (sky130_fd_sc_hd__dfrtp_1)
                         -0.25   20.02   clock uncertainty
                          0.00   20.02   clock reconvergence pessimism
                          0.23   20.26   library recovery time
                                 20.26   data required time
-----------------------------------------------------------------------------
                                 20.26   data required time
                                 -4.42   data arrival time
-----------------------------------------------------------------------------
                                 15.84   slack (MET)


Startpoint: reset (input port clocked by clk)
Endpoint: _248_ (recovery check against rising-edge clock clk)
Path Group: asynchronous
Path Type: max

Fanout     Cap    Slew   Delay    Time   Description
-----------------------------------------------------------------------------
                          0.00    0.00   clock clk (rise edge)
                          0.00    0.00   clock network delay (propagated)
                          4.00    4.00 v input external delay
                  0.01    0.00    4.00 v reset (in)
     1    0.00                           reset (net)
                  0.01    0.00    4.00 v input1/A (sky130_fd_sc_hd__clkbuf_4)
                  0.07    0.16    4.16 v input1/X (sky130_fd_sc_hd__clkbuf_4)
     7    0.03                           net1 (net)
                  0.07    0.00    4.16 v _197_/A (sky130_fd_sc_hd__buf_4)
                  0.07    0.20    4.36 v _197_/X (sky130_fd_sc_hd__buf_4)
    10    0.04                           _103_ (net)
                  0.07    0.00    4.36 v _205_/A (sky130_fd_sc_hd__inv_2)
                  0.03    0.05    4.42 ^ _205_/Y (sky130_fd_sc_hd__inv_2)
     1    0.00                           _026_ (net)
                  0.03    0.00    4.42 ^ _248_/RESET_B (sky130_fd_sc_hd__dfrtp_1)
                                  4.42   data arrival time

                         20.00   20.00   clock clk (rise edge)
                          0.00   20.00   clock source latency
                  0.04    0.03   20.03 ^ clk (in)
     1    0.01                           clk (net)
                  0.04    0.00   20.03 ^ clkbuf_0_clk/A (sky130_fd_sc_hd__clkbuf_16)
                  0.05    0.13   20.15 ^ clkbuf_0_clk/X (sky130_fd_sc_hd__clkbuf_16)
     4    0.03                           clknet_0_clk (net)
                  0.05    0.00   20.15 ^ clkbuf_2_1__f_clk/A (sky130_fd_sc_hd__clkbuf_16)
                  0.04    0.12   20.27 ^ clkbuf_2_1__f_clk/X (sky130_fd_sc_hd__clkbuf_16)
     9    0.02                           clknet_2_1__leaf_clk (net)
                  0.04    0.00   20.27 ^ _248_/CLK (sky130_fd_sc_hd__dfrtp_1)
                         -0.25   20.02   clock uncertainty
                          0.00   20.02   clock reconvergence pessimism
                          0.23   20.26   library recovery time
                                 20.26   data required time
-----------------------------------------------------------------------------
                                 20.26   data required time
                                 -4.42   data arrival time
-----------------------------------------------------------------------------
                                 15.84   slack (MET)


Startpoint: reset (input port clocked by clk)
Endpoint: _230_ (recovery check against rising-edge clock clk)
Path Group: asynchronous
Path Type: max

Fanout     Cap    Slew   Delay    Time   Description
-----------------------------------------------------------------------------
                          0.00    0.00   clock clk (rise edge)
                          0.00    0.00   clock network delay (propagated)
                          4.00    4.00 v input external delay
                  0.01    0.00    4.00 v reset (in)
     1    0.00                           reset (net)
                  0.01    0.00    4.00 v input1/A (sky130_fd_sc_hd__clkbuf_4)
                  0.07    0.16    4.16 v input1/X (sky130_fd_sc_hd__clkbuf_4)
     7    0.03                           net1 (net)
                  0.07    0.00    4.16 v _185_/A (sky130_fd_sc_hd__inv_2)
                  0.04    0.06    4.22 ^ _185_/Y (sky130_fd_sc_hd__inv_2)
     2    0.01                           _008_ (net)
                  0.04    0.00    4.22 ^ _230_/SET_B (sky130_fd_sc_hd__dfstp_1)
                                  4.22   data arrival time

                         20.00   20.00   clock clk (rise edge)
                          0.00   20.00   clock source latency
                  0.04    0.03   20.03 ^ clk (in)
     1    0.01                           clk (net)
                  0.04    0.00   20.03 ^ clkbuf_0_clk/A (sky130_fd_sc_hd__clkbuf_16)
                  0.05    0.13   20.15 ^ clkbuf_0_clk/X (sky130_fd_sc_hd__clkbuf_16)
     4    0.03                           clknet_0_clk (net)
                  0.05    0.00   20.15 ^ clkbuf_2_2__f_clk/A (sky130_fd_sc_hd__clkbuf_16)
                  0.03    0.11   20.27 ^ clkbuf_2_2__f_clk/X (sky130_fd_sc_hd__clkbuf_16)
     6    0.01                           clknet_2_2__leaf_clk (net)
                  0.03    0.00   20.27 ^ _230_/CLK (sky130_fd_sc_hd__dfstp_1)
                         -0.25   20.02   clock uncertainty
                          0.00   20.02   clock reconvergence pessimism
                          0.14   20.15   library recovery time
                                 20.15   data required time
-----------------------------------------------------------------------------
                                 20.15   data required time
                                 -4.22   data arrival time
-----------------------------------------------------------------------------
                                 15.93   slack (MET)


Startpoint: reset (input port clocked by clk)
Endpoint: _251_ (recovery check against rising-edge clock clk)
Path Group: asynchronous
Path Type: max

Fanout     Cap    Slew   Delay    Time   Description
-----------------------------------------------------------------------------
                          0.00    0.00   clock clk (rise edge)
                          0.00    0.00   clock network delay (propagated)
                          4.00    4.00 v input external delay
                  0.01    0.00    4.00 v reset (in)
     1    0.00                           reset (net)
                  0.01    0.00    4.00 v input1/A (sky130_fd_sc_hd__clkbuf_4)
                  0.07    0.16    4.16 v input1/X (sky130_fd_sc_hd__clkbuf_4)
     7    0.03                           net1 (net)
                  0.07    0.00    4.16 v _208_/A (sky130_fd_sc_hd__inv_2)
                  0.03    0.05    4.22 ^ _208_/Y (sky130_fd_sc_hd__inv_2)
     1    0.00                           _029_ (net)
                  0.03    0.00    4.22 ^ _251_/RESET_B (sky130_fd_sc_hd__dfrtp_1)
                                  4.22   data arrival time

                         20.00   20.00   clock clk (rise edge)
                          0.00   20.00   clock source latency
                  0.04    0.03   20.03 ^ clk (in)
     1    0.01                           clk (net)
                  0.04    0.00   20.03 ^ clkbuf_0_clk/A (sky130_fd_sc_hd__clkbuf_16)
                  0.05    0.13   20.15 ^ clkbuf_0_clk/X (sky130_fd_sc_hd__clkbuf_16)
     4    0.03                           clknet_0_clk (net)
                  0.05    0.00   20.15 ^ clkbuf_2_2__f_clk/A (sky130_fd_sc_hd__clkbuf_16)
                  0.03    0.11   20.27 ^ clkbuf_2_2__f_clk/X (sky130_fd_sc_hd__clkbuf_16)
     6    0.01                           clknet_2_2__leaf_clk (net)
                  0.03    0.00   20.27 ^ _251_/CLK (sky130_fd_sc_hd__dfrtp_1)
                         -0.25   20.02   clock uncertainty
                          0.00   20.02   clock reconvergence pessimism
                          0.23   20.25   library recovery time
                                 20.25   data required time
-----------------------------------------------------------------------------
                                 20.25   data required time
                                 -4.22   data arrival time
-----------------------------------------------------------------------------
                                 16.03   slack (MET)


Startpoint: reset (input port clocked by clk)
Endpoint: _253_ (recovery check against rising-edge clock clk)
Path Group: asynchronous
Path Type: max

Fanout     Cap    Slew   Delay    Time   Description
-----------------------------------------------------------------------------
                          0.00    0.00   clock clk (rise edge)
                          0.00    0.00   clock network delay (propagated)
                          4.00    4.00 v input external delay
                  0.01    0.00    4.00 v reset (in)
     1    0.00                           reset (net)
                  0.01    0.00    4.00 v input1/A (sky130_fd_sc_hd__clkbuf_4)
                  0.07    0.16    4.16 v input1/X (sky130_fd_sc_hd__clkbuf_4)
     7    0.03                           net1 (net)
                  0.07    0.00    4.16 v _210_/A (sky130_fd_sc_hd__inv_2)
                  0.03    0.05    4.22 ^ _210_/Y (sky130_fd_sc_hd__inv_2)
     1    0.00                           _031_ (net)
                  0.03    0.00    4.22 ^ _253_/RESET_B (sky130_fd_sc_hd__dfrtp_1)
                                  4.22   data arrival time

                         20.00   20.00   clock clk (rise edge)
                          0.00   20.00   clock source latency
                  0.04    0.03   20.03 ^ clk (in)
     1    0.01                           clk (net)
                  0.04    0.00   20.03 ^ clkbuf_0_clk/A (sky130_fd_sc_hd__clkbuf_16)
                  0.05    0.13   20.15 ^ clkbuf_0_clk/X (sky130_fd_sc_hd__clkbuf_16)
     4    0.03                           clknet_0_clk (net)
                  0.05    0.00   20.15 ^ clkbuf_2_3__f_clk/A (sky130_fd_sc_hd__clkbuf_16)
                  0.04    0.12   20.27 ^ clkbuf_2_3__f_clk/X (sky130_fd_sc_hd__clkbuf_16)
     9    0.02                           clknet_2_3__leaf_clk (net)
                  0.04    0.00   20.27 ^ _253_/CLK (sky130_fd_sc_hd__dfrtp_1)
                         -0.25   20.02   clock uncertainty
                          0.00   20.02   clock reconvergence pessimism
                          0.23   20.26   library recovery time
                                 20.26   data required time
-----------------------------------------------------------------------------
                                 20.26   data required time
                                 -4.22   data arrival time
-----------------------------------------------------------------------------
                                 16.04   slack (MET)


Startpoint: reset (input port clocked by clk)
Endpoint: _252_ (recovery check against rising-edge clock clk)
Path Group: asynchronous
Path Type: max

Fanout     Cap    Slew   Delay    Time   Description
-----------------------------------------------------------------------------
                          0.00    0.00   clock clk (rise edge)
                          0.00    0.00   clock network delay (propagated)
                          4.00    4.00 v input external delay
                  0.01    0.00    4.00 v reset (in)
     1    0.00                           reset (net)
                  0.01    0.00    4.00 v input1/A (sky130_fd_sc_hd__clkbuf_4)
                  0.07    0.16    4.16 v input1/X (sky130_fd_sc_hd__clkbuf_4)
     7    0.03                           net1 (net)
                  0.07    0.00    4.16 v _209_/A (sky130_fd_sc_hd__inv_2)
                  0.03    0.05    4.22 ^ _209_/Y (sky130_fd_sc_hd__inv_2)
     1    0.00                           _030_ (net)
                  0.03    0.00    4.22 ^ _252_/RESET_B (sky130_fd_sc_hd__dfrtp_1)
                                  4.22   data arrival time

                         20.00   20.00   clock clk (rise edge)
                          0.00   20.00   clock source latency
                  0.04    0.03   20.03 ^ clk (in)
     1    0.01                           clk (net)
                  0.04    0.00   20.03 ^ clkbuf_0_clk/A (sky130_fd_sc_hd__clkbuf_16)
                  0.05    0.13   20.15 ^ clkbuf_0_clk/X (sky130_fd_sc_hd__clkbuf_16)
     4    0.03                           clknet_0_clk (net)
                  0.05    0.00   20.15 ^ clkbuf_2_0__f_clk/A (sky130_fd_sc_hd__clkbuf_16)
                  0.04    0.12   20.27 ^ clkbuf_2_0__f_clk/X (sky130_fd_sc_hd__clkbuf_16)
     9    0.02                           clknet_2_0__leaf_clk (net)
                  0.04    0.00   20.27 ^ _252_/CLK (sky130_fd_sc_hd__dfrtp_1)
                         -0.25   20.02   clock uncertainty
                          0.00   20.02   clock reconvergence pessimism
                          0.23   20.26   library recovery time
                                 20.26   data required time
-----------------------------------------------------------------------------
                                 20.26   data required time
                                 -4.22   data arrival time
-----------------------------------------------------------------------------
                                 16.04   slack (MET)


Startpoint: reset (input port clocked by clk)
Endpoint: _254_ (recovery check against rising-edge clock clk)
Path Group: asynchronous
Path Type: max

Fanout     Cap    Slew   Delay    Time   Description
-----------------------------------------------------------------------------
                          0.00    0.00   clock clk (rise edge)
                          0.00    0.00   clock network delay (propagated)
                          4.00    4.00 v input external delay
                  0.01    0.00    4.00 v reset (in)
     1    0.00                           reset (net)
                  0.01    0.00    4.00 v input1/A (sky130_fd_sc_hd__clkbuf_4)
                  0.07    0.16    4.16 v input1/X (sky130_fd_sc_hd__clkbuf_4)
     7    0.03                           net1 (net)
                  0.07    0.00    4.16 v _211_/A (sky130_fd_sc_hd__inv_2)
                  0.03    0.05    4.22 ^ _211_/Y (sky130_fd_sc_hd__inv_2)
     1    0.00                           _032_ (net)
                  0.03    0.00    4.22 ^ _254_/RESET_B (sky130_fd_sc_hd__dfrtp_1)
                                  4.22   data arrival time

                         20.00   20.00   clock clk (rise edge)
                          0.00   20.00   clock source latency
                  0.04    0.03   20.03 ^ clk (in)
     1    0.01                           clk (net)
                  0.04    0.00   20.03 ^ clkbuf_0_clk/A (sky130_fd_sc_hd__clkbuf_16)
                  0.05    0.13   20.15 ^ clkbuf_0_clk/X (sky130_fd_sc_hd__clkbuf_16)
     4    0.03                           clknet_0_clk (net)
                  0.05    0.00   20.15 ^ clkbuf_2_0__f_clk/A (sky130_fd_sc_hd__clkbuf_16)
                  0.04    0.12   20.27 ^ clkbuf_2_0__f_clk/X (sky130_fd_sc_hd__clkbuf_16)
     9    0.02                           clknet_2_0__leaf_clk (net)
                  0.04    0.00   20.27 ^ _254_/CLK (sky130_fd_sc_hd__dfrtp_1)
                         -0.25   20.02   clock uncertainty
                          0.00   20.02   clock reconvergence pessimism
                          0.23   20.26   library recovery time
                                 20.26   data required time
-----------------------------------------------------------------------------
                                 20.26   data required time
                                 -4.22   data arrival time
-----------------------------------------------------------------------------
                                 16.04   slack (MET)


Startpoint: _230_ (rising edge-triggered flip-flop clocked by clk)
Endpoint: _246_ (rising edge-triggered flip-flop clocked by clk)
Path Group: clk
Path Type: max

Fanout     Cap    Slew   Delay    Time   Description
-----------------------------------------------------------------------------
                          0.00    0.00   clock clk (rise edge)
                          0.00    0.00   clock source latency
                  0.04    0.03    0.03 ^ clk (in)
     1    0.01                           clk (net)
                  0.04    0.00    0.03 ^ clkbuf_0_clk/A (sky130_fd_sc_hd__clkbuf_16)
                  0.05    0.14    0.17 ^ clkbuf_0_clk/X (sky130_fd_sc_hd__clkbuf_16)
     4    0.03                           clknet_0_clk (net)
                  0.05    0.00    0.17 ^ clkbuf_2_2__f_clk/A (sky130_fd_sc_hd__clkbuf_16)
                  0.03    0.13    0.30 ^ clkbuf_2_2__f_clk/X (sky130_fd_sc_hd__clkbuf_16)
     6    0.01                           clknet_2_2__leaf_clk (net)
                  0.03    0.00    0.30 ^ _230_/CLK (sky130_fd_sc_hd__dfstp_1)
                  0.06    0.53    0.82 ^ _230_/Q (sky130_fd_sc_hd__dfstp_1)
     3    0.00                           rx_inst.state[0] (net)
                  0.06    0.00    0.82 ^ hold11/A (sky130_fd_sc_hd__dlygate4sd3_1)
                  0.09    0.60    1.43 ^ hold11/X (sky130_fd_sc_hd__dlygate4sd3_1)
     2    0.01                           net31 (net)
                  0.09    0.00    1.43 ^ _148_/A (sky130_fd_sc_hd__inv_2)
                  0.03    0.04    1.47 v _148_/Y (sky130_fd_sc_hd__inv_2)
     2    0.00                           _082_ (net)
                  0.03    0.00    1.47 v _150_/A2 (sky130_fd_sc_hd__o22a_1)
                  0.03    0.18    1.65 v _150_/X (sky130_fd_sc_hd__o22a_1)
     1    0.00                           _040_ (net)
                  0.03    0.00    1.65 v hold10/A (sky130_fd_sc_hd__dlygate4sd3_1)
                  0.05    0.56    2.22 v hold10/X (sky130_fd_sc_hd__dlygate4sd3_1)
     1    0.00                           net30 (net)
                  0.05    0.00    2.22 v _246_/D (sky130_fd_sc_hd__dfrtp_1)
                                  2.22   data arrival time

                         20.00   20.00   clock clk (rise edge)
                          0.00   20.00   clock source latency
                  0.04    0.03   20.03 ^ clk (in)
     1    0.01                           clk (net)
                  0.04    0.00   20.03 ^ clkbuf_0_clk/A (sky130_fd_sc_hd__clkbuf_16)
                  0.05    0.13   20.15 ^ clkbuf_0_clk/X (sky130_fd_sc_hd__clkbuf_16)
     4    0.03                           clknet_0_clk (net)
                  0.05    0.00   20.15 ^ clkbuf_2_0__f_clk/A (sky130_fd_sc_hd__clkbuf_16)
                  0.04    0.12   20.27 ^ clkbuf_2_0__f_clk/X (sky130_fd_sc_hd__clkbuf_16)
     9    0.02                           clknet_2_0__leaf_clk (net)
                  0.04    0.00   20.27 ^ _246_/CLK (sky130_fd_sc_hd__dfrtp_1)
                         -0.25   20.02   clock uncertainty
                          0.02   20.04   clock reconvergence pessimism
                         -0.12   19.92   library setup time
                                 19.92   data required time
-----------------------------------------------------------------------------
                                 19.92   data required time
                                 -2.22   data arrival time
-----------------------------------------------------------------------------
                                 17.71   slack (MET)


Startpoint: _242_ (rising edge-triggered flip-flop clocked by clk)
Endpoint: _238_ (rising edge-triggered flip-flop clocked by clk)
Path Group: clk
Path Type: max

Fanout     Cap    Slew   Delay    Time   Description
-----------------------------------------------------------------------------
                          0.00    0.00   clock clk (rise edge)
                          0.00    0.00   clock source latency
                  0.04    0.03    0.03 ^ clk (in)
     1    0.01                           clk (net)
                  0.04    0.00    0.03 ^ clkbuf_0_clk/A (sky130_fd_sc_hd__clkbuf_16)
                  0.05    0.14    0.17 ^ clkbuf_0_clk/X (sky130_fd_sc_hd__clkbuf_16)
     4    0.03                           clknet_0_clk (net)
                  0.05    0.00    0.17 ^ clkbuf_2_3__f_clk/A (sky130_fd_sc_hd__clkbuf_16)
                  0.04    0.13    0.30 ^ clkbuf_2_3__f_clk/X (sky130_fd_sc_hd__clkbuf_16)
     9    0.02                           clknet_2_3__leaf_clk (net)
                  0.04    0.00    0.30 ^ _242_/CLK (sky130_fd_sc_hd__dfstp_1)
                  0.06    0.53    0.83 ^ _242_/Q (sky130_fd_sc_hd__dfstp_1)
     3    0.00                           tx_inst.state[0] (net)
                  0.06    0.00    0.83 ^ hold7/A (sky130_fd_sc_hd__dlygate4sd3_1)
                  0.09    0.60    1.44 ^ hold7/X (sky130_fd_sc_hd__dlygate4sd3_1)
     2    0.01                           net27 (net)
                  0.09    0.00    1.44 ^ _159_/A (sky130_fd_sc_hd__inv_2)
                  0.03    0.04    1.48 v _159_/Y (sky130_fd_sc_hd__inv_2)
     2    0.00                           _088_ (net)
                  0.03    0.00    1.48 v _160_/A2 (sky130_fd_sc_hd__a21o_1)
                  0.03    0.16    1.64 v _160_/X (sky130_fd_sc_hd__a21o_1)
     1    0.00                           _036_ (net)
                  0.03    0.00    1.64 v hold6/A (sky130_fd_sc_hd__dlygate4sd3_1)
                  0.05    0.56    2.20 v hold6/X (sky130_fd_sc_hd__dlygate4sd3_1)
     1    0.00                           net26 (net)
                  0.05    0.00    2.20 v _238_/D (sky130_fd_sc_hd__dfrtp_1)
                                  2.20   data arrival time

                         20.00   20.00   clock clk (rise edge)
                          0.00   20.00   clock source latency
                  0.04    0.03   20.03 ^ clk (in)
     1    0.01                           clk (net)
                  0.04    0.00   20.03 ^ clkbuf_0_clk/A (sky130_fd_sc_hd__clkbuf_16)
                  0.05    0.13   20.15 ^ clkbuf_0_clk/X (sky130_fd_sc_hd__clkbuf_16)
     4    0.03                           clknet_0_clk (net)
                  0.05    0.00   20.15 ^ clkbuf_2_2__f_clk/A (sky130_fd_sc_hd__clkbuf_16)
                  0.03    0.11   20.27 ^ clkbuf_2_2__f_clk/X (sky130_fd_sc_hd__clkbuf_16)
     6    0.01                           clknet_2_2__leaf_clk (net)
                  0.03    0.00   20.27 ^ _238_/CLK (sky130_fd_sc_hd__dfrtp_1)
                         -0.25   20.02   clock uncertainty
                          0.02   20.03   clock reconvergence pessimism
                         -0.12   19.92   library setup time
                                 19.92   data required time
-----------------------------------------------------------------------------
                                 19.92   data required time
                                 -2.20   data arrival time
-----------------------------------------------------------------------------
                                 17.71   slack (MET)


Startpoint: _237_ (rising edge-triggered flip-flop clocked by clk)
Endpoint: _233_ (rising edge-triggered flip-flop clocked by clk)
Path Group: clk
Path Type: max

Fanout     Cap    Slew   Delay    Time   Description
-----------------------------------------------------------------------------
                          0.00    0.00   clock clk (rise edge)
                          0.00    0.00   clock source latency
                  0.04    0.03    0.03 ^ clk (in)
     1    0.01                           clk (net)
                  0.04    0.00    0.03 ^ clkbuf_0_clk/A (sky130_fd_sc_hd__clkbuf_16)
                  0.05    0.14    0.17 ^ clkbuf_0_clk/X (sky130_fd_sc_hd__clkbuf_16)
     4    0.03                           clknet_0_clk (net)
                  0.05    0.00    0.17 ^ clkbuf_2_3__f_clk/A (sky130_fd_sc_hd__clkbuf_16)
                  0.04    0.13    0.30 ^ clkbuf_2_3__f_clk/X (sky130_fd_sc_hd__clkbuf_16)
     9    0.02                           clknet_2_3__leaf_clk (net)
                  0.04    0.00    0.30 ^ _237_/CLK (sky130_fd_sc_hd__dfstp_1)
                  0.05    0.52    0.82 ^ _237_/Q (sky130_fd_sc_hd__dfstp_1)
     2    0.00                           rx_inst.rx (net)
                  0.05    0.00    0.82 ^ hold17/A (sky130_fd_sc_hd__dlygate4sd3_1)
                  0.07    0.58    1.40 ^ hold17/X (sky130_fd_sc_hd__dlygate4sd3_1)
     1    0.00                           net37 (net)
                  0.07    0.00    1.40 ^ _174_/A (sky130_fd_sc_hd__inv_2)
                  0.02    0.03    1.43 v _174_/Y (sky130_fd_sc_hd__inv_2)
     1    0.00                           _096_ (net)
                  0.02    0.00    1.43 v _175_/B1 (sky130_fd_sc_hd__a32o_1)
                  0.04    0.19    1.62 v _175_/X (sky130_fd_sc_hd__a32o_1)
     1    0.00                           _005_ (net)
                  0.04    0.00    1.62 v hold18/A (sky130_fd_sc_hd__dlygate4sd3_1)
                  0.05    0.56    2.18 v hold18/X (sky130_fd_sc_hd__dlygate4sd3_1)
     1    0.00                           net38 (net)
                  0.05    0.00    2.18 v _233_/D (sky130_fd_sc_hd__dfrtp_1)
                                  2.18   data arrival time

                         20.00   20.00   clock clk (rise edge)
                          0.00   20.00   clock source latency
                  0.04    0.03   20.03 ^ clk (in)
     1    0.01                           clk (net)
                  0.04    0.00   20.03 ^ clkbuf_0_clk/A (sky130_fd_sc_hd__clkbuf_16)
                  0.05    0.13   20.15 ^ clkbuf_0_clk/X (sky130_fd_sc_hd__clkbuf_16)
     4    0.03                           clknet_0_clk (net)
                  0.05    0.00   20.15 ^ clkbuf_2_2__f_clk/A (sky130_fd_sc_hd__clkbuf_16)
                  0.03    0.11   20.27 ^ clkbuf_2_2__f_clk/X (sky130_fd_sc_hd__clkbuf_16)
     6    0.01                           clknet_2_2__leaf_clk (net)
                  0.03    0.00   20.27 ^ _233_/CLK (sky130_fd_sc_hd__dfrtp_1)
                         -0.25   20.02   clock uncertainty
                          0.02   20.03   clock reconvergence pessimism
                         -0.12   19.92   library setup time
                                 19.92   data required time
-----------------------------------------------------------------------------
                                 19.92   data required time
                                 -2.18   data arrival time
-----------------------------------------------------------------------------
                                 17.73   slack (MET)


Startpoint: _233_ (rising edge-triggered flip-flop clocked by clk)
Endpoint: _249_ (rising edge-triggered flip-flop clocked by clk)
Path Group: clk
Path Type: max

Fanout     Cap    Slew   Delay    Time   Description
-----------------------------------------------------------------------------
                          0.00    0.00   clock clk (rise edge)
                          0.00    0.00   clock source latency
                  0.04    0.03    0.03 ^ clk (in)
     1    0.01                           clk (net)
                  0.04    0.00    0.03 ^ clkbuf_0_clk/A (sky130_fd_sc_hd__clkbuf_16)
                  0.05    0.14    0.17 ^ clkbuf_0_clk/X (sky130_fd_sc_hd__clkbuf_16)
     4    0.03                           clknet_0_clk (net)
                  0.05    0.00    0.17 ^ clkbuf_2_2__f_clk/A (sky130_fd_sc_hd__clkbuf_16)
                  0.03    0.13    0.30 ^ clkbuf_2_2__f_clk/X (sky130_fd_sc_hd__clkbuf_16)
     6    0.01                           clknet_2_2__leaf_clk (net)
                  0.03    0.00    0.30 ^ _233_/CLK (sky130_fd_sc_hd__dfrtp_1)
                  0.07    0.40    0.70 v _233_/Q (sky130_fd_sc_hd__dfrtp_1)
     5    0.01                           rx_inst.state[3] (net)
                  0.07    0.00    0.70 v _119_/A (sky130_fd_sc_hd__or3_2)
                  0.11    0.54    1.24 v _119_/X (sky130_fd_sc_hd__or3_2)
     6    0.01                           _061_ (net)
                  0.11    0.00    1.24 v _139_/D (sky130_fd_sc_hd__or4_1)
                  0.09    0.44    1.68 v _139_/X (sky130_fd_sc_hd__or4_1)
     1    0.00                           _076_ (net)
                  0.09    0.00    1.68 v _140_/S (sky130_fd_sc_hd__mux2_1)
                  0.05    0.33    2.01 v _140_/X (sky130_fd_sc_hd__mux2_1)
     1    0.00                           _077_ (net)
                  0.05    0.00    2.01 v _141_/A (sky130_fd_sc_hd__clkbuf_1)
                  0.02    0.09    2.10 v _141_/X (sky130_fd_sc_hd__clkbuf_1)
     1    0.00                           _043_ (net)
                  0.02    0.00    2.10 v _249_/D (sky130_fd_sc_hd__dfrtp_1)
                                  2.10   data arrival time

                         20.00   20.00   clock clk (rise edge)
                          0.00   20.00   clock source latency
                  0.04    0.03   20.03 ^ clk (in)
     1    0.01                           clk (net)
                  0.04    0.00   20.03 ^ clkbuf_0_clk/A (sky130_fd_sc_hd__clkbuf_16)
                  0.05    0.13   20.15 ^ clkbuf_0_clk/X (sky130_fd_sc_hd__clkbuf_16)
     4    0.03                           clknet_0_clk (net)
                  0.05    0.00   20.15 ^ clkbuf_2_0__f_clk/A (sky130_fd_sc_hd__clkbuf_16)
                  0.04    0.12   20.27 ^ clkbuf_2_0__f_clk/X (sky130_fd_sc_hd__clkbuf_16)
     9    0.02                           clknet_2_0__leaf_clk (net)
                  0.04    0.00   20.27 ^ _249_/CLK (sky130_fd_sc_hd__dfrtp_1)
                         -0.25   20.02   clock uncertainty
                          0.02   20.04   clock reconvergence pessimism
                         -0.11   19.93   library setup time
                                 19.93   data required time
-----------------------------------------------------------------------------
                                 19.93   data required time
                                 -2.10   data arrival time
-----------------------------------------------------------------------------
                                 17.84   slack (MET)


Startpoint: _233_ (rising edge-triggered flip-flop clocked by clk)
Endpoint: _250_ (rising edge-triggered flip-flop clocked by clk)
Path Group: clk
Path Type: max

Fanout     Cap    Slew   Delay    Time   Description
-----------------------------------------------------------------------------
                          0.00    0.00   clock clk (rise edge)
                          0.00    0.00   clock source latency
                  0.04    0.03    0.03 ^ clk (in)
     1    0.01                           clk (net)
                  0.04    0.00    0.03 ^ clkbuf_0_clk/A (sky130_fd_sc_hd__clkbuf_16)
                  0.05    0.14    0.17 ^ clkbuf_0_clk/X (sky130_fd_sc_hd__clkbuf_16)
     4    0.03                           clknet_0_clk (net)
                  0.05    0.00    0.17 ^ clkbuf_2_2__f_clk/A (sky130_fd_sc_hd__clkbuf_16)
                  0.03    0.13    0.30 ^ clkbuf_2_2__f_clk/X (sky130_fd_sc_hd__clkbuf_16)
     6    0.01                           clknet_2_2__leaf_clk (net)
                  0.03    0.00    0.30 ^ _233_/CLK (sky130_fd_sc_hd__dfrtp_1)
                  0.07    0.40    0.70 v _233_/Q (sky130_fd_sc_hd__dfrtp_1)
     5    0.01                           rx_inst.state[3] (net)
                  0.07    0.00    0.70 v _119_/A (sky130_fd_sc_hd__or3_2)
                  0.11    0.54    1.24 v _119_/X (sky130_fd_sc_hd__or3_2)
     6    0.01                           _061_ (net)
                  0.11    0.00    1.24 v _136_/D (sky130_fd_sc_hd__or4_1)
                  0.09    0.44    1.68 v _136_/X (sky130_fd_sc_hd__or4_1)
     1    0.00                           _074_ (net)
                  0.09    0.00    1.68 v _137_/S (sky130_fd_sc_hd__mux2_1)
                  0.05    0.33    2.01 v _137_/X (sky130_fd_sc_hd__mux2_1)
     1    0.00                           _075_ (net)
                  0.05    0.00    2.01 v _138_/A (sky130_fd_sc_hd__clkbuf_1)
                  0.02    0.09    2.10 v _138_/X (sky130_fd_sc_hd__clkbuf_1)
     1    0.00                           _044_ (net)
                  0.02    0.00    2.10 v _250_/D (sky130_fd_sc_hd__dfrtp_1)
                                  2.10   data arrival time

                         20.00   20.00   clock clk (rise edge)
                          0.00   20.00   clock source latency
                  0.04    0.03   20.03 ^ clk (in)
     1    0.01                           clk (net)
                  0.04    0.00   20.03 ^ clkbuf_0_clk/A (sky130_fd_sc_hd__clkbuf_16)
                  0.05    0.13   20.15 ^ clkbuf_0_clk/X (sky130_fd_sc_hd__clkbuf_16)
     4    0.03                           clknet_0_clk (net)
                  0.05    0.00   20.15 ^ clkbuf_2_0__f_clk/A (sky130_fd_sc_hd__clkbuf_16)
                  0.04    0.12   20.27 ^ clkbuf_2_0__f_clk/X (sky130_fd_sc_hd__clkbuf_16)
     9    0.02                           clknet_2_0__leaf_clk (net)
                  0.04    0.00   20.27 ^ _250_/CLK (sky130_fd_sc_hd__dfrtp_1)
                         -0.25   20.02   clock uncertainty
                          0.02   20.04   clock reconvergence pessimism
                         -0.11   19.93   library setup time
                                 19.93   data required time
-----------------------------------------------------------------------------
                                 19.93   data required time
                                 -2.10   data arrival time
-----------------------------------------------------------------------------
                                 17.84   slack (MET)


Startpoint: _233_ (rising edge-triggered flip-flop clocked by clk)
Endpoint: _248_ (rising edge-triggered flip-flop clocked by clk)
Path Group: clk
Path Type: max

Fanout     Cap    Slew   Delay    Time   Description
-----------------------------------------------------------------------------
                          0.00    0.00   clock clk (rise edge)
                          0.00    0.00   clock source latency
                  0.04    0.03    0.03 ^ clk (in)
     1    0.01                           clk (net)
                  0.04    0.00    0.03 ^ clkbuf_0_clk/A (sky130_fd_sc_hd__clkbuf_16)
                  0.05    0.14    0.17 ^ clkbuf_0_clk/X (sky130_fd_sc_hd__clkbuf_16)
     4    0.03                           clknet_0_clk (net)
                  0.05    0.00    0.17 ^ clkbuf_2_2__f_clk/A (sky130_fd_sc_hd__clkbuf_16)
                  0.03    0.13    0.30 ^ clkbuf_2_2__f_clk/X (sky130_fd_sc_hd__clkbuf_16)
     6    0.01                           clknet_2_2__leaf_clk (net)
                  0.03    0.00    0.30 ^ _233_/CLK (sky130_fd_sc_hd__dfrtp_1)
                  0.07    0.40    0.70 v _233_/Q (sky130_fd_sc_hd__dfrtp_1)
     5    0.01                           rx_inst.state[3] (net)
                  0.07    0.00    0.70 v _119_/A (sky130_fd_sc_hd__or3_2)
                  0.11    0.54    1.24 v _119_/X (sky130_fd_sc_hd__or3_2)
     6    0.01                           _061_ (net)
                  0.11    0.00    1.24 v _142_/D (sky130_fd_sc_hd__or4_1)
                  0.09    0.44    1.68 v _142_/X (sky130_fd_sc_hd__or4_1)
     1    0.00                           _078_ (net)
                  0.09    0.00    1.68 v _143_/S (sky130_fd_sc_hd__mux2_1)
                  0.05    0.33    2.01 v _143_/X (sky130_fd_sc_hd__mux2_1)
     1    0.00                           _079_ (net)
                  0.05    0.00    2.01 v _144_/A (sky130_fd_sc_hd__clkbuf_1)
                  0.02    0.09    2.10 v _144_/X (sky130_fd_sc_hd__clkbuf_1)
     1    0.00                           _042_ (net)
                  0.02    0.00    2.10 v _248_/D (sky130_fd_sc_hd__dfrtp_1)
                                  2.10   data arrival time

                         20.00   20.00   clock clk (rise edge)
                          0.00   20.00   clock source latency
                  0.04    0.03   20.03 ^ clk (in)
     1    0.01                           clk (net)
                  0.04    0.00   20.03 ^ clkbuf_0_clk/A (sky130_fd_sc_hd__clkbuf_16)
                  0.05    0.13   20.15 ^ clkbuf_0_clk/X (sky130_fd_sc_hd__clkbuf_16)
     4    0.03                           clknet_0_clk (net)
                  0.05    0.00   20.15 ^ clkbuf_2_1__f_clk/A (sky130_fd_sc_hd__clkbuf_16)
                  0.04    0.12   20.27 ^ clkbuf_2_1__f_clk/X (sky130_fd_sc_hd__clkbuf_16)
     9    0.02                           clknet_2_1__leaf_clk (net)
                  0.04    0.00   20.27 ^ _248_/CLK (sky130_fd_sc_hd__dfrtp_1)
                         -0.25   20.02   clock uncertainty
                          0.02   20.04   clock reconvergence pessimism
                         -0.11   19.93   library setup time
                                 19.93   data required time
-----------------------------------------------------------------------------
                                 19.93   data required time
                                 -2.10   data arrival time
-----------------------------------------------------------------------------
                                 17.84   slack (MET)


Startpoint: _236_ (rising edge-triggered flip-flop clocked by clk)
Endpoint: _236_ (rising edge-triggered flip-flop clocked by clk)
Path Group: clk
Path Type: max

Fanout     Cap    Slew   Delay    Time   Description
-----------------------------------------------------------------------------
                          0.00    0.00   clock clk (rise edge)
                          0.00    0.00   clock source latency
                  0.04    0.03    0.03 ^ clk (in)
     1    0.01                           clk (net)
                  0.04    0.00    0.03 ^ clkbuf_0_clk/A (sky130_fd_sc_hd__clkbuf_16)
                  0.05    0.14    0.17 ^ clkbuf_0_clk/X (sky130_fd_sc_hd__clkbuf_16)
     4    0.03                           clknet_0_clk (net)
                  0.05    0.00    0.17 ^ clkbuf_2_3__f_clk/A (sky130_fd_sc_hd__clkbuf_16)
                  0.04    0.13    0.30 ^ clkbuf_2_3__f_clk/X (sky130_fd_sc_hd__clkbuf_16)
     9    0.02                           clknet_2_3__leaf_clk (net)
                  0.04    0.00    0.30 ^ _236_/CLK (sky130_fd_sc_hd__dfrtp_1)
                  0.06    0.40    0.70 v _236_/Q (sky130_fd_sc_hd__dfrtp_1)
     5    0.01                           tx_inst.bit_count[2] (net)
                  0.06    0.00    0.70 v hold14/A (sky130_fd_sc_hd__dlygate4sd3_1)
                  0.05    0.58    1.28 v hold14/X (sky130_fd_sc_hd__dlygate4sd3_1)
     1    0.00                           net34 (net)
                  0.05    0.00    1.28 v _162_/B2 (sky130_fd_sc_hd__a32o_1)
                  0.04    0.21    1.49 v _162_/X (sky130_fd_sc_hd__a32o_1)
     1    0.00                           _035_ (net)
                  0.04    0.00    1.49 v hold15/A (sky130_fd_sc_hd__dlygate4sd3_1)
                  0.05    0.56    2.05 v hold15/X (sky130_fd_sc_hd__dlygate4sd3_1)
     1    0.00                           net35 (net)
                  0.05    0.00    2.05 v _236_/D (sky130_fd_sc_hd__dfrtp_1)
                                  2.05   data arrival time

                         20.00   20.00   clock clk (rise edge)
                          0.00   20.00   clock source latency
                  0.04    0.03   20.03 ^ clk (in)
     1    0.01                           clk (net)
                  0.04    0.00   20.03 ^ clkbuf_0_clk/A (sky130_fd_sc_hd__clkbuf_16)
                  0.05    0.13   20.15 ^ clkbuf_0_clk/X (sky130_fd_sc_hd__clkbuf_16)
     4    0.03                           clknet_0_clk (net)
                  0.05    0.00   20.15 ^ clkbuf_2_3__f_clk/A (sky130_fd_sc_hd__clkbuf_16)
                  0.04    0.12   20.27 ^ clkbuf_2_3__f_clk/X (sky130_fd_sc_hd__clkbuf_16)
     9    0.02                           clknet_2_3__leaf_clk (net)
                  0.04    0.00   20.27 ^ _236_/CLK (sky130_fd_sc_hd__dfrtp_1)
                         -0.25   20.02   clock uncertainty
                          0.03   20.05   clock reconvergence pessimism
                         -0.12   19.93   library setup time
                                 19.93   data required time
-----------------------------------------------------------------------------
                                 19.93   data required time
                                 -2.05   data arrival time
-----------------------------------------------------------------------------
                                 17.88   slack (MET)


Startpoint: _234_ (rising edge-triggered flip-flop clocked by clk)
Endpoint: _234_ (rising edge-triggered flip-flop clocked by clk)
Path Group: clk
Path Type: max

Fanout     Cap    Slew   Delay    Time   Description
-----------------------------------------------------------------------------
                          0.00    0.00   clock clk (rise edge)
                          0.00    0.00   clock source latency
                  0.04    0.03    0.03 ^ clk (in)
     1    0.01                           clk (net)
                  0.04    0.00    0.03 ^ clkbuf_0_clk/A (sky130_fd_sc_hd__clkbuf_16)
                  0.05    0.14    0.17 ^ clkbuf_0_clk/X (sky130_fd_sc_hd__clkbuf_16)
     4    0.03                           clknet_0_clk (net)
                  0.05    0.00    0.17 ^ clkbuf_2_3__f_clk/A (sky130_fd_sc_hd__clkbuf_16)
                  0.04    0.13    0.30 ^ clkbuf_2_3__f_clk/X (sky130_fd_sc_hd__clkbuf_16)
     9    0.02                           clknet_2_3__leaf_clk (net)
                  0.04    0.00    0.30 ^ _234_/CLK (sky130_fd_sc_hd__dfrtp_4)
                  0.09    0.53    0.83 v _234_/Q (sky130_fd_sc_hd__dfrtp_4)
     9    0.02                           tx_inst.bit_count[0] (net)
                  0.09    0.00    0.83 v hold27/A (sky130_fd_sc_hd__dlygate4sd3_1)
                  0.05    0.59    1.42 v hold27/X (sky130_fd_sc_hd__dlygate4sd3_1)
     1    0.00                           net47 (net)
                  0.05    0.00    1.42 v _169_/A1 (sky130_fd_sc_hd__a21oi_1)
                  0.09    0.11    1.53 ^ _169_/Y (sky130_fd_sc_hd__a21oi_1)
     1    0.00                           _033_ (net)
                  0.09    0.00    1.53 ^ hold28/A (sky130_fd_sc_hd__dlygate4sd3_1)
                  0.05    0.57    2.09 ^ hold28/X (sky130_fd_sc_hd__dlygate4sd3_1)
     1    0.00                           net48 (net)
                  0.05    0.00    2.09 ^ _234_/D (sky130_fd_sc_hd__dfrtp_4)
                                  2.09   data arrival time

                         20.00   20.00   clock clk (rise edge)
                          0.00   20.00   clock source latency
                  0.04    0.03   20.03 ^ clk (in)
     1    0.01                           clk (net)
                  0.04    0.00   20.03 ^ clkbuf_0_clk/A (sky130_fd_sc_hd__clkbuf_16)
                  0.05    0.13   20.15 ^ clkbuf_0_clk/X (sky130_fd_sc_hd__clkbuf_16)
     4    0.03                           clknet_0_clk (net)
                  0.05    0.00   20.15 ^ clkbuf_2_3__f_clk/A (sky130_fd_sc_hd__clkbuf_16)
                  0.04    0.12   20.27 ^ clkbuf_2_3__f_clk/X (sky130_fd_sc_hd__clkbuf_16)
     9    0.02                           clknet_2_3__leaf_clk (net)
                  0.04    0.00   20.27 ^ _234_/CLK (sky130_fd_sc_hd__dfrtp_4)
                         -0.25   20.02   clock uncertainty
                          0.03   20.05   clock reconvergence pessimism
                         -0.06   19.99   library setup time
                                 19.99   data required time
-----------------------------------------------------------------------------
                                 19.99   data required time
                                 -2.09   data arrival time
-----------------------------------------------------------------------------
                                 17.90   slack (MET)


Startpoint: _233_ (rising edge-triggered flip-flop clocked by clk)
Endpoint: _253_ (rising edge-triggered flip-flop clocked by clk)
Path Group: clk
Path Type: max

Fanout     Cap    Slew   Delay    Time   Description
-----------------------------------------------------------------------------
                          0.00    0.00   clock clk (rise edge)
                          0.00    0.00   clock source latency
                  0.04    0.03    0.03 ^ clk (in)
     1    0.01                           clk (net)
                  0.04    0.00    0.03 ^ clkbuf_0_clk/A (sky130_fd_sc_hd__clkbuf_16)
                  0.05    0.14    0.17 ^ clkbuf_0_clk/X (sky130_fd_sc_hd__clkbuf_16)
     4    0.03                           clknet_0_clk (net)
                  0.05    0.00    0.17 ^ clkbuf_2_2__f_clk/A (sky130_fd_sc_hd__clkbuf_16)
                  0.03    0.13    0.30 ^ clkbuf_2_2__f_clk/X (sky130_fd_sc_hd__clkbuf_16)
     6    0.01                           clknet_2_2__leaf_clk (net)
                  0.03    0.00    0.30 ^ _233_/CLK (sky130_fd_sc_hd__dfrtp_1)
                  0.07    0.40    0.70 v _233_/Q (sky130_fd_sc_hd__dfrtp_1)
     5    0.01                           rx_inst.state[3] (net)
                  0.07    0.00    0.70 v _126_/A (sky130_fd_sc_hd__or4b_1)
                  0.10    0.56    1.26 v _126_/X (sky130_fd_sc_hd__or4b_1)
     3    0.00                           _067_ (net)
                  0.10    0.00    1.26 v _127_/C (sky130_fd_sc_hd__or3_1)
                  0.07    0.34    1.60 v _127_/X (sky130_fd_sc_hd__or3_1)
     1    0.00                           _068_ (net)
                  0.07    0.00    1.60 v _128_/S (sky130_fd_sc_hd__mux2_1)
                  0.05    0.32    1.92 v _128_/X (sky130_fd_sc_hd__mux2_1)
     1    0.00                           _069_ (net)
                  0.05    0.00    1.92 v _129_/A (sky130_fd_sc_hd__clkbuf_1)
                  0.02    0.09    2.01 v _129_/X (sky130_fd_sc_hd__clkbuf_1)
     1    0.00                           _047_ (net)
                  0.02    0.00    2.01 v _253_/D (sky130_fd_sc_hd__dfrtp_1)
                                  2.01   data arrival time

                         20.00   20.00   clock clk (rise edge)
                          0.00   20.00   clock source latency
                  0.04    0.03   20.03 ^ clk (in)
     1    0.01                           clk (net)
                  0.04    0.00   20.03 ^ clkbuf_0_clk/A (sky130_fd_sc_hd__clkbuf_16)
                  0.05    0.13   20.15 ^ clkbuf_0_clk/X (sky130_fd_sc_hd__clkbuf_16)
     4    0.03                           clknet_0_clk (net)
                  0.05    0.00   20.15 ^ clkbuf_2_3__f_clk/A (sky130_fd_sc_hd__clkbuf_16)
                  0.04    0.12   20.27 ^ clkbuf_2_3__f_clk/X (sky130_fd_sc_hd__clkbuf_16)
     9    0.02                           clknet_2_3__leaf_clk (net)
                  0.04    0.00   20.27 ^ _253_/CLK (sky130_fd_sc_hd__dfrtp_1)
                         -0.25   20.02   clock uncertainty
                          0.02   20.04   clock reconvergence pessimism
                         -0.11   19.93   library setup time
                                 19.93   data required time
-----------------------------------------------------------------------------
                                 19.93   data required time
                                 -2.01   data arrival time
-----------------------------------------------------------------------------
                                 17.92   slack (MET)


Startpoint: _233_ (rising edge-triggered flip-flop clocked by clk)
Endpoint: _251_ (rising edge-triggered flip-flop clocked by clk)
Path Group: clk
Path Type: max

Fanout     Cap    Slew   Delay    Time   Description
-----------------------------------------------------------------------------
                          0.00    0.00   clock clk (rise edge)
                          0.00    0.00   clock source latency
                  0.04    0.03    0.03 ^ clk (in)
     1    0.01                           clk (net)
                  0.04    0.00    0.03 ^ clkbuf_0_clk/A (sky130_fd_sc_hd__clkbuf_16)
                  0.05    0.14    0.17 ^ clkbuf_0_clk/X (sky130_fd_sc_hd__clkbuf_16)
     4    0.03                           clknet_0_clk (net)
                  0.05    0.00    0.17 ^ clkbuf_2_2__f_clk/A (sky130_fd_sc_hd__clkbuf_16)
                  0.03    0.13    0.30 ^ clkbuf_2_2__f_clk/X (sky130_fd_sc_hd__clkbuf_16)
     6    0.01                           clknet_2_2__leaf_clk (net)
                  0.03    0.00    0.30 ^ _233_/CLK (sky130_fd_sc_hd__dfrtp_1)
                  0.07    0.40    0.70 v _233_/Q (sky130_fd_sc_hd__dfrtp_1)
     5    0.01                           rx_inst.state[3] (net)
                  0.07    0.00    0.70 v _126_/A (sky130_fd_sc_hd__or4b_1)
                  0.10    0.56    1.26 v _126_/X (sky130_fd_sc_hd__or4b_1)
     3    0.00                           _067_ (net)
                  0.10    0.00    1.26 v _133_/C (sky130_fd_sc_hd__or3_1)
                  0.07    0.34    1.60 v _133_/X (sky130_fd_sc_hd__or3_1)
     1    0.00                           _072_ (net)
                  0.07    0.00    1.60 v _134_/S (sky130_fd_sc_hd__mux2_1)
                  0.05    0.32    1.92 v _134_/X (sky130_fd_sc_hd__mux2_1)
     1    0.00                           _073_ (net)
                  0.05    0.00    1.92 v _135_/A (sky130_fd_sc_hd__clkbuf_1)
                  0.02    0.09    2.01 v _135_/X (sky130_fd_sc_hd__clkbuf_1)
     1    0.00                           _045_ (net)
                  0.02    0.00    2.01 v _251_/D (sky130_fd_sc_hd__dfrtp_1)
                                  2.01   data arrival time

                         20.00   20.00   clock clk (rise edge)
                          0.00   20.00   clock source latency
                  0.04    0.03   20.03 ^ clk (in)
     1    0.01                           clk (net)
                  0.04    0.00   20.03 ^ clkbuf_0_clk/A (sky130_fd_sc_hd__clkbuf_16)
                  0.05    0.13   20.15 ^ clkbuf_0_clk/X (sky130_fd_sc_hd__clkbuf_16)
     4    0.03                           clknet_0_clk (net)
                  0.05    0.00   20.15 ^ clkbuf_2_2__f_clk/A (sky130_fd_sc_hd__clkbuf_16)
                  0.03    0.11   20.27 ^ clkbuf_2_2__f_clk/X (sky130_fd_sc_hd__clkbuf_16)
     6    0.01                           clknet_2_2__leaf_clk (net)
                  0.03    0.00   20.27 ^ _251_/CLK (sky130_fd_sc_hd__dfrtp_1)
                         -0.25   20.02   clock uncertainty
                          0.03   20.05   clock reconvergence pessimism
                         -0.11   19.94   library setup time
                                 19.94   data required time
-----------------------------------------------------------------------------
                                 19.94   data required time
                                 -2.01   data arrival time
-----------------------------------------------------------------------------
                                 17.93   slack (MET)


Startpoint: _232_ (rising edge-triggered flip-flop clocked by clk)
Endpoint: _231_ (rising edge-triggered flip-flop clocked by clk)
Path Group: clk
Path Type: max

Fanout     Cap    Slew   Delay    Time   Description
-----------------------------------------------------------------------------
                          0.00    0.00   clock clk (rise edge)
                          0.00    0.00   clock source latency
                  0.04    0.03    0.03 ^ clk (in)
     1    0.01                           clk (net)
                  0.04    0.00    0.03 ^ clkbuf_0_clk/A (sky130_fd_sc_hd__clkbuf_16)
                  0.05    0.14    0.17 ^ clkbuf_0_clk/X (sky130_fd_sc_hd__clkbuf_16)
     4    0.03                           clknet_0_clk (net)
                  0.05    0.00    0.17 ^ clkbuf_2_2__f_clk/A (sky130_fd_sc_hd__clkbuf_16)
                  0.03    0.13    0.30 ^ clkbuf_2_2__f_clk/X (sky130_fd_sc_hd__clkbuf_16)
     6    0.01                           clknet_2_2__leaf_clk (net)
                  0.03    0.00    0.30 ^ _232_/CLK (sky130_fd_sc_hd__dfrtp_1)
                  0.06    0.39    0.68 v _232_/Q (sky130_fd_sc_hd__dfrtp_1)
     4    0.01                           rx_inst.state[2] (net)
                  0.06    0.00    0.68 v hold3/A (sky130_fd_sc_hd__dlygate4sd3_1)
                  0.05    0.58    1.26 v hold3/X (sky130_fd_sc_hd__dlygate4sd3_1)
     1    0.00                           net23 (net)
                  0.05    0.00    1.26 v _172_/B1 (sky130_fd_sc_hd__a21o_1)
                  0.03    0.15    1.41 v _172_/X (sky130_fd_sc_hd__a21o_1)
     1    0.00                           _004_ (net)
                  0.03    0.00    1.41 v hold4/A (sky130_fd_sc_hd__dlygate4sd3_1)
                  0.05    0.56    1.97 v hold4/X (sky130_fd_sc_hd__dlygate4sd3_1)
     1    0.00                           net24 (net)
                  0.05    0.00    1.97 v _231_/D (sky130_fd_sc_hd__dfrtp_2)
                                  1.97   data arrival time

                         20.00   20.00   clock clk (rise edge)
                          0.00   20.00   clock source latency
                  0.04    0.03   20.03 ^ clk (in)
     1    0.01                           clk (net)
                  0.04    0.00   20.03 ^ clkbuf_0_clk/A (sky130_fd_sc_hd__clkbuf_16)
                  0.05    0.13   20.15 ^ clkbuf_0_clk/X (sky130_fd_sc_hd__clkbuf_16)
     4    0.03                           clknet_0_clk (net)
                  0.05    0.00   20.15 ^ clkbuf_2_0__f_clk/A (sky130_fd_sc_hd__clkbuf_16)
                  0.04    0.12   20.27 ^ clkbuf_2_0__f_clk/X (sky130_fd_sc_hd__clkbuf_16)
     9    0.02                           clknet_2_0__leaf_clk (net)
                  0.04    0.00   20.27 ^ _231_/CLK (sky130_fd_sc_hd__dfrtp_2)
                         -0.25   20.02   clock uncertainty
                          0.02   20.04   clock reconvergence pessimism
                         -0.12   19.92   library setup time
                                 19.92   data required time
-----------------------------------------------------------------------------
                                 19.92   data required time
                                 -1.97   data arrival time
-----------------------------------------------------------------------------
                                 17.95   slack (MET)


Startpoint: _244_ (rising edge-triggered flip-flop clocked by clk)
Endpoint: _243_ (rising edge-triggered flip-flop clocked by clk)
Path Group: clk
Path Type: max

Fanout     Cap    Slew   Delay    Time   Description
-----------------------------------------------------------------------------
                          0.00    0.00   clock clk (rise edge)
                          0.00    0.00   clock source latency
                  0.04    0.03    0.03 ^ clk (in)
     1    0.01                           clk (net)
                  0.04    0.00    0.03 ^ clkbuf_0_clk/A (sky130_fd_sc_hd__clkbuf_16)
                  0.05    0.14    0.17 ^ clkbuf_0_clk/X (sky130_fd_sc_hd__clkbuf_16)
     4    0.03                           clknet_0_clk (net)
                  0.05    0.00    0.17 ^ clkbuf_2_3__f_clk/A (sky130_fd_sc_hd__clkbuf_16)
                  0.04    0.13    0.30 ^ clkbuf_2_3__f_clk/X (sky130_fd_sc_hd__clkbuf_16)
     9    0.02                           clknet_2_3__leaf_clk (net)
                  0.04    0.00    0.30 ^ _244_/CLK (sky130_fd_sc_hd__dfrtp_1)
                  0.04    0.37    0.67 v _244_/Q (sky130_fd_sc_hd__dfrtp_1)
     2    0.00                           tx_inst.state[2] (net)
                  0.04    0.00    0.67 v hold1/A (sky130_fd_sc_hd__dlygate4sd3_1)
                  0.05    0.57    1.24 v hold1/X (sky130_fd_sc_hd__dlygate4sd3_1)
     1    0.00                           net21 (net)
                  0.05    0.00    1.24 v _173_/B1 (sky130_fd_sc_hd__a21o_1)
                  0.03    0.15    1.39 v _173_/X (sky130_fd_sc_hd__a21o_1)
     1    0.00                           _007_ (net)
                  0.03    0.00    1.39 v hold2/A (sky130_fd_sc_hd__dlygate4sd3_1)
                  0.05    0.56    1.95 v hold2/X (sky130_fd_sc_hd__dlygate4sd3_1)
     1    0.00                           net22 (net)
                  0.05    0.00    1.95 v _243_/D (sky130_fd_sc_hd__dfrtp_4)
                                  1.95   data arrival time

                         20.00   20.00   clock clk (rise edge)
                          0.00   20.00   clock source latency
                  0.04    0.03   20.03 ^ clk (in)
     1    0.01                           clk (net)
                  0.04    0.00   20.03 ^ clkbuf_0_clk/A (sky130_fd_sc_hd__clkbuf_16)
                  0.05    0.13   20.15 ^ clkbuf_0_clk/X (sky130_fd_sc_hd__clkbuf_16)
     4    0.03                           clknet_0_clk (net)
                  0.05    0.00   20.15 ^ clkbuf_2_3__f_clk/A (sky130_fd_sc_hd__clkbuf_16)
                  0.04    0.12   20.27 ^ clkbuf_2_3__f_clk/X (sky130_fd_sc_hd__clkbuf_16)
     9    0.02                           clknet_2_3__leaf_clk (net)
                  0.04    0.00   20.27 ^ _243_/CLK (sky130_fd_sc_hd__dfrtp_4)
                         -0.25   20.02   clock uncertainty
                          0.03   20.05   clock reconvergence pessimism
                         -0.12   19.93   library setup time
                                 19.93   data required time
-----------------------------------------------------------------------------
                                 19.93   data required time
                                 -1.95   data arrival time
-----------------------------------------------------------------------------
                                 17.98   slack (MET)


Startpoint: _234_ (rising edge-triggered flip-flop clocked by clk)
Endpoint: _237_ (rising edge-triggered flip-flop clocked by clk)
Path Group: clk
Path Type: max

Fanout     Cap    Slew   Delay    Time   Description
-----------------------------------------------------------------------------
                          0.00    0.00   clock clk (rise edge)
                          0.00    0.00   clock source latency
                  0.04    0.03    0.03 ^ clk (in)
     1    0.01                           clk (net)
                  0.04    0.00    0.03 ^ clkbuf_0_clk/A (sky130_fd_sc_hd__clkbuf_16)
                  0.05    0.14    0.17 ^ clkbuf_0_clk/X (sky130_fd_sc_hd__clkbuf_16)
     4    0.03                           clknet_0_clk (net)
                  0.05    0.00    0.17 ^ clkbuf_2_3__f_clk/A (sky130_fd_sc_hd__clkbuf_16)
                  0.04    0.13    0.30 ^ clkbuf_2_3__f_clk/X (sky130_fd_sc_hd__clkbuf_16)
     9    0.02                           clknet_2_3__leaf_clk (net)
                  0.04    0.00    0.30 ^ _234_/CLK (sky130_fd_sc_hd__dfrtp_4)
                  0.10    0.46    0.77 ^ _234_/Q (sky130_fd_sc_hd__dfrtp_4)
     9    0.02                           tx_inst.bit_count[0] (net)
                  0.10    0.00    0.77 ^ _179_/S0 (sky130_fd_sc_hd__mux4_1)
                  0.08    0.56    1.33 v _179_/X (sky130_fd_sc_hd__mux4_1)
     1    0.00                           _099_ (net)
                  0.08    0.00    1.33 v _180_/A (sky130_fd_sc_hd__or2b_1)
                  0.04    0.23    1.56 v _180_/X (sky130_fd_sc_hd__or2b_1)
     1    0.00                           _100_ (net)
                  0.04    0.00    1.56 v _181_/A3 (sky130_fd_sc_hd__a311o_1)
                  0.05    0.35    1.91 v _181_/X (sky130_fd_sc_hd__a311o_1)
     1    0.00                           _114_ (net)
                  0.05    0.00    1.91 v _237_/D (sky130_fd_sc_hd__dfstp_1)
                                  1.91   data arrival time

                         20.00   20.00   clock clk (rise edge)
                          0.00   20.00   clock source latency
                  0.04    0.03   20.03 ^ clk (in)
     1    0.01                           clk (net)
                  0.04    0.00   20.03 ^ clkbuf_0_clk/A (sky130_fd_sc_hd__clkbuf_16)
                  0.05    0.13   20.15 ^ clkbuf_0_clk/X (sky130_fd_sc_hd__clkbuf_16)
     4    0.03                           clknet_0_clk (net)
                  0.05    0.00   20.15 ^ clkbuf_2_3__f_clk/A (sky130_fd_sc_hd__clkbuf_16)
                  0.04    0.12   20.27 ^ clkbuf_2_3__f_clk/X (sky130_fd_sc_hd__clkbuf_16)
     9    0.02                           clknet_2_3__leaf_clk (net)
                  0.04    0.00   20.27 ^ _237_/CLK (sky130_fd_sc_hd__dfstp_1)
                         -0.25   20.02   clock uncertainty
                          0.03   20.05   clock reconvergence pessimism
                         -0.07   19.98   library setup time
                                 19.98   data required time
-----------------------------------------------------------------------------
                                 19.98   data required time
                                 -1.91   data arrival time
-----------------------------------------------------------------------------
                                 18.07   slack (MET)


Startpoint: _233_ (rising edge-triggered flip-flop clocked by clk)
Endpoint: _247_ (rising edge-triggered flip-flop clocked by clk)
Path Group: clk
Path Type: max

Fanout     Cap    Slew   Delay    Time   Description
-----------------------------------------------------------------------------
                          0.00    0.00   clock clk (rise edge)
                          0.00    0.00   clock source latency
                  0.04    0.03    0.03 ^ clk (in)
     1    0.01                           clk (net)
                  0.04    0.00    0.03 ^ clkbuf_0_clk/A (sky130_fd_sc_hd__clkbuf_16)
                  0.05    0.14    0.17 ^ clkbuf_0_clk/X (sky130_fd_sc_hd__clkbuf_16)
     4    0.03                           clknet_0_clk (net)
                  0.05    0.00    0.17 ^ clkbuf_2_2__f_clk/A (sky130_fd_sc_hd__clkbuf_16)
                  0.03    0.13    0.30 ^ clkbuf_2_2__f_clk/X (sky130_fd_sc_hd__clkbuf_16)
     6    0.01                           clknet_2_2__leaf_clk (net)
                  0.03    0.00    0.30 ^ _233_/CLK (sky130_fd_sc_hd__dfrtp_1)
                  0.07    0.40    0.70 v _233_/Q (sky130_fd_sc_hd__dfrtp_1)
     5    0.01                           rx_inst.state[3] (net)
                  0.07    0.00    0.70 v _119_/A (sky130_fd_sc_hd__or3_2)
                  0.11    0.54    1.24 v _119_/X (sky130_fd_sc_hd__or3_2)
     6    0.01                           _061_ (net)
                  0.11    0.00    1.24 v _145_/A (sky130_fd_sc_hd__nor2_1)
                  0.09    0.13    1.38 ^ _145_/Y (sky130_fd_sc_hd__nor2_1)
     1    0.00                           _080_ (net)
                  0.09    0.00    1.38 ^ _146_/S (sky130_fd_sc_hd__mux2_1)
                  0.05    0.33    1.71 v _146_/X (sky130_fd_sc_hd__mux2_1)
     1    0.00                           _081_ (net)
                  0.05    0.00    1.71 v _147_/A (sky130_fd_sc_hd__clkbuf_1)
                  0.02    0.09    1.80 v _147_/X (sky130_fd_sc_hd__clkbuf_1)
     1    0.00                           _041_ (net)
                  0.02    0.00    1.80 v _247_/D (sky130_fd_sc_hd__dfrtp_1)
                                  1.80   data arrival time

                         20.00   20.00   clock clk (rise edge)
                          0.00   20.00   clock source latency
                  0.04    0.03   20.03 ^ clk (in)
     1    0.01                           clk (net)
                  0.04    0.00   20.03 ^ clkbuf_0_clk/A (sky130_fd_sc_hd__clkbuf_16)
                  0.05    0.13   20.15 ^ clkbuf_0_clk/X (sky130_fd_sc_hd__clkbuf_16)
     4    0.03                           clknet_0_clk (net)
                  0.05    0.00   20.15 ^ clkbuf_2_2__f_clk/A (sky130_fd_sc_hd__clkbuf_16)
                  0.03    0.11   20.27 ^ clkbuf_2_2__f_clk/X (sky130_fd_sc_hd__clkbuf_16)
     6    0.01                           clknet_2_2__leaf_clk (net)
                  0.03    0.00   20.27 ^ _247_/CLK (sky130_fd_sc_hd__dfrtp_1)
                         -0.25   20.02   clock uncertainty
                          0.03   20.05   clock reconvergence pessimism
                         -0.11   19.94   library setup time
                                 19.94   data required time
-----------------------------------------------------------------------------
                                 19.94   data required time
                                 -1.80   data arrival time
-----------------------------------------------------------------------------
                                 18.14   slack (MET)


Startpoint: _233_ (rising edge-triggered flip-flop clocked by clk)
Endpoint: _252_ (rising edge-triggered flip-flop clocked by clk)
Path Group: clk
Path Type: max

Fanout     Cap    Slew   Delay    Time   Description
-----------------------------------------------------------------------------
                          0.00    0.00   clock clk (rise edge)
                          0.00    0.00   clock source latency
                  0.04    0.03    0.03 ^ clk (in)
     1    0.01                           clk (net)
                  0.04    0.00    0.03 ^ clkbuf_0_clk/A (sky130_fd_sc_hd__clkbuf_16)
                  0.05    0.14    0.17 ^ clkbuf_0_clk/X (sky130_fd_sc_hd__clkbuf_16)
     4    0.03                           clknet_0_clk (net)
                  0.05    0.00    0.17 ^ clkbuf_2_2__f_clk/A (sky130_fd_sc_hd__clkbuf_16)
                  0.03    0.13    0.30 ^ clkbuf_2_2__f_clk/X (sky130_fd_sc_hd__clkbuf_16)
     6    0.01                           clknet_2_2__leaf_clk (net)
                  0.03    0.00    0.30 ^ _233_/CLK (sky130_fd_sc_hd__dfrtp_1)
                  0.07    0.40    0.70 v _233_/Q (sky130_fd_sc_hd__dfrtp_1)
     5    0.01                           rx_inst.state[3] (net)
                  0.07    0.00    0.70 v _126_/A (sky130_fd_sc_hd__or4b_1)
                  0.10    0.56    1.26 v _126_/X (sky130_fd_sc_hd__or4b_1)
     3    0.00                           _067_ (net)
                  0.10    0.00    1.26 v _131_/A3 (sky130_fd_sc_hd__o31a_1)
                  0.05    0.26    1.52 v _131_/X (sky130_fd_sc_hd__o31a_1)
     1    0.00                           _071_ (net)
                  0.05    0.00    1.52 v _132_/B1 (sky130_fd_sc_hd__a41o_1)
                  0.04    0.20    1.72 v _132_/X (sky130_fd_sc_hd__a41o_1)
     1    0.00                           _046_ (net)
                  0.04    0.00    1.72 v _252_/D (sky130_fd_sc_hd__dfrtp_1)
                                  1.72   data arrival time

                         20.00   20.00   clock clk (rise edge)
                          0.00   20.00   clock source latency
                  0.04    0.03   20.03 ^ clk (in)
     1    0.01                           clk (net)
                  0.04    0.00   20.03 ^ clkbuf_0_clk/A (sky130_fd_sc_hd__clkbuf_16)
                  0.05    0.13   20.15 ^ clkbuf_0_clk/X (sky130_fd_sc_hd__clkbuf_16)
     4    0.03                           clknet_0_clk (net)
                  0.05    0.00   20.15 ^ clkbuf_2_0__f_clk/A (sky130_fd_sc_hd__clkbuf_16)
                  0.04    0.12   20.27 ^ clkbuf_2_0__f_clk/X (sky130_fd_sc_hd__clkbuf_16)
     9    0.02                           clknet_2_0__leaf_clk (net)
                  0.04    0.00   20.27 ^ _252_/CLK (sky130_fd_sc_hd__dfrtp_1)
                         -0.25   20.02   clock uncertainty
                          0.02   20.04   clock reconvergence pessimism
                         -0.11   19.93   library setup time
                                 19.93   data required time
-----------------------------------------------------------------------------
                                 19.93   data required time
                                 -1.72   data arrival time
-----------------------------------------------------------------------------
                                 18.21   slack (MET)


Startpoint: _233_ (rising edge-triggered flip-flop clocked by clk)
Endpoint: _254_ (rising edge-triggered flip-flop clocked by clk)
Path Group: clk
Path Type: max

Fanout     Cap    Slew   Delay    Time   Description
-----------------------------------------------------------------------------
                          0.00    0.00   clock clk (rise edge)
                          0.00    0.00   clock source latency
                  0.04    0.03    0.03 ^ clk (in)
     1    0.01                           clk (net)
                  0.04    0.00    0.03 ^ clkbuf_0_clk/A (sky130_fd_sc_hd__clkbuf_16)
                  0.05    0.14    0.17 ^ clkbuf_0_clk/X (sky130_fd_sc_hd__clkbuf_16)
     4    0.03                           clknet_0_clk (net)
                  0.05    0.00    0.17 ^ clkbuf_2_2__f_clk/A (sky130_fd_sc_hd__clkbuf_16)
                  0.03    0.13    0.30 ^ clkbuf_2_2__f_clk/X (sky130_fd_sc_hd__clkbuf_16)
     6    0.01                           clknet_2_2__leaf_clk (net)
                  0.03    0.00    0.30 ^ _233_/CLK (sky130_fd_sc_hd__dfrtp_1)
                  0.07    0.40    0.70 v _233_/Q (sky130_fd_sc_hd__dfrtp_1)
     5    0.01                           rx_inst.state[3] (net)
                  0.07    0.00    0.70 v _119_/A (sky130_fd_sc_hd__or3_2)
                  0.11    0.54    1.24 v _119_/X (sky130_fd_sc_hd__or3_2)
     6    0.01                           _061_ (net)
                  0.11    0.00    1.24 v _123_/A1 (sky130_fd_sc_hd__o21a_1)
                  0.03    0.21    1.45 v _123_/X (sky130_fd_sc_hd__o21a_1)
     1    0.00                           _065_ (net)
                  0.03    0.00    1.45 v _124_/B1 (sky130_fd_sc_hd__a41o_1)
                  0.04    0.20    1.65 v _124_/X (sky130_fd_sc_hd__a41o_1)
     1    0.00                           _048_ (net)
                  0.04    0.00    1.65 v _254_/D (sky130_fd_sc_hd__dfrtp_1)
                                  1.65   data arrival time

                         20.00   20.00   clock clk (rise edge)
                          0.00   20.00   clock source latency
                  0.04    0.03   20.03 ^ clk (in)
     1    0.01                           clk (net)
                  0.04    0.00   20.03 ^ clkbuf_0_clk/A (sky130_fd_sc_hd__clkbuf_16)
                  0.05    0.13   20.15 ^ clkbuf_0_clk/X (sky130_fd_sc_hd__clkbuf_16)
     4    0.03                           clknet_0_clk (net)
                  0.05    0.00   20.15 ^ clkbuf_2_0__f_clk/A (sky130_fd_sc_hd__clkbuf_16)
                  0.04    0.12   20.27 ^ clkbuf_2_0__f_clk/X (sky130_fd_sc_hd__clkbuf_16)
     9    0.02                           clknet_2_0__leaf_clk (net)
                  0.04    0.00   20.27 ^ _254_/CLK (sky130_fd_sc_hd__dfrtp_1)
                         -0.25   20.02   clock uncertainty
                          0.02   20.04   clock reconvergence pessimism
                         -0.11   19.93   library setup time
                                 19.93   data required time
-----------------------------------------------------------------------------
                                 19.93   data required time
                                 -1.65   data arrival time
-----------------------------------------------------------------------------
                                 18.28   slack (MET)


Startpoint: _239_ (rising edge-triggered flip-flop clocked by clk)
Endpoint: _239_ (rising edge-triggered flip-flop clocked by clk)
Path Group: clk
Path Type: max

Fanout     Cap    Slew   Delay    Time   Description
-----------------------------------------------------------------------------
                          0.00    0.00   clock clk (rise edge)
                          0.00    0.00   clock source latency
                  0.04    0.03    0.03 ^ clk (in)
     1    0.01                           clk (net)
                  0.04    0.00    0.03 ^ clkbuf_0_clk/A (sky130_fd_sc_hd__clkbuf_16)
                  0.05    0.14    0.17 ^ clkbuf_0_clk/X (sky130_fd_sc_hd__clkbuf_16)
     4    0.03                           clknet_0_clk (net)
                  0.05    0.00    0.17 ^ clkbuf_2_0__f_clk/A (sky130_fd_sc_hd__clkbuf_16)
                  0.04    0.13    0.30 ^ clkbuf_2_0__f_clk/X (sky130_fd_sc_hd__clkbuf_16)
     9    0.02                           clknet_2_0__leaf_clk (net)
                  0.04    0.00    0.30 ^ _239_/CLK (sky130_fd_sc_hd__dfrtp_1)
                  0.06    0.39    0.69 v _239_/Q (sky130_fd_sc_hd__dfrtp_1)
     2    0.01                           rx_inst.bit_count[0] (net)
                  0.06    0.00    0.69 v _115_/A (sky130_fd_sc_hd__buf_2)
                  0.06    0.17    0.86 v _115_/X (sky130_fd_sc_hd__buf_2)
    10    0.02                           _057_ (net)
                  0.06    0.00    0.86 v _121_/B (sky130_fd_sc_hd__and2_1)
                  0.06    0.19    1.05 v _121_/X (sky130_fd_sc_hd__and2_1)
     4    0.01                           _063_ (net)
                  0.06    0.00    1.05 v _122_/B (sky130_fd_sc_hd__nand2_1)
                  0.08    0.10    1.15 ^ _122_/Y (sky130_fd_sc_hd__nand2_1)
     3    0.01                           _064_ (net)
                  0.08    0.00    1.15 ^ _155_/A2 (sky130_fd_sc_hd__a21boi_1)
                  0.05    0.08    1.23 v _155_/Y (sky130_fd_sc_hd__a21boi_1)
     2    0.00                           _086_ (net)
                  0.05    0.00    1.23 v _157_/A1 (sky130_fd_sc_hd__mux2_1)
                  0.05    0.30    1.53 v _157_/X (sky130_fd_sc_hd__mux2_1)
     1    0.00                           _087_ (net)
                  0.05    0.00    1.53 v _158_/A (sky130_fd_sc_hd__clkbuf_1)
                  0.02    0.09    1.62 v _158_/X (sky130_fd_sc_hd__clkbuf_1)
     1    0.00                           _037_ (net)
                  0.02    0.00    1.62 v _239_/D (sky130_fd_sc_hd__dfrtp_1)
                                  1.62   data arrival time

                         20.00   20.00   clock clk (rise edge)
                          0.00   20.00   clock source latency
                  0.04    0.03   20.03 ^ clk (in)
     1    0.01                           clk (net)
                  0.04    0.00   20.03 ^ clkbuf_0_clk/A (sky130_fd_sc_hd__clkbuf_16)
                  0.05    0.13   20.15 ^ clkbuf_0_clk/X (sky130_fd_sc_hd__clkbuf_16)
     4    0.03                           clknet_0_clk (net)
                  0.05    0.00   20.15 ^ clkbuf_2_0__f_clk/A (sky130_fd_sc_hd__clkbuf_16)
                  0.04    0.12   20.27 ^ clkbuf_2_0__f_clk/X (sky130_fd_sc_hd__clkbuf_16)
     9    0.02                           clknet_2_0__leaf_clk (net)
                  0.04    0.00   20.27 ^ _239_/CLK (sky130_fd_sc_hd__dfrtp_1)
                         -0.25   20.02   clock uncertainty
                          0.03   20.05   clock reconvergence pessimism
                         -0.11   19.95   library setup time
                                 19.95   data required time
-----------------------------------------------------------------------------
                                 19.95   data required time
                                 -1.62   data arrival time
-----------------------------------------------------------------------------
                                 18.33   slack (MET)


Startpoint: _241_ (rising edge-triggered flip-flop clocked by clk)
Endpoint: _241_ (rising edge-triggered flip-flop clocked by clk)
Path Group: clk
Path Type: max

Fanout     Cap    Slew   Delay    Time   Description
-----------------------------------------------------------------------------
                          0.00    0.00   clock clk (rise edge)
                          0.00    0.00   clock source latency
                  0.04    0.03    0.03 ^ clk (in)
     1    0.01                           clk (net)
                  0.04    0.00    0.03 ^ clkbuf_0_clk/A (sky130_fd_sc_hd__clkbuf_16)
                  0.05    0.14    0.17 ^ clkbuf_0_clk/X (sky130_fd_sc_hd__clkbuf_16)
     4    0.03                           clknet_0_clk (net)
                  0.05    0.00    0.17 ^ clkbuf_2_0__f_clk/A (sky130_fd_sc_hd__clkbuf_16)
                  0.04    0.13    0.30 ^ clkbuf_2_0__f_clk/X (sky130_fd_sc_hd__clkbuf_16)
     9    0.02                           clknet_2_0__leaf_clk (net)
                  0.04    0.00    0.30 ^ _241_/CLK (sky130_fd_sc_hd__dfrtp_4)
                  0.08    0.51    0.81 v _241_/Q (sky130_fd_sc_hd__dfrtp_4)
     9    0.01                           rx_inst.bit_count[2] (net)
                  0.08    0.00    0.81 v hold29/A (sky130_fd_sc_hd__dlygate4sd3_1)
                  0.05    0.58    1.40 v hold29/X (sky130_fd_sc_hd__dlygate4sd3_1)
     1    0.00                           net49 (net)
                  0.05    0.00    1.40 v _152_/B2 (sky130_fd_sc_hd__a22o_1)
                  0.04    0.20    1.59 v _152_/X (sky130_fd_sc_hd__a22o_1)
     1    0.00                           _039_ (net)
                  0.04    0.00    1.59 v _241_/D (sky130_fd_sc_hd__dfrtp_4)
                                  1.59   data arrival time

                         20.00   20.00   clock clk (rise edge)
                          0.00   20.00   clock source latency
                  0.04    0.03   20.03 ^ clk (in)
     1    0.01                           clk (net)
                  0.04    0.00   20.03 ^ clkbuf_0_clk/A (sky130_fd_sc_hd__clkbuf_16)
                  0.05    0.13   20.15 ^ clkbuf_0_clk/X (sky130_fd_sc_hd__clkbuf_16)
     4    0.03                           clknet_0_clk (net)
                  0.05    0.00   20.15 ^ clkbuf_2_0__f_clk/A (sky130_fd_sc_hd__clkbuf_16)
                  0.04    0.12   20.27 ^ clkbuf_2_0__f_clk/X (sky130_fd_sc_hd__clkbuf_16)
     9    0.02                           clknet_2_0__leaf_clk (net)
                  0.04    0.00   20.27 ^ _241_/CLK (sky130_fd_sc_hd__dfrtp_4)
                         -0.25   20.02   clock uncertainty
                          0.03   20.05   clock reconvergence pessimism
                         -0.11   19.94   library setup time
                                 19.94   data required time
-----------------------------------------------------------------------------
                                 19.94   data required time
                                 -1.59   data arrival time
-----------------------------------------------------------------------------
                                 18.35   slack (MET)


Startpoint: _235_ (rising edge-triggered flip-flop clocked by clk)
Endpoint: _235_ (rising edge-triggered flip-flop clocked by clk)
Path Group: clk
Path Type: max

Fanout     Cap    Slew   Delay    Time   Description
-----------------------------------------------------------------------------
                          0.00    0.00   clock clk (rise edge)
                          0.00    0.00   clock source latency
                  0.04    0.03    0.03 ^ clk (in)
     1    0.01                           clk (net)
                  0.04    0.00    0.03 ^ clkbuf_0_clk/A (sky130_fd_sc_hd__clkbuf_16)
                  0.05    0.14    0.17 ^ clkbuf_0_clk/X (sky130_fd_sc_hd__clkbuf_16)
     4    0.03                           clknet_0_clk (net)
                  0.05    0.00    0.17 ^ clkbuf_2_3__f_clk/A (sky130_fd_sc_hd__clkbuf_16)
                  0.04    0.13    0.30 ^ clkbuf_2_3__f_clk/X (sky130_fd_sc_hd__clkbuf_16)
     9    0.02                           clknet_2_3__leaf_clk (net)
                  0.04    0.00    0.30 ^ _235_/CLK (sky130_fd_sc_hd__dfrtp_4)
                  0.08    0.51    0.81 v _235_/Q (sky130_fd_sc_hd__dfrtp_4)
     7    0.02                           tx_inst.bit_count[1] (net)
                  0.08    0.00    0.81 v hold24/A (sky130_fd_sc_hd__dlygate4sd3_1)
                  0.05    0.58    1.40 v hold24/X (sky130_fd_sc_hd__dlygate4sd3_1)
     1    0.00                           net44 (net)
                  0.05    0.00    1.40 v _166_/B1 (sky130_fd_sc_hd__a21oi_1)
                  0.10    0.11    1.51 ^ _166_/Y (sky130_fd_sc_hd__a21oi_1)
     1    0.00                           _093_ (net)
                  0.10    0.00    1.51 ^ _167_/B1 (sky130_fd_sc_hd__a21oi_1)
                  0.04    0.05    1.56 v _167_/Y (sky130_fd_sc_hd__a21oi_1)
     1    0.00                           _034_ (net)
                  0.04    0.00    1.56 v _235_/D (sky130_fd_sc_hd__dfrtp_4)
                                  1.56   data arrival time

                         20.00   20.00   clock clk (rise edge)
                          0.00   20.00   clock source latency
                  0.04    0.03   20.03 ^ clk (in)
     1    0.01                           clk (net)
                  0.04    0.00   20.03 ^ clkbuf_0_clk/A (sky130_fd_sc_hd__clkbuf_16)
                  0.05    0.13   20.15 ^ clkbuf_0_clk/X (sky130_fd_sc_hd__clkbuf_16)
     4    0.03                           clknet_0_clk (net)
                  0.05    0.00   20.15 ^ clkbuf_2_3__f_clk/A (sky130_fd_sc_hd__clkbuf_16)
                  0.04    0.12   20.27 ^ clkbuf_2_3__f_clk/X (sky130_fd_sc_hd__clkbuf_16)
     9    0.02                           clknet_2_3__leaf_clk (net)
                  0.04    0.00   20.27 ^ _235_/CLK (sky130_fd_sc_hd__dfrtp_4)
                         -0.25   20.02   clock uncertainty
                          0.03   20.05   clock reconvergence pessimism
                         -0.11   19.94   library setup time
                                 19.94   data required time
-----------------------------------------------------------------------------
                                 19.94   data required time
                                 -1.56   data arrival time
-----------------------------------------------------------------------------
                                 18.38   slack (MET)


Startpoint: _231_ (rising edge-triggered flip-flop clocked by clk)
Endpoint: _240_ (rising edge-triggered flip-flop clocked by clk)
Path Group: clk
Path Type: max

Fanout     Cap    Slew   Delay    Time   Description
-----------------------------------------------------------------------------
                          0.00    0.00   clock clk (rise edge)
                          0.00    0.00   clock source latency
                  0.04    0.03    0.03 ^ clk (in)
     1    0.01                           clk (net)
                  0.04    0.00    0.03 ^ clkbuf_0_clk/A (sky130_fd_sc_hd__clkbuf_16)
                  0.05    0.14    0.17 ^ clkbuf_0_clk/X (sky130_fd_sc_hd__clkbuf_16)
     4    0.03                           clknet_0_clk (net)
                  0.05    0.00    0.17 ^ clkbuf_2_0__f_clk/A (sky130_fd_sc_hd__clkbuf_16)
                  0.04    0.13    0.30 ^ clkbuf_2_0__f_clk/X (sky130_fd_sc_hd__clkbuf_16)
     9    0.02                           clknet_2_0__leaf_clk (net)
                  0.04    0.00    0.30 ^ _231_/CLK (sky130_fd_sc_hd__dfrtp_2)
                  0.06    0.43    0.73 v _231_/Q (sky130_fd_sc_hd__dfrtp_2)
     6    0.01                           rx_inst.state[1] (net)
                  0.06    0.00    0.73 v hold26/A (sky130_fd_sc_hd__dlygate4sd3_1)
                  0.06    0.60    1.33 v hold26/X (sky130_fd_sc_hd__dlygate4sd3_1)
     2    0.00                           net46 (net)
                  0.06    0.00    1.33 v _156_/A1 (sky130_fd_sc_hd__a22o_1)
                  0.04    0.21    1.54 v _156_/X (sky130_fd_sc_hd__a22o_1)
     1    0.00                           _038_ (net)
                  0.04    0.00    1.54 v _240_/D (sky130_fd_sc_hd__dfrtp_4)
                                  1.54   data arrival time

                         20.00   20.00   clock clk (rise edge)
                          0.00   20.00   clock source latency
                  0.04    0.03   20.03 ^ clk (in)
     1    0.01                           clk (net)
                  0.04    0.00   20.03 ^ clkbuf_0_clk/A (sky130_fd_sc_hd__clkbuf_16)
                  0.05    0.13   20.15 ^ clkbuf_0_clk/X (sky130_fd_sc_hd__clkbuf_16)
     4    0.03                           clknet_0_clk (net)
                  0.05    0.00   20.15 ^ clkbuf_2_0__f_clk/A (sky130_fd_sc_hd__clkbuf_16)
                  0.04    0.12   20.27 ^ clkbuf_2_0__f_clk/X (sky130_fd_sc_hd__clkbuf_16)
     9    0.02                           clknet_2_0__leaf_clk (net)
                  0.04    0.00   20.27 ^ _240_/CLK (sky130_fd_sc_hd__dfrtp_4)
                         -0.25   20.02   clock uncertainty
                          0.03   20.05   clock reconvergence pessimism
                         -0.11   19.94   library setup time
                                 19.94   data required time
-----------------------------------------------------------------------------
                                 19.94   data required time
                                 -1.54   data arrival time
-----------------------------------------------------------------------------
                                 18.40   slack (MET)


Startpoint: _230_ (rising edge-triggered flip-flop clocked by clk)
Endpoint: _230_ (rising edge-triggered flip-flop clocked by clk)
Path Group: clk
Path Type: max

Fanout     Cap    Slew   Delay    Time   Description
-----------------------------------------------------------------------------
                          0.00    0.00   clock clk (rise edge)
                          0.00    0.00   clock source latency
                  0.04    0.03    0.03 ^ clk (in)
     1    0.01                           clk (net)
                  0.04    0.00    0.03 ^ clkbuf_0_clk/A (sky130_fd_sc_hd__clkbuf_16)
                  0.05    0.14    0.17 ^ clkbuf_0_clk/X (sky130_fd_sc_hd__clkbuf_16)
     4    0.03                           clknet_0_clk (net)
                  0.05    0.00    0.17 ^ clkbuf_2_2__f_clk/A (sky130_fd_sc_hd__clkbuf_16)
                  0.03    0.13    0.30 ^ clkbuf_2_2__f_clk/X (sky130_fd_sc_hd__clkbuf_16)
     6    0.01                           clknet_2_2__leaf_clk (net)
                  0.03    0.00    0.30 ^ _230_/CLK (sky130_fd_sc_hd__dfstp_1)
                  0.06    0.53    0.82 ^ _230_/Q (sky130_fd_sc_hd__dfstp_1)
     3    0.00                           rx_inst.state[0] (net)
                  0.06    0.00    0.82 ^ hold11/A (sky130_fd_sc_hd__dlygate4sd3_1)
                  0.09    0.60    1.43 ^ hold11/X (sky130_fd_sc_hd__dlygate4sd3_1)
     2    0.01                           net31 (net)
                  0.09    0.00    1.43 ^ _149_/A2 (sky130_fd_sc_hd__o21a_1)
                  0.06    0.13    1.56 ^ _149_/X (sky130_fd_sc_hd__o21a_1)
     2    0.00                           _000_ (net)
                  0.06    0.00    1.56 ^ _230_/D (sky130_fd_sc_hd__dfstp_1)
                                  1.56   data arrival time

                         20.00   20.00   clock clk (rise edge)
                          0.00   20.00   clock source latency
                  0.04    0.03   20.03 ^ clk (in)
     1    0.01                           clk (net)
                  0.04    0.00   20.03 ^ clkbuf_0_clk/A (sky130_fd_sc_hd__clkbuf_16)
                  0.05    0.13   20.15 ^ clkbuf_0_clk/X (sky130_fd_sc_hd__clkbuf_16)
     4    0.03                           clknet_0_clk (net)
                  0.05    0.00   20.15 ^ clkbuf_2_2__f_clk/A (sky130_fd_sc_hd__clkbuf_16)
                  0.03    0.11   20.27 ^ clkbuf_2_2__f_clk/X (sky130_fd_sc_hd__clkbuf_16)
     6    0.01                           clknet_2_2__leaf_clk (net)
                  0.03    0.00   20.27 ^ _230_/CLK (sky130_fd_sc_hd__dfstp_1)
                         -0.25   20.02   clock uncertainty
                          0.03   20.05   clock reconvergence pessimism
                         -0.06   19.99   library setup time
                                 19.99   data required time
-----------------------------------------------------------------------------
                                 19.99   data required time
                                 -1.56   data arrival time
-----------------------------------------------------------------------------
                                 18.42   slack (MET)


Startpoint: _230_ (rising edge-triggered flip-flop clocked by clk)
Endpoint: _232_ (rising edge-triggered flip-flop clocked by clk)
Path Group: clk
Path Type: max

Fanout     Cap    Slew   Delay    Time   Description
-----------------------------------------------------------------------------
                          0.00    0.00   clock clk (rise edge)
                          0.00    0.00   clock source latency
                  0.04    0.03    0.03 ^ clk (in)
     1    0.01                           clk (net)
                  0.04    0.00    0.03 ^ clkbuf_0_clk/A (sky130_fd_sc_hd__clkbuf_16)
                  0.05    0.14    0.17 ^ clkbuf_0_clk/X (sky130_fd_sc_hd__clkbuf_16)
     4    0.03                           clknet_0_clk (net)
                  0.05    0.00    0.17 ^ clkbuf_2_2__f_clk/A (sky130_fd_sc_hd__clkbuf_16)
                  0.03    0.13    0.30 ^ clkbuf_2_2__f_clk/X (sky130_fd_sc_hd__clkbuf_16)
     6    0.01                           clknet_2_2__leaf_clk (net)
                  0.03    0.00    0.30 ^ _230_/CLK (sky130_fd_sc_hd__dfstp_1)
                  0.06    0.53    0.82 ^ _230_/Q (sky130_fd_sc_hd__dfstp_1)
     3    0.00                           rx_inst.state[0] (net)
                  0.06    0.00    0.82 ^ hold11/A (sky130_fd_sc_hd__dlygate4sd3_1)
                  0.09    0.60    1.43 ^ hold11/X (sky130_fd_sc_hd__dlygate4sd3_1)
     2    0.01                           net31 (net)
                  0.09    0.00    1.43 ^ _148_/A (sky130_fd_sc_hd__inv_2)
                  0.03    0.04    1.47 v _148_/Y (sky130_fd_sc_hd__inv_2)
     2    0.00                           _082_ (net)
                  0.03    0.00    1.47 v _182_/A (sky130_fd_sc_hd__nor2_1)
                  0.07    0.08    1.55 ^ _182_/Y (sky130_fd_sc_hd__nor2_1)
     1    0.00                           _001_ (net)
                  0.07    0.00    1.55 ^ _232_/D (sky130_fd_sc_hd__dfrtp_1)
                                  1.55   data arrival time

                         20.00   20.00   clock clk (rise edge)
                          0.00   20.00   clock source latency
                  0.04    0.03   20.03 ^ clk (in)
     1    0.01                           clk (net)
                  0.04    0.00   20.03 ^ clkbuf_0_clk/A (sky130_fd_sc_hd__clkbuf_16)
                  0.05    0.13   20.15 ^ clkbuf_0_clk/X (sky130_fd_sc_hd__clkbuf_16)
     4    0.03                           clknet_0_clk (net)
                  0.05    0.00   20.15 ^ clkbuf_2_2__f_clk/A (sky130_fd_sc_hd__clkbuf_16)
                  0.03    0.11   20.27 ^ clkbuf_2_2__f_clk/X (sky130_fd_sc_hd__clkbuf_16)
     6    0.01                           clknet_2_2__leaf_clk (net)
                  0.03    0.00   20.27 ^ _232_/CLK (sky130_fd_sc_hd__dfrtp_1)
                         -0.25   20.02   clock uncertainty
                          0.03   20.05   clock reconvergence pessimism
                         -0.07   19.98   library setup time
                                 19.98   data required time
-----------------------------------------------------------------------------
                                 19.98   data required time
                                 -1.55   data arrival time
-----------------------------------------------------------------------------
                                 18.43   slack (MET)


Startpoint: _234_ (rising edge-triggered flip-flop clocked by clk)
Endpoint: _245_ (rising edge-triggered flip-flop clocked by clk)
Path Group: clk
Path Type: max

Fanout     Cap    Slew   Delay    Time   Description
-----------------------------------------------------------------------------
                          0.00    0.00   clock clk (rise edge)
                          0.00    0.00   clock source latency
                  0.04    0.03    0.03 ^ clk (in)
     1    0.01                           clk (net)
                  0.04    0.00    0.03 ^ clkbuf_0_clk/A (sky130_fd_sc_hd__clkbuf_16)
                  0.05    0.14    0.17 ^ clkbuf_0_clk/X (sky130_fd_sc_hd__clkbuf_16)
     4    0.03                           clknet_0_clk (net)
                  0.05    0.00    0.17 ^ clkbuf_2_3__f_clk/A (sky130_fd_sc_hd__clkbuf_16)
                  0.04    0.13    0.30 ^ clkbuf_2_3__f_clk/X (sky130_fd_sc_hd__clkbuf_16)
     9    0.02                           clknet_2_3__leaf_clk (net)
                  0.04    0.00    0.30 ^ _234_/CLK (sky130_fd_sc_hd__dfrtp_4)
                  0.09    0.53    0.83 v _234_/Q (sky130_fd_sc_hd__dfrtp_4)
     9    0.02                           tx_inst.bit_count[0] (net)
                  0.09    0.00    0.83 v _183_/C (sky130_fd_sc_hd__and4_1)
                  0.04    0.20    1.03 v _183_/X (sky130_fd_sc_hd__and4_1)
     1    0.00                           _101_ (net)
                  0.04    0.00    1.03 v _184_/A (sky130_fd_sc_hd__clkbuf_1)
                  0.02    0.08    1.11 v _184_/X (sky130_fd_sc_hd__clkbuf_1)
     1    0.00                           _003_ (net)
                  0.02    0.00    1.11 v _245_/D (sky130_fd_sc_hd__dfrtp_1)
                                  1.11   data arrival time

                         20.00   20.00   clock clk (rise edge)
                          0.00   20.00   clock source latency
                  0.04    0.03   20.03 ^ clk (in)
     1    0.01                           clk (net)
                  0.04    0.00   20.03 ^ clkbuf_0_clk/A (sky130_fd_sc_hd__clkbuf_16)
                  0.05    0.13   20.15 ^ clkbuf_0_clk/X (sky130_fd_sc_hd__clkbuf_16)
     4    0.03                           clknet_0_clk (net)
                  0.05    0.00   20.15 ^ clkbuf_2_3__f_clk/A (sky130_fd_sc_hd__clkbuf_16)
                  0.04    0.12   20.27 ^ clkbuf_2_3__f_clk/X (sky130_fd_sc_hd__clkbuf_16)
     9    0.02                           clknet_2_3__leaf_clk (net)
                  0.04    0.00   20.27 ^ _245_/CLK (sky130_fd_sc_hd__dfrtp_1)
                         -0.25   20.02   clock uncertainty
                          0.03   20.05   clock reconvergence pessimism
                         -0.11   19.95   library setup time
                                 19.95   data required time
-----------------------------------------------------------------------------
                                 19.95   data required time
                                 -1.11   data arrival time
-----------------------------------------------------------------------------
                                 18.83   slack (MET)



