
===========================================================================
report_checks -path_delay min (Hold)
============================================================================
======================= Typical Corner ===================================

Startpoint: _248_ (rising edge-triggered flip-flop clocked by clk)
Endpoint: _248_ (rising edge-triggered flip-flop clocked by clk)
Path Group: clk
Path Type: min

Fanout     Cap    Slew   Delay    Time   Description
-----------------------------------------------------------------------------
                          0.00    0.00   clock clk (rise edge)
                          0.00    0.00   clock source latency
                  0.04    0.03    0.03 ^ clk (in)
     1    0.01                           clk (net)
                  0.04    0.00    0.03 ^ clkbuf_0_clk/A (sky130_fd_sc_hd__clkbuf_16)
                  0.05    0.13    0.15 ^ clkbuf_0_clk/X (sky130_fd_sc_hd__clkbuf_16)
     4    0.03                           clknet_0_clk (net)
                  0.05    0.00    0.15 ^ clkbuf_2_1__f_clk/A (sky130_fd_sc_hd__clkbuf_16)
                  0.04    0.12    0.27 ^ clkbuf_2_1__f_clk/X (sky130_fd_sc_hd__clkbuf_16)
     9    0.02                           clknet_2_1__leaf_clk (net)
                  0.04    0.00    0.27 ^ _248_/CLK (sky130_fd_sc_hd__dfrtp_1)
                  0.06    0.31    0.58 ^ _248_/Q (sky130_fd_sc_hd__dfrtp_1)
     2    0.00                           net12 (net)
                  0.06    0.00    0.58 ^ _143_/A1 (sky130_fd_sc_hd__mux2_1)
                  0.04    0.11    0.69 ^ _143_/X (sky130_fd_sc_hd__mux2_1)
     1    0.00                           _079_ (net)
                  0.04    0.00    0.69 ^ _144_/A (sky130_fd_sc_hd__clkbuf_1)
                  0.04    0.07    0.76 ^ _144_/X (sky130_fd_sc_hd__clkbuf_1)
     1    0.00                           _042_ (net)
                  0.04    0.00    0.76 ^ _248_/D (sky130_fd_sc_hd__dfrtp_1)
                                  0.76   data arrival time

                          0.00    0.00   clock clk (rise edge)
                          0.00    0.00   clock source latency
                  0.04    0.03    0.03 ^ clk (in)
     1    0.01                           clk (net)
                  0.04    0.00    0.03 ^ clkbuf_0_clk/A (sky130_fd_sc_hd__clkbuf_16)
                  0.05    0.14    0.17 ^ clkbuf_0_clk/X (sky130_fd_sc_hd__clkbuf_16)
     4    0.03                           clknet_0_clk (net)
                  0.05    0.00    0.17 ^ clkbuf_2_1__f_clk/A (sky130_fd_sc_hd__clkbuf_16)
                  0.04    0.13    0.30 ^ clkbuf_2_1__f_clk/X (sky130_fd_sc_hd__clkbuf_16)
     9    0.02                           clknet_2_1__leaf_clk (net)
                  0.04    0.00    0.30 ^ _248_/CLK (sky130_fd_sc_hd__dfrtp_1)
                          0.25    0.55   clock uncertainty
                         -0.03    0.52   clock reconvergence pessimism
                         -0.03    0.49   library hold time
                                  0.49   data required time
-----------------------------------------------------------------------------
                                  0.49   data required time
                                 -0.76   data arrival time
-----------------------------------------------------------------------------
                                  0.27   slack (MET)


Startpoint: _240_ (rising edge-triggered flip-flop clocked by clk)
Endpoint: _240_ (rising edge-triggered flip-flop clocked by clk)
Path Group: clk
Path Type: min

Fanout     Cap    Slew   Delay    Time   Description
-----------------------------------------------------------------------------
                          0.00    0.00   clock clk (rise edge)
                          0.00    0.00   clock source latency
                  0.04    0.03    0.03 ^ clk (in)
     1    0.01                           clk (net)
                  0.04    0.00    0.03 ^ clkbuf_0_clk/A (sky130_fd_sc_hd__clkbuf_16)
                  0.05    0.13    0.15 ^ clkbuf_0_clk/X (sky130_fd_sc_hd__clkbuf_16)
     4    0.03                           clknet_0_clk (net)
                  0.05    0.00    0.15 ^ clkbuf_2_0__f_clk/A (sky130_fd_sc_hd__clkbuf_16)
                  0.04    0.12    0.27 ^ clkbuf_2_0__f_clk/X (sky130_fd_sc_hd__clkbuf_16)
     9    0.02                           clknet_2_0__leaf_clk (net)
                  0.04    0.00    0.27 ^ _240_/CLK (sky130_fd_sc_hd__dfrtp_4)
                  0.10    0.42    0.69 ^ _240_/Q (sky130_fd_sc_hd__dfrtp_4)
    10    0.02                           rx_inst.bit_count[1] (net)
                  0.10    0.00    0.69 ^ _156_/B2 (sky130_fd_sc_hd__a22o_1)
                  0.04    0.12    0.81 ^ _156_/X (sky130_fd_sc_hd__a22o_1)
     1    0.00                           _038_ (net)
                  0.04    0.00    0.81 ^ _240_/D (sky130_fd_sc_hd__dfrtp_4)
                                  0.81   data arrival time

                          0.00    0.00   clock clk (rise edge)
                          0.00    0.00   clock source latency
                  0.04    0.03    0.03 ^ clk (in)
     1    0.01                           clk (net)
                  0.04    0.00    0.03 ^ clkbuf_0_clk/A (sky130_fd_sc_hd__clkbuf_16)
                  0.05    0.14    0.17 ^ clkbuf_0_clk/X (sky130_fd_sc_hd__clkbuf_16)
     4    0.03                           clknet_0_clk (net)
                  0.05    0.00    0.17 ^ clkbuf_2_0__f_clk/A (sky130_fd_sc_hd__clkbuf_16)
                  0.04    0.13    0.30 ^ clkbuf_2_0__f_clk/X (sky130_fd_sc_hd__clkbuf_16)
     9    0.02                           clknet_2_0__leaf_clk (net)
                  0.04    0.00    0.30 ^ _240_/CLK (sky130_fd_sc_hd__dfrtp_4)
                          0.25    0.55   clock uncertainty
                         -0.03    0.52   clock reconvergence pessimism
                         -0.03    0.49   library hold time
                                  0.49   data required time
-----------------------------------------------------------------------------
                                  0.49   data required time
                                 -0.81   data arrival time
-----------------------------------------------------------------------------
                                  0.32   slack (MET)


Startpoint: _231_ (rising edge-triggered flip-flop clocked by clk)
Endpoint: _239_ (rising edge-triggered flip-flop clocked by clk)
Path Group: clk
Path Type: min

Fanout     Cap    Slew   Delay    Time   Description
-----------------------------------------------------------------------------
                          0.00    0.00   clock clk (rise edge)
                          0.00    0.00   clock source latency
                  0.04    0.03    0.03 ^ clk (in)
     1    0.01                           clk (net)
                  0.04    0.00    0.03 ^ clkbuf_0_clk/A (sky130_fd_sc_hd__clkbuf_16)
                  0.05    0.13    0.15 ^ clkbuf_0_clk/X (sky130_fd_sc_hd__clkbuf_16)
     4    0.03                           clknet_0_clk (net)
                  0.05    0.00    0.15 ^ clkbuf_2_0__f_clk/A (sky130_fd_sc_hd__clkbuf_16)
                  0.04    0.12    0.27 ^ clkbuf_2_0__f_clk/X (sky130_fd_sc_hd__clkbuf_16)
     9    0.02                           clknet_2_0__leaf_clk (net)
                  0.04    0.00    0.27 ^ _231_/CLK (sky130_fd_sc_hd__dfrtp_2)
                  0.08    0.35    0.63 ^ _231_/Q (sky130_fd_sc_hd__dfrtp_2)
     6    0.01                           rx_inst.state[1] (net)
                  0.08    0.00    0.63 ^ _157_/A0 (sky130_fd_sc_hd__mux2_1)
                  0.04    0.12    0.74 ^ _157_/X (sky130_fd_sc_hd__mux2_1)
     1    0.00                           _087_ (net)
                  0.04    0.00    0.74 ^ _158_/A (sky130_fd_sc_hd__clkbuf_1)
                  0.04    0.07    0.81 ^ _158_/X (sky130_fd_sc_hd__clkbuf_1)
     1    0.00                           _037_ (net)
                  0.04    0.00    0.81 ^ _239_/D (sky130_fd_sc_hd__dfrtp_1)
                                  0.81   data arrival time

                          0.00    0.00   clock clk (rise edge)
                          0.00    0.00   clock source latency
                  0.04    0.03    0.03 ^ clk (in)
     1    0.01                           clk (net)
                  0.04    0.00    0.03 ^ clkbuf_0_clk/A (sky130_fd_sc_hd__clkbuf_16)
                  0.05    0.14    0.17 ^ clkbuf_0_clk/X (sky130_fd_sc_hd__clkbuf_16)
     4    0.03                           clknet_0_clk (net)
                  0.05    0.00    0.17 ^ clkbuf_2_0__f_clk/A (sky130_fd_sc_hd__clkbuf_16)
                  0.04    0.13    0.30 ^ clkbuf_2_0__f_clk/X (sky130_fd_sc_hd__clkbuf_16)
     9    0.02                           clknet_2_0__leaf_clk (net)
                  0.04    0.00    0.30 ^ _239_/CLK (sky130_fd_sc_hd__dfrtp_1)
                          0.25    0.55   clock uncertainty
                         -0.03    0.52   clock reconvergence pessimism
                         -0.03    0.49   library hold time
                                  0.49   data required time
-----------------------------------------------------------------------------
                                  0.49   data required time
                                 -0.81   data arrival time
-----------------------------------------------------------------------------
                                  0.32   slack (MET)


Startpoint: _237_ (rising edge-triggered flip-flop clocked by clk)
Endpoint: _232_ (rising edge-triggered flip-flop clocked by clk)
Path Group: clk
Path Type: min

Fanout     Cap    Slew   Delay    Time   Description
-----------------------------------------------------------------------------
                          0.00    0.00   clock clk (rise edge)
                          0.00    0.00   clock source latency
                  0.04    0.03    0.03 ^ clk (in)
     1    0.01                           clk (net)
                  0.04    0.00    0.03 ^ clkbuf_0_clk/A (sky130_fd_sc_hd__clkbuf_16)
                  0.05    0.13    0.15 ^ clkbuf_0_clk/X (sky130_fd_sc_hd__clkbuf_16)
     4    0.03                           clknet_0_clk (net)
                  0.05    0.00    0.15 ^ clkbuf_2_3__f_clk/A (sky130_fd_sc_hd__clkbuf_16)
                  0.04    0.12    0.27 ^ clkbuf_2_3__f_clk/X (sky130_fd_sc_hd__clkbuf_16)
     9    0.02                           clknet_2_3__leaf_clk (net)
                  0.04    0.00    0.27 ^ _237_/CLK (sky130_fd_sc_hd__dfstp_1)
                  0.03    0.33    0.60 v _237_/Q (sky130_fd_sc_hd__dfstp_1)
     2    0.00                           rx_inst.rx (net)
                  0.03    0.00    0.60 v _116_/A (sky130_fd_sc_hd__buf_2)
                  0.06    0.14    0.74 v _116_/X (sky130_fd_sc_hd__buf_2)
    10    0.02                           _058_ (net)
                  0.06    0.00    0.74 v _182_/B (sky130_fd_sc_hd__nor2_1)
                  0.07    0.07    0.81 ^ _182_/Y (sky130_fd_sc_hd__nor2_1)
     1    0.00                           _001_ (net)
                  0.07    0.00    0.81 ^ _232_/D (sky130_fd_sc_hd__dfrtp_1)
                                  0.81   data arrival time

                          0.00    0.00   clock clk (rise edge)
                          0.00    0.00   clock source latency
                  0.04    0.03    0.03 ^ clk (in)
     1    0.01                           clk (net)
                  0.04    0.00    0.03 ^ clkbuf_0_clk/A (sky130_fd_sc_hd__clkbuf_16)
                  0.05    0.14    0.17 ^ clkbuf_0_clk/X (sky130_fd_sc_hd__clkbuf_16)
     4    0.03                           clknet_0_clk (net)
                  0.05    0.00    0.17 ^ clkbuf_2_2__f_clk/A (sky130_fd_sc_hd__clkbuf_16)
                  0.03    0.13    0.30 ^ clkbuf_2_2__f_clk/X (sky130_fd_sc_hd__clkbuf_16)
     6    0.01                           clknet_2_2__leaf_clk (net)
                  0.03    0.00    0.30 ^ _232_/CLK (sky130_fd_sc_hd__dfrtp_1)
                          0.25    0.55   clock uncertainty
                         -0.02    0.53   clock reconvergence pessimism
                         -0.04    0.49   library hold time
                                  0.49   data required time
-----------------------------------------------------------------------------
                                  0.49   data required time
                                 -0.81   data arrival time
-----------------------------------------------------------------------------
                                  0.32   slack (MET)


Startpoint: _237_ (rising edge-triggered flip-flop clocked by clk)
Endpoint: _230_ (rising edge-triggered flip-flop clocked by clk)
Path Group: clk
Path Type: min

Fanout     Cap    Slew   Delay    Time   Description
-----------------------------------------------------------------------------
                          0.00    0.00   clock clk (rise edge)
                          0.00    0.00   clock source latency
                  0.04    0.03    0.03 ^ clk (in)
     1    0.01                           clk (net)
                  0.04    0.00    0.03 ^ clkbuf_0_clk/A (sky130_fd_sc_hd__clkbuf_16)
                  0.05    0.13    0.15 ^ clkbuf_0_clk/X (sky130_fd_sc_hd__clkbuf_16)
     4    0.03                           clknet_0_clk (net)
                  0.05    0.00    0.15 ^ clkbuf_2_3__f_clk/A (sky130_fd_sc_hd__clkbuf_16)
                  0.04    0.12    0.27 ^ clkbuf_2_3__f_clk/X (sky130_fd_sc_hd__clkbuf_16)
     9    0.02                           clknet_2_3__leaf_clk (net)
                  0.04    0.00    0.27 ^ _237_/CLK (sky130_fd_sc_hd__dfstp_1)
                  0.03    0.33    0.60 v _237_/Q (sky130_fd_sc_hd__dfstp_1)
     2    0.00                           rx_inst.rx (net)
                  0.03    0.00    0.60 v _116_/A (sky130_fd_sc_hd__buf_2)
                  0.06    0.14    0.74 v _116_/X (sky130_fd_sc_hd__buf_2)
    10    0.02                           _058_ (net)
                  0.06    0.00    0.74 v _149_/B1 (sky130_fd_sc_hd__o21a_1)
                  0.04    0.11    0.85 v _149_/X (sky130_fd_sc_hd__o21a_1)
     2    0.00                           _000_ (net)
                  0.04    0.00    0.85 v _230_/D (sky130_fd_sc_hd__dfstp_1)
                                  0.85   data arrival time

                          0.00    0.00   clock clk (rise edge)
                          0.00    0.00   clock source latency
                  0.04    0.03    0.03 ^ clk (in)
     1    0.01                           clk (net)
                  0.04    0.00    0.03 ^ clkbuf_0_clk/A (sky130_fd_sc_hd__clkbuf_16)
                  0.05    0.14    0.17 ^ clkbuf_0_clk/X (sky130_fd_sc_hd__clkbuf_16)
     4    0.03                           clknet_0_clk (net)
                  0.05    0.00    0.17 ^ clkbuf_2_2__f_clk/A (sky130_fd_sc_hd__clkbuf_16)
                  0.03    0.13    0.30 ^ clkbuf_2_2__f_clk/X (sky130_fd_sc_hd__clkbuf_16)
     6    0.01                           clknet_2_2__leaf_clk (net)
                  0.03    0.00    0.30 ^ _230_/CLK (sky130_fd_sc_hd__dfstp_1)
                          0.25    0.55   clock uncertainty
                         -0.02    0.53   clock reconvergence pessimism
                         -0.01    0.52   library hold time
                                  0.52   data required time
-----------------------------------------------------------------------------
                                  0.52   data required time
                                 -0.85   data arrival time
-----------------------------------------------------------------------------
                                  0.33   slack (MET)


Startpoint: _243_ (rising edge-triggered flip-flop clocked by clk)
Endpoint: _237_ (rising edge-triggered flip-flop clocked by clk)
Path Group: clk
Path Type: min

Fanout     Cap    Slew   Delay    Time   Description
-----------------------------------------------------------------------------
                          0.00    0.00   clock clk (rise edge)
                          0.00    0.00   clock source latency
                  0.04    0.03    0.03 ^ clk (in)
     1    0.01                           clk (net)
                  0.04    0.00    0.03 ^ clkbuf_0_clk/A (sky130_fd_sc_hd__clkbuf_16)
                  0.05    0.13    0.15 ^ clkbuf_0_clk/X (sky130_fd_sc_hd__clkbuf_16)
     4    0.03                           clknet_0_clk (net)
                  0.05    0.00    0.15 ^ clkbuf_2_3__f_clk/A (sky130_fd_sc_hd__clkbuf_16)
                  0.04    0.12    0.27 ^ clkbuf_2_3__f_clk/X (sky130_fd_sc_hd__clkbuf_16)
     9    0.02                           clknet_2_3__leaf_clk (net)
                  0.04    0.00    0.27 ^ _243_/CLK (sky130_fd_sc_hd__dfrtp_4)
                  0.09    0.41    0.68 ^ _243_/Q (sky130_fd_sc_hd__dfrtp_4)
     8    0.02                           tx_inst.state[1] (net)
                  0.09    0.00    0.68 ^ _181_/A1 (sky130_fd_sc_hd__a311o_1)
                  0.04    0.14    0.82 ^ _181_/X (sky130_fd_sc_hd__a311o_1)
     1    0.00                           _114_ (net)
                  0.04    0.00    0.82 ^ _237_/D (sky130_fd_sc_hd__dfstp_1)
                                  0.82   data arrival time

                          0.00    0.00   clock clk (rise edge)
                          0.00    0.00   clock source latency
                  0.04    0.03    0.03 ^ clk (in)
     1    0.01                           clk (net)
                  0.04    0.00    0.03 ^ clkbuf_0_clk/A (sky130_fd_sc_hd__clkbuf_16)
                  0.05    0.14    0.17 ^ clkbuf_0_clk/X (sky130_fd_sc_hd__clkbuf_16)
     4    0.03                           clknet_0_clk (net)
                  0.05    0.00    0.17 ^ clkbuf_2_3__f_clk/A (sky130_fd_sc_hd__clkbuf_16)
                  0.04    0.13    0.30 ^ clkbuf_2_3__f_clk/X (sky130_fd_sc_hd__clkbuf_16)
     9    0.02                           clknet_2_3__leaf_clk (net)
                  0.04    0.00    0.30 ^ _237_/CLK (sky130_fd_sc_hd__dfstp_1)
                          0.25    0.55   clock uncertainty
                         -0.03    0.52   clock reconvergence pessimism
                         -0.04    0.49   library hold time
                                  0.49   data required time
-----------------------------------------------------------------------------
                                  0.49   data required time
                                 -0.82   data arrival time
-----------------------------------------------------------------------------
                                  0.34   slack (MET)


Startpoint: _235_ (rising edge-triggered flip-flop clocked by clk)
Endpoint: _235_ (rising edge-triggered flip-flop clocked by clk)
Path Group: clk
Path Type: min

Fanout     Cap    Slew   Delay    Time   Description
-----------------------------------------------------------------------------
                          0.00    0.00   clock clk (rise edge)
                          0.00    0.00   clock source latency
                  0.04    0.03    0.03 ^ clk (in)
     1    0.01                           clk (net)
                  0.04    0.00    0.03 ^ clkbuf_0_clk/A (sky130_fd_sc_hd__clkbuf_16)
                  0.05    0.13    0.15 ^ clkbuf_0_clk/X (sky130_fd_sc_hd__clkbuf_16)
     4    0.03                           clknet_0_clk (net)
                  0.05    0.00    0.15 ^ clkbuf_2_3__f_clk/A (sky130_fd_sc_hd__clkbuf_16)
                  0.04    0.12    0.27 ^ clkbuf_2_3__f_clk/X (sky130_fd_sc_hd__clkbuf_16)
     9    0.02                           clknet_2_3__leaf_clk (net)
                  0.04    0.00    0.27 ^ _235_/CLK (sky130_fd_sc_hd__dfrtp_4)
                  0.08    0.40    0.68 ^ _235_/Q (sky130_fd_sc_hd__dfrtp_4)
     7    0.02                           tx_inst.bit_count[1] (net)
                  0.08    0.00    0.68 ^ _165_/A1 (sky130_fd_sc_hd__a21bo_1)
                  0.03    0.10    0.78 ^ _165_/X (sky130_fd_sc_hd__a21bo_1)
     1    0.00                           _092_ (net)
                  0.03    0.00    0.78 ^ _167_/A2 (sky130_fd_sc_hd__a21oi_1)
                  0.03    0.05    0.82 v _167_/Y (sky130_fd_sc_hd__a21oi_1)
     1    0.00                           _034_ (net)
                  0.03    0.00    0.82 v _235_/D (sky130_fd_sc_hd__dfrtp_4)
                                  0.82   data arrival time

                          0.00    0.00   clock clk (rise edge)
                          0.00    0.00   clock source latency
                  0.04    0.03    0.03 ^ clk (in)
     1    0.01                           clk (net)
                  0.04    0.00    0.03 ^ clkbuf_0_clk/A (sky130_fd_sc_hd__clkbuf_16)
                  0.05    0.14    0.17 ^ clkbuf_0_clk/X (sky130_fd_sc_hd__clkbuf_16)
     4    0.03                           clknet_0_clk (net)
                  0.05    0.00    0.17 ^ clkbuf_2_3__f_clk/A (sky130_fd_sc_hd__clkbuf_16)
                  0.04    0.13    0.30 ^ clkbuf_2_3__f_clk/X (sky130_fd_sc_hd__clkbuf_16)
     9    0.02                           clknet_2_3__leaf_clk (net)
                  0.04    0.00    0.30 ^ _235_/CLK (sky130_fd_sc_hd__dfrtp_4)
                          0.25    0.55   clock uncertainty
                         -0.03    0.52   clock reconvergence pessimism
                         -0.04    0.49   library hold time
                                  0.49   data required time
-----------------------------------------------------------------------------
                                  0.49   data required time
                                 -0.82   data arrival time
-----------------------------------------------------------------------------
                                  0.34   slack (MET)


Startpoint: _231_ (rising edge-triggered flip-flop clocked by clk)
Endpoint: _241_ (rising edge-triggered flip-flop clocked by clk)
Path Group: clk
Path Type: min

Fanout     Cap    Slew   Delay    Time   Description
-----------------------------------------------------------------------------
                          0.00    0.00   clock clk (rise edge)
                          0.00    0.00   clock source latency
                  0.04    0.03    0.03 ^ clk (in)
     1    0.01                           clk (net)
                  0.04    0.00    0.03 ^ clkbuf_0_clk/A (sky130_fd_sc_hd__clkbuf_16)
                  0.05    0.13    0.15 ^ clkbuf_0_clk/X (sky130_fd_sc_hd__clkbuf_16)
     4    0.03                           clknet_0_clk (net)
                  0.05    0.00    0.15 ^ clkbuf_2_0__f_clk/A (sky130_fd_sc_hd__clkbuf_16)
                  0.04    0.12    0.27 ^ clkbuf_2_0__f_clk/X (sky130_fd_sc_hd__clkbuf_16)
     9    0.02                           clknet_2_0__leaf_clk (net)
                  0.04    0.00    0.27 ^ _231_/CLK (sky130_fd_sc_hd__dfrtp_2)
                  0.08    0.35    0.63 ^ _231_/Q (sky130_fd_sc_hd__dfrtp_2)
     6    0.01                           rx_inst.state[1] (net)
                  0.08    0.00    0.63 ^ _151_/A (sky130_fd_sc_hd__or2b_1)
                  0.05    0.10    0.73 ^ _151_/X (sky130_fd_sc_hd__or2b_1)
     2    0.00                           _083_ (net)
                  0.05    0.00    0.73 ^ _152_/B1 (sky130_fd_sc_hd__a22o_1)
                  0.04    0.10    0.83 ^ _152_/X (sky130_fd_sc_hd__a22o_1)
     1    0.00                           _039_ (net)
                  0.04    0.00    0.83 ^ _241_/D (sky130_fd_sc_hd__dfrtp_4)
                                  0.83   data arrival time

                          0.00    0.00   clock clk (rise edge)
                          0.00    0.00   clock source latency
                  0.04    0.03    0.03 ^ clk (in)
     1    0.01                           clk (net)
                  0.04    0.00    0.03 ^ clkbuf_0_clk/A (sky130_fd_sc_hd__clkbuf_16)
                  0.05    0.14    0.17 ^ clkbuf_0_clk/X (sky130_fd_sc_hd__clkbuf_16)
     4    0.03                           clknet_0_clk (net)
                  0.05    0.00    0.17 ^ clkbuf_2_0__f_clk/A (sky130_fd_sc_hd__clkbuf_16)
                  0.04    0.13    0.30 ^ clkbuf_2_0__f_clk/X (sky130_fd_sc_hd__clkbuf_16)
     9    0.02                           clknet_2_0__leaf_clk (net)
                  0.04    0.00    0.30 ^ _241_/CLK (sky130_fd_sc_hd__dfrtp_4)
                          0.25    0.55   clock uncertainty
                         -0.03    0.52   clock reconvergence pessimism
                         -0.03    0.49   library hold time
                                  0.49   data required time
-----------------------------------------------------------------------------
                                  0.49   data required time
                                 -0.83   data arrival time
-----------------------------------------------------------------------------
                                  0.34   slack (MET)


Startpoint: _240_ (rising edge-triggered flip-flop clocked by clk)
Endpoint: _254_ (rising edge-triggered flip-flop clocked by clk)
Path Group: clk
Path Type: min

Fanout     Cap    Slew   Delay    Time   Description
-----------------------------------------------------------------------------
                          0.00    0.00   clock clk (rise edge)
                          0.00    0.00   clock source latency
                  0.04    0.03    0.03 ^ clk (in)
     1    0.01                           clk (net)
                  0.04    0.00    0.03 ^ clkbuf_0_clk/A (sky130_fd_sc_hd__clkbuf_16)
                  0.05    0.13    0.15 ^ clkbuf_0_clk/X (sky130_fd_sc_hd__clkbuf_16)
     4    0.03                           clknet_0_clk (net)
                  0.05    0.00    0.15 ^ clkbuf_2_0__f_clk/A (sky130_fd_sc_hd__clkbuf_16)
                  0.04    0.12    0.27 ^ clkbuf_2_0__f_clk/X (sky130_fd_sc_hd__clkbuf_16)
     9    0.02                           clknet_2_0__leaf_clk (net)
                  0.04    0.00    0.27 ^ _240_/CLK (sky130_fd_sc_hd__dfrtp_4)
                  0.10    0.42    0.69 ^ _240_/Q (sky130_fd_sc_hd__dfrtp_4)
    10    0.02                           rx_inst.bit_count[1] (net)
                  0.10    0.00    0.69 ^ _124_/A1 (sky130_fd_sc_hd__a41o_1)
                  0.04    0.14    0.83 ^ _124_/X (sky130_fd_sc_hd__a41o_1)
     1    0.00                           _048_ (net)
                  0.04    0.00    0.83 ^ _254_/D (sky130_fd_sc_hd__dfrtp_1)
                                  0.83   data arrival time

                          0.00    0.00   clock clk (rise edge)
                          0.00    0.00   clock source latency
                  0.04    0.03    0.03 ^ clk (in)
     1    0.01                           clk (net)
                  0.04    0.00    0.03 ^ clkbuf_0_clk/A (sky130_fd_sc_hd__clkbuf_16)
                  0.05    0.14    0.17 ^ clkbuf_0_clk/X (sky130_fd_sc_hd__clkbuf_16)
     4    0.03                           clknet_0_clk (net)
                  0.05    0.00    0.17 ^ clkbuf_2_0__f_clk/A (sky130_fd_sc_hd__clkbuf_16)
                  0.04    0.13    0.30 ^ clkbuf_2_0__f_clk/X (sky130_fd_sc_hd__clkbuf_16)
     9    0.02                           clknet_2_0__leaf_clk (net)
                  0.04    0.00    0.30 ^ _254_/CLK (sky130_fd_sc_hd__dfrtp_1)
                          0.25    0.55   clock uncertainty
                         -0.03    0.52   clock reconvergence pessimism
                         -0.03    0.49   library hold time
                                  0.49   data required time
-----------------------------------------------------------------------------
                                  0.49   data required time
                                 -0.83   data arrival time
-----------------------------------------------------------------------------
                                  0.34   slack (MET)


Startpoint: _236_ (rising edge-triggered flip-flop clocked by clk)
Endpoint: _245_ (rising edge-triggered flip-flop clocked by clk)
Path Group: clk
Path Type: min

Fanout     Cap    Slew   Delay    Time   Description
-----------------------------------------------------------------------------
                          0.00    0.00   clock clk (rise edge)
                          0.00    0.00   clock source latency
                  0.04    0.03    0.03 ^ clk (in)
     1    0.01                           clk (net)
                  0.04    0.00    0.03 ^ clkbuf_0_clk/A (sky130_fd_sc_hd__clkbuf_16)
                  0.05    0.13    0.15 ^ clkbuf_0_clk/X (sky130_fd_sc_hd__clkbuf_16)
     4    0.03                           clknet_0_clk (net)
                  0.05    0.00    0.15 ^ clkbuf_2_3__f_clk/A (sky130_fd_sc_hd__clkbuf_16)
                  0.04    0.12    0.27 ^ clkbuf_2_3__f_clk/X (sky130_fd_sc_hd__clkbuf_16)
     9    0.02                           clknet_2_3__leaf_clk (net)
                  0.04    0.00    0.27 ^ _236_/CLK (sky130_fd_sc_hd__dfrtp_1)
                  0.09    0.34    0.61 ^ _236_/Q (sky130_fd_sc_hd__dfrtp_1)
     5    0.01                           tx_inst.bit_count[2] (net)
                  0.09    0.00    0.61 ^ _183_/A (sky130_fd_sc_hd__and4_1)
                  0.05    0.16    0.77 ^ _183_/X (sky130_fd_sc_hd__and4_1)
     1    0.00                           _101_ (net)
                  0.05    0.00    0.77 ^ _184_/A (sky130_fd_sc_hd__clkbuf_1)
                  0.04    0.07    0.84 ^ _184_/X (sky130_fd_sc_hd__clkbuf_1)
     1    0.00                           _003_ (net)
                  0.04    0.00    0.84 ^ _245_/D (sky130_fd_sc_hd__dfrtp_1)
                                  0.84   data arrival time

                          0.00    0.00   clock clk (rise edge)
                          0.00    0.00   clock source latency
                  0.04    0.03    0.03 ^ clk (in)
     1    0.01                           clk (net)
                  0.04    0.00    0.03 ^ clkbuf_0_clk/A (sky130_fd_sc_hd__clkbuf_16)
                  0.05    0.14    0.17 ^ clkbuf_0_clk/X (sky130_fd_sc_hd__clkbuf_16)
     4    0.03                           clknet_0_clk (net)
                  0.05    0.00    0.17 ^ clkbuf_2_3__f_clk/A (sky130_fd_sc_hd__clkbuf_16)
                  0.04    0.13    0.30 ^ clkbuf_2_3__f_clk/X (sky130_fd_sc_hd__clkbuf_16)
     9    0.02                           clknet_2_3__leaf_clk (net)
                  0.04    0.00    0.30 ^ _245_/CLK (sky130_fd_sc_hd__dfrtp_1)
                          0.25    0.55   clock uncertainty
                         -0.03    0.52   clock reconvergence pessimism
                         -0.03    0.49   library hold time
                                  0.49   data required time
-----------------------------------------------------------------------------
                                  0.49   data required time
                                 -0.84   data arrival time
-----------------------------------------------------------------------------
                                  0.35   slack (MET)


Startpoint: _239_ (rising edge-triggered flip-flop clocked by clk)
Endpoint: _252_ (rising edge-triggered flip-flop clocked by clk)
Path Group: clk
Path Type: min

Fanout     Cap    Slew   Delay    Time   Description
-----------------------------------------------------------------------------
                          0.00    0.00   clock clk (rise edge)
                          0.00    0.00   clock source latency
                  0.04    0.03    0.03 ^ clk (in)
     1    0.01                           clk (net)
                  0.04    0.00    0.03 ^ clkbuf_0_clk/A (sky130_fd_sc_hd__clkbuf_16)
                  0.05    0.13    0.15 ^ clkbuf_0_clk/X (sky130_fd_sc_hd__clkbuf_16)
     4    0.03                           clknet_0_clk (net)
                  0.05    0.00    0.15 ^ clkbuf_2_0__f_clk/A (sky130_fd_sc_hd__clkbuf_16)
                  0.04    0.12    0.27 ^ clkbuf_2_0__f_clk/X (sky130_fd_sc_hd__clkbuf_16)
     9    0.02                           clknet_2_0__leaf_clk (net)
                  0.04    0.00    0.27 ^ _239_/CLK (sky130_fd_sc_hd__dfrtp_1)
                  0.06    0.35    0.62 v _239_/Q (sky130_fd_sc_hd__dfrtp_1)
     2    0.01                           rx_inst.bit_count[0] (net)
                  0.06    0.00    0.62 v _130_/A (sky130_fd_sc_hd__inv_2)
                  0.04    0.05    0.68 ^ _130_/Y (sky130_fd_sc_hd__inv_2)
     3    0.01                           _070_ (net)
                  0.04    0.00    0.68 ^ _131_/A2 (sky130_fd_sc_hd__o31a_1)
                  0.04    0.11    0.79 ^ _131_/X (sky130_fd_sc_hd__o31a_1)
     1    0.00                           _071_ (net)
                  0.04    0.00    0.79 ^ _132_/B1 (sky130_fd_sc_hd__a41o_1)
                  0.04    0.07    0.86 ^ _132_/X (sky130_fd_sc_hd__a41o_1)
     1    0.00                           _046_ (net)
                  0.04    0.00    0.86 ^ _252_/D (sky130_fd_sc_hd__dfrtp_1)
                                  0.86   data arrival time

                          0.00    0.00   clock clk (rise edge)
                          0.00    0.00   clock source latency
                  0.04    0.03    0.03 ^ clk (in)
     1    0.01                           clk (net)
                  0.04    0.00    0.03 ^ clkbuf_0_clk/A (sky130_fd_sc_hd__clkbuf_16)
                  0.05    0.14    0.17 ^ clkbuf_0_clk/X (sky130_fd_sc_hd__clkbuf_16)
     4    0.03                           clknet_0_clk (net)
                  0.05    0.00    0.17 ^ clkbuf_2_0__f_clk/A (sky130_fd_sc_hd__clkbuf_16)
                  0.04    0.13    0.30 ^ clkbuf_2_0__f_clk/X (sky130_fd_sc_hd__clkbuf_16)
     9    0.02                           clknet_2_0__leaf_clk (net)
                  0.04    0.00    0.30 ^ _252_/CLK (sky130_fd_sc_hd__dfrtp_1)
                          0.25    0.55   clock uncertainty
                         -0.03    0.52   clock reconvergence pessimism
                         -0.03    0.49   library hold time
                                  0.49   data required time
-----------------------------------------------------------------------------
                                  0.49   data required time
                                 -0.86   data arrival time
-----------------------------------------------------------------------------
                                  0.37   slack (MET)


Startpoint: _245_ (rising edge-triggered flip-flop clocked by clk)
Endpoint: _242_ (rising edge-triggered flip-flop clocked by clk)
Path Group: clk
Path Type: min

Fanout     Cap    Slew   Delay    Time   Description
-----------------------------------------------------------------------------
                          0.00    0.00   clock clk (rise edge)
                          0.00    0.00   clock source latency
                  0.04    0.03    0.03 ^ clk (in)
     1    0.01                           clk (net)
                  0.04    0.00    0.03 ^ clkbuf_0_clk/A (sky130_fd_sc_hd__clkbuf_16)
                  0.05    0.13    0.15 ^ clkbuf_0_clk/X (sky130_fd_sc_hd__clkbuf_16)
     4    0.03                           clknet_0_clk (net)
                  0.05    0.00    0.15 ^ clkbuf_2_3__f_clk/A (sky130_fd_sc_hd__clkbuf_16)
                  0.04    0.12    0.27 ^ clkbuf_2_3__f_clk/X (sky130_fd_sc_hd__clkbuf_16)
     9    0.02                           clknet_2_3__leaf_clk (net)
                  0.04    0.00    0.27 ^ _245_/CLK (sky130_fd_sc_hd__dfrtp_1)
                  0.04    0.29    0.57 ^ _245_/Q (sky130_fd_sc_hd__dfrtp_1)
     1    0.00                           tx_inst.state[3] (net)
                  0.04    0.00    0.57 ^ hold5/A (sky130_fd_sc_hd__clkdlybuf4s25_1)
                  0.09    0.26    0.83 ^ hold5/X (sky130_fd_sc_hd__clkdlybuf4s25_1)
     3    0.01                           net25 (net)
                  0.09    0.00    0.83 ^ _171_/B1 (sky130_fd_sc_hd__a21o_1)
                  0.03    0.08    0.91 ^ _171_/X (sky130_fd_sc_hd__a21o_1)
     1    0.00                           _006_ (net)
                  0.03    0.00    0.91 ^ _242_/D (sky130_fd_sc_hd__dfstp_1)
                                  0.91   data arrival time

                          0.00    0.00   clock clk (rise edge)
                          0.00    0.00   clock source latency
                  0.04    0.03    0.03 ^ clk (in)
     1    0.01                           clk (net)
                  0.04    0.00    0.03 ^ clkbuf_0_clk/A (sky130_fd_sc_hd__clkbuf_16)
                  0.05    0.14    0.17 ^ clkbuf_0_clk/X (sky130_fd_sc_hd__clkbuf_16)
     4    0.03                           clknet_0_clk (net)
                  0.05    0.00    0.17 ^ clkbuf_2_3__f_clk/A (sky130_fd_sc_hd__clkbuf_16)
                  0.04    0.13    0.30 ^ clkbuf_2_3__f_clk/X (sky130_fd_sc_hd__clkbuf_16)
     9    0.02                           clknet_2_3__leaf_clk (net)
                  0.04    0.00    0.30 ^ _242_/CLK (sky130_fd_sc_hd__dfstp_1)
                          0.25    0.55   clock uncertainty
                         -0.03    0.52   clock reconvergence pessimism
                         -0.03    0.49   library hold time
                                  0.49   data required time
-----------------------------------------------------------------------------
                                  0.49   data required time
                                 -0.91   data arrival time
-----------------------------------------------------------------------------
                                  0.42   slack (MET)


Startpoint: _239_ (rising edge-triggered flip-flop clocked by clk)
Endpoint: _250_ (rising edge-triggered flip-flop clocked by clk)
Path Group: clk
Path Type: min

Fanout     Cap    Slew   Delay    Time   Description
-----------------------------------------------------------------------------
                          0.00    0.00   clock clk (rise edge)
                          0.00    0.00   clock source latency
                  0.04    0.03    0.03 ^ clk (in)
     1    0.01                           clk (net)
                  0.04    0.00    0.03 ^ clkbuf_0_clk/A (sky130_fd_sc_hd__clkbuf_16)
                  0.05    0.13    0.15 ^ clkbuf_0_clk/X (sky130_fd_sc_hd__clkbuf_16)
     4    0.03                           clknet_0_clk (net)
                  0.05    0.00    0.15 ^ clkbuf_2_0__f_clk/A (sky130_fd_sc_hd__clkbuf_16)
                  0.04    0.12    0.27 ^ clkbuf_2_0__f_clk/X (sky130_fd_sc_hd__clkbuf_16)
     9    0.02                           clknet_2_0__leaf_clk (net)
                  0.04    0.00    0.27 ^ _239_/CLK (sky130_fd_sc_hd__dfrtp_1)
                  0.06    0.35    0.62 v _239_/Q (sky130_fd_sc_hd__dfrtp_1)
     2    0.01                           rx_inst.bit_count[0] (net)
                  0.06    0.00    0.62 v _130_/A (sky130_fd_sc_hd__inv_2)
                  0.04    0.05    0.68 ^ _130_/Y (sky130_fd_sc_hd__inv_2)
     3    0.01                           _070_ (net)
                  0.04    0.00    0.68 ^ _136_/C (sky130_fd_sc_hd__or4_1)
                  0.05    0.09    0.77 ^ _136_/X (sky130_fd_sc_hd__or4_1)
     1    0.00                           _074_ (net)
                  0.05    0.00    0.77 ^ _137_/S (sky130_fd_sc_hd__mux2_1)
                  0.04    0.11    0.88 ^ _137_/X (sky130_fd_sc_hd__mux2_1)
     1    0.00                           _075_ (net)
                  0.04    0.00    0.88 ^ _138_/A (sky130_fd_sc_hd__clkbuf_1)
                  0.04    0.07    0.95 ^ _138_/X (sky130_fd_sc_hd__clkbuf_1)
     1    0.00                           _044_ (net)
                  0.04    0.00    0.95 ^ _250_/D (sky130_fd_sc_hd__dfrtp_1)
                                  0.95   data arrival time

                          0.00    0.00   clock clk (rise edge)
                          0.00    0.00   clock source latency
                  0.04    0.03    0.03 ^ clk (in)
     1    0.01                           clk (net)
                  0.04    0.00    0.03 ^ clkbuf_0_clk/A (sky130_fd_sc_hd__clkbuf_16)
                  0.05    0.14    0.17 ^ clkbuf_0_clk/X (sky130_fd_sc_hd__clkbuf_16)
     4    0.03                           clknet_0_clk (net)
                  0.05    0.00    0.17 ^ clkbuf_2_0__f_clk/A (sky130_fd_sc_hd__clkbuf_16)
                  0.04    0.13    0.30 ^ clkbuf_2_0__f_clk/X (sky130_fd_sc_hd__clkbuf_16)
     9    0.02                           clknet_2_0__leaf_clk (net)
                  0.04    0.00    0.30 ^ _250_/CLK (sky130_fd_sc_hd__dfrtp_1)
                          0.25    0.55   clock uncertainty
                         -0.03    0.52   clock reconvergence pessimism
                         -0.03    0.49   library hold time
                                  0.49   data required time
-----------------------------------------------------------------------------
                                  0.49   data required time
                                 -0.95   data arrival time
-----------------------------------------------------------------------------
                                  0.46   slack (MET)


Startpoint: _241_ (rising edge-triggered flip-flop clocked by clk)
Endpoint: _249_ (rising edge-triggered flip-flop clocked by clk)
Path Group: clk
Path Type: min

Fanout     Cap    Slew   Delay    Time   Description
-----------------------------------------------------------------------------
                          0.00    0.00   clock clk (rise edge)
                          0.00    0.00   clock source latency
                  0.04    0.03    0.03 ^ clk (in)
     1    0.01                           clk (net)
                  0.04    0.00    0.03 ^ clkbuf_0_clk/A (sky130_fd_sc_hd__clkbuf_16)
                  0.05    0.13    0.15 ^ clkbuf_0_clk/X (sky130_fd_sc_hd__clkbuf_16)
     4    0.03                           clknet_0_clk (net)
                  0.05    0.00    0.15 ^ clkbuf_2_0__f_clk/A (sky130_fd_sc_hd__clkbuf_16)
                  0.04    0.12    0.27 ^ clkbuf_2_0__f_clk/X (sky130_fd_sc_hd__clkbuf_16)
     9    0.02                           clknet_2_0__leaf_clk (net)
                  0.04    0.00    0.27 ^ _241_/CLK (sky130_fd_sc_hd__dfrtp_4)
                  0.08    0.40    0.68 ^ _241_/Q (sky130_fd_sc_hd__dfrtp_4)
     9    0.02                           rx_inst.bit_count[2] (net)
                  0.08    0.00    0.68 ^ _139_/A (sky130_fd_sc_hd__or4_1)
                  0.05    0.11    0.79 ^ _139_/X (sky130_fd_sc_hd__or4_1)
     1    0.00                           _076_ (net)
                  0.05    0.00    0.79 ^ _140_/S (sky130_fd_sc_hd__mux2_1)
                  0.04    0.11    0.90 ^ _140_/X (sky130_fd_sc_hd__mux2_1)
     1    0.00                           _077_ (net)
                  0.04    0.00    0.90 ^ _141_/A (sky130_fd_sc_hd__clkbuf_1)
                  0.04    0.07    0.97 ^ _141_/X (sky130_fd_sc_hd__clkbuf_1)
     1    0.00                           _043_ (net)
                  0.04    0.00    0.97 ^ _249_/D (sky130_fd_sc_hd__dfrtp_1)
                                  0.97   data arrival time

                          0.00    0.00   clock clk (rise edge)
                          0.00    0.00   clock source latency
                  0.04    0.03    0.03 ^ clk (in)
     1    0.01                           clk (net)
                  0.04    0.00    0.03 ^ clkbuf_0_clk/A (sky130_fd_sc_hd__clkbuf_16)
                  0.05    0.14    0.17 ^ clkbuf_0_clk/X (sky130_fd_sc_hd__clkbuf_16)
     4    0.03                           clknet_0_clk (net)
                  0.05    0.00    0.17 ^ clkbuf_2_0__f_clk/A (sky130_fd_sc_hd__clkbuf_16)
                  0.04    0.13    0.30 ^ clkbuf_2_0__f_clk/X (sky130_fd_sc_hd__clkbuf_16)
     9    0.02                           clknet_2_0__leaf_clk (net)
                  0.04    0.00    0.30 ^ _249_/CLK (sky130_fd_sc_hd__dfrtp_1)
                          0.25    0.55   clock uncertainty
                         -0.03    0.52   clock reconvergence pessimism
                         -0.03    0.49   library hold time
                                  0.49   data required time
-----------------------------------------------------------------------------
                                  0.49   data required time
                                 -0.97   data arrival time
-----------------------------------------------------------------------------
                                  0.48   slack (MET)


Startpoint: _232_ (rising edge-triggered flip-flop clocked by clk)
Endpoint: _253_ (rising edge-triggered flip-flop clocked by clk)
Path Group: clk
Path Type: min

Fanout     Cap    Slew   Delay    Time   Description
-----------------------------------------------------------------------------
                          0.00    0.00   clock clk (rise edge)
                          0.00    0.00   clock source latency
                  0.04    0.03    0.03 ^ clk (in)
     1    0.01                           clk (net)
                  0.04    0.00    0.03 ^ clkbuf_0_clk/A (sky130_fd_sc_hd__clkbuf_16)
                  0.05    0.13    0.15 ^ clkbuf_0_clk/X (sky130_fd_sc_hd__clkbuf_16)
     4    0.03                           clknet_0_clk (net)
                  0.05    0.00    0.15 ^ clkbuf_2_2__f_clk/A (sky130_fd_sc_hd__clkbuf_16)
                  0.03    0.11    0.27 ^ clkbuf_2_2__f_clk/X (sky130_fd_sc_hd__clkbuf_16)
     6    0.01                           clknet_2_2__leaf_clk (net)
                  0.03    0.00    0.27 ^ _232_/CLK (sky130_fd_sc_hd__dfrtp_1)
                  0.08    0.32    0.59 ^ _232_/Q (sky130_fd_sc_hd__dfrtp_1)
     4    0.01                           rx_inst.state[2] (net)
                  0.08    0.00    0.59 ^ _126_/B (sky130_fd_sc_hd__or4b_1)
                  0.06    0.12    0.71 ^ _126_/X (sky130_fd_sc_hd__or4b_1)
     3    0.01                           _067_ (net)
                  0.06    0.00    0.71 ^ _127_/C (sky130_fd_sc_hd__or3_1)
                  0.05    0.10    0.81 ^ _127_/X (sky130_fd_sc_hd__or3_1)
     1    0.00                           _068_ (net)
                  0.05    0.00    0.81 ^ _128_/S (sky130_fd_sc_hd__mux2_1)
                  0.04    0.11    0.92 ^ _128_/X (sky130_fd_sc_hd__mux2_1)
     1    0.00                           _069_ (net)
                  0.04    0.00    0.92 ^ _129_/A (sky130_fd_sc_hd__clkbuf_1)
                  0.04    0.07    0.99 ^ _129_/X (sky130_fd_sc_hd__clkbuf_1)
     1    0.00                           _047_ (net)
                  0.04    0.00    0.99 ^ _253_/D (sky130_fd_sc_hd__dfrtp_1)
                                  0.99   data arrival time

                          0.00    0.00   clock clk (rise edge)
                          0.00    0.00   clock source latency
                  0.04    0.03    0.03 ^ clk (in)
     1    0.01                           clk (net)
                  0.04    0.00    0.03 ^ clkbuf_0_clk/A (sky130_fd_sc_hd__clkbuf_16)
                  0.05    0.14    0.17 ^ clkbuf_0_clk/X (sky130_fd_sc_hd__clkbuf_16)
     4    0.03                           clknet_0_clk (net)
                  0.05    0.00    0.17 ^ clkbuf_2_3__f_clk/A (sky130_fd_sc_hd__clkbuf_16)
                  0.04    0.13    0.30 ^ clkbuf_2_3__f_clk/X (sky130_fd_sc_hd__clkbuf_16)
     9    0.02                           clknet_2_3__leaf_clk (net)
                  0.04    0.00    0.30 ^ _253_/CLK (sky130_fd_sc_hd__dfrtp_1)
                          0.25    0.55   clock uncertainty
                         -0.02    0.54   clock reconvergence pessimism
                         -0.03    0.50   library hold time
                                  0.50   data required time
-----------------------------------------------------------------------------
                                  0.50   data required time
                                 -0.99   data arrival time
-----------------------------------------------------------------------------
                                  0.49   slack (MET)


Startpoint: _240_ (rising edge-triggered flip-flop clocked by clk)
Endpoint: _251_ (rising edge-triggered flip-flop clocked by clk)
Path Group: clk
Path Type: min

Fanout     Cap    Slew   Delay    Time   Description
-----------------------------------------------------------------------------
                          0.00    0.00   clock clk (rise edge)
                          0.00    0.00   clock source latency
                  0.04    0.03    0.03 ^ clk (in)
     1    0.01                           clk (net)
                  0.04    0.00    0.03 ^ clkbuf_0_clk/A (sky130_fd_sc_hd__clkbuf_16)
                  0.05    0.13    0.15 ^ clkbuf_0_clk/X (sky130_fd_sc_hd__clkbuf_16)
     4    0.03                           clknet_0_clk (net)
                  0.05    0.00    0.15 ^ clkbuf_2_0__f_clk/A (sky130_fd_sc_hd__clkbuf_16)
                  0.04    0.12    0.27 ^ clkbuf_2_0__f_clk/X (sky130_fd_sc_hd__clkbuf_16)
     9    0.02                           clknet_2_0__leaf_clk (net)
                  0.04    0.00    0.27 ^ _240_/CLK (sky130_fd_sc_hd__dfrtp_4)
                  0.10    0.42    0.69 ^ _240_/Q (sky130_fd_sc_hd__dfrtp_4)
    10    0.02                           rx_inst.bit_count[1] (net)
                  0.10    0.00    0.69 ^ _133_/A (sky130_fd_sc_hd__or3_1)
                  0.05    0.11    0.81 ^ _133_/X (sky130_fd_sc_hd__or3_1)
     1    0.00                           _072_ (net)
                  0.05    0.00    0.81 ^ _134_/S (sky130_fd_sc_hd__mux2_1)
                  0.04    0.11    0.92 ^ _134_/X (sky130_fd_sc_hd__mux2_1)
     1    0.00                           _073_ (net)
                  0.04    0.00    0.92 ^ _135_/A (sky130_fd_sc_hd__clkbuf_1)
                  0.04    0.07    0.99 ^ _135_/X (sky130_fd_sc_hd__clkbuf_1)
     1    0.00                           _045_ (net)
                  0.04    0.00    0.99 ^ _251_/D (sky130_fd_sc_hd__dfrtp_1)
                                  0.99   data arrival time

                          0.00    0.00   clock clk (rise edge)
                          0.00    0.00   clock source latency
                  0.04    0.03    0.03 ^ clk (in)
     1    0.01                           clk (net)
                  0.04    0.00    0.03 ^ clkbuf_0_clk/A (sky130_fd_sc_hd__clkbuf_16)
                  0.05    0.14    0.17 ^ clkbuf_0_clk/X (sky130_fd_sc_hd__clkbuf_16)
     4    0.03                           clknet_0_clk (net)
                  0.05    0.00    0.17 ^ clkbuf_2_2__f_clk/A (sky130_fd_sc_hd__clkbuf_16)
                  0.03    0.13    0.30 ^ clkbuf_2_2__f_clk/X (sky130_fd_sc_hd__clkbuf_16)
     6    0.01                           clknet_2_2__leaf_clk (net)
                  0.03    0.00    0.30 ^ _251_/CLK (sky130_fd_sc_hd__dfrtp_1)
                          0.25    0.55   clock uncertainty
                         -0.02    0.53   clock reconvergence pessimism
                         -0.03    0.50   library hold time
                                  0.50   data required time
-----------------------------------------------------------------------------
                                  0.50   data required time
                                 -0.99   data arrival time
-----------------------------------------------------------------------------
                                  0.49   slack (MET)


Startpoint: _232_ (rising edge-triggered flip-flop clocked by clk)
Endpoint: _247_ (rising edge-triggered flip-flop clocked by clk)
Path Group: clk
Path Type: min

Fanout     Cap    Slew   Delay    Time   Description
-----------------------------------------------------------------------------
                          0.00    0.00   clock clk (rise edge)
                          0.00    0.00   clock source latency
                  0.04    0.03    0.03 ^ clk (in)
     1    0.01                           clk (net)
                  0.04    0.00    0.03 ^ clkbuf_0_clk/A (sky130_fd_sc_hd__clkbuf_16)
                  0.05    0.13    0.15 ^ clkbuf_0_clk/X (sky130_fd_sc_hd__clkbuf_16)
     4    0.03                           clknet_0_clk (net)
                  0.05    0.00    0.15 ^ clkbuf_2_2__f_clk/A (sky130_fd_sc_hd__clkbuf_16)
                  0.03    0.11    0.27 ^ clkbuf_2_2__f_clk/X (sky130_fd_sc_hd__clkbuf_16)
     6    0.01                           clknet_2_2__leaf_clk (net)
                  0.03    0.00    0.27 ^ _232_/CLK (sky130_fd_sc_hd__dfrtp_1)
                  0.08    0.32    0.59 ^ _232_/Q (sky130_fd_sc_hd__dfrtp_1)
     4    0.01                           rx_inst.state[2] (net)
                  0.08    0.00    0.59 ^ _119_/B (sky130_fd_sc_hd__or3_2)
                  0.07    0.14    0.73 ^ _119_/X (sky130_fd_sc_hd__or3_2)
     6    0.01                           _061_ (net)
                  0.07    0.00    0.73 ^ _145_/A (sky130_fd_sc_hd__nor2_1)
                  0.03    0.05    0.77 v _145_/Y (sky130_fd_sc_hd__nor2_1)
     1    0.00                           _080_ (net)
                  0.03    0.00    0.77 v _146_/S (sky130_fd_sc_hd__mux2_1)
                  0.04    0.17    0.94 ^ _146_/X (sky130_fd_sc_hd__mux2_1)
     1    0.00                           _081_ (net)
                  0.04    0.00    0.94 ^ _147_/A (sky130_fd_sc_hd__clkbuf_1)
                  0.04    0.07    1.01 ^ _147_/X (sky130_fd_sc_hd__clkbuf_1)
     1    0.00                           _041_ (net)
                  0.04    0.00    1.01 ^ _247_/D (sky130_fd_sc_hd__dfrtp_1)
                                  1.01   data arrival time

                          0.00    0.00   clock clk (rise edge)
                          0.00    0.00   clock source latency
                  0.04    0.03    0.03 ^ clk (in)
     1    0.01                           clk (net)
                  0.04    0.00    0.03 ^ clkbuf_0_clk/A (sky130_fd_sc_hd__clkbuf_16)
                  0.05    0.14    0.17 ^ clkbuf_0_clk/X (sky130_fd_sc_hd__clkbuf_16)
     4    0.03                           clknet_0_clk (net)
                  0.05    0.00    0.17 ^ clkbuf_2_2__f_clk/A (sky130_fd_sc_hd__clkbuf_16)
                  0.03    0.13    0.30 ^ clkbuf_2_2__f_clk/X (sky130_fd_sc_hd__clkbuf_16)
     6    0.01                           clknet_2_2__leaf_clk (net)
                  0.03    0.00    0.30 ^ _247_/CLK (sky130_fd_sc_hd__dfrtp_1)
                          0.25    0.55   clock uncertainty
                         -0.03    0.52   clock reconvergence pessimism
                         -0.03    0.48   library hold time
                                  0.48   data required time
-----------------------------------------------------------------------------
                                  0.48   data required time
                                 -1.01   data arrival time
-----------------------------------------------------------------------------
                                  0.53   slack (MET)


Startpoint: _242_ (rising edge-triggered flip-flop clocked by clk)
Endpoint: _255_ (rising edge-triggered flip-flop clocked by clk)
Path Group: clk
Path Type: min

Fanout     Cap    Slew   Delay    Time   Description
-----------------------------------------------------------------------------
                          0.00    0.00   clock clk (rise edge)
                          0.00    0.00   clock source latency
                  0.04    0.03    0.03 ^ clk (in)
     1    0.01                           clk (net)
                  0.04    0.00    0.03 ^ clkbuf_0_clk/A (sky130_fd_sc_hd__clkbuf_16)
                  0.05    0.13    0.15 ^ clkbuf_0_clk/X (sky130_fd_sc_hd__clkbuf_16)
     4    0.03                           clknet_0_clk (net)
                  0.05    0.00    0.15 ^ clkbuf_2_3__f_clk/A (sky130_fd_sc_hd__clkbuf_16)
                  0.04    0.12    0.27 ^ clkbuf_2_3__f_clk/X (sky130_fd_sc_hd__clkbuf_16)
     9    0.02                           clknet_2_3__leaf_clk (net)
                  0.04    0.00    0.27 ^ _242_/CLK (sky130_fd_sc_hd__dfstp_1)
                  0.04    0.34    0.61 v _242_/Q (sky130_fd_sc_hd__dfstp_1)
     3    0.00                           tx_inst.state[0] (net)
                  0.04    0.00    0.61 v _212_/A (sky130_fd_sc_hd__and3_1)
                  0.03    0.12    0.73 v _212_/X (sky130_fd_sc_hd__and3_1)
     1    0.00                           _104_ (net)
                  0.03    0.00    0.73 v _213_/A (sky130_fd_sc_hd__clkbuf_4)
                  0.07    0.16    0.89 v _213_/X (sky130_fd_sc_hd__clkbuf_4)
     8    0.03                           _105_ (net)
                  0.07    0.00    0.89 v _214_/S (sky130_fd_sc_hd__mux2_1)
                  0.04    0.18    1.07 ^ _214_/X (sky130_fd_sc_hd__mux2_1)
     1    0.00                           _106_ (net)
                  0.04    0.00    1.07 ^ _215_/A (sky130_fd_sc_hd__clkbuf_1)
                  0.03    0.07    1.14 ^ _215_/X (sky130_fd_sc_hd__clkbuf_1)
     1    0.00                           _049_ (net)
                  0.03    0.00    1.14 ^ _255_/D (sky130_fd_sc_hd__dfxtp_1)
                                  1.14   data arrival time

                          0.00    0.00   clock clk (rise edge)
                          0.00    0.00   clock source latency
                  0.04    0.03    0.03 ^ clk (in)
     1    0.01                           clk (net)
                  0.04    0.00    0.03 ^ clkbuf_0_clk/A (sky130_fd_sc_hd__clkbuf_16)
                  0.05    0.14    0.17 ^ clkbuf_0_clk/X (sky130_fd_sc_hd__clkbuf_16)
     4    0.03                           clknet_0_clk (net)
                  0.05    0.00    0.17 ^ clkbuf_2_1__f_clk/A (sky130_fd_sc_hd__clkbuf_16)
                  0.04    0.13    0.30 ^ clkbuf_2_1__f_clk/X (sky130_fd_sc_hd__clkbuf_16)
     9    0.02                           clknet_2_1__leaf_clk (net)
                  0.04    0.00    0.30 ^ _255_/CLK (sky130_fd_sc_hd__dfxtp_1)
                          0.25    0.55   clock uncertainty
                         -0.02    0.54   clock reconvergence pessimism
                         -0.03    0.51   library hold time
                                  0.51   data required time
-----------------------------------------------------------------------------
                                  0.51   data required time
                                 -1.14   data arrival time
-----------------------------------------------------------------------------
                                  0.63   slack (MET)


Startpoint: _242_ (rising edge-triggered flip-flop clocked by clk)
Endpoint: _256_ (rising edge-triggered flip-flop clocked by clk)
Path Group: clk
Path Type: min

Fanout     Cap    Slew   Delay    Time   Description
-----------------------------------------------------------------------------
                          0.00    0.00   clock clk (rise edge)
                          0.00    0.00   clock source latency
                  0.04    0.03    0.03 ^ clk (in)
     1    0.01                           clk (net)
                  0.04    0.00    0.03 ^ clkbuf_0_clk/A (sky130_fd_sc_hd__clkbuf_16)
                  0.05    0.13    0.15 ^ clkbuf_0_clk/X (sky130_fd_sc_hd__clkbuf_16)
     4    0.03                           clknet_0_clk (net)
                  0.05    0.00    0.15 ^ clkbuf_2_3__f_clk/A (sky130_fd_sc_hd__clkbuf_16)
                  0.04    0.12    0.27 ^ clkbuf_2_3__f_clk/X (sky130_fd_sc_hd__clkbuf_16)
     9    0.02                           clknet_2_3__leaf_clk (net)
                  0.04    0.00    0.27 ^ _242_/CLK (sky130_fd_sc_hd__dfstp_1)
                  0.04    0.34    0.61 v _242_/Q (sky130_fd_sc_hd__dfstp_1)
     3    0.00                           tx_inst.state[0] (net)
                  0.04    0.00    0.61 v _212_/A (sky130_fd_sc_hd__and3_1)
                  0.03    0.12    0.73 v _212_/X (sky130_fd_sc_hd__and3_1)
     1    0.00                           _104_ (net)
                  0.03    0.00    0.73 v _213_/A (sky130_fd_sc_hd__clkbuf_4)
                  0.07    0.16    0.89 v _213_/X (sky130_fd_sc_hd__clkbuf_4)
     8    0.03                           _105_ (net)
                  0.07    0.00    0.89 v _216_/S (sky130_fd_sc_hd__mux2_1)
                  0.04    0.18    1.07 ^ _216_/X (sky130_fd_sc_hd__mux2_1)
     1    0.00                           _107_ (net)
                  0.04    0.00    1.07 ^ _217_/A (sky130_fd_sc_hd__clkbuf_1)
                  0.03    0.07    1.14 ^ _217_/X (sky130_fd_sc_hd__clkbuf_1)
     1    0.00                           _050_ (net)
                  0.03    0.00    1.14 ^ _256_/D (sky130_fd_sc_hd__dfxtp_1)
                                  1.14   data arrival time

                          0.00    0.00   clock clk (rise edge)
                          0.00    0.00   clock source latency
                  0.04    0.03    0.03 ^ clk (in)
     1    0.01                           clk (net)
                  0.04    0.00    0.03 ^ clkbuf_0_clk/A (sky130_fd_sc_hd__clkbuf_16)
                  0.05    0.14    0.17 ^ clkbuf_0_clk/X (sky130_fd_sc_hd__clkbuf_16)
     4    0.03                           clknet_0_clk (net)
                  0.05    0.00    0.17 ^ clkbuf_2_1__f_clk/A (sky130_fd_sc_hd__clkbuf_16)
                  0.04    0.13    0.30 ^ clkbuf_2_1__f_clk/X (sky130_fd_sc_hd__clkbuf_16)
     9    0.02                           clknet_2_1__leaf_clk (net)
                  0.04    0.00    0.30 ^ _256_/CLK (sky130_fd_sc_hd__dfxtp_1)
                          0.25    0.55   clock uncertainty
                         -0.02    0.54   clock reconvergence pessimism
                         -0.03    0.51   library hold time
                                  0.51   data required time
-----------------------------------------------------------------------------
                                  0.51   data required time
                                 -1.14   data arrival time
-----------------------------------------------------------------------------
                                  0.63   slack (MET)


Startpoint: _242_ (rising edge-triggered flip-flop clocked by clk)
Endpoint: _257_ (rising edge-triggered flip-flop clocked by clk)
Path Group: clk
Path Type: min

Fanout     Cap    Slew   Delay    Time   Description
-----------------------------------------------------------------------------
                          0.00    0.00   clock clk (rise edge)
                          0.00    0.00   clock source latency
                  0.04    0.03    0.03 ^ clk (in)
     1    0.01                           clk (net)
                  0.04    0.00    0.03 ^ clkbuf_0_clk/A (sky130_fd_sc_hd__clkbuf_16)
                  0.05    0.13    0.15 ^ clkbuf_0_clk/X (sky130_fd_sc_hd__clkbuf_16)
     4    0.03                           clknet_0_clk (net)
                  0.05    0.00    0.15 ^ clkbuf_2_3__f_clk/A (sky130_fd_sc_hd__clkbuf_16)
                  0.04    0.12    0.27 ^ clkbuf_2_3__f_clk/X (sky130_fd_sc_hd__clkbuf_16)
     9    0.02                           clknet_2_3__leaf_clk (net)
                  0.04    0.00    0.27 ^ _242_/CLK (sky130_fd_sc_hd__dfstp_1)
                  0.04    0.34    0.61 v _242_/Q (sky130_fd_sc_hd__dfstp_1)
     3    0.00                           tx_inst.state[0] (net)
                  0.04    0.00    0.61 v _212_/A (sky130_fd_sc_hd__and3_1)
                  0.03    0.12    0.73 v _212_/X (sky130_fd_sc_hd__and3_1)
     1    0.00                           _104_ (net)
                  0.03    0.00    0.73 v _213_/A (sky130_fd_sc_hd__clkbuf_4)
                  0.07    0.16    0.89 v _213_/X (sky130_fd_sc_hd__clkbuf_4)
     8    0.03                           _105_ (net)
                  0.07    0.00    0.89 v _218_/S (sky130_fd_sc_hd__mux2_1)
                  0.04    0.18    1.07 ^ _218_/X (sky130_fd_sc_hd__mux2_1)
     1    0.00                           _108_ (net)
                  0.04    0.00    1.07 ^ _219_/A (sky130_fd_sc_hd__clkbuf_1)
                  0.03    0.07    1.14 ^ _219_/X (sky130_fd_sc_hd__clkbuf_1)
     1    0.00                           _051_ (net)
                  0.03    0.00    1.14 ^ _257_/D (sky130_fd_sc_hd__dfxtp_1)
                                  1.14   data arrival time

                          0.00    0.00   clock clk (rise edge)
                          0.00    0.00   clock source latency
                  0.04    0.03    0.03 ^ clk (in)
     1    0.01                           clk (net)
                  0.04    0.00    0.03 ^ clkbuf_0_clk/A (sky130_fd_sc_hd__clkbuf_16)
                  0.05    0.14    0.17 ^ clkbuf_0_clk/X (sky130_fd_sc_hd__clkbuf_16)
     4    0.03                           clknet_0_clk (net)
                  0.05    0.00    0.17 ^ clkbuf_2_1__f_clk/A (sky130_fd_sc_hd__clkbuf_16)
                  0.04    0.13    0.30 ^ clkbuf_2_1__f_clk/X (sky130_fd_sc_hd__clkbuf_16)
     9    0.02                           clknet_2_1__leaf_clk (net)
                  0.04    0.00    0.30 ^ _257_/CLK (sky130_fd_sc_hd__dfxtp_1)
                          0.25    0.55   clock uncertainty
                         -0.02    0.54   clock reconvergence pessimism
                         -0.03    0.51   library hold time
                                  0.51   data required time
-----------------------------------------------------------------------------
                                  0.51   data required time
                                 -1.14   data arrival time
-----------------------------------------------------------------------------
                                  0.63   slack (MET)


Startpoint: _242_ (rising edge-triggered flip-flop clocked by clk)
Endpoint: _258_ (rising edge-triggered flip-flop clocked by clk)
Path Group: clk
Path Type: min

Fanout     Cap    Slew   Delay    Time   Description
-----------------------------------------------------------------------------
                          0.00    0.00   clock clk (rise edge)
                          0.00    0.00   clock source latency
                  0.04    0.03    0.03 ^ clk (in)
     1    0.01                           clk (net)
                  0.04    0.00    0.03 ^ clkbuf_0_clk/A (sky130_fd_sc_hd__clkbuf_16)
                  0.05    0.13    0.15 ^ clkbuf_0_clk/X (sky130_fd_sc_hd__clkbuf_16)
     4    0.03                           clknet_0_clk (net)
                  0.05    0.00    0.15 ^ clkbuf_2_3__f_clk/A (sky130_fd_sc_hd__clkbuf_16)
                  0.04    0.12    0.27 ^ clkbuf_2_3__f_clk/X (sky130_fd_sc_hd__clkbuf_16)
     9    0.02                           clknet_2_3__leaf_clk (net)
                  0.04    0.00    0.27 ^ _242_/CLK (sky130_fd_sc_hd__dfstp_1)
                  0.04    0.34    0.61 v _242_/Q (sky130_fd_sc_hd__dfstp_1)
     3    0.00                           tx_inst.state[0] (net)
                  0.04    0.00    0.61 v _212_/A (sky130_fd_sc_hd__and3_1)
                  0.03    0.12    0.73 v _212_/X (sky130_fd_sc_hd__and3_1)
     1    0.00                           _104_ (net)
                  0.03    0.00    0.73 v _213_/A (sky130_fd_sc_hd__clkbuf_4)
                  0.07    0.16    0.89 v _213_/X (sky130_fd_sc_hd__clkbuf_4)
     8    0.03                           _105_ (net)
                  0.07    0.00    0.89 v _220_/S (sky130_fd_sc_hd__mux2_1)
                  0.04    0.18    1.07 ^ _220_/X (sky130_fd_sc_hd__mux2_1)
     1    0.00                           _109_ (net)
                  0.04    0.00    1.07 ^ _221_/A (sky130_fd_sc_hd__clkbuf_1)
                  0.03    0.07    1.14 ^ _221_/X (sky130_fd_sc_hd__clkbuf_1)
     1    0.00                           _052_ (net)
                  0.03    0.00    1.14 ^ _258_/D (sky130_fd_sc_hd__dfxtp_1)
                                  1.14   data arrival time

                          0.00    0.00   clock clk (rise edge)
                          0.00    0.00   clock source latency
                  0.04    0.03    0.03 ^ clk (in)
     1    0.01                           clk (net)
                  0.04    0.00    0.03 ^ clkbuf_0_clk/A (sky130_fd_sc_hd__clkbuf_16)
                  0.05    0.14    0.17 ^ clkbuf_0_clk/X (sky130_fd_sc_hd__clkbuf_16)
     4    0.03                           clknet_0_clk (net)
                  0.05    0.00    0.17 ^ clkbuf_2_1__f_clk/A (sky130_fd_sc_hd__clkbuf_16)
                  0.04    0.13    0.30 ^ clkbuf_2_1__f_clk/X (sky130_fd_sc_hd__clkbuf_16)
     9    0.02                           clknet_2_1__leaf_clk (net)
                  0.04    0.00    0.30 ^ _258_/CLK (sky130_fd_sc_hd__dfxtp_1)
                          0.25    0.55   clock uncertainty
                         -0.02    0.54   clock reconvergence pessimism
                         -0.03    0.51   library hold time
                                  0.51   data required time
-----------------------------------------------------------------------------
                                  0.51   data required time
                                 -1.14   data arrival time
-----------------------------------------------------------------------------
                                  0.63   slack (MET)


Startpoint: _242_ (rising edge-triggered flip-flop clocked by clk)
Endpoint: _259_ (rising edge-triggered flip-flop clocked by clk)
Path Group: clk
Path Type: min

Fanout     Cap    Slew   Delay    Time   Description
-----------------------------------------------------------------------------
                          0.00    0.00   clock clk (rise edge)
                          0.00    0.00   clock source latency
                  0.04    0.03    0.03 ^ clk (in)
     1    0.01                           clk (net)
                  0.04    0.00    0.03 ^ clkbuf_0_clk/A (sky130_fd_sc_hd__clkbuf_16)
                  0.05    0.13    0.15 ^ clkbuf_0_clk/X (sky130_fd_sc_hd__clkbuf_16)
     4    0.03                           clknet_0_clk (net)
                  0.05    0.00    0.15 ^ clkbuf_2_3__f_clk/A (sky130_fd_sc_hd__clkbuf_16)
                  0.04    0.12    0.27 ^ clkbuf_2_3__f_clk/X (sky130_fd_sc_hd__clkbuf_16)
     9    0.02                           clknet_2_3__leaf_clk (net)
                  0.04    0.00    0.27 ^ _242_/CLK (sky130_fd_sc_hd__dfstp_1)
                  0.04    0.34    0.61 v _242_/Q (sky130_fd_sc_hd__dfstp_1)
     3    0.00                           tx_inst.state[0] (net)
                  0.04    0.00    0.61 v _212_/A (sky130_fd_sc_hd__and3_1)
                  0.03    0.12    0.73 v _212_/X (sky130_fd_sc_hd__and3_1)
     1    0.00                           _104_ (net)
                  0.03    0.00    0.73 v _213_/A (sky130_fd_sc_hd__clkbuf_4)
                  0.07    0.16    0.89 v _213_/X (sky130_fd_sc_hd__clkbuf_4)
     8    0.03                           _105_ (net)
                  0.07    0.00    0.89 v _222_/S (sky130_fd_sc_hd__mux2_1)
                  0.04    0.18    1.07 ^ _222_/X (sky130_fd_sc_hd__mux2_1)
     1    0.00                           _110_ (net)
                  0.04    0.00    1.07 ^ _223_/A (sky130_fd_sc_hd__clkbuf_1)
                  0.03    0.07    1.14 ^ _223_/X (sky130_fd_sc_hd__clkbuf_1)
     1    0.00                           _053_ (net)
                  0.03    0.00    1.14 ^ _259_/D (sky130_fd_sc_hd__dfxtp_1)
                                  1.14   data arrival time

                          0.00    0.00   clock clk (rise edge)
                          0.00    0.00   clock source latency
                  0.04    0.03    0.03 ^ clk (in)
     1    0.01                           clk (net)
                  0.04    0.00    0.03 ^ clkbuf_0_clk/A (sky130_fd_sc_hd__clkbuf_16)
                  0.05    0.14    0.17 ^ clkbuf_0_clk/X (sky130_fd_sc_hd__clkbuf_16)
     4    0.03                           clknet_0_clk (net)
                  0.05    0.00    0.17 ^ clkbuf_2_1__f_clk/A (sky130_fd_sc_hd__clkbuf_16)
                  0.04    0.13    0.30 ^ clkbuf_2_1__f_clk/X (sky130_fd_sc_hd__clkbuf_16)
     9    0.02                           clknet_2_1__leaf_clk (net)
                  0.04    0.00    0.30 ^ _259_/CLK (sky130_fd_sc_hd__dfxtp_1)
                          0.25    0.55   clock uncertainty
                         -0.02    0.54   clock reconvergence pessimism
                         -0.03    0.51   library hold time
                                  0.51   data required time
-----------------------------------------------------------------------------
                                  0.51   data required time
                                 -1.14   data arrival time
-----------------------------------------------------------------------------
                                  0.63   slack (MET)


Startpoint: _242_ (rising edge-triggered flip-flop clocked by clk)
Endpoint: _260_ (rising edge-triggered flip-flop clocked by clk)
Path Group: clk
Path Type: min

Fanout     Cap    Slew   Delay    Time   Description
-----------------------------------------------------------------------------
                          0.00    0.00   clock clk (rise edge)
                          0.00    0.00   clock source latency
                  0.04    0.03    0.03 ^ clk (in)
     1    0.01                           clk (net)
                  0.04    0.00    0.03 ^ clkbuf_0_clk/A (sky130_fd_sc_hd__clkbuf_16)
                  0.05    0.13    0.15 ^ clkbuf_0_clk/X (sky130_fd_sc_hd__clkbuf_16)
     4    0.03                           clknet_0_clk (net)
                  0.05    0.00    0.15 ^ clkbuf_2_3__f_clk/A (sky130_fd_sc_hd__clkbuf_16)
                  0.04    0.12    0.27 ^ clkbuf_2_3__f_clk/X (sky130_fd_sc_hd__clkbuf_16)
     9    0.02                           clknet_2_3__leaf_clk (net)
                  0.04    0.00    0.27 ^ _242_/CLK (sky130_fd_sc_hd__dfstp_1)
                  0.04    0.34    0.61 v _242_/Q (sky130_fd_sc_hd__dfstp_1)
     3    0.00                           tx_inst.state[0] (net)
                  0.04    0.00    0.61 v _212_/A (sky130_fd_sc_hd__and3_1)
                  0.03    0.12    0.73 v _212_/X (sky130_fd_sc_hd__and3_1)
     1    0.00                           _104_ (net)
                  0.03    0.00    0.73 v _213_/A (sky130_fd_sc_hd__clkbuf_4)
                  0.07    0.16    0.89 v _213_/X (sky130_fd_sc_hd__clkbuf_4)
     8    0.03                           _105_ (net)
                  0.07    0.00    0.89 v _224_/S (sky130_fd_sc_hd__mux2_1)
                  0.04    0.18    1.07 ^ _224_/X (sky130_fd_sc_hd__mux2_1)
     1    0.00                           _111_ (net)
                  0.04    0.00    1.07 ^ _225_/A (sky130_fd_sc_hd__clkbuf_1)
                  0.03    0.07    1.14 ^ _225_/X (sky130_fd_sc_hd__clkbuf_1)
     1    0.00                           _054_ (net)
                  0.03    0.00    1.14 ^ _260_/D (sky130_fd_sc_hd__dfxtp_1)
                                  1.14   data arrival time

                          0.00    0.00   clock clk (rise edge)
                          0.00    0.00   clock source latency
                  0.04    0.03    0.03 ^ clk (in)
     1    0.01                           clk (net)
                  0.04    0.00    0.03 ^ clkbuf_0_clk/A (sky130_fd_sc_hd__clkbuf_16)
                  0.05    0.14    0.17 ^ clkbuf_0_clk/X (sky130_fd_sc_hd__clkbuf_16)
     4    0.03                           clknet_0_clk (net)
                  0.05    0.00    0.17 ^ clkbuf_2_1__f_clk/A (sky130_fd_sc_hd__clkbuf_16)
                  0.04    0.13    0.30 ^ clkbuf_2_1__f_clk/X (sky130_fd_sc_hd__clkbuf_16)
     9    0.02                           clknet_2_1__leaf_clk (net)
                  0.04    0.00    0.30 ^ _260_/CLK (sky130_fd_sc_hd__dfxtp_1)
                          0.25    0.55   clock uncertainty
                         -0.02    0.54   clock reconvergence pessimism
                         -0.03    0.51   library hold time
                                  0.51   data required time
-----------------------------------------------------------------------------
                                  0.51   data required time
                                 -1.14   data arrival time
-----------------------------------------------------------------------------
                                  0.63   slack (MET)


Startpoint: _242_ (rising edge-triggered flip-flop clocked by clk)
Endpoint: _261_ (rising edge-triggered flip-flop clocked by clk)
Path Group: clk
Path Type: min

Fanout     Cap    Slew   Delay    Time   Description
-----------------------------------------------------------------------------
                          0.00    0.00   clock clk (rise edge)
                          0.00    0.00   clock source latency
                  0.04    0.03    0.03 ^ clk (in)
     1    0.01                           clk (net)
                  0.04    0.00    0.03 ^ clkbuf_0_clk/A (sky130_fd_sc_hd__clkbuf_16)
                  0.05    0.13    0.15 ^ clkbuf_0_clk/X (sky130_fd_sc_hd__clkbuf_16)
     4    0.03                           clknet_0_clk (net)
                  0.05    0.00    0.15 ^ clkbuf_2_3__f_clk/A (sky130_fd_sc_hd__clkbuf_16)
                  0.04    0.12    0.27 ^ clkbuf_2_3__f_clk/X (sky130_fd_sc_hd__clkbuf_16)
     9    0.02                           clknet_2_3__leaf_clk (net)
                  0.04    0.00    0.27 ^ _242_/CLK (sky130_fd_sc_hd__dfstp_1)
                  0.04    0.34    0.61 v _242_/Q (sky130_fd_sc_hd__dfstp_1)
     3    0.00                           tx_inst.state[0] (net)
                  0.04    0.00    0.61 v _212_/A (sky130_fd_sc_hd__and3_1)
                  0.03    0.12    0.73 v _212_/X (sky130_fd_sc_hd__and3_1)
     1    0.00                           _104_ (net)
                  0.03    0.00    0.73 v _213_/A (sky130_fd_sc_hd__clkbuf_4)
                  0.07    0.16    0.89 v _213_/X (sky130_fd_sc_hd__clkbuf_4)
     8    0.03                           _105_ (net)
                  0.07    0.00    0.89 v _226_/S (sky130_fd_sc_hd__mux2_1)
                  0.04    0.18    1.07 ^ _226_/X (sky130_fd_sc_hd__mux2_1)
     1    0.00                           _112_ (net)
                  0.04    0.00    1.07 ^ _227_/A (sky130_fd_sc_hd__clkbuf_1)
                  0.03    0.07    1.14 ^ _227_/X (sky130_fd_sc_hd__clkbuf_1)
     1    0.00                           _055_ (net)
                  0.03    0.00    1.14 ^ _261_/D (sky130_fd_sc_hd__dfxtp_1)
                                  1.14   data arrival time

                          0.00    0.00   clock clk (rise edge)
                          0.00    0.00   clock source latency
                  0.04    0.03    0.03 ^ clk (in)
     1    0.01                           clk (net)
                  0.04    0.00    0.03 ^ clkbuf_0_clk/A (sky130_fd_sc_hd__clkbuf_16)
                  0.05    0.14    0.17 ^ clkbuf_0_clk/X (sky130_fd_sc_hd__clkbuf_16)
     4    0.03                           clknet_0_clk (net)
                  0.05    0.00    0.17 ^ clkbuf_2_1__f_clk/A (sky130_fd_sc_hd__clkbuf_16)
                  0.04    0.13    0.30 ^ clkbuf_2_1__f_clk/X (sky130_fd_sc_hd__clkbuf_16)
     9    0.02                           clknet_2_1__leaf_clk (net)
                  0.04    0.00    0.30 ^ _261_/CLK (sky130_fd_sc_hd__dfxtp_1)
                          0.25    0.55   clock uncertainty
                         -0.02    0.54   clock reconvergence pessimism
                         -0.03    0.51   library hold time
                                  0.51   data required time
-----------------------------------------------------------------------------
                                  0.51   data required time
                                 -1.14   data arrival time
-----------------------------------------------------------------------------
                                  0.63   slack (MET)


Startpoint: _242_ (rising edge-triggered flip-flop clocked by clk)
Endpoint: _262_ (rising edge-triggered flip-flop clocked by clk)
Path Group: clk
Path Type: min

Fanout     Cap    Slew   Delay    Time   Description
-----------------------------------------------------------------------------
                          0.00    0.00   clock clk (rise edge)
                          0.00    0.00   clock source latency
                  0.04    0.03    0.03 ^ clk (in)
     1    0.01                           clk (net)
                  0.04    0.00    0.03 ^ clkbuf_0_clk/A (sky130_fd_sc_hd__clkbuf_16)
                  0.05    0.13    0.15 ^ clkbuf_0_clk/X (sky130_fd_sc_hd__clkbuf_16)
     4    0.03                           clknet_0_clk (net)
                  0.05    0.00    0.15 ^ clkbuf_2_3__f_clk/A (sky130_fd_sc_hd__clkbuf_16)
                  0.04    0.12    0.27 ^ clkbuf_2_3__f_clk/X (sky130_fd_sc_hd__clkbuf_16)
     9    0.02                           clknet_2_3__leaf_clk (net)
                  0.04    0.00    0.27 ^ _242_/CLK (sky130_fd_sc_hd__dfstp_1)
                  0.04    0.34    0.61 v _242_/Q (sky130_fd_sc_hd__dfstp_1)
     3    0.00                           tx_inst.state[0] (net)
                  0.04    0.00    0.61 v _212_/A (sky130_fd_sc_hd__and3_1)
                  0.03    0.12    0.73 v _212_/X (sky130_fd_sc_hd__and3_1)
     1    0.00                           _104_ (net)
                  0.03    0.00    0.73 v _213_/A (sky130_fd_sc_hd__clkbuf_4)
                  0.07    0.16    0.89 v _213_/X (sky130_fd_sc_hd__clkbuf_4)
     8    0.03                           _105_ (net)
                  0.07    0.00    0.89 v _228_/S (sky130_fd_sc_hd__mux2_1)
                  0.04    0.18    1.07 ^ _228_/X (sky130_fd_sc_hd__mux2_1)
     1    0.00                           _113_ (net)
                  0.04    0.00    1.07 ^ _229_/A (sky130_fd_sc_hd__clkbuf_1)
                  0.03    0.07    1.14 ^ _229_/X (sky130_fd_sc_hd__clkbuf_1)
     1    0.00                           _056_ (net)
                  0.03    0.00    1.14 ^ _262_/D (sky130_fd_sc_hd__dfxtp_1)
                                  1.14   data arrival time

                          0.00    0.00   clock clk (rise edge)
                          0.00    0.00   clock source latency
                  0.04    0.03    0.03 ^ clk (in)
     1    0.01                           clk (net)
                  0.04    0.00    0.03 ^ clkbuf_0_clk/A (sky130_fd_sc_hd__clkbuf_16)
                  0.05    0.14    0.17 ^ clkbuf_0_clk/X (sky130_fd_sc_hd__clkbuf_16)
     4    0.03                           clknet_0_clk (net)
                  0.05    0.00    0.17 ^ clkbuf_2_1__f_clk/A (sky130_fd_sc_hd__clkbuf_16)
                  0.04    0.13    0.30 ^ clkbuf_2_1__f_clk/X (sky130_fd_sc_hd__clkbuf_16)
     9    0.02                           clknet_2_1__leaf_clk (net)
                  0.04    0.00    0.30 ^ _262_/CLK (sky130_fd_sc_hd__dfxtp_1)
                          0.25    0.55   clock uncertainty
                         -0.02    0.54   clock reconvergence pessimism
                         -0.03    0.51   library hold time
                                  0.51   data required time
-----------------------------------------------------------------------------
                                  0.51   data required time
                                 -1.14   data arrival time
-----------------------------------------------------------------------------
                                  0.63   slack (MET)


Startpoint: _238_ (rising edge-triggered flip-flop clocked by clk)
Endpoint: _238_ (rising edge-triggered flip-flop clocked by clk)
Path Group: clk
Path Type: min

Fanout     Cap    Slew   Delay    Time   Description
-----------------------------------------------------------------------------
                          0.00    0.00   clock clk (rise edge)
                          0.00    0.00   clock source latency
                  0.04    0.03    0.03 ^ clk (in)
     1    0.01                           clk (net)
                  0.04    0.00    0.03 ^ clkbuf_0_clk/A (sky130_fd_sc_hd__clkbuf_16)
                  0.05    0.13    0.15 ^ clkbuf_0_clk/X (sky130_fd_sc_hd__clkbuf_16)
     4    0.03                           clknet_0_clk (net)
                  0.05    0.00    0.15 ^ clkbuf_2_2__f_clk/A (sky130_fd_sc_hd__clkbuf_16)
                  0.03    0.11    0.27 ^ clkbuf_2_2__f_clk/X (sky130_fd_sc_hd__clkbuf_16)
     6    0.01                           clknet_2_2__leaf_clk (net)
                  0.03    0.00    0.27 ^ _238_/CLK (sky130_fd_sc_hd__dfrtp_1)
                  0.06    0.31    0.57 ^ _238_/Q (sky130_fd_sc_hd__dfrtp_1)
     2    0.00                           net20 (net)
                  0.06    0.00    0.57 ^ _160_/A1 (sky130_fd_sc_hd__a21o_1)
                  0.03    0.09    0.66 ^ _160_/X (sky130_fd_sc_hd__a21o_1)
     1    0.00                           _036_ (net)
                  0.03    0.00    0.66 ^ hold6/A (sky130_fd_sc_hd__dlygate4sd3_1)
                  0.05    0.50    1.16 ^ hold6/X (sky130_fd_sc_hd__dlygate4sd3_1)
     1    0.00                           net26 (net)
                  0.05    0.00    1.16 ^ _238_/D (sky130_fd_sc_hd__dfrtp_1)
                                  1.16   data arrival time

                          0.00    0.00   clock clk (rise edge)
                          0.00    0.00   clock source latency
                  0.04    0.03    0.03 ^ clk (in)
     1    0.01                           clk (net)
                  0.04    0.00    0.03 ^ clkbuf_0_clk/A (sky130_fd_sc_hd__clkbuf_16)
                  0.05    0.14    0.17 ^ clkbuf_0_clk/X (sky130_fd_sc_hd__clkbuf_16)
     4    0.03                           clknet_0_clk (net)
                  0.05    0.00    0.17 ^ clkbuf_2_2__f_clk/A (sky130_fd_sc_hd__clkbuf_16)
                  0.03    0.13    0.30 ^ clkbuf_2_2__f_clk/X (sky130_fd_sc_hd__clkbuf_16)
     6    0.01                           clknet_2_2__leaf_clk (net)
                  0.03    0.00    0.30 ^ _238_/CLK (sky130_fd_sc_hd__dfrtp_1)
                          0.25    0.55   clock uncertainty
                         -0.03    0.52   clock reconvergence pessimism
                         -0.04    0.48   library hold time
                                  0.48   data required time
-----------------------------------------------------------------------------
                                  0.48   data required time
                                 -1.16   data arrival time
-----------------------------------------------------------------------------
                                  0.68   slack (MET)


Startpoint: _231_ (rising edge-triggered flip-flop clocked by clk)
Endpoint: _231_ (rising edge-triggered flip-flop clocked by clk)
Path Group: clk
Path Type: min

Fanout     Cap    Slew   Delay    Time   Description
-----------------------------------------------------------------------------
                          0.00    0.00   clock clk (rise edge)
                          0.00    0.00   clock source latency
                  0.04    0.03    0.03 ^ clk (in)
     1    0.01                           clk (net)
                  0.04    0.00    0.03 ^ clkbuf_0_clk/A (sky130_fd_sc_hd__clkbuf_16)
                  0.05    0.13    0.15 ^ clkbuf_0_clk/X (sky130_fd_sc_hd__clkbuf_16)
     4    0.03                           clknet_0_clk (net)
                  0.05    0.00    0.15 ^ clkbuf_2_0__f_clk/A (sky130_fd_sc_hd__clkbuf_16)
                  0.04    0.12    0.27 ^ clkbuf_2_0__f_clk/X (sky130_fd_sc_hd__clkbuf_16)
     9    0.02                           clknet_2_0__leaf_clk (net)
                  0.04    0.00    0.27 ^ _231_/CLK (sky130_fd_sc_hd__dfrtp_2)
                  0.08    0.35    0.63 ^ _231_/Q (sky130_fd_sc_hd__dfrtp_2)
     6    0.01                           rx_inst.state[1] (net)
                  0.08    0.00    0.63 ^ _172_/A1 (sky130_fd_sc_hd__a21o_1)
                  0.03    0.10    0.72 ^ _172_/X (sky130_fd_sc_hd__a21o_1)
     1    0.00                           _004_ (net)
                  0.03    0.00    0.72 ^ hold4/A (sky130_fd_sc_hd__dlygate4sd3_1)
                  0.05    0.50    1.22 ^ hold4/X (sky130_fd_sc_hd__dlygate4sd3_1)
     1    0.00                           net24 (net)
                  0.05    0.00    1.22 ^ _231_/D (sky130_fd_sc_hd__dfrtp_2)
                                  1.22   data arrival time

                          0.00    0.00   clock clk (rise edge)
                          0.00    0.00   clock source latency
                  0.04    0.03    0.03 ^ clk (in)
     1    0.01                           clk (net)
                  0.04    0.00    0.03 ^ clkbuf_0_clk/A (sky130_fd_sc_hd__clkbuf_16)
                  0.05    0.14    0.17 ^ clkbuf_0_clk/X (sky130_fd_sc_hd__clkbuf_16)
     4    0.03                           clknet_0_clk (net)
                  0.05    0.00    0.17 ^ clkbuf_2_0__f_clk/A (sky130_fd_sc_hd__clkbuf_16)
                  0.04    0.13    0.30 ^ clkbuf_2_0__f_clk/X (sky130_fd_sc_hd__clkbuf_16)
     9    0.02                           clknet_2_0__leaf_clk (net)
                  0.04    0.00    0.30 ^ _231_/CLK (sky130_fd_sc_hd__dfrtp_2)
                          0.25    0.55   clock uncertainty
                         -0.03    0.52   clock reconvergence pessimism
                         -0.04    0.49   library hold time
                                  0.49   data required time
-----------------------------------------------------------------------------
                                  0.49   data required time
                                 -1.22   data arrival time
-----------------------------------------------------------------------------
                                  0.73   slack (MET)


Startpoint: _233_ (rising edge-triggered flip-flop clocked by clk)
Endpoint: _246_ (rising edge-triggered flip-flop clocked by clk)
Path Group: clk
Path Type: min

Fanout     Cap    Slew   Delay    Time   Description
-----------------------------------------------------------------------------
                          0.00    0.00   clock clk (rise edge)
                          0.00    0.00   clock source latency
                  0.04    0.03    0.03 ^ clk (in)
     1    0.01                           clk (net)
                  0.04    0.00    0.03 ^ clkbuf_0_clk/A (sky130_fd_sc_hd__clkbuf_16)
                  0.05    0.13    0.15 ^ clkbuf_0_clk/X (sky130_fd_sc_hd__clkbuf_16)
     4    0.03                           clknet_0_clk (net)
                  0.05    0.00    0.15 ^ clkbuf_2_2__f_clk/A (sky130_fd_sc_hd__clkbuf_16)
                  0.03    0.11    0.27 ^ clkbuf_2_2__f_clk/X (sky130_fd_sc_hd__clkbuf_16)
     6    0.01                           clknet_2_2__leaf_clk (net)
                  0.03    0.00    0.27 ^ _233_/CLK (sky130_fd_sc_hd__dfrtp_1)
                  0.10    0.34    0.61 ^ _233_/Q (sky130_fd_sc_hd__dfrtp_1)
     5    0.01                           rx_inst.state[3] (net)
                  0.10    0.00    0.61 ^ _150_/A1 (sky130_fd_sc_hd__o22a_1)
                  0.03    0.13    0.74 ^ _150_/X (sky130_fd_sc_hd__o22a_1)
     1    0.00                           _040_ (net)
                  0.03    0.00    0.74 ^ hold10/A (sky130_fd_sc_hd__dlygate4sd3_1)
                  0.05    0.50    1.24 ^ hold10/X (sky130_fd_sc_hd__dlygate4sd3_1)
     1    0.00                           net30 (net)
                  0.05    0.00    1.24 ^ _246_/D (sky130_fd_sc_hd__dfrtp_1)
                                  1.24   data arrival time

                          0.00    0.00   clock clk (rise edge)
                          0.00    0.00   clock source latency
                  0.04    0.03    0.03 ^ clk (in)
     1    0.01                           clk (net)
                  0.04    0.00    0.03 ^ clkbuf_0_clk/A (sky130_fd_sc_hd__clkbuf_16)
                  0.05    0.14    0.17 ^ clkbuf_0_clk/X (sky130_fd_sc_hd__clkbuf_16)
     4    0.03                           clknet_0_clk (net)
                  0.05    0.00    0.17 ^ clkbuf_2_0__f_clk/A (sky130_fd_sc_hd__clkbuf_16)
                  0.04    0.13    0.30 ^ clkbuf_2_0__f_clk/X (sky130_fd_sc_hd__clkbuf_16)
     9    0.02                           clknet_2_0__leaf_clk (net)
                  0.04    0.00    0.30 ^ _246_/CLK (sky130_fd_sc_hd__dfrtp_1)
                          0.25    0.55   clock uncertainty
                         -0.02    0.54   clock reconvergence pessimism
                         -0.04    0.50   library hold time
                                  0.50   data required time
-----------------------------------------------------------------------------
                                  0.50   data required time
                                 -1.24   data arrival time
-----------------------------------------------------------------------------
                                  0.74   slack (MET)


Startpoint: _233_ (rising edge-triggered flip-flop clocked by clk)
Endpoint: _233_ (rising edge-triggered flip-flop clocked by clk)
Path Group: clk
Path Type: min

Fanout     Cap    Slew   Delay    Time   Description
-----------------------------------------------------------------------------
                          0.00    0.00   clock clk (rise edge)
                          0.00    0.00   clock source latency
                  0.04    0.03    0.03 ^ clk (in)
     1    0.01                           clk (net)
                  0.04    0.00    0.03 ^ clkbuf_0_clk/A (sky130_fd_sc_hd__clkbuf_16)
                  0.05    0.13    0.15 ^ clkbuf_0_clk/X (sky130_fd_sc_hd__clkbuf_16)
     4    0.03                           clknet_0_clk (net)
                  0.05    0.00    0.15 ^ clkbuf_2_2__f_clk/A (sky130_fd_sc_hd__clkbuf_16)
                  0.03    0.11    0.27 ^ clkbuf_2_2__f_clk/X (sky130_fd_sc_hd__clkbuf_16)
     6    0.01                           clknet_2_2__leaf_clk (net)
                  0.03    0.00    0.27 ^ _233_/CLK (sky130_fd_sc_hd__dfrtp_1)
                  0.10    0.34    0.61 ^ _233_/Q (sky130_fd_sc_hd__dfrtp_1)
     5    0.01                           rx_inst.state[3] (net)
                  0.10    0.00    0.61 ^ _175_/B2 (sky130_fd_sc_hd__a32o_1)
                  0.04    0.12    0.72 ^ _175_/X (sky130_fd_sc_hd__a32o_1)
     1    0.00                           _005_ (net)
                  0.04    0.00    0.72 ^ hold18/A (sky130_fd_sc_hd__dlygate4sd3_1)
                  0.05    0.50    1.22 ^ hold18/X (sky130_fd_sc_hd__dlygate4sd3_1)
     1    0.00                           net38 (net)
                  0.05    0.00    1.22 ^ _233_/D (sky130_fd_sc_hd__dfrtp_1)
                                  1.22   data arrival time

                          0.00    0.00   clock clk (rise edge)
                          0.00    0.00   clock source latency
                  0.04    0.03    0.03 ^ clk (in)
     1    0.01                           clk (net)
                  0.04    0.00    0.03 ^ clkbuf_0_clk/A (sky130_fd_sc_hd__clkbuf_16)
                  0.05    0.14    0.17 ^ clkbuf_0_clk/X (sky130_fd_sc_hd__clkbuf_16)
     4    0.03                           clknet_0_clk (net)
                  0.05    0.00    0.17 ^ clkbuf_2_2__f_clk/A (sky130_fd_sc_hd__clkbuf_16)
                  0.03    0.13    0.30 ^ clkbuf_2_2__f_clk/X (sky130_fd_sc_hd__clkbuf_16)
     6    0.01                           clknet_2_2__leaf_clk (net)
                  0.03    0.00    0.30 ^ _233_/CLK (sky130_fd_sc_hd__dfrtp_1)
                          0.25    0.55   clock uncertainty
                         -0.03    0.52   clock reconvergence pessimism
                         -0.04    0.48   library hold time
                                  0.48   data required time
-----------------------------------------------------------------------------
                                  0.48   data required time
                                 -1.22   data arrival time
-----------------------------------------------------------------------------
                                  0.74   slack (MET)


Startpoint: _242_ (rising edge-triggered flip-flop clocked by clk)
Endpoint: _244_ (rising edge-triggered flip-flop clocked by clk)
Path Group: clk
Path Type: min

Fanout     Cap    Slew   Delay    Time   Description
-----------------------------------------------------------------------------
                          0.00    0.00   clock clk (rise edge)
                          0.00    0.00   clock source latency
                  0.04    0.03    0.03 ^ clk (in)
     1    0.01                           clk (net)
                  0.04    0.00    0.03 ^ clkbuf_0_clk/A (sky130_fd_sc_hd__clkbuf_16)
                  0.05    0.13    0.15 ^ clkbuf_0_clk/X (sky130_fd_sc_hd__clkbuf_16)
     4    0.03                           clknet_0_clk (net)
                  0.05    0.00    0.15 ^ clkbuf_2_3__f_clk/A (sky130_fd_sc_hd__clkbuf_16)
                  0.04    0.12    0.27 ^ clkbuf_2_3__f_clk/X (sky130_fd_sc_hd__clkbuf_16)
     9    0.02                           clknet_2_3__leaf_clk (net)
                  0.04    0.00    0.27 ^ _242_/CLK (sky130_fd_sc_hd__dfstp_1)
                  0.04    0.34    0.61 v _242_/Q (sky130_fd_sc_hd__dfstp_1)
     3    0.00                           tx_inst.state[0] (net)
                  0.04    0.00    0.61 v hold7/A (sky130_fd_sc_hd__dlygate4sd3_1)
                  0.07    0.54    1.15 v hold7/X (sky130_fd_sc_hd__dlygate4sd3_1)
     2    0.01                           net27 (net)
                  0.07    0.00    1.15 v _159_/A (sky130_fd_sc_hd__inv_2)
                  0.04    0.06    1.21 ^ _159_/Y (sky130_fd_sc_hd__inv_2)
     2    0.00                           _088_ (net)
                  0.04    0.00    1.21 ^ _176_/A (sky130_fd_sc_hd__nor2_1)
                  0.02    0.03    1.24 v _176_/Y (sky130_fd_sc_hd__nor2_1)
     1    0.00                           _002_ (net)
                  0.02    0.00    1.24 v _244_/D (sky130_fd_sc_hd__dfrtp_1)
                                  1.24   data arrival time

                          0.00    0.00   clock clk (rise edge)
                          0.00    0.00   clock source latency
                  0.04    0.03    0.03 ^ clk (in)
     1    0.01                           clk (net)
                  0.04    0.00    0.03 ^ clkbuf_0_clk/A (sky130_fd_sc_hd__clkbuf_16)
                  0.05    0.14    0.17 ^ clkbuf_0_clk/X (sky130_fd_sc_hd__clkbuf_16)
     4    0.03                           clknet_0_clk (net)
                  0.05    0.00    0.17 ^ clkbuf_2_3__f_clk/A (sky130_fd_sc_hd__clkbuf_16)
                  0.04    0.13    0.30 ^ clkbuf_2_3__f_clk/X (sky130_fd_sc_hd__clkbuf_16)
     9    0.02                           clknet_2_3__leaf_clk (net)
                  0.04    0.00    0.30 ^ _244_/CLK (sky130_fd_sc_hd__dfrtp_1)
                          0.25    0.55   clock uncertainty
                         -0.03    0.52   clock reconvergence pessimism
                         -0.04    0.49   library hold time
                                  0.49   data required time
-----------------------------------------------------------------------------
                                  0.49   data required time
                                 -1.24   data arrival time
-----------------------------------------------------------------------------
                                  0.75   slack (MET)


Startpoint: _243_ (rising edge-triggered flip-flop clocked by clk)
Endpoint: _243_ (rising edge-triggered flip-flop clocked by clk)
Path Group: clk
Path Type: min

Fanout     Cap    Slew   Delay    Time   Description
-----------------------------------------------------------------------------
                          0.00    0.00   clock clk (rise edge)
                          0.00    0.00   clock source latency
                  0.04    0.03    0.03 ^ clk (in)
     1    0.01                           clk (net)
                  0.04    0.00    0.03 ^ clkbuf_0_clk/A (sky130_fd_sc_hd__clkbuf_16)
                  0.05    0.13    0.15 ^ clkbuf_0_clk/X (sky130_fd_sc_hd__clkbuf_16)
     4    0.03                           clknet_0_clk (net)
                  0.05    0.00    0.15 ^ clkbuf_2_3__f_clk/A (sky130_fd_sc_hd__clkbuf_16)
                  0.04    0.12    0.27 ^ clkbuf_2_3__f_clk/X (sky130_fd_sc_hd__clkbuf_16)
     9    0.02                           clknet_2_3__leaf_clk (net)
                  0.04    0.00    0.27 ^ _243_/CLK (sky130_fd_sc_hd__dfrtp_4)
                  0.09    0.41    0.68 ^ _243_/Q (sky130_fd_sc_hd__dfrtp_4)
     8    0.02                           tx_inst.state[1] (net)
                  0.09    0.00    0.68 ^ _173_/A1 (sky130_fd_sc_hd__a21o_1)
                  0.03    0.10    0.78 ^ _173_/X (sky130_fd_sc_hd__a21o_1)
     1    0.00                           _007_ (net)
                  0.03    0.00    0.78 ^ hold2/A (sky130_fd_sc_hd__dlygate4sd3_1)
                  0.05    0.50    1.27 ^ hold2/X (sky130_fd_sc_hd__dlygate4sd3_1)
     1    0.00                           net22 (net)
                  0.05    0.00    1.27 ^ _243_/D (sky130_fd_sc_hd__dfrtp_4)
                                  1.27   data arrival time

                          0.00    0.00   clock clk (rise edge)
                          0.00    0.00   clock source latency
                  0.04    0.03    0.03 ^ clk (in)
     1    0.01                           clk (net)
                  0.04    0.00    0.03 ^ clkbuf_0_clk/A (sky130_fd_sc_hd__clkbuf_16)
                  0.05    0.14    0.17 ^ clkbuf_0_clk/X (sky130_fd_sc_hd__clkbuf_16)
     4    0.03                           clknet_0_clk (net)
                  0.05    0.00    0.17 ^ clkbuf_2_3__f_clk/A (sky130_fd_sc_hd__clkbuf_16)
                  0.04    0.13    0.30 ^ clkbuf_2_3__f_clk/X (sky130_fd_sc_hd__clkbuf_16)
     9    0.02                           clknet_2_3__leaf_clk (net)
                  0.04    0.00    0.30 ^ _243_/CLK (sky130_fd_sc_hd__dfrtp_4)
                          0.25    0.55   clock uncertainty
                         -0.03    0.52   clock reconvergence pessimism
                         -0.04    0.49   library hold time
                                  0.49   data required time
-----------------------------------------------------------------------------
                                  0.49   data required time
                                 -1.27   data arrival time
-----------------------------------------------------------------------------
                                  0.79   slack (MET)


Startpoint: _243_ (rising edge-triggered flip-flop clocked by clk)
Endpoint: _234_ (rising edge-triggered flip-flop clocked by clk)
Path Group: clk
Path Type: min

Fanout     Cap    Slew   Delay    Time   Description
-----------------------------------------------------------------------------
                          0.00    0.00   clock clk (rise edge)
                          0.00    0.00   clock source latency
                  0.04    0.03    0.03 ^ clk (in)
     1    0.01                           clk (net)
                  0.04    0.00    0.03 ^ clkbuf_0_clk/A (sky130_fd_sc_hd__clkbuf_16)
                  0.05    0.13    0.15 ^ clkbuf_0_clk/X (sky130_fd_sc_hd__clkbuf_16)
     4    0.03                           clknet_0_clk (net)
                  0.05    0.00    0.15 ^ clkbuf_2_3__f_clk/A (sky130_fd_sc_hd__clkbuf_16)
                  0.04    0.12    0.27 ^ clkbuf_2_3__f_clk/X (sky130_fd_sc_hd__clkbuf_16)
     9    0.02                           clknet_2_3__leaf_clk (net)
                  0.04    0.00    0.27 ^ _243_/CLK (sky130_fd_sc_hd__dfrtp_4)
                  0.09    0.41    0.68 ^ _243_/Q (sky130_fd_sc_hd__dfrtp_4)
     8    0.02                           tx_inst.state[1] (net)
                  0.09    0.00    0.68 ^ _168_/B (sky130_fd_sc_hd__nor2_1)
                  0.03    0.04    0.72 v _168_/Y (sky130_fd_sc_hd__nor2_1)
     1    0.00                           _094_ (net)
                  0.03    0.00    0.72 v _169_/B1 (sky130_fd_sc_hd__a21oi_1)
                  0.07    0.08    0.80 ^ _169_/Y (sky130_fd_sc_hd__a21oi_1)
     1    0.00                           _033_ (net)
                  0.07    0.00    0.80 ^ hold28/A (sky130_fd_sc_hd__dlygate4sd3_1)
                  0.05    0.51    1.31 ^ hold28/X (sky130_fd_sc_hd__dlygate4sd3_1)
     1    0.00                           net48 (net)
                  0.05    0.00    1.31 ^ _234_/D (sky130_fd_sc_hd__dfrtp_4)
                                  1.31   data arrival time

                          0.00    0.00   clock clk (rise edge)
                          0.00    0.00   clock source latency
                  0.04    0.03    0.03 ^ clk (in)
     1    0.01                           clk (net)
                  0.04    0.00    0.03 ^ clkbuf_0_clk/A (sky130_fd_sc_hd__clkbuf_16)
                  0.05    0.14    0.17 ^ clkbuf_0_clk/X (sky130_fd_sc_hd__clkbuf_16)
     4    0.03                           clknet_0_clk (net)
                  0.05    0.00    0.17 ^ clkbuf_2_3__f_clk/A (sky130_fd_sc_hd__clkbuf_16)
                  0.04    0.13    0.30 ^ clkbuf_2_3__f_clk/X (sky130_fd_sc_hd__clkbuf_16)
     9    0.02                           clknet_2_3__leaf_clk (net)
                  0.04    0.00    0.30 ^ _234_/CLK (sky130_fd_sc_hd__dfrtp_4)
                          0.25    0.55   clock uncertainty
                         -0.03    0.52   clock reconvergence pessimism
                         -0.04    0.49   library hold time
                                  0.49   data required time
-----------------------------------------------------------------------------
                                  0.49   data required time
                                 -1.31   data arrival time
-----------------------------------------------------------------------------
                                  0.82   slack (MET)


Startpoint: _235_ (rising edge-triggered flip-flop clocked by clk)
Endpoint: _236_ (rising edge-triggered flip-flop clocked by clk)
Path Group: clk
Path Type: min

Fanout     Cap    Slew   Delay    Time   Description
-----------------------------------------------------------------------------
                          0.00    0.00   clock clk (rise edge)
                          0.00    0.00   clock source latency
                  0.04    0.03    0.03 ^ clk (in)
     1    0.01                           clk (net)
                  0.04    0.00    0.03 ^ clkbuf_0_clk/A (sky130_fd_sc_hd__clkbuf_16)
                  0.05    0.13    0.15 ^ clkbuf_0_clk/X (sky130_fd_sc_hd__clkbuf_16)
     4    0.03                           clknet_0_clk (net)
                  0.05    0.00    0.15 ^ clkbuf_2_3__f_clk/A (sky130_fd_sc_hd__clkbuf_16)
                  0.04    0.12    0.27 ^ clkbuf_2_3__f_clk/X (sky130_fd_sc_hd__clkbuf_16)
     9    0.02                           clknet_2_3__leaf_clk (net)
                  0.04    0.00    0.27 ^ _235_/CLK (sky130_fd_sc_hd__dfrtp_4)
                  0.08    0.40    0.68 ^ _235_/Q (sky130_fd_sc_hd__dfrtp_4)
     7    0.02                           tx_inst.bit_count[1] (net)
                  0.08    0.00    0.68 ^ _162_/A1 (sky130_fd_sc_hd__a32o_1)
                  0.04    0.14    0.81 ^ _162_/X (sky130_fd_sc_hd__a32o_1)
     1    0.00                           _035_ (net)
                  0.04    0.00    0.81 ^ hold15/A (sky130_fd_sc_hd__dlygate4sd3_1)
                  0.05    0.50    1.31 ^ hold15/X (sky130_fd_sc_hd__dlygate4sd3_1)
     1    0.00                           net35 (net)
                  0.05    0.00    1.31 ^ _236_/D (sky130_fd_sc_hd__dfrtp_1)
                                  1.31   data arrival time

                          0.00    0.00   clock clk (rise edge)
                          0.00    0.00   clock source latency
                  0.04    0.03    0.03 ^ clk (in)
     1    0.01                           clk (net)
                  0.04    0.00    0.03 ^ clkbuf_0_clk/A (sky130_fd_sc_hd__clkbuf_16)
                  0.05    0.14    0.17 ^ clkbuf_0_clk/X (sky130_fd_sc_hd__clkbuf_16)
     4    0.03                           clknet_0_clk (net)
                  0.05    0.00    0.17 ^ clkbuf_2_3__f_clk/A (sky130_fd_sc_hd__clkbuf_16)
                  0.04    0.13    0.30 ^ clkbuf_2_3__f_clk/X (sky130_fd_sc_hd__clkbuf_16)
     9    0.02                           clknet_2_3__leaf_clk (net)
                  0.04    0.00    0.30 ^ _236_/CLK (sky130_fd_sc_hd__dfrtp_1)
                          0.25    0.55   clock uncertainty
                         -0.03    0.52   clock reconvergence pessimism
                         -0.04    0.49   library hold time
                                  0.49   data required time
-----------------------------------------------------------------------------
                                  0.49   data required time
                                 -1.31   data arrival time
-----------------------------------------------------------------------------
                                  0.83   slack (MET)


Startpoint: reset (input port clocked by clk)
Endpoint: _252_ (removal check against rising-edge clock clk)
Path Group: asynchronous
Path Type: min

Fanout     Cap    Slew   Delay    Time   Description
-----------------------------------------------------------------------------
                          0.00    0.00   clock clk (rise edge)
                          0.00    0.00   clock network delay (propagated)
                          4.00    4.00 v input external delay
                  0.01    0.00    4.00 v reset (in)
     1    0.00                           reset (net)
                  0.01    0.00    4.00 v input1/A (sky130_fd_sc_hd__clkbuf_4)
                  0.07    0.15    4.15 v input1/X (sky130_fd_sc_hd__clkbuf_4)
     7    0.03                           net1 (net)
                  0.07    0.00    4.15 v _209_/A (sky130_fd_sc_hd__inv_2)
                  0.03    0.05    4.20 ^ _209_/Y (sky130_fd_sc_hd__inv_2)
     1    0.00                           _030_ (net)
                  0.03    0.00    4.20 ^ _252_/RESET_B (sky130_fd_sc_hd__dfrtp_1)
                                  4.20   data arrival time

                          0.00    0.00   clock clk (rise edge)
                          0.00    0.00   clock source latency
                  0.04    0.03    0.03 ^ clk (in)
     1    0.01                           clk (net)
                  0.04    0.00    0.03 ^ clkbuf_0_clk/A (sky130_fd_sc_hd__clkbuf_16)
                  0.05    0.14    0.17 ^ clkbuf_0_clk/X (sky130_fd_sc_hd__clkbuf_16)
     4    0.03                           clknet_0_clk (net)
                  0.05    0.00    0.17 ^ clkbuf_2_0__f_clk/A (sky130_fd_sc_hd__clkbuf_16)
                  0.04    0.13    0.30 ^ clkbuf_2_0__f_clk/X (sky130_fd_sc_hd__clkbuf_16)
     9    0.02                           clknet_2_0__leaf_clk (net)
                  0.04    0.00    0.30 ^ _252_/CLK (sky130_fd_sc_hd__dfrtp_1)
                          0.25    0.55   clock uncertainty
                          0.00    0.55   clock reconvergence pessimism
                          0.31    0.87   library removal time
                                  0.87   data required time
-----------------------------------------------------------------------------
                                  0.87   data required time
                                 -4.20   data arrival time
-----------------------------------------------------------------------------
                                  3.33   slack (MET)


Startpoint: reset (input port clocked by clk)
Endpoint: _254_ (removal check against rising-edge clock clk)
Path Group: asynchronous
Path Type: min

Fanout     Cap    Slew   Delay    Time   Description
-----------------------------------------------------------------------------
                          0.00    0.00   clock clk (rise edge)
                          0.00    0.00   clock network delay (propagated)
                          4.00    4.00 v input external delay
                  0.01    0.00    4.00 v reset (in)
     1    0.00                           reset (net)
                  0.01    0.00    4.00 v input1/A (sky130_fd_sc_hd__clkbuf_4)
                  0.07    0.15    4.15 v input1/X (sky130_fd_sc_hd__clkbuf_4)
     7    0.03                           net1 (net)
                  0.07    0.00    4.15 v _211_/A (sky130_fd_sc_hd__inv_2)
                  0.03    0.05    4.20 ^ _211_/Y (sky130_fd_sc_hd__inv_2)
     1    0.00                           _032_ (net)
                  0.03    0.00    4.20 ^ _254_/RESET_B (sky130_fd_sc_hd__dfrtp_1)
                                  4.20   data arrival time

                          0.00    0.00   clock clk (rise edge)
                          0.00    0.00   clock source latency
                  0.04    0.03    0.03 ^ clk (in)
     1    0.01                           clk (net)
                  0.04    0.00    0.03 ^ clkbuf_0_clk/A (sky130_fd_sc_hd__clkbuf_16)
                  0.05    0.14    0.17 ^ clkbuf_0_clk/X (sky130_fd_sc_hd__clkbuf_16)
     4    0.03                           clknet_0_clk (net)
                  0.05    0.00    0.17 ^ clkbuf_2_0__f_clk/A (sky130_fd_sc_hd__clkbuf_16)
                  0.04    0.13    0.30 ^ clkbuf_2_0__f_clk/X (sky130_fd_sc_hd__clkbuf_16)
     9    0.02                           clknet_2_0__leaf_clk (net)
                  0.04    0.00    0.30 ^ _254_/CLK (sky130_fd_sc_hd__dfrtp_1)
                          0.25    0.55   clock uncertainty
                          0.00    0.55   clock reconvergence pessimism
                          0.31    0.87   library removal time
                                  0.87   data required time
-----------------------------------------------------------------------------
                                  0.87   data required time
                                 -4.20   data arrival time
-----------------------------------------------------------------------------
                                  3.33   slack (MET)


Startpoint: reset (input port clocked by clk)
Endpoint: _253_ (removal check against rising-edge clock clk)
Path Group: asynchronous
Path Type: min

Fanout     Cap    Slew   Delay    Time   Description
-----------------------------------------------------------------------------
                          0.00    0.00   clock clk (rise edge)
                          0.00    0.00   clock network delay (propagated)
                          4.00    4.00 v input external delay
                  0.01    0.00    4.00 v reset (in)
     1    0.00                           reset (net)
                  0.01    0.00    4.00 v input1/A (sky130_fd_sc_hd__clkbuf_4)
                  0.07    0.15    4.15 v input1/X (sky130_fd_sc_hd__clkbuf_4)
     7    0.03                           net1 (net)
                  0.07    0.00    4.15 v _210_/A (sky130_fd_sc_hd__inv_2)
                  0.03    0.05    4.20 ^ _210_/Y (sky130_fd_sc_hd__inv_2)
     1    0.00                           _031_ (net)
                  0.03    0.00    4.20 ^ _253_/RESET_B (sky130_fd_sc_hd__dfrtp_1)
                                  4.20   data arrival time

                          0.00    0.00   clock clk (rise edge)
                          0.00    0.00   clock source latency
                  0.04    0.03    0.03 ^ clk (in)
     1    0.01                           clk (net)
                  0.04    0.00    0.03 ^ clkbuf_0_clk/A (sky130_fd_sc_hd__clkbuf_16)
                  0.05    0.14    0.17 ^ clkbuf_0_clk/X (sky130_fd_sc_hd__clkbuf_16)
     4    0.03                           clknet_0_clk (net)
                  0.05    0.00    0.17 ^ clkbuf_2_3__f_clk/A (sky130_fd_sc_hd__clkbuf_16)
                  0.04    0.13    0.30 ^ clkbuf_2_3__f_clk/X (sky130_fd_sc_hd__clkbuf_16)
     9    0.02                           clknet_2_3__leaf_clk (net)
                  0.04    0.00    0.30 ^ _253_/CLK (sky130_fd_sc_hd__dfrtp_1)
                          0.25    0.55   clock uncertainty
                          0.00    0.55   clock reconvergence pessimism
                          0.31    0.87   library removal time
                                  0.87   data required time
-----------------------------------------------------------------------------
                                  0.87   data required time
                                 -4.20   data arrival time
-----------------------------------------------------------------------------
                                  3.33   slack (MET)


Startpoint: reset (input port clocked by clk)
Endpoint: _251_ (removal check against rising-edge clock clk)
Path Group: asynchronous
Path Type: min

Fanout     Cap    Slew   Delay    Time   Description
-----------------------------------------------------------------------------
                          0.00    0.00   clock clk (rise edge)
                          0.00    0.00   clock network delay (propagated)
                          4.00    4.00 v input external delay
                  0.01    0.00    4.00 v reset (in)
     1    0.00                           reset (net)
                  0.01    0.00    4.00 v input1/A (sky130_fd_sc_hd__clkbuf_4)
                  0.07    0.15    4.15 v input1/X (sky130_fd_sc_hd__clkbuf_4)
     7    0.03                           net1 (net)
                  0.07    0.00    4.15 v _208_/A (sky130_fd_sc_hd__inv_2)
                  0.03    0.05    4.20 ^ _208_/Y (sky130_fd_sc_hd__inv_2)
     1    0.00                           _029_ (net)
                  0.03    0.00    4.20 ^ _251_/RESET_B (sky130_fd_sc_hd__dfrtp_1)
                                  4.20   data arrival time

                          0.00    0.00   clock clk (rise edge)
                          0.00    0.00   clock source latency
                  0.04    0.03    0.03 ^ clk (in)
     1    0.01                           clk (net)
                  0.04    0.00    0.03 ^ clkbuf_0_clk/A (sky130_fd_sc_hd__clkbuf_16)
                  0.05    0.14    0.17 ^ clkbuf_0_clk/X (sky130_fd_sc_hd__clkbuf_16)
     4    0.03                           clknet_0_clk (net)
                  0.05    0.00    0.17 ^ clkbuf_2_2__f_clk/A (sky130_fd_sc_hd__clkbuf_16)
                  0.03    0.13    0.30 ^ clkbuf_2_2__f_clk/X (sky130_fd_sc_hd__clkbuf_16)
     6    0.01                           clknet_2_2__leaf_clk (net)
                  0.03    0.00    0.30 ^ _251_/CLK (sky130_fd_sc_hd__dfrtp_1)
                          0.25    0.55   clock uncertainty
                          0.00    0.55   clock reconvergence pessimism
                          0.31    0.86   library removal time
                                  0.86   data required time
-----------------------------------------------------------------------------
                                  0.86   data required time
                                 -4.20   data arrival time
-----------------------------------------------------------------------------
                                  3.34   slack (MET)


Startpoint: reset (input port clocked by clk)
Endpoint: _230_ (removal check against rising-edge clock clk)
Path Group: asynchronous
Path Type: min

Fanout     Cap    Slew   Delay    Time   Description
-----------------------------------------------------------------------------
                          0.00    0.00   clock clk (rise edge)
                          0.00    0.00   clock network delay (propagated)
                          4.00    4.00 v input external delay
                  0.01    0.00    4.00 v reset (in)
     1    0.00                           reset (net)
                  0.01    0.00    4.00 v input1/A (sky130_fd_sc_hd__clkbuf_4)
                  0.07    0.15    4.15 v input1/X (sky130_fd_sc_hd__clkbuf_4)
     7    0.03                           net1 (net)
                  0.07    0.00    4.15 v _185_/A (sky130_fd_sc_hd__inv_2)
                  0.04    0.05    4.20 ^ _185_/Y (sky130_fd_sc_hd__inv_2)
     2    0.01                           _008_ (net)
                  0.04    0.00    4.20 ^ _230_/SET_B (sky130_fd_sc_hd__dfstp_1)
                                  4.20   data arrival time

                          0.00    0.00   clock clk (rise edge)
                          0.00    0.00   clock source latency
                  0.04    0.03    0.03 ^ clk (in)
     1    0.01                           clk (net)
                  0.04    0.00    0.03 ^ clkbuf_0_clk/A (sky130_fd_sc_hd__clkbuf_16)
                  0.05    0.14    0.17 ^ clkbuf_0_clk/X (sky130_fd_sc_hd__clkbuf_16)
     4    0.03                           clknet_0_clk (net)
                  0.05    0.00    0.17 ^ clkbuf_2_2__f_clk/A (sky130_fd_sc_hd__clkbuf_16)
                  0.03    0.13    0.30 ^ clkbuf_2_2__f_clk/X (sky130_fd_sc_hd__clkbuf_16)
     6    0.01                           clknet_2_2__leaf_clk (net)
                  0.03    0.00    0.30 ^ _230_/CLK (sky130_fd_sc_hd__dfstp_1)
                          0.25    0.55   clock uncertainty
                          0.00    0.55   clock reconvergence pessimism
                          0.15    0.70   library removal time
                                  0.70   data required time
-----------------------------------------------------------------------------
                                  0.70   data required time
                                 -4.20   data arrival time
-----------------------------------------------------------------------------
                                  3.50   slack (MET)


Startpoint: reset (input port clocked by clk)
Endpoint: _231_ (removal check against rising-edge clock clk)
Path Group: asynchronous
Path Type: min

Fanout     Cap    Slew   Delay    Time   Description
-----------------------------------------------------------------------------
                          0.00    0.00   clock clk (rise edge)
                          0.00    0.00   clock network delay (propagated)
                          4.00    4.00 v input external delay
                  0.01    0.00    4.00 v reset (in)
     1    0.00                           reset (net)
                  0.01    0.00    4.00 v input1/A (sky130_fd_sc_hd__clkbuf_4)
                  0.07    0.15    4.15 v input1/X (sky130_fd_sc_hd__clkbuf_4)
     7    0.03                           net1 (net)
                  0.07    0.00    4.15 v _186_/A (sky130_fd_sc_hd__buf_4)
                  0.07    0.18    4.33 v _186_/X (sky130_fd_sc_hd__buf_4)
    10    0.04                           _102_ (net)
                  0.07    0.00    4.33 v _187_/A (sky130_fd_sc_hd__inv_2)
                  0.03    0.05    4.38 ^ _187_/Y (sky130_fd_sc_hd__inv_2)
     1    0.00                           _009_ (net)
                  0.03    0.00    4.38 ^ _231_/RESET_B (sky130_fd_sc_hd__dfrtp_2)
                                  4.38   data arrival time

                          0.00    0.00   clock clk (rise edge)
                          0.00    0.00   clock source latency
                  0.04    0.03    0.03 ^ clk (in)
     1    0.01                           clk (net)
                  0.04    0.00    0.03 ^ clkbuf_0_clk/A (sky130_fd_sc_hd__clkbuf_16)
                  0.05    0.14    0.17 ^ clkbuf_0_clk/X (sky130_fd_sc_hd__clkbuf_16)
     4    0.03                           clknet_0_clk (net)
                  0.05    0.00    0.17 ^ clkbuf_2_0__f_clk/A (sky130_fd_sc_hd__clkbuf_16)
                  0.04    0.13    0.30 ^ clkbuf_2_0__f_clk/X (sky130_fd_sc_hd__clkbuf_16)
     9    0.02                           clknet_2_0__leaf_clk (net)
                  0.04    0.00    0.30 ^ _231_/CLK (sky130_fd_sc_hd__dfrtp_2)
                          0.25    0.55   clock uncertainty
                          0.00    0.55   clock reconvergence pessimism
                          0.32    0.87   library removal time
                                  0.87   data required time
-----------------------------------------------------------------------------
                                  0.87   data required time
                                 -4.38   data arrival time
-----------------------------------------------------------------------------
                                  3.51   slack (MET)


Startpoint: reset (input port clocked by clk)
Endpoint: _248_ (removal check against rising-edge clock clk)
Path Group: asynchronous
Path Type: min

Fanout     Cap    Slew   Delay    Time   Description
-----------------------------------------------------------------------------
                          0.00    0.00   clock clk (rise edge)
                          0.00    0.00   clock network delay (propagated)
                          4.00    4.00 v input external delay
                  0.01    0.00    4.00 v reset (in)
     1    0.00                           reset (net)
                  0.01    0.00    4.00 v input1/A (sky130_fd_sc_hd__clkbuf_4)
                  0.07    0.15    4.15 v input1/X (sky130_fd_sc_hd__clkbuf_4)
     7    0.03                           net1 (net)
                  0.07    0.00    4.15 v _197_/A (sky130_fd_sc_hd__buf_4)
                  0.07    0.18    4.33 v _197_/X (sky130_fd_sc_hd__buf_4)
    10    0.04                           _103_ (net)
                  0.07    0.00    4.33 v _205_/A (sky130_fd_sc_hd__inv_2)
                  0.03    0.05    4.38 ^ _205_/Y (sky130_fd_sc_hd__inv_2)
     1    0.00                           _026_ (net)
                  0.03    0.00    4.38 ^ _248_/RESET_B (sky130_fd_sc_hd__dfrtp_1)
                                  4.38   data arrival time

                          0.00    0.00   clock clk (rise edge)
                          0.00    0.00   clock source latency
                  0.04    0.03    0.03 ^ clk (in)
     1    0.01                           clk (net)
                  0.04    0.00    0.03 ^ clkbuf_0_clk/A (sky130_fd_sc_hd__clkbuf_16)
                  0.05    0.14    0.17 ^ clkbuf_0_clk/X (sky130_fd_sc_hd__clkbuf_16)
     4    0.03                           clknet_0_clk (net)
                  0.05    0.00    0.17 ^ clkbuf_2_1__f_clk/A (sky130_fd_sc_hd__clkbuf_16)
                  0.04    0.13    0.30 ^ clkbuf_2_1__f_clk/X (sky130_fd_sc_hd__clkbuf_16)
     9    0.02                           clknet_2_1__leaf_clk (net)
                  0.04    0.00    0.30 ^ _248_/CLK (sky130_fd_sc_hd__dfrtp_1)
                          0.25    0.55   clock uncertainty
                          0.00    0.55   clock reconvergence pessimism
                          0.32    0.87   library removal time
                                  0.87   data required time
-----------------------------------------------------------------------------
                                  0.87   data required time
                                 -4.38   data arrival time
-----------------------------------------------------------------------------
                                  3.51   slack (MET)


Startpoint: reset (input port clocked by clk)
Endpoint: _240_ (removal check against rising-edge clock clk)
Path Group: asynchronous
Path Type: min

Fanout     Cap    Slew   Delay    Time   Description
-----------------------------------------------------------------------------
                          0.00    0.00   clock clk (rise edge)
                          0.00    0.00   clock network delay (propagated)
                          4.00    4.00 v input external delay
                  0.01    0.00    4.00 v reset (in)
     1    0.00                           reset (net)
                  0.01    0.00    4.00 v input1/A (sky130_fd_sc_hd__clkbuf_4)
                  0.07    0.15    4.15 v input1/X (sky130_fd_sc_hd__clkbuf_4)
     7    0.03                           net1 (net)
                  0.07    0.00    4.15 v _186_/A (sky130_fd_sc_hd__buf_4)
                  0.07    0.18    4.33 v _186_/X (sky130_fd_sc_hd__buf_4)
    10    0.04                           _102_ (net)
                  0.07    0.00    4.33 v _196_/A (sky130_fd_sc_hd__inv_2)
                  0.03    0.05    4.38 ^ _196_/Y (sky130_fd_sc_hd__inv_2)
     1    0.00                           _018_ (net)
                  0.03    0.00    4.38 ^ _240_/RESET_B (sky130_fd_sc_hd__dfrtp_4)
                                  4.38   data arrival time

                          0.00    0.00   clock clk (rise edge)
                          0.00    0.00   clock source latency
                  0.04    0.03    0.03 ^ clk (in)
     1    0.01                           clk (net)
                  0.04    0.00    0.03 ^ clkbuf_0_clk/A (sky130_fd_sc_hd__clkbuf_16)
                  0.05    0.14    0.17 ^ clkbuf_0_clk/X (sky130_fd_sc_hd__clkbuf_16)
     4    0.03                           clknet_0_clk (net)
                  0.05    0.00    0.17 ^ clkbuf_2_0__f_clk/A (sky130_fd_sc_hd__clkbuf_16)
                  0.04    0.13    0.30 ^ clkbuf_2_0__f_clk/X (sky130_fd_sc_hd__clkbuf_16)
     9    0.02                           clknet_2_0__leaf_clk (net)
                  0.04    0.00    0.30 ^ _240_/CLK (sky130_fd_sc_hd__dfrtp_4)
                          0.25    0.55   clock uncertainty
                          0.00    0.55   clock reconvergence pessimism
                          0.32    0.87   library removal time
                                  0.87   data required time
-----------------------------------------------------------------------------
                                  0.87   data required time
                                 -4.38   data arrival time
-----------------------------------------------------------------------------
                                  3.51   slack (MET)


Startpoint: reset (input port clocked by clk)
Endpoint: _241_ (removal check against rising-edge clock clk)
Path Group: asynchronous
Path Type: min

Fanout     Cap    Slew   Delay    Time   Description
-----------------------------------------------------------------------------
                          0.00    0.00   clock clk (rise edge)
                          0.00    0.00   clock network delay (propagated)
                          4.00    4.00 v input external delay
                  0.01    0.00    4.00 v reset (in)
     1    0.00                           reset (net)
                  0.01    0.00    4.00 v input1/A (sky130_fd_sc_hd__clkbuf_4)
                  0.07    0.15    4.15 v input1/X (sky130_fd_sc_hd__clkbuf_4)
     7    0.03                           net1 (net)
                  0.07    0.00    4.15 v _197_/A (sky130_fd_sc_hd__buf_4)
                  0.07    0.18    4.33 v _197_/X (sky130_fd_sc_hd__buf_4)
    10    0.04                           _103_ (net)
                  0.07    0.00    4.33 v _198_/A (sky130_fd_sc_hd__inv_2)
                  0.03    0.05    4.38 ^ _198_/Y (sky130_fd_sc_hd__inv_2)
     1    0.00                           _019_ (net)
                  0.03    0.00    4.38 ^ _241_/RESET_B (sky130_fd_sc_hd__dfrtp_4)
                                  4.38   data arrival time

                          0.00    0.00   clock clk (rise edge)
                          0.00    0.00   clock source latency
                  0.04    0.03    0.03 ^ clk (in)
     1    0.01                           clk (net)
                  0.04    0.00    0.03 ^ clkbuf_0_clk/A (sky130_fd_sc_hd__clkbuf_16)
                  0.05    0.14    0.17 ^ clkbuf_0_clk/X (sky130_fd_sc_hd__clkbuf_16)
     4    0.03                           clknet_0_clk (net)
                  0.05    0.00    0.17 ^ clkbuf_2_0__f_clk/A (sky130_fd_sc_hd__clkbuf_16)
                  0.04    0.13    0.30 ^ clkbuf_2_0__f_clk/X (sky130_fd_sc_hd__clkbuf_16)
     9    0.02                           clknet_2_0__leaf_clk (net)
                  0.04    0.00    0.30 ^ _241_/CLK (sky130_fd_sc_hd__dfrtp_4)
                          0.25    0.55   clock uncertainty
                          0.00    0.55   clock reconvergence pessimism
                          0.32    0.87   library removal time
                                  0.87   data required time
-----------------------------------------------------------------------------
                                  0.87   data required time
                                 -4.38   data arrival time
-----------------------------------------------------------------------------
                                  3.51   slack (MET)


Startpoint: reset (input port clocked by clk)
Endpoint: _234_ (removal check against rising-edge clock clk)
Path Group: asynchronous
Path Type: min

Fanout     Cap    Slew   Delay    Time   Description
-----------------------------------------------------------------------------
                          0.00    0.00   clock clk (rise edge)
                          0.00    0.00   clock network delay (propagated)
                          4.00    4.00 v input external delay
                  0.01    0.00    4.00 v reset (in)
     1    0.00                           reset (net)
                  0.01    0.00    4.00 v input1/A (sky130_fd_sc_hd__clkbuf_4)
                  0.07    0.15    4.15 v input1/X (sky130_fd_sc_hd__clkbuf_4)
     7    0.03                           net1 (net)
                  0.07    0.00    4.15 v _186_/A (sky130_fd_sc_hd__buf_4)
                  0.07    0.18    4.33 v _186_/X (sky130_fd_sc_hd__buf_4)
    10    0.04                           _102_ (net)
                  0.07    0.00    4.33 v _190_/A (sky130_fd_sc_hd__inv_2)
                  0.03    0.05    4.38 ^ _190_/Y (sky130_fd_sc_hd__inv_2)
     1    0.00                           _012_ (net)
                  0.03    0.00    4.38 ^ _234_/RESET_B (sky130_fd_sc_hd__dfrtp_4)
                                  4.38   data arrival time

                          0.00    0.00   clock clk (rise edge)
                          0.00    0.00   clock source latency
                  0.04    0.03    0.03 ^ clk (in)
     1    0.01                           clk (net)
                  0.04    0.00    0.03 ^ clkbuf_0_clk/A (sky130_fd_sc_hd__clkbuf_16)
                  0.05    0.14    0.17 ^ clkbuf_0_clk/X (sky130_fd_sc_hd__clkbuf_16)
     4    0.03                           clknet_0_clk (net)
                  0.05    0.00    0.17 ^ clkbuf_2_3__f_clk/A (sky130_fd_sc_hd__clkbuf_16)
                  0.04    0.13    0.30 ^ clkbuf_2_3__f_clk/X (sky130_fd_sc_hd__clkbuf_16)
     9    0.02                           clknet_2_3__leaf_clk (net)
                  0.04    0.00    0.30 ^ _234_/CLK (sky130_fd_sc_hd__dfrtp_4)
                          0.25    0.55   clock uncertainty
                          0.00    0.55   clock reconvergence pessimism
                          0.32    0.87   library removal time
                                  0.87   data required time
-----------------------------------------------------------------------------
                                  0.87   data required time
                                 -4.38   data arrival time
-----------------------------------------------------------------------------
                                  3.51   slack (MET)


Startpoint: reset (input port clocked by clk)
Endpoint: _235_ (removal check against rising-edge clock clk)
Path Group: asynchronous
Path Type: min

Fanout     Cap    Slew   Delay    Time   Description
-----------------------------------------------------------------------------
                          0.00    0.00   clock clk (rise edge)
                          0.00    0.00   clock network delay (propagated)
                          4.00    4.00 v input external delay
                  0.01    0.00    4.00 v reset (in)
     1    0.00                           reset (net)
                  0.01    0.00    4.00 v input1/A (sky130_fd_sc_hd__clkbuf_4)
                  0.07    0.15    4.15 v input1/X (sky130_fd_sc_hd__clkbuf_4)
     7    0.03                           net1 (net)
                  0.07    0.00    4.15 v _186_/A (sky130_fd_sc_hd__buf_4)
                  0.07    0.18    4.33 v _186_/X (sky130_fd_sc_hd__buf_4)
    10    0.04                           _102_ (net)
                  0.07    0.00    4.33 v _191_/A (sky130_fd_sc_hd__inv_2)
                  0.03    0.05    4.38 ^ _191_/Y (sky130_fd_sc_hd__inv_2)
     1    0.00                           _013_ (net)
                  0.03    0.00    4.38 ^ _235_/RESET_B (sky130_fd_sc_hd__dfrtp_4)
                                  4.38   data arrival time

                          0.00    0.00   clock clk (rise edge)
                          0.00    0.00   clock source latency
                  0.04    0.03    0.03 ^ clk (in)
     1    0.01                           clk (net)
                  0.04    0.00    0.03 ^ clkbuf_0_clk/A (sky130_fd_sc_hd__clkbuf_16)
                  0.05    0.14    0.17 ^ clkbuf_0_clk/X (sky130_fd_sc_hd__clkbuf_16)
     4    0.03                           clknet_0_clk (net)
                  0.05    0.00    0.17 ^ clkbuf_2_3__f_clk/A (sky130_fd_sc_hd__clkbuf_16)
                  0.04    0.13    0.30 ^ clkbuf_2_3__f_clk/X (sky130_fd_sc_hd__clkbuf_16)
     9    0.02                           clknet_2_3__leaf_clk (net)
                  0.04    0.00    0.30 ^ _235_/CLK (sky130_fd_sc_hd__dfrtp_4)
                          0.25    0.55   clock uncertainty
                          0.00    0.55   clock reconvergence pessimism
                          0.32    0.87   library removal time
                                  0.87   data required time
-----------------------------------------------------------------------------
                                  0.87   data required time
                                 -4.38   data arrival time
-----------------------------------------------------------------------------
                                  3.51   slack (MET)


Startpoint: reset (input port clocked by clk)
Endpoint: _243_ (removal check against rising-edge clock clk)
Path Group: asynchronous
Path Type: min

Fanout     Cap    Slew   Delay    Time   Description
-----------------------------------------------------------------------------
                          0.00    0.00   clock clk (rise edge)
                          0.00    0.00   clock network delay (propagated)
                          4.00    4.00 v input external delay
                  0.01    0.00    4.00 v reset (in)
     1    0.00                           reset (net)
                  0.01    0.00    4.00 v input1/A (sky130_fd_sc_hd__clkbuf_4)
                  0.07    0.15    4.15 v input1/X (sky130_fd_sc_hd__clkbuf_4)
     7    0.03                           net1 (net)
                  0.07    0.00    4.15 v _197_/A (sky130_fd_sc_hd__buf_4)
                  0.07    0.18    4.33 v _197_/X (sky130_fd_sc_hd__buf_4)
    10    0.04                           _103_ (net)
                  0.07    0.00    4.33 v _200_/A (sky130_fd_sc_hd__inv_2)
                  0.03    0.05    4.38 ^ _200_/Y (sky130_fd_sc_hd__inv_2)
     1    0.00                           _021_ (net)
                  0.03    0.00    4.38 ^ _243_/RESET_B (sky130_fd_sc_hd__dfrtp_4)
                                  4.38   data arrival time

                          0.00    0.00   clock clk (rise edge)
                          0.00    0.00   clock source latency
                  0.04    0.03    0.03 ^ clk (in)
     1    0.01                           clk (net)
                  0.04    0.00    0.03 ^ clkbuf_0_clk/A (sky130_fd_sc_hd__clkbuf_16)
                  0.05    0.14    0.17 ^ clkbuf_0_clk/X (sky130_fd_sc_hd__clkbuf_16)
     4    0.03                           clknet_0_clk (net)
                  0.05    0.00    0.17 ^ clkbuf_2_3__f_clk/A (sky130_fd_sc_hd__clkbuf_16)
                  0.04    0.13    0.30 ^ clkbuf_2_3__f_clk/X (sky130_fd_sc_hd__clkbuf_16)
     9    0.02                           clknet_2_3__leaf_clk (net)
                  0.04    0.00    0.30 ^ _243_/CLK (sky130_fd_sc_hd__dfrtp_4)
                          0.25    0.55   clock uncertainty
                          0.00    0.55   clock reconvergence pessimism
                          0.32    0.87   library removal time
                                  0.87   data required time
-----------------------------------------------------------------------------
                                  0.87   data required time
                                 -4.38   data arrival time
-----------------------------------------------------------------------------
                                  3.51   slack (MET)


Startpoint: reset (input port clocked by clk)
Endpoint: _239_ (removal check against rising-edge clock clk)
Path Group: asynchronous
Path Type: min

Fanout     Cap    Slew   Delay    Time   Description
-----------------------------------------------------------------------------
                          0.00    0.00   clock clk (rise edge)
                          0.00    0.00   clock network delay (propagated)
                          4.00    4.00 v input external delay
                  0.01    0.00    4.00 v reset (in)
     1    0.00                           reset (net)
                  0.01    0.00    4.00 v input1/A (sky130_fd_sc_hd__clkbuf_4)
                  0.07    0.15    4.15 v input1/X (sky130_fd_sc_hd__clkbuf_4)
     7    0.03                           net1 (net)
                  0.07    0.00    4.15 v _186_/A (sky130_fd_sc_hd__buf_4)
                  0.07    0.18    4.33 v _186_/X (sky130_fd_sc_hd__buf_4)
    10    0.04                           _102_ (net)
                  0.07    0.00    4.33 v _195_/A (sky130_fd_sc_hd__inv_2)
                  0.03    0.05    4.38 ^ _195_/Y (sky130_fd_sc_hd__inv_2)
     1    0.00                           _017_ (net)
                  0.03    0.00    4.38 ^ _239_/RESET_B (sky130_fd_sc_hd__dfrtp_1)
                                  4.38   data arrival time

                          0.00    0.00   clock clk (rise edge)
                          0.00    0.00   clock source latency
                  0.04    0.03    0.03 ^ clk (in)
     1    0.01                           clk (net)
                  0.04    0.00    0.03 ^ clkbuf_0_clk/A (sky130_fd_sc_hd__clkbuf_16)
                  0.05    0.14    0.17 ^ clkbuf_0_clk/X (sky130_fd_sc_hd__clkbuf_16)
     4    0.03                           clknet_0_clk (net)
                  0.05    0.00    0.17 ^ clkbuf_2_0__f_clk/A (sky130_fd_sc_hd__clkbuf_16)
                  0.04    0.13    0.30 ^ clkbuf_2_0__f_clk/X (sky130_fd_sc_hd__clkbuf_16)
     9    0.02                           clknet_2_0__leaf_clk (net)
                  0.04    0.00    0.30 ^ _239_/CLK (sky130_fd_sc_hd__dfrtp_1)
                          0.25    0.55   clock uncertainty
                          0.00    0.55   clock reconvergence pessimism
                          0.32    0.87   library removal time
                                  0.87   data required time
-----------------------------------------------------------------------------
                                  0.87   data required time
                                 -4.38   data arrival time
-----------------------------------------------------------------------------
                                  3.51   slack (MET)


Startpoint: reset (input port clocked by clk)
Endpoint: _246_ (removal check against rising-edge clock clk)
Path Group: asynchronous
Path Type: min

Fanout     Cap    Slew   Delay    Time   Description
-----------------------------------------------------------------------------
                          0.00    0.00   clock clk (rise edge)
                          0.00    0.00   clock network delay (propagated)
                          4.00    4.00 v input external delay
                  0.01    0.00    4.00 v reset (in)
     1    0.00                           reset (net)
                  0.01    0.00    4.00 v input1/A (sky130_fd_sc_hd__clkbuf_4)
                  0.07    0.15    4.15 v input1/X (sky130_fd_sc_hd__clkbuf_4)
     7    0.03                           net1 (net)
                  0.07    0.00    4.15 v _197_/A (sky130_fd_sc_hd__buf_4)
                  0.07    0.18    4.33 v _197_/X (sky130_fd_sc_hd__buf_4)
    10    0.04                           _103_ (net)
                  0.07    0.00    4.33 v _203_/A (sky130_fd_sc_hd__inv_2)
                  0.03    0.05    4.38 ^ _203_/Y (sky130_fd_sc_hd__inv_2)
     1    0.00                           _024_ (net)
                  0.03    0.00    4.38 ^ _246_/RESET_B (sky130_fd_sc_hd__dfrtp_1)
                                  4.38   data arrival time

                          0.00    0.00   clock clk (rise edge)
                          0.00    0.00   clock source latency
                  0.04    0.03    0.03 ^ clk (in)
     1    0.01                           clk (net)
                  0.04    0.00    0.03 ^ clkbuf_0_clk/A (sky130_fd_sc_hd__clkbuf_16)
                  0.05    0.14    0.17 ^ clkbuf_0_clk/X (sky130_fd_sc_hd__clkbuf_16)
     4    0.03                           clknet_0_clk (net)
                  0.05    0.00    0.17 ^ clkbuf_2_0__f_clk/A (sky130_fd_sc_hd__clkbuf_16)
                  0.04    0.13    0.30 ^ clkbuf_2_0__f_clk/X (sky130_fd_sc_hd__clkbuf_16)
     9    0.02                           clknet_2_0__leaf_clk (net)
                  0.04    0.00    0.30 ^ _246_/CLK (sky130_fd_sc_hd__dfrtp_1)
                          0.25    0.55   clock uncertainty
                          0.00    0.55   clock reconvergence pessimism
                          0.32    0.87   library removal time
                                  0.87   data required time
-----------------------------------------------------------------------------
                                  0.87   data required time
                                 -4.38   data arrival time
-----------------------------------------------------------------------------
                                  3.51   slack (MET)


Startpoint: reset (input port clocked by clk)
Endpoint: _249_ (removal check against rising-edge clock clk)
Path Group: asynchronous
Path Type: min

Fanout     Cap    Slew   Delay    Time   Description
-----------------------------------------------------------------------------
                          0.00    0.00   clock clk (rise edge)
                          0.00    0.00   clock network delay (propagated)
                          4.00    4.00 v input external delay
                  0.01    0.00    4.00 v reset (in)
     1    0.00                           reset (net)
                  0.01    0.00    4.00 v input1/A (sky130_fd_sc_hd__clkbuf_4)
                  0.07    0.15    4.15 v input1/X (sky130_fd_sc_hd__clkbuf_4)
     7    0.03                           net1 (net)
                  0.07    0.00    4.15 v _197_/A (sky130_fd_sc_hd__buf_4)
                  0.07    0.18    4.33 v _197_/X (sky130_fd_sc_hd__buf_4)
    10    0.04                           _103_ (net)
                  0.07    0.00    4.33 v _206_/A (sky130_fd_sc_hd__inv_2)
                  0.03    0.05    4.38 ^ _206_/Y (sky130_fd_sc_hd__inv_2)
     1    0.00                           _027_ (net)
                  0.03    0.00    4.38 ^ _249_/RESET_B (sky130_fd_sc_hd__dfrtp_1)
                                  4.38   data arrival time

                          0.00    0.00   clock clk (rise edge)
                          0.00    0.00   clock source latency
                  0.04    0.03    0.03 ^ clk (in)
     1    0.01                           clk (net)
                  0.04    0.00    0.03 ^ clkbuf_0_clk/A (sky130_fd_sc_hd__clkbuf_16)
                  0.05    0.14    0.17 ^ clkbuf_0_clk/X (sky130_fd_sc_hd__clkbuf_16)
     4    0.03                           clknet_0_clk (net)
                  0.05    0.00    0.17 ^ clkbuf_2_0__f_clk/A (sky130_fd_sc_hd__clkbuf_16)
                  0.04    0.13    0.30 ^ clkbuf_2_0__f_clk/X (sky130_fd_sc_hd__clkbuf_16)
     9    0.02                           clknet_2_0__leaf_clk (net)
                  0.04    0.00    0.30 ^ _249_/CLK (sky130_fd_sc_hd__dfrtp_1)
                          0.25    0.55   clock uncertainty
                          0.00    0.55   clock reconvergence pessimism
                          0.32    0.87   library removal time
                                  0.87   data required time
-----------------------------------------------------------------------------
                                  0.87   data required time
                                 -4.38   data arrival time
-----------------------------------------------------------------------------
                                  3.51   slack (MET)


Startpoint: reset (input port clocked by clk)
Endpoint: _250_ (removal check against rising-edge clock clk)
Path Group: asynchronous
Path Type: min

Fanout     Cap    Slew   Delay    Time   Description
-----------------------------------------------------------------------------
                          0.00    0.00   clock clk (rise edge)
                          0.00    0.00   clock network delay (propagated)
                          4.00    4.00 v input external delay
                  0.01    0.00    4.00 v reset (in)
     1    0.00                           reset (net)
                  0.01    0.00    4.00 v input1/A (sky130_fd_sc_hd__clkbuf_4)
                  0.07    0.15    4.15 v input1/X (sky130_fd_sc_hd__clkbuf_4)
     7    0.03                           net1 (net)
                  0.07    0.00    4.15 v _197_/A (sky130_fd_sc_hd__buf_4)
                  0.07    0.18    4.33 v _197_/X (sky130_fd_sc_hd__buf_4)
    10    0.04                           _103_ (net)
                  0.07    0.00    4.33 v _207_/A (sky130_fd_sc_hd__inv_2)
                  0.03    0.05    4.38 ^ _207_/Y (sky130_fd_sc_hd__inv_2)
     1    0.00                           _028_ (net)
                  0.03    0.00    4.38 ^ _250_/RESET_B (sky130_fd_sc_hd__dfrtp_1)
                                  4.38   data arrival time

                          0.00    0.00   clock clk (rise edge)
                          0.00    0.00   clock source latency
                  0.04    0.03    0.03 ^ clk (in)
     1    0.01                           clk (net)
                  0.04    0.00    0.03 ^ clkbuf_0_clk/A (sky130_fd_sc_hd__clkbuf_16)
                  0.05    0.14    0.17 ^ clkbuf_0_clk/X (sky130_fd_sc_hd__clkbuf_16)
     4    0.03                           clknet_0_clk (net)
                  0.05    0.00    0.17 ^ clkbuf_2_0__f_clk/A (sky130_fd_sc_hd__clkbuf_16)
                  0.04    0.13    0.30 ^ clkbuf_2_0__f_clk/X (sky130_fd_sc_hd__clkbuf_16)
     9    0.02                           clknet_2_0__leaf_clk (net)
                  0.04    0.00    0.30 ^ _250_/CLK (sky130_fd_sc_hd__dfrtp_1)
                          0.25    0.55   clock uncertainty
                          0.00    0.55   clock reconvergence pessimism
                          0.32    0.87   library removal time
                                  0.87   data required time
-----------------------------------------------------------------------------
                                  0.87   data required time
                                 -4.38   data arrival time
-----------------------------------------------------------------------------
                                  3.51   slack (MET)


Startpoint: reset (input port clocked by clk)
Endpoint: _236_ (removal check against rising-edge clock clk)
Path Group: asynchronous
Path Type: min

Fanout     Cap    Slew   Delay    Time   Description
-----------------------------------------------------------------------------
                          0.00    0.00   clock clk (rise edge)
                          0.00    0.00   clock network delay (propagated)
                          4.00    4.00 v input external delay
                  0.01    0.00    4.00 v reset (in)
     1    0.00                           reset (net)
                  0.01    0.00    4.00 v input1/A (sky130_fd_sc_hd__clkbuf_4)
                  0.07    0.15    4.15 v input1/X (sky130_fd_sc_hd__clkbuf_4)
     7    0.03                           net1 (net)
                  0.07    0.00    4.15 v _186_/A (sky130_fd_sc_hd__buf_4)
                  0.07    0.18    4.33 v _186_/X (sky130_fd_sc_hd__buf_4)
    10    0.04                           _102_ (net)
                  0.07    0.00    4.33 v _192_/A (sky130_fd_sc_hd__inv_2)
                  0.03    0.05    4.38 ^ _192_/Y (sky130_fd_sc_hd__inv_2)
     1    0.00                           _014_ (net)
                  0.03    0.00    4.38 ^ _236_/RESET_B (sky130_fd_sc_hd__dfrtp_1)
                                  4.38   data arrival time

                          0.00    0.00   clock clk (rise edge)
                          0.00    0.00   clock source latency
                  0.04    0.03    0.03 ^ clk (in)
     1    0.01                           clk (net)
                  0.04    0.00    0.03 ^ clkbuf_0_clk/A (sky130_fd_sc_hd__clkbuf_16)
                  0.05    0.14    0.17 ^ clkbuf_0_clk/X (sky130_fd_sc_hd__clkbuf_16)
     4    0.03                           clknet_0_clk (net)
                  0.05    0.00    0.17 ^ clkbuf_2_3__f_clk/A (sky130_fd_sc_hd__clkbuf_16)
                  0.04    0.13    0.30 ^ clkbuf_2_3__f_clk/X (sky130_fd_sc_hd__clkbuf_16)
     9    0.02                           clknet_2_3__leaf_clk (net)
                  0.04    0.00    0.30 ^ _236_/CLK (sky130_fd_sc_hd__dfrtp_1)
                          0.25    0.55   clock uncertainty
                          0.00    0.55   clock reconvergence pessimism
                          0.32    0.87   library removal time
                                  0.87   data required time
-----------------------------------------------------------------------------
                                  0.87   data required time
                                 -4.38   data arrival time
-----------------------------------------------------------------------------
                                  3.51   slack (MET)


Startpoint: reset (input port clocked by clk)
Endpoint: _244_ (removal check against rising-edge clock clk)
Path Group: asynchronous
Path Type: min

Fanout     Cap    Slew   Delay    Time   Description
-----------------------------------------------------------------------------
                          0.00    0.00   clock clk (rise edge)
                          0.00    0.00   clock network delay (propagated)
                          4.00    4.00 v input external delay
                  0.01    0.00    4.00 v reset (in)
     1    0.00                           reset (net)
                  0.01    0.00    4.00 v input1/A (sky130_fd_sc_hd__clkbuf_4)
                  0.07    0.15    4.15 v input1/X (sky130_fd_sc_hd__clkbuf_4)
     7    0.03                           net1 (net)
                  0.07    0.00    4.15 v _197_/A (sky130_fd_sc_hd__buf_4)
                  0.07    0.18    4.33 v _197_/X (sky130_fd_sc_hd__buf_4)
    10    0.04                           _103_ (net)
                  0.07    0.00    4.33 v _201_/A (sky130_fd_sc_hd__inv_2)
                  0.03    0.05    4.38 ^ _201_/Y (sky130_fd_sc_hd__inv_2)
     1    0.00                           _022_ (net)
                  0.03    0.00    4.38 ^ _244_/RESET_B (sky130_fd_sc_hd__dfrtp_1)
                                  4.38   data arrival time

                          0.00    0.00   clock clk (rise edge)
                          0.00    0.00   clock source latency
                  0.04    0.03    0.03 ^ clk (in)
     1    0.01                           clk (net)
                  0.04    0.00    0.03 ^ clkbuf_0_clk/A (sky130_fd_sc_hd__clkbuf_16)
                  0.05    0.14    0.17 ^ clkbuf_0_clk/X (sky130_fd_sc_hd__clkbuf_16)
     4    0.03                           clknet_0_clk (net)
                  0.05    0.00    0.17 ^ clkbuf_2_3__f_clk/A (sky130_fd_sc_hd__clkbuf_16)
                  0.04    0.13    0.30 ^ clkbuf_2_3__f_clk/X (sky130_fd_sc_hd__clkbuf_16)
     9    0.02                           clknet_2_3__leaf_clk (net)
                  0.04    0.00    0.30 ^ _244_/CLK (sky130_fd_sc_hd__dfrtp_1)
                          0.25    0.55   clock uncertainty
                          0.00    0.55   clock reconvergence pessimism
                          0.32    0.87   library removal time
                                  0.87   data required time
-----------------------------------------------------------------------------
                                  0.87   data required time
                                 -4.38   data arrival time
-----------------------------------------------------------------------------
                                  3.51   slack (MET)


Startpoint: reset (input port clocked by clk)
Endpoint: _245_ (removal check against rising-edge clock clk)
Path Group: asynchronous
Path Type: min

Fanout     Cap    Slew   Delay    Time   Description
-----------------------------------------------------------------------------
                          0.00    0.00   clock clk (rise edge)
                          0.00    0.00   clock network delay (propagated)
                          4.00    4.00 v input external delay
                  0.01    0.00    4.00 v reset (in)
     1    0.00                           reset (net)
                  0.01    0.00    4.00 v input1/A (sky130_fd_sc_hd__clkbuf_4)
                  0.07    0.15    4.15 v input1/X (sky130_fd_sc_hd__clkbuf_4)
     7    0.03                           net1 (net)
                  0.07    0.00    4.15 v _197_/A (sky130_fd_sc_hd__buf_4)
                  0.07    0.18    4.33 v _197_/X (sky130_fd_sc_hd__buf_4)
    10    0.04                           _103_ (net)
                  0.07    0.00    4.33 v _202_/A (sky130_fd_sc_hd__inv_2)
                  0.03    0.05    4.38 ^ _202_/Y (sky130_fd_sc_hd__inv_2)
     1    0.00                           _023_ (net)
                  0.03    0.00    4.38 ^ _245_/RESET_B (sky130_fd_sc_hd__dfrtp_1)
                                  4.38   data arrival time

                          0.00    0.00   clock clk (rise edge)
                          0.00    0.00   clock source latency
                  0.04    0.03    0.03 ^ clk (in)
     1    0.01                           clk (net)
                  0.04    0.00    0.03 ^ clkbuf_0_clk/A (sky130_fd_sc_hd__clkbuf_16)
                  0.05    0.14    0.17 ^ clkbuf_0_clk/X (sky130_fd_sc_hd__clkbuf_16)
     4    0.03                           clknet_0_clk (net)
                  0.05    0.00    0.17 ^ clkbuf_2_3__f_clk/A (sky130_fd_sc_hd__clkbuf_16)
                  0.04    0.13    0.30 ^ clkbuf_2_3__f_clk/X (sky130_fd_sc_hd__clkbuf_16)
     9    0.02                           clknet_2_3__leaf_clk (net)
                  0.04    0.00    0.30 ^ _245_/CLK (sky130_fd_sc_hd__dfrtp_1)
                          0.25    0.55   clock uncertainty
                          0.00    0.55   clock reconvergence pessimism
                          0.32    0.87   library removal time
                                  0.87   data required time
-----------------------------------------------------------------------------
                                  0.87   data required time
                                 -4.38   data arrival time
-----------------------------------------------------------------------------
                                  3.51   slack (MET)


Startpoint: reset (input port clocked by clk)
Endpoint: _232_ (removal check against rising-edge clock clk)
Path Group: asynchronous
Path Type: min

Fanout     Cap    Slew   Delay    Time   Description
-----------------------------------------------------------------------------
                          0.00    0.00   clock clk (rise edge)
                          0.00    0.00   clock network delay (propagated)
                          4.00    4.00 v input external delay
                  0.01    0.00    4.00 v reset (in)
     1    0.00                           reset (net)
                  0.01    0.00    4.00 v input1/A (sky130_fd_sc_hd__clkbuf_4)
                  0.07    0.15    4.15 v input1/X (sky130_fd_sc_hd__clkbuf_4)
     7    0.03                           net1 (net)
                  0.07    0.00    4.15 v _186_/A (sky130_fd_sc_hd__buf_4)
                  0.07    0.18    4.33 v _186_/X (sky130_fd_sc_hd__buf_4)
    10    0.04                           _102_ (net)
                  0.07    0.00    4.33 v _188_/A (sky130_fd_sc_hd__inv_2)
                  0.03    0.05    4.38 ^ _188_/Y (sky130_fd_sc_hd__inv_2)
     1    0.00                           _010_ (net)
                  0.03    0.00    4.38 ^ _232_/RESET_B (sky130_fd_sc_hd__dfrtp_1)
                                  4.38   data arrival time

                          0.00    0.00   clock clk (rise edge)
                          0.00    0.00   clock source latency
                  0.04    0.03    0.03 ^ clk (in)
     1    0.01                           clk (net)
                  0.04    0.00    0.03 ^ clkbuf_0_clk/A (sky130_fd_sc_hd__clkbuf_16)
                  0.05    0.14    0.17 ^ clkbuf_0_clk/X (sky130_fd_sc_hd__clkbuf_16)
     4    0.03                           clknet_0_clk (net)
                  0.05    0.00    0.17 ^ clkbuf_2_2__f_clk/A (sky130_fd_sc_hd__clkbuf_16)
                  0.03    0.13    0.30 ^ clkbuf_2_2__f_clk/X (sky130_fd_sc_hd__clkbuf_16)
     6    0.01                           clknet_2_2__leaf_clk (net)
                  0.03    0.00    0.30 ^ _232_/CLK (sky130_fd_sc_hd__dfrtp_1)
                          0.25    0.55   clock uncertainty
                          0.00    0.55   clock reconvergence pessimism
                          0.31    0.86   library removal time
                                  0.86   data required time
-----------------------------------------------------------------------------
                                  0.86   data required time
                                 -4.38   data arrival time
-----------------------------------------------------------------------------
                                  3.52   slack (MET)


Startpoint: reset (input port clocked by clk)
Endpoint: _233_ (removal check against rising-edge clock clk)
Path Group: asynchronous
Path Type: min

Fanout     Cap    Slew   Delay    Time   Description
-----------------------------------------------------------------------------
                          0.00    0.00   clock clk (rise edge)
                          0.00    0.00   clock network delay (propagated)
                          4.00    4.00 v input external delay
                  0.01    0.00    4.00 v reset (in)
     1    0.00                           reset (net)
                  0.01    0.00    4.00 v input1/A (sky130_fd_sc_hd__clkbuf_4)
                  0.07    0.15    4.15 v input1/X (sky130_fd_sc_hd__clkbuf_4)
     7    0.03                           net1 (net)
                  0.07    0.00    4.15 v _186_/A (sky130_fd_sc_hd__buf_4)
                  0.07    0.18    4.33 v _186_/X (sky130_fd_sc_hd__buf_4)
    10    0.04                           _102_ (net)
                  0.07    0.00    4.33 v _189_/A (sky130_fd_sc_hd__inv_2)
                  0.03    0.05    4.38 ^ _189_/Y (sky130_fd_sc_hd__inv_2)
     1    0.00                           _011_ (net)
                  0.03    0.00    4.38 ^ _233_/RESET_B (sky130_fd_sc_hd__dfrtp_1)
                                  4.38   data arrival time

                          0.00    0.00   clock clk (rise edge)
                          0.00    0.00   clock source latency
                  0.04    0.03    0.03 ^ clk (in)
     1    0.01                           clk (net)
                  0.04    0.00    0.03 ^ clkbuf_0_clk/A (sky130_fd_sc_hd__clkbuf_16)
                  0.05    0.14    0.17 ^ clkbuf_0_clk/X (sky130_fd_sc_hd__clkbuf_16)
     4    0.03                           clknet_0_clk (net)
                  0.05    0.00    0.17 ^ clkbuf_2_2__f_clk/A (sky130_fd_sc_hd__clkbuf_16)
                  0.03    0.13    0.30 ^ clkbuf_2_2__f_clk/X (sky130_fd_sc_hd__clkbuf_16)
     6    0.01                           clknet_2_2__leaf_clk (net)
                  0.03    0.00    0.30 ^ _233_/CLK (sky130_fd_sc_hd__dfrtp_1)
                          0.25    0.55   clock uncertainty
                          0.00    0.55   clock reconvergence pessimism
                          0.31    0.86   library removal time
                                  0.86   data required time
-----------------------------------------------------------------------------
                                  0.86   data required time
                                 -4.38   data arrival time
-----------------------------------------------------------------------------
                                  3.52   slack (MET)


Startpoint: reset (input port clocked by clk)
Endpoint: _238_ (removal check against rising-edge clock clk)
Path Group: asynchronous
Path Type: min

Fanout     Cap    Slew   Delay    Time   Description
-----------------------------------------------------------------------------
                          0.00    0.00   clock clk (rise edge)
                          0.00    0.00   clock network delay (propagated)
                          4.00    4.00 v input external delay
                  0.01    0.00    4.00 v reset (in)
     1    0.00                           reset (net)
                  0.01    0.00    4.00 v input1/A (sky130_fd_sc_hd__clkbuf_4)
                  0.07    0.15    4.15 v input1/X (sky130_fd_sc_hd__clkbuf_4)
     7    0.03                           net1 (net)
                  0.07    0.00    4.15 v _186_/A (sky130_fd_sc_hd__buf_4)
                  0.07    0.18    4.33 v _186_/X (sky130_fd_sc_hd__buf_4)
    10    0.04                           _102_ (net)
                  0.07    0.00    4.33 v _194_/A (sky130_fd_sc_hd__inv_2)
                  0.03    0.05    4.38 ^ _194_/Y (sky130_fd_sc_hd__inv_2)
     1    0.00                           _016_ (net)
                  0.03    0.00    4.38 ^ _238_/RESET_B (sky130_fd_sc_hd__dfrtp_1)
                                  4.38   data arrival time

                          0.00    0.00   clock clk (rise edge)
                          0.00    0.00   clock source latency
                  0.04    0.03    0.03 ^ clk (in)
     1    0.01                           clk (net)
                  0.04    0.00    0.03 ^ clkbuf_0_clk/A (sky130_fd_sc_hd__clkbuf_16)
                  0.05    0.14    0.17 ^ clkbuf_0_clk/X (sky130_fd_sc_hd__clkbuf_16)
     4    0.03                           clknet_0_clk (net)
                  0.05    0.00    0.17 ^ clkbuf_2_2__f_clk/A (sky130_fd_sc_hd__clkbuf_16)
                  0.03    0.13    0.30 ^ clkbuf_2_2__f_clk/X (sky130_fd_sc_hd__clkbuf_16)
     6    0.01                           clknet_2_2__leaf_clk (net)
                  0.03    0.00    0.30 ^ _238_/CLK (sky130_fd_sc_hd__dfrtp_1)
                          0.25    0.55   clock uncertainty
                          0.00    0.55   clock reconvergence pessimism
                          0.31    0.86   library removal time
                                  0.86   data required time
-----------------------------------------------------------------------------
                                  0.86   data required time
                                 -4.38   data arrival time
-----------------------------------------------------------------------------
                                  3.52   slack (MET)


Startpoint: reset (input port clocked by clk)
Endpoint: _247_ (removal check against rising-edge clock clk)
Path Group: asynchronous
Path Type: min

Fanout     Cap    Slew   Delay    Time   Description
-----------------------------------------------------------------------------
                          0.00    0.00   clock clk (rise edge)
                          0.00    0.00   clock network delay (propagated)
                          4.00    4.00 v input external delay
                  0.01    0.00    4.00 v reset (in)
     1    0.00                           reset (net)
                  0.01    0.00    4.00 v input1/A (sky130_fd_sc_hd__clkbuf_4)
                  0.07    0.15    4.15 v input1/X (sky130_fd_sc_hd__clkbuf_4)
     7    0.03                           net1 (net)
                  0.07    0.00    4.15 v _197_/A (sky130_fd_sc_hd__buf_4)
                  0.07    0.18    4.33 v _197_/X (sky130_fd_sc_hd__buf_4)
    10    0.04                           _103_ (net)
                  0.07    0.00    4.33 v _204_/A (sky130_fd_sc_hd__inv_2)
                  0.03    0.05    4.38 ^ _204_/Y (sky130_fd_sc_hd__inv_2)
     1    0.00                           _025_ (net)
                  0.03    0.00    4.38 ^ _247_/RESET_B (sky130_fd_sc_hd__dfrtp_1)
                                  4.38   data arrival time

                          0.00    0.00   clock clk (rise edge)
                          0.00    0.00   clock source latency
                  0.04    0.03    0.03 ^ clk (in)
     1    0.01                           clk (net)
                  0.04    0.00    0.03 ^ clkbuf_0_clk/A (sky130_fd_sc_hd__clkbuf_16)
                  0.05    0.14    0.17 ^ clkbuf_0_clk/X (sky130_fd_sc_hd__clkbuf_16)
     4    0.03                           clknet_0_clk (net)
                  0.05    0.00    0.17 ^ clkbuf_2_2__f_clk/A (sky130_fd_sc_hd__clkbuf_16)
                  0.03    0.13    0.30 ^ clkbuf_2_2__f_clk/X (sky130_fd_sc_hd__clkbuf_16)
     6    0.01                           clknet_2_2__leaf_clk (net)
                  0.03    0.00    0.30 ^ _247_/CLK (sky130_fd_sc_hd__dfrtp_1)
                          0.25    0.55   clock uncertainty
                          0.00    0.55   clock reconvergence pessimism
                          0.31    0.86   library removal time
                                  0.86   data required time
-----------------------------------------------------------------------------
                                  0.86   data required time
                                 -4.38   data arrival time
-----------------------------------------------------------------------------
                                  3.52   slack (MET)


Startpoint: reset (input port clocked by clk)
Endpoint: _237_ (removal check against rising-edge clock clk)
Path Group: asynchronous
Path Type: min

Fanout     Cap    Slew   Delay    Time   Description
-----------------------------------------------------------------------------
                          0.00    0.00   clock clk (rise edge)
                          0.00    0.00   clock network delay (propagated)
                          4.00    4.00 v input external delay
                  0.01    0.00    4.00 v reset (in)
     1    0.00                           reset (net)
                  0.01    0.00    4.00 v input1/A (sky130_fd_sc_hd__clkbuf_4)
                  0.07    0.15    4.15 v input1/X (sky130_fd_sc_hd__clkbuf_4)
     7    0.03                           net1 (net)
                  0.07    0.00    4.15 v _186_/A (sky130_fd_sc_hd__buf_4)
                  0.07    0.18    4.33 v _186_/X (sky130_fd_sc_hd__buf_4)
    10    0.04                           _102_ (net)
                  0.07    0.00    4.33 v _193_/A (sky130_fd_sc_hd__inv_2)
                  0.03    0.05    4.38 ^ _193_/Y (sky130_fd_sc_hd__inv_2)
     1    0.00                           _015_ (net)
                  0.03    0.00    4.38 ^ _237_/SET_B (sky130_fd_sc_hd__dfstp_1)
                                  4.38   data arrival time

                          0.00    0.00   clock clk (rise edge)
                          0.00    0.00   clock source latency
                  0.04    0.03    0.03 ^ clk (in)
     1    0.01                           clk (net)
                  0.04    0.00    0.03 ^ clkbuf_0_clk/A (sky130_fd_sc_hd__clkbuf_16)
                  0.05    0.14    0.17 ^ clkbuf_0_clk/X (sky130_fd_sc_hd__clkbuf_16)
     4    0.03                           clknet_0_clk (net)
                  0.05    0.00    0.17 ^ clkbuf_2_3__f_clk/A (sky130_fd_sc_hd__clkbuf_16)
                  0.04    0.13    0.30 ^ clkbuf_2_3__f_clk/X (sky130_fd_sc_hd__clkbuf_16)
     9    0.02                           clknet_2_3__leaf_clk (net)
                  0.04    0.00    0.30 ^ _237_/CLK (sky130_fd_sc_hd__dfstp_1)
                          0.25    0.55   clock uncertainty
                          0.00    0.55   clock reconvergence pessimism
                          0.16    0.71   library removal time
                                  0.71   data required time
-----------------------------------------------------------------------------
                                  0.71   data required time
                                 -4.38   data arrival time
-----------------------------------------------------------------------------
                                  3.67   slack (MET)


Startpoint: reset (input port clocked by clk)
Endpoint: _242_ (removal check against rising-edge clock clk)
Path Group: asynchronous
Path Type: min

Fanout     Cap    Slew   Delay    Time   Description
-----------------------------------------------------------------------------
                          0.00    0.00   clock clk (rise edge)
                          0.00    0.00   clock network delay (propagated)
                          4.00    4.00 v input external delay
                  0.01    0.00    4.00 v reset (in)
     1    0.00                           reset (net)
                  0.01    0.00    4.00 v input1/A (sky130_fd_sc_hd__clkbuf_4)
                  0.07    0.15    4.15 v input1/X (sky130_fd_sc_hd__clkbuf_4)
     7    0.03                           net1 (net)
                  0.07    0.00    4.15 v _197_/A (sky130_fd_sc_hd__buf_4)
                  0.07    0.18    4.33 v _197_/X (sky130_fd_sc_hd__buf_4)
    10    0.04                           _103_ (net)
                  0.07    0.00    4.33 v _199_/A (sky130_fd_sc_hd__inv_2)
                  0.03    0.05    4.38 ^ _199_/Y (sky130_fd_sc_hd__inv_2)
     1    0.00                           _020_ (net)
                  0.03    0.00    4.38 ^ _242_/SET_B (sky130_fd_sc_hd__dfstp_1)
                                  4.38   data arrival time

                          0.00    0.00   clock clk (rise edge)
                          0.00    0.00   clock source latency
                  0.04    0.03    0.03 ^ clk (in)
     1    0.01                           clk (net)
                  0.04    0.00    0.03 ^ clkbuf_0_clk/A (sky130_fd_sc_hd__clkbuf_16)
                  0.05    0.14    0.17 ^ clkbuf_0_clk/X (sky130_fd_sc_hd__clkbuf_16)
     4    0.03                           clknet_0_clk (net)
                  0.05    0.00    0.17 ^ clkbuf_2_3__f_clk/A (sky130_fd_sc_hd__clkbuf_16)
                  0.04    0.13    0.30 ^ clkbuf_2_3__f_clk/X (sky130_fd_sc_hd__clkbuf_16)
     9    0.02                           clknet_2_3__leaf_clk (net)
                  0.04    0.00    0.30 ^ _242_/CLK (sky130_fd_sc_hd__dfstp_1)
                          0.25    0.55   clock uncertainty
                          0.00    0.55   clock reconvergence pessimism
                          0.16    0.71   library removal time
                                  0.71   data required time
-----------------------------------------------------------------------------
                                  0.71   data required time
                                 -4.38   data arrival time
-----------------------------------------------------------------------------
                                  3.67   slack (MET)


Startpoint: _247_ (rising edge-triggered flip-flop clocked by clk)
Endpoint: rx_data[0] (output port clocked by clk)
Path Group: clk
Path Type: min

Fanout     Cap    Slew   Delay    Time   Description
-----------------------------------------------------------------------------
                          0.00    0.00   clock clk (rise edge)
                          0.00    0.00   clock source latency
                  0.04    0.03    0.03 ^ clk (in)
     1    0.01                           clk (net)
                  0.04    0.00    0.03 ^ clkbuf_0_clk/A (sky130_fd_sc_hd__clkbuf_16)
                  0.05    0.13    0.15 ^ clkbuf_0_clk/X (sky130_fd_sc_hd__clkbuf_16)
     4    0.03                           clknet_0_clk (net)
                  0.05    0.00    0.15 ^ clkbuf_2_2__f_clk/A (sky130_fd_sc_hd__clkbuf_16)
                  0.03    0.11    0.27 ^ clkbuf_2_2__f_clk/X (sky130_fd_sc_hd__clkbuf_16)
     6    0.01                           clknet_2_2__leaf_clk (net)
                  0.03    0.00    0.27 ^ _247_/CLK (sky130_fd_sc_hd__dfrtp_1)
                  0.06    0.30    0.57 ^ _247_/Q (sky130_fd_sc_hd__dfrtp_1)
     2    0.00                           net11 (net)
                  0.06    0.00    0.57 ^ output11/A (sky130_fd_sc_hd__clkbuf_4)
                  0.11    0.18    0.75 ^ output11/X (sky130_fd_sc_hd__clkbuf_4)
     1    0.03                           rx_data[0] (net)
                  0.11    0.00    0.75 ^ rx_data[0] (out)
                                  0.75   data arrival time

                          0.00    0.00   clock clk (rise edge)
                          0.00    0.00   clock network delay (propagated)
                          0.25    0.25   clock uncertainty
                          0.00    0.25   clock reconvergence pessimism
                         -4.00   -3.75   output external delay
                                 -3.75   data required time
-----------------------------------------------------------------------------
                                 -3.75   data required time
                                 -0.75   data arrival time
-----------------------------------------------------------------------------
                                  4.50   slack (MET)


Startpoint: _251_ (rising edge-triggered flip-flop clocked by clk)
Endpoint: rx_data[4] (output port clocked by clk)
Path Group: clk
Path Type: min

Fanout     Cap    Slew   Delay    Time   Description
-----------------------------------------------------------------------------
                          0.00    0.00   clock clk (rise edge)
                          0.00    0.00   clock source latency
                  0.04    0.03    0.03 ^ clk (in)
     1    0.01                           clk (net)
                  0.04    0.00    0.03 ^ clkbuf_0_clk/A (sky130_fd_sc_hd__clkbuf_16)
                  0.05    0.13    0.15 ^ clkbuf_0_clk/X (sky130_fd_sc_hd__clkbuf_16)
     4    0.03                           clknet_0_clk (net)
                  0.05    0.00    0.15 ^ clkbuf_2_2__f_clk/A (sky130_fd_sc_hd__clkbuf_16)
                  0.03    0.11    0.27 ^ clkbuf_2_2__f_clk/X (sky130_fd_sc_hd__clkbuf_16)
     6    0.01                           clknet_2_2__leaf_clk (net)
                  0.03    0.00    0.27 ^ _251_/CLK (sky130_fd_sc_hd__dfrtp_1)
                  0.06    0.30    0.57 ^ _251_/Q (sky130_fd_sc_hd__dfrtp_1)
     2    0.00                           net15 (net)
                  0.06    0.00    0.57 ^ output15/A (sky130_fd_sc_hd__clkbuf_4)
                  0.11    0.18    0.75 ^ output15/X (sky130_fd_sc_hd__clkbuf_4)
     1    0.03                           rx_data[4] (net)
                  0.11    0.00    0.75 ^ rx_data[4] (out)
                                  0.75   data arrival time

                          0.00    0.00   clock clk (rise edge)
                          0.00    0.00   clock network delay (propagated)
                          0.25    0.25   clock uncertainty
                          0.00    0.25   clock reconvergence pessimism
                         -4.00   -3.75   output external delay
                                 -3.75   data required time
-----------------------------------------------------------------------------
                                 -3.75   data required time
                                 -0.75   data arrival time
-----------------------------------------------------------------------------
                                  4.50   slack (MET)


Startpoint: _253_ (rising edge-triggered flip-flop clocked by clk)
Endpoint: rx_data[6] (output port clocked by clk)
Path Group: clk
Path Type: min

Fanout     Cap    Slew   Delay    Time   Description
-----------------------------------------------------------------------------
                          0.00    0.00   clock clk (rise edge)
                          0.00    0.00   clock source latency
                  0.04    0.03    0.03 ^ clk (in)
     1    0.01                           clk (net)
                  0.04    0.00    0.03 ^ clkbuf_0_clk/A (sky130_fd_sc_hd__clkbuf_16)
                  0.05    0.13    0.15 ^ clkbuf_0_clk/X (sky130_fd_sc_hd__clkbuf_16)
     4    0.03                           clknet_0_clk (net)
                  0.05    0.00    0.15 ^ clkbuf_2_3__f_clk/A (sky130_fd_sc_hd__clkbuf_16)
                  0.04    0.12    0.27 ^ clkbuf_2_3__f_clk/X (sky130_fd_sc_hd__clkbuf_16)
     9    0.02                           clknet_2_3__leaf_clk (net)
                  0.04    0.00    0.27 ^ _253_/CLK (sky130_fd_sc_hd__dfrtp_1)
                  0.06    0.30    0.58 ^ _253_/Q (sky130_fd_sc_hd__dfrtp_1)
     2    0.00                           net17 (net)
                  0.06    0.00    0.58 ^ output17/A (sky130_fd_sc_hd__clkbuf_4)
                  0.11    0.18    0.76 ^ output17/X (sky130_fd_sc_hd__clkbuf_4)
     1    0.03                           rx_data[6] (net)
                  0.11    0.00    0.76 ^ rx_data[6] (out)
                                  0.76   data arrival time

                          0.00    0.00   clock clk (rise edge)
                          0.00    0.00   clock network delay (propagated)
                          0.25    0.25   clock uncertainty
                          0.00    0.25   clock reconvergence pessimism
                         -4.00   -3.75   output external delay
                                 -3.75   data required time
-----------------------------------------------------------------------------
                                 -3.75   data required time
                                 -0.76   data arrival time
-----------------------------------------------------------------------------
                                  4.51   slack (MET)


Startpoint: _249_ (rising edge-triggered flip-flop clocked by clk)
Endpoint: rx_data[2] (output port clocked by clk)
Path Group: clk
Path Type: min

Fanout     Cap    Slew   Delay    Time   Description
-----------------------------------------------------------------------------
                          0.00    0.00   clock clk (rise edge)
                          0.00    0.00   clock source latency
                  0.04    0.03    0.03 ^ clk (in)
     1    0.01                           clk (net)
                  0.04    0.00    0.03 ^ clkbuf_0_clk/A (sky130_fd_sc_hd__clkbuf_16)
                  0.05    0.13    0.15 ^ clkbuf_0_clk/X (sky130_fd_sc_hd__clkbuf_16)
     4    0.03                           clknet_0_clk (net)
                  0.05    0.00    0.15 ^ clkbuf_2_0__f_clk/A (sky130_fd_sc_hd__clkbuf_16)
                  0.04    0.12    0.27 ^ clkbuf_2_0__f_clk/X (sky130_fd_sc_hd__clkbuf_16)
     9    0.02                           clknet_2_0__leaf_clk (net)
                  0.04    0.00    0.27 ^ _249_/CLK (sky130_fd_sc_hd__dfrtp_1)
                  0.06    0.30    0.58 ^ _249_/Q (sky130_fd_sc_hd__dfrtp_1)
     2    0.00                           net13 (net)
                  0.06    0.00    0.58 ^ output13/A (sky130_fd_sc_hd__clkbuf_4)
                  0.11    0.18    0.76 ^ output13/X (sky130_fd_sc_hd__clkbuf_4)
     1    0.03                           rx_data[2] (net)
                  0.11    0.00    0.76 ^ rx_data[2] (out)
                                  0.76   data arrival time

                          0.00    0.00   clock clk (rise edge)
                          0.00    0.00   clock network delay (propagated)
                          0.25    0.25   clock uncertainty
                          0.00    0.25   clock reconvergence pessimism
                         -4.00   -3.75   output external delay
                                 -3.75   data required time
-----------------------------------------------------------------------------
                                 -3.75   data required time
                                 -0.76   data arrival time
-----------------------------------------------------------------------------
                                  4.51   slack (MET)


Startpoint: _250_ (rising edge-triggered flip-flop clocked by clk)
Endpoint: rx_data[3] (output port clocked by clk)
Path Group: clk
Path Type: min

Fanout     Cap    Slew   Delay    Time   Description
-----------------------------------------------------------------------------
                          0.00    0.00   clock clk (rise edge)
                          0.00    0.00   clock source latency
                  0.04    0.03    0.03 ^ clk (in)
     1    0.01                           clk (net)
                  0.04    0.00    0.03 ^ clkbuf_0_clk/A (sky130_fd_sc_hd__clkbuf_16)
                  0.05    0.13    0.15 ^ clkbuf_0_clk/X (sky130_fd_sc_hd__clkbuf_16)
     4    0.03                           clknet_0_clk (net)
                  0.05    0.00    0.15 ^ clkbuf_2_0__f_clk/A (sky130_fd_sc_hd__clkbuf_16)
                  0.04    0.12    0.27 ^ clkbuf_2_0__f_clk/X (sky130_fd_sc_hd__clkbuf_16)
     9    0.02                           clknet_2_0__leaf_clk (net)
                  0.04    0.00    0.27 ^ _250_/CLK (sky130_fd_sc_hd__dfrtp_1)
                  0.06    0.30    0.58 ^ _250_/Q (sky130_fd_sc_hd__dfrtp_1)
     2    0.00                           net14 (net)
                  0.06    0.00    0.58 ^ output14/A (sky130_fd_sc_hd__clkbuf_4)
                  0.11    0.18    0.76 ^ output14/X (sky130_fd_sc_hd__clkbuf_4)
     1    0.03                           rx_data[3] (net)
                  0.11    0.00    0.76 ^ rx_data[3] (out)
                                  0.76   data arrival time

                          0.00    0.00   clock clk (rise edge)
                          0.00    0.00   clock network delay (propagated)
                          0.25    0.25   clock uncertainty
                          0.00    0.25   clock reconvergence pessimism
                         -4.00   -3.75   output external delay
                                 -3.75   data required time
-----------------------------------------------------------------------------
                                 -3.75   data required time
                                 -0.76   data arrival time
-----------------------------------------------------------------------------
                                  4.51   slack (MET)


Startpoint: _252_ (rising edge-triggered flip-flop clocked by clk)
Endpoint: rx_data[5] (output port clocked by clk)
Path Group: clk
Path Type: min

Fanout     Cap    Slew   Delay    Time   Description
-----------------------------------------------------------------------------
                          0.00    0.00   clock clk (rise edge)
                          0.00    0.00   clock source latency
                  0.04    0.03    0.03 ^ clk (in)
     1    0.01                           clk (net)
                  0.04    0.00    0.03 ^ clkbuf_0_clk/A (sky130_fd_sc_hd__clkbuf_16)
                  0.05    0.13    0.15 ^ clkbuf_0_clk/X (sky130_fd_sc_hd__clkbuf_16)
     4    0.03                           clknet_0_clk (net)
                  0.05    0.00    0.15 ^ clkbuf_2_0__f_clk/A (sky130_fd_sc_hd__clkbuf_16)
                  0.04    0.12    0.27 ^ clkbuf_2_0__f_clk/X (sky130_fd_sc_hd__clkbuf_16)
     9    0.02                           clknet_2_0__leaf_clk (net)
                  0.04    0.00    0.27 ^ _252_/CLK (sky130_fd_sc_hd__dfrtp_1)
                  0.06    0.30    0.58 ^ _252_/Q (sky130_fd_sc_hd__dfrtp_1)
     2    0.00                           net16 (net)
                  0.06    0.00    0.58 ^ output16/A (sky130_fd_sc_hd__clkbuf_4)
                  0.11    0.18    0.76 ^ output16/X (sky130_fd_sc_hd__clkbuf_4)
     1    0.03                           rx_data[5] (net)
                  0.11    0.00    0.76 ^ rx_data[5] (out)
                                  0.76   data arrival time

                          0.00    0.00   clock clk (rise edge)
                          0.00    0.00   clock network delay (propagated)
                          0.25    0.25   clock uncertainty
                          0.00    0.25   clock reconvergence pessimism
                         -4.00   -3.75   output external delay
                                 -3.75   data required time
-----------------------------------------------------------------------------
                                 -3.75   data required time
                                 -0.76   data arrival time
-----------------------------------------------------------------------------
                                  4.51   slack (MET)


Startpoint: _254_ (rising edge-triggered flip-flop clocked by clk)
Endpoint: rx_data[7] (output port clocked by clk)
Path Group: clk
Path Type: min

Fanout     Cap    Slew   Delay    Time   Description
-----------------------------------------------------------------------------
                          0.00    0.00   clock clk (rise edge)
                          0.00    0.00   clock source latency
                  0.04    0.03    0.03 ^ clk (in)
     1    0.01                           clk (net)
                  0.04    0.00    0.03 ^ clkbuf_0_clk/A (sky130_fd_sc_hd__clkbuf_16)
                  0.05    0.13    0.15 ^ clkbuf_0_clk/X (sky130_fd_sc_hd__clkbuf_16)
     4    0.03                           clknet_0_clk (net)
                  0.05    0.00    0.15 ^ clkbuf_2_0__f_clk/A (sky130_fd_sc_hd__clkbuf_16)
                  0.04    0.12    0.27 ^ clkbuf_2_0__f_clk/X (sky130_fd_sc_hd__clkbuf_16)
     9    0.02                           clknet_2_0__leaf_clk (net)
                  0.04    0.00    0.27 ^ _254_/CLK (sky130_fd_sc_hd__dfrtp_1)
                  0.06    0.30    0.58 ^ _254_/Q (sky130_fd_sc_hd__dfrtp_1)
     2    0.00                           net18 (net)
                  0.06    0.00    0.58 ^ output18/A (sky130_fd_sc_hd__clkbuf_4)
                  0.11    0.18    0.76 ^ output18/X (sky130_fd_sc_hd__clkbuf_4)
     1    0.03                           rx_data[7] (net)
                  0.11    0.00    0.76 ^ rx_data[7] (out)
                                  0.76   data arrival time

                          0.00    0.00   clock clk (rise edge)
                          0.00    0.00   clock network delay (propagated)
                          0.25    0.25   clock uncertainty
                          0.00    0.25   clock reconvergence pessimism
                         -4.00   -3.75   output external delay
                                 -3.75   data required time
-----------------------------------------------------------------------------
                                 -3.75   data required time
                                 -0.76   data arrival time
-----------------------------------------------------------------------------
                                  4.51   slack (MET)


Startpoint: _246_ (rising edge-triggered flip-flop clocked by clk)
Endpoint: rx_done (output port clocked by clk)
Path Group: clk
Path Type: min

Fanout     Cap    Slew   Delay    Time   Description
-----------------------------------------------------------------------------
                          0.00    0.00   clock clk (rise edge)
                          0.00    0.00   clock source latency
                  0.04    0.03    0.03 ^ clk (in)
     1    0.01                           clk (net)
                  0.04    0.00    0.03 ^ clkbuf_0_clk/A (sky130_fd_sc_hd__clkbuf_16)
                  0.05    0.13    0.15 ^ clkbuf_0_clk/X (sky130_fd_sc_hd__clkbuf_16)
     4    0.03                           clknet_0_clk (net)
                  0.05    0.00    0.15 ^ clkbuf_2_0__f_clk/A (sky130_fd_sc_hd__clkbuf_16)
                  0.04    0.12    0.27 ^ clkbuf_2_0__f_clk/X (sky130_fd_sc_hd__clkbuf_16)
     9    0.02                           clknet_2_0__leaf_clk (net)
                  0.04    0.00    0.27 ^ _246_/CLK (sky130_fd_sc_hd__dfrtp_1)
                  0.06    0.30    0.58 ^ _246_/Q (sky130_fd_sc_hd__dfrtp_1)
     2    0.00                           net19 (net)
                  0.06    0.00    0.58 ^ output19/A (sky130_fd_sc_hd__clkbuf_4)
                  0.11    0.18    0.76 ^ output19/X (sky130_fd_sc_hd__clkbuf_4)
     1    0.03                           rx_done (net)
                  0.11    0.00    0.76 ^ rx_done (out)
                                  0.76   data arrival time

                          0.00    0.00   clock clk (rise edge)
                          0.00    0.00   clock network delay (propagated)
                          0.25    0.25   clock uncertainty
                          0.00    0.25   clock reconvergence pessimism
                         -4.00   -3.75   output external delay
                                 -3.75   data required time
-----------------------------------------------------------------------------
                                 -3.75   data required time
                                 -0.76   data arrival time
-----------------------------------------------------------------------------
                                  4.51   slack (MET)


Startpoint: _248_ (rising edge-triggered flip-flop clocked by clk)
Endpoint: rx_data[1] (output port clocked by clk)
Path Group: clk
Path Type: min

Fanout     Cap    Slew   Delay    Time   Description
-----------------------------------------------------------------------------
                          0.00    0.00   clock clk (rise edge)
                          0.00    0.00   clock source latency
                  0.04    0.03    0.03 ^ clk (in)
     1    0.01                           clk (net)
                  0.04    0.00    0.03 ^ clkbuf_0_clk/A (sky130_fd_sc_hd__clkbuf_16)
                  0.05    0.13    0.15 ^ clkbuf_0_clk/X (sky130_fd_sc_hd__clkbuf_16)
     4    0.03                           clknet_0_clk (net)
                  0.05    0.00    0.15 ^ clkbuf_2_1__f_clk/A (sky130_fd_sc_hd__clkbuf_16)
                  0.04    0.12    0.27 ^ clkbuf_2_1__f_clk/X (sky130_fd_sc_hd__clkbuf_16)
     9    0.02                           clknet_2_1__leaf_clk (net)
                  0.04    0.00    0.27 ^ _248_/CLK (sky130_fd_sc_hd__dfrtp_1)
                  0.06    0.31    0.58 ^ _248_/Q (sky130_fd_sc_hd__dfrtp_1)
     2    0.00                           net12 (net)
                  0.06    0.00    0.58 ^ output12/A (sky130_fd_sc_hd__clkbuf_4)
                  0.11    0.18    0.76 ^ output12/X (sky130_fd_sc_hd__clkbuf_4)
     1    0.03                           rx_data[1] (net)
                  0.11    0.00    0.76 ^ rx_data[1] (out)
                                  0.76   data arrival time

                          0.00    0.00   clock clk (rise edge)
                          0.00    0.00   clock network delay (propagated)
                          0.25    0.25   clock uncertainty
                          0.00    0.25   clock reconvergence pessimism
                         -4.00   -3.75   output external delay
                                 -3.75   data required time
-----------------------------------------------------------------------------
                                 -3.75   data required time
                                 -0.76   data arrival time
-----------------------------------------------------------------------------
                                  4.51   slack (MET)


Startpoint: _238_ (rising edge-triggered flip-flop clocked by clk)
Endpoint: tx_done (output port clocked by clk)
Path Group: clk
Path Type: min

Fanout     Cap    Slew   Delay    Time   Description
-----------------------------------------------------------------------------
                          0.00    0.00   clock clk (rise edge)
                          0.00    0.00   clock source latency
                  0.04    0.03    0.03 ^ clk (in)
     1    0.01                           clk (net)
                  0.04    0.00    0.03 ^ clkbuf_0_clk/A (sky130_fd_sc_hd__clkbuf_16)
                  0.05    0.13    0.15 ^ clkbuf_0_clk/X (sky130_fd_sc_hd__clkbuf_16)
     4    0.03                           clknet_0_clk (net)
                  0.05    0.00    0.15 ^ clkbuf_2_2__f_clk/A (sky130_fd_sc_hd__clkbuf_16)
                  0.03    0.11    0.27 ^ clkbuf_2_2__f_clk/X (sky130_fd_sc_hd__clkbuf_16)
     6    0.01                           clknet_2_2__leaf_clk (net)
                  0.03    0.00    0.27 ^ _238_/CLK (sky130_fd_sc_hd__dfrtp_1)
                  0.06    0.31    0.57 ^ _238_/Q (sky130_fd_sc_hd__dfrtp_1)
     2    0.00                           net20 (net)
                  0.06    0.00    0.57 ^ output20/A (sky130_fd_sc_hd__buf_2)
                  0.17    0.19    0.76 ^ output20/X (sky130_fd_sc_hd__buf_2)
     1    0.03                           tx_done (net)
                  0.17    0.00    0.76 ^ tx_done (out)
                                  0.76   data arrival time

                          0.00    0.00   clock clk (rise edge)
                          0.00    0.00   clock network delay (propagated)
                          0.25    0.25   clock uncertainty
                          0.00    0.25   clock reconvergence pessimism
                         -4.00   -3.75   output external delay
                                 -3.75   data required time
-----------------------------------------------------------------------------
                                 -3.75   data required time
                                 -0.76   data arrival time
-----------------------------------------------------------------------------
                                  4.51   slack (MET)



