
===========================================================================
report_checks -path_delay min (Hold)
============================================================================
======================= Fastest Corner ===================================

Startpoint: _248_ (rising edge-triggered flip-flop clocked by clk)
Endpoint: _248_ (rising edge-triggered flip-flop clocked by clk)
Path Group: clk
Path Type: min
Corner: Fastest

Fanout     Cap    Slew   Delay    Time   Description
-----------------------------------------------------------------------------
                          0.00    0.00   clock clk (rise edge)
                          0.00    0.00   clock source latency
                  0.06    0.04    0.04 ^ clk (in)
     1    0.02                           clk (net)
                  0.06    0.00    0.04 ^ clkbuf_0_clk/A (sky130_fd_sc_hd__clkbuf_16)
                  0.05    0.10    0.13 ^ clkbuf_0_clk/X (sky130_fd_sc_hd__clkbuf_16)
     4    0.04                           clknet_0_clk (net)
                  0.05    0.00    0.14 ^ clkbuf_2_1__f_clk/A (sky130_fd_sc_hd__clkbuf_16)
                  0.04    0.09    0.22 ^ clkbuf_2_1__f_clk/X (sky130_fd_sc_hd__clkbuf_16)
     9    0.03                           clknet_2_1__leaf_clk (net)
                  0.04    0.00    0.23 ^ _248_/CLK (sky130_fd_sc_hd__dfrtp_1)
                  0.07    0.22    0.44 ^ _248_/Q (sky130_fd_sc_hd__dfrtp_1)
     2    0.01                           net12 (net)
                  0.07    0.00    0.44 ^ _143_/A1 (sky130_fd_sc_hd__mux2_1)
                  0.03    0.08    0.52 ^ _143_/X (sky130_fd_sc_hd__mux2_1)
     1    0.00                           _079_ (net)
                  0.03    0.00    0.53 ^ _144_/A (sky130_fd_sc_hd__clkbuf_1)
                  0.03    0.05    0.57 ^ _144_/X (sky130_fd_sc_hd__clkbuf_1)
     1    0.00                           _042_ (net)
                  0.03    0.00    0.57 ^ _248_/D (sky130_fd_sc_hd__dfrtp_1)
                                  0.57   data arrival time

                          0.00    0.00   clock clk (rise edge)
                          0.00    0.00   clock source latency
                  0.06    0.04    0.04 ^ clk (in)
     1    0.02                           clk (net)
                  0.06    0.00    0.04 ^ clkbuf_0_clk/A (sky130_fd_sc_hd__clkbuf_16)
                  0.05    0.11    0.15 ^ clkbuf_0_clk/X (sky130_fd_sc_hd__clkbuf_16)
     4    0.04                           clknet_0_clk (net)
                  0.05    0.00    0.15 ^ clkbuf_2_1__f_clk/A (sky130_fd_sc_hd__clkbuf_16)
                  0.04    0.10    0.25 ^ clkbuf_2_1__f_clk/X (sky130_fd_sc_hd__clkbuf_16)
     9    0.03                           clknet_2_1__leaf_clk (net)
                  0.04    0.00    0.25 ^ _248_/CLK (sky130_fd_sc_hd__dfrtp_1)
                          0.25    0.50   clock uncertainty
                         -0.02    0.48   clock reconvergence pessimism
                         -0.02    0.46   library hold time
                                  0.46   data required time
-----------------------------------------------------------------------------
                                  0.46   data required time
                                 -0.57   data arrival time
-----------------------------------------------------------------------------
                                  0.12   slack (MET)


Startpoint: _240_ (rising edge-triggered flip-flop clocked by clk)
Endpoint: _240_ (rising edge-triggered flip-flop clocked by clk)
Path Group: clk
Path Type: min
Corner: Fastest

Fanout     Cap    Slew   Delay    Time   Description
-----------------------------------------------------------------------------
                          0.00    0.00   clock clk (rise edge)
                          0.00    0.00   clock source latency
                  0.06    0.04    0.04 ^ clk (in)
     1    0.02                           clk (net)
                  0.06    0.00    0.04 ^ clkbuf_0_clk/A (sky130_fd_sc_hd__clkbuf_16)
                  0.05    0.10    0.13 ^ clkbuf_0_clk/X (sky130_fd_sc_hd__clkbuf_16)
     4    0.04                           clknet_0_clk (net)
                  0.05    0.00    0.14 ^ clkbuf_2_0__f_clk/A (sky130_fd_sc_hd__clkbuf_16)
                  0.04    0.09    0.23 ^ clkbuf_2_0__f_clk/X (sky130_fd_sc_hd__clkbuf_16)
     9    0.03                           clknet_2_0__leaf_clk (net)
                  0.04    0.00    0.23 ^ _240_/CLK (sky130_fd_sc_hd__dfrtp_4)
                  0.09    0.28    0.51 ^ _240_/Q (sky130_fd_sc_hd__dfrtp_4)
    10    0.04                           rx_inst.bit_count[1] (net)
                  0.09    0.00    0.51 ^ _156_/B2 (sky130_fd_sc_hd__a22o_1)
                  0.03    0.07    0.58 ^ _156_/X (sky130_fd_sc_hd__a22o_1)
     1    0.00                           _038_ (net)
                  0.03    0.00    0.58 ^ _240_/D (sky130_fd_sc_hd__dfrtp_4)
                                  0.58   data arrival time

                          0.00    0.00   clock clk (rise edge)
                          0.00    0.00   clock source latency
                  0.06    0.04    0.04 ^ clk (in)
     1    0.02                           clk (net)
                  0.06    0.00    0.04 ^ clkbuf_0_clk/A (sky130_fd_sc_hd__clkbuf_16)
                  0.05    0.11    0.15 ^ clkbuf_0_clk/X (sky130_fd_sc_hd__clkbuf_16)
     4    0.04                           clknet_0_clk (net)
                  0.05    0.00    0.15 ^ clkbuf_2_0__f_clk/A (sky130_fd_sc_hd__clkbuf_16)
                  0.04    0.10    0.25 ^ clkbuf_2_0__f_clk/X (sky130_fd_sc_hd__clkbuf_16)
     9    0.03                           clknet_2_0__leaf_clk (net)
                  0.04    0.00    0.25 ^ _240_/CLK (sky130_fd_sc_hd__dfrtp_4)
                          0.25    0.50   clock uncertainty
                         -0.02    0.48   clock reconvergence pessimism
                         -0.02    0.46   library hold time
                                  0.46   data required time
-----------------------------------------------------------------------------
                                  0.46   data required time
                                 -0.58   data arrival time
-----------------------------------------------------------------------------
                                  0.13   slack (MET)


Startpoint: _243_ (rising edge-triggered flip-flop clocked by clk)
Endpoint: _237_ (rising edge-triggered flip-flop clocked by clk)
Path Group: clk
Path Type: min
Corner: Fastest

Fanout     Cap    Slew   Delay    Time   Description
-----------------------------------------------------------------------------
                          0.00    0.00   clock clk (rise edge)
                          0.00    0.00   clock source latency
                  0.06    0.04    0.04 ^ clk (in)
     1    0.02                           clk (net)
                  0.06    0.00    0.04 ^ clkbuf_0_clk/A (sky130_fd_sc_hd__clkbuf_16)
                  0.05    0.10    0.13 ^ clkbuf_0_clk/X (sky130_fd_sc_hd__clkbuf_16)
     4    0.04                           clknet_0_clk (net)
                  0.05    0.00    0.14 ^ clkbuf_2_3__f_clk/A (sky130_fd_sc_hd__clkbuf_16)
                  0.04    0.09    0.23 ^ clkbuf_2_3__f_clk/X (sky130_fd_sc_hd__clkbuf_16)
     9    0.03                           clknet_2_3__leaf_clk (net)
                  0.04    0.00    0.23 ^ _243_/CLK (sky130_fd_sc_hd__dfrtp_4)
                  0.07    0.27    0.49 ^ _243_/Q (sky130_fd_sc_hd__dfrtp_4)
     8    0.02                           tx_inst.state[1] (net)
                  0.07    0.00    0.50 ^ _181_/A1 (sky130_fd_sc_hd__a311o_1)
                  0.03    0.09    0.59 ^ _181_/X (sky130_fd_sc_hd__a311o_1)
     1    0.00                           _114_ (net)
                  0.03    0.00    0.59 ^ _237_/D (sky130_fd_sc_hd__dfstp_1)
                                  0.59   data arrival time

                          0.00    0.00   clock clk (rise edge)
                          0.00    0.00   clock source latency
                  0.06    0.04    0.04 ^ clk (in)
     1    0.02                           clk (net)
                  0.06    0.00    0.04 ^ clkbuf_0_clk/A (sky130_fd_sc_hd__clkbuf_16)
                  0.05    0.11    0.15 ^ clkbuf_0_clk/X (sky130_fd_sc_hd__clkbuf_16)
     4    0.04                           clknet_0_clk (net)
                  0.05    0.00    0.15 ^ clkbuf_2_3__f_clk/A (sky130_fd_sc_hd__clkbuf_16)
                  0.04    0.10    0.25 ^ clkbuf_2_3__f_clk/X (sky130_fd_sc_hd__clkbuf_16)
     9    0.03                           clknet_2_3__leaf_clk (net)
                  0.04    0.00    0.25 ^ _237_/CLK (sky130_fd_sc_hd__dfstp_1)
                          0.25    0.50   clock uncertainty
                         -0.02    0.48   clock reconvergence pessimism
                         -0.02    0.46   library hold time
                                  0.46   data required time
-----------------------------------------------------------------------------
                                  0.46   data required time
                                 -0.59   data arrival time
-----------------------------------------------------------------------------
                                  0.13   slack (MET)


Startpoint: _234_ (rising edge-triggered flip-flop clocked by clk)
Endpoint: _235_ (rising edge-triggered flip-flop clocked by clk)
Path Group: clk
Path Type: min
Corner: Fastest

Fanout     Cap    Slew   Delay    Time   Description
-----------------------------------------------------------------------------
                          0.00    0.00   clock clk (rise edge)
                          0.00    0.00   clock source latency
                  0.06    0.04    0.04 ^ clk (in)
     1    0.02                           clk (net)
                  0.06    0.00    0.04 ^ clkbuf_0_clk/A (sky130_fd_sc_hd__clkbuf_16)
                  0.05    0.10    0.13 ^ clkbuf_0_clk/X (sky130_fd_sc_hd__clkbuf_16)
     4    0.04                           clknet_0_clk (net)
                  0.05    0.00    0.14 ^ clkbuf_2_3__f_clk/A (sky130_fd_sc_hd__clkbuf_16)
                  0.04    0.09    0.23 ^ clkbuf_2_3__f_clk/X (sky130_fd_sc_hd__clkbuf_16)
     9    0.03                           clknet_2_3__leaf_clk (net)
                  0.04    0.00    0.23 ^ _234_/CLK (sky130_fd_sc_hd__dfrtp_4)
                  0.09    0.28    0.51 ^ _234_/Q (sky130_fd_sc_hd__dfrtp_4)
     9    0.04                           tx_inst.bit_count[0] (net)
                  0.09    0.00    0.51 ^ _166_/A1 (sky130_fd_sc_hd__a21oi_1)
                  0.02    0.04    0.55 v _166_/Y (sky130_fd_sc_hd__a21oi_1)
     1    0.00                           _093_ (net)
                  0.02    0.00    0.55 v _167_/B1 (sky130_fd_sc_hd__a21oi_1)
                  0.05    0.04    0.59 ^ _167_/Y (sky130_fd_sc_hd__a21oi_1)
     1    0.00                           _034_ (net)
                  0.05    0.00    0.59 ^ _235_/D (sky130_fd_sc_hd__dfrtp_4)
                                  0.59   data arrival time

                          0.00    0.00   clock clk (rise edge)
                          0.00    0.00   clock source latency
                  0.06    0.04    0.04 ^ clk (in)
     1    0.02                           clk (net)
                  0.06    0.00    0.04 ^ clkbuf_0_clk/A (sky130_fd_sc_hd__clkbuf_16)
                  0.05    0.11    0.15 ^ clkbuf_0_clk/X (sky130_fd_sc_hd__clkbuf_16)
     4    0.04                           clknet_0_clk (net)
                  0.05    0.00    0.15 ^ clkbuf_2_3__f_clk/A (sky130_fd_sc_hd__clkbuf_16)
                  0.04    0.10    0.25 ^ clkbuf_2_3__f_clk/X (sky130_fd_sc_hd__clkbuf_16)
     9    0.03                           clknet_2_3__leaf_clk (net)
                  0.04    0.00    0.25 ^ _235_/CLK (sky130_fd_sc_hd__dfrtp_4)
                          0.25    0.50   clock uncertainty
                         -0.02    0.48   clock reconvergence pessimism
                         -0.02    0.46   library hold time
                                  0.46   data required time
-----------------------------------------------------------------------------
                                  0.46   data required time
                                 -0.59   data arrival time
-----------------------------------------------------------------------------
                                  0.13   slack (MET)


Startpoint: _240_ (rising edge-triggered flip-flop clocked by clk)
Endpoint: _254_ (rising edge-triggered flip-flop clocked by clk)
Path Group: clk
Path Type: min
Corner: Fastest

Fanout     Cap    Slew   Delay    Time   Description
-----------------------------------------------------------------------------
                          0.00    0.00   clock clk (rise edge)
                          0.00    0.00   clock source latency
                  0.06    0.04    0.04 ^ clk (in)
     1    0.02                           clk (net)
                  0.06    0.00    0.04 ^ clkbuf_0_clk/A (sky130_fd_sc_hd__clkbuf_16)
                  0.05    0.10    0.13 ^ clkbuf_0_clk/X (sky130_fd_sc_hd__clkbuf_16)
     4    0.04                           clknet_0_clk (net)
                  0.05    0.00    0.14 ^ clkbuf_2_0__f_clk/A (sky130_fd_sc_hd__clkbuf_16)
                  0.04    0.09    0.23 ^ clkbuf_2_0__f_clk/X (sky130_fd_sc_hd__clkbuf_16)
     9    0.03                           clknet_2_0__leaf_clk (net)
                  0.04    0.00    0.23 ^ _240_/CLK (sky130_fd_sc_hd__dfrtp_4)
                  0.09    0.28    0.51 ^ _240_/Q (sky130_fd_sc_hd__dfrtp_4)
    10    0.04                           rx_inst.bit_count[1] (net)
                  0.09    0.00    0.51 ^ _124_/A1 (sky130_fd_sc_hd__a41o_1)
                  0.03    0.09    0.60 ^ _124_/X (sky130_fd_sc_hd__a41o_1)
     1    0.00                           _048_ (net)
                  0.03    0.00    0.60 ^ _254_/D (sky130_fd_sc_hd__dfrtp_1)
                                  0.60   data arrival time

                          0.00    0.00   clock clk (rise edge)
                          0.00    0.00   clock source latency
                  0.06    0.04    0.04 ^ clk (in)
     1    0.02                           clk (net)
                  0.06    0.00    0.04 ^ clkbuf_0_clk/A (sky130_fd_sc_hd__clkbuf_16)
                  0.05    0.11    0.15 ^ clkbuf_0_clk/X (sky130_fd_sc_hd__clkbuf_16)
     4    0.04                           clknet_0_clk (net)
                  0.05    0.00    0.15 ^ clkbuf_2_0__f_clk/A (sky130_fd_sc_hd__clkbuf_16)
                  0.04    0.10    0.25 ^ clkbuf_2_0__f_clk/X (sky130_fd_sc_hd__clkbuf_16)
     9    0.03                           clknet_2_0__leaf_clk (net)
                  0.04    0.00    0.25 ^ _254_/CLK (sky130_fd_sc_hd__dfrtp_1)
                          0.25    0.50   clock uncertainty
                         -0.02    0.48   clock reconvergence pessimism
                         -0.02    0.46   library hold time
                                  0.46   data required time
-----------------------------------------------------------------------------
                                  0.46   data required time
                                 -0.60   data arrival time
-----------------------------------------------------------------------------
                                  0.14   slack (MET)


Startpoint: _231_ (rising edge-triggered flip-flop clocked by clk)
Endpoint: _239_ (rising edge-triggered flip-flop clocked by clk)
Path Group: clk
Path Type: min
Corner: Fastest

Fanout     Cap    Slew   Delay    Time   Description
-----------------------------------------------------------------------------
                          0.00    0.00   clock clk (rise edge)
                          0.00    0.00   clock source latency
                  0.06    0.04    0.04 ^ clk (in)
     1    0.02                           clk (net)
                  0.06    0.00    0.04 ^ clkbuf_0_clk/A (sky130_fd_sc_hd__clkbuf_16)
                  0.05    0.10    0.13 ^ clkbuf_0_clk/X (sky130_fd_sc_hd__clkbuf_16)
     4    0.04                           clknet_0_clk (net)
                  0.05    0.00    0.14 ^ clkbuf_2_0__f_clk/A (sky130_fd_sc_hd__clkbuf_16)
                  0.04    0.09    0.23 ^ clkbuf_2_0__f_clk/X (sky130_fd_sc_hd__clkbuf_16)
     9    0.03                           clknet_2_0__leaf_clk (net)
                  0.04    0.00    0.23 ^ _231_/CLK (sky130_fd_sc_hd__dfrtp_2)
                  0.08    0.24    0.47 ^ _231_/Q (sky130_fd_sc_hd__dfrtp_2)
     6    0.02                           rx_inst.state[1] (net)
                  0.08    0.00    0.47 ^ _157_/A0 (sky130_fd_sc_hd__mux2_1)
                  0.03    0.08    0.55 ^ _157_/X (sky130_fd_sc_hd__mux2_1)
     1    0.00                           _087_ (net)
                  0.03    0.00    0.55 ^ _158_/A (sky130_fd_sc_hd__clkbuf_1)
                  0.03    0.05    0.60 ^ _158_/X (sky130_fd_sc_hd__clkbuf_1)
     1    0.00                           _037_ (net)
                  0.03    0.00    0.60 ^ _239_/D (sky130_fd_sc_hd__dfrtp_1)
                                  0.60   data arrival time

                          0.00    0.00   clock clk (rise edge)
                          0.00    0.00   clock source latency
                  0.06    0.04    0.04 ^ clk (in)
     1    0.02                           clk (net)
                  0.06    0.00    0.04 ^ clkbuf_0_clk/A (sky130_fd_sc_hd__clkbuf_16)
                  0.05    0.11    0.15 ^ clkbuf_0_clk/X (sky130_fd_sc_hd__clkbuf_16)
     4    0.04                           clknet_0_clk (net)
                  0.05    0.00    0.15 ^ clkbuf_2_0__f_clk/A (sky130_fd_sc_hd__clkbuf_16)
                  0.04    0.10    0.25 ^ clkbuf_2_0__f_clk/X (sky130_fd_sc_hd__clkbuf_16)
     9    0.03                           clknet_2_0__leaf_clk (net)
                  0.04    0.00    0.25 ^ _239_/CLK (sky130_fd_sc_hd__dfrtp_1)
                          0.25    0.50   clock uncertainty
                         -0.02    0.48   clock reconvergence pessimism
                         -0.02    0.46   library hold time
                                  0.46   data required time
-----------------------------------------------------------------------------
                                  0.46   data required time
                                 -0.60   data arrival time
-----------------------------------------------------------------------------
                                  0.14   slack (MET)


Startpoint: _237_ (rising edge-triggered flip-flop clocked by clk)
Endpoint: _232_ (rising edge-triggered flip-flop clocked by clk)
Path Group: clk
Path Type: min
Corner: Fastest

Fanout     Cap    Slew   Delay    Time   Description
-----------------------------------------------------------------------------
                          0.00    0.00   clock clk (rise edge)
                          0.00    0.00   clock source latency
                  0.06    0.04    0.04 ^ clk (in)
     1    0.02                           clk (net)
                  0.06    0.00    0.04 ^ clkbuf_0_clk/A (sky130_fd_sc_hd__clkbuf_16)
                  0.05    0.10    0.13 ^ clkbuf_0_clk/X (sky130_fd_sc_hd__clkbuf_16)
     4    0.04                           clknet_0_clk (net)
                  0.05    0.00    0.14 ^ clkbuf_2_3__f_clk/A (sky130_fd_sc_hd__clkbuf_16)
                  0.04    0.09    0.23 ^ clkbuf_2_3__f_clk/X (sky130_fd_sc_hd__clkbuf_16)
     9    0.03                           clknet_2_3__leaf_clk (net)
                  0.04    0.00    0.23 ^ _237_/CLK (sky130_fd_sc_hd__dfstp_1)
                  0.03    0.21    0.44 v _237_/Q (sky130_fd_sc_hd__dfstp_1)
     2    0.00                           rx_inst.rx (net)
                  0.03    0.00    0.44 v _116_/A (sky130_fd_sc_hd__buf_2)
                  0.06    0.11    0.55 v _116_/X (sky130_fd_sc_hd__buf_2)
    10    0.04                           _058_ (net)
                  0.06    0.00    0.55 v _182_/B (sky130_fd_sc_hd__nor2_1)
                  0.05    0.06    0.61 ^ _182_/Y (sky130_fd_sc_hd__nor2_1)
     1    0.00                           _001_ (net)
                  0.05    0.00    0.61 ^ _232_/D (sky130_fd_sc_hd__dfrtp_1)
                                  0.61   data arrival time

                          0.00    0.00   clock clk (rise edge)
                          0.00    0.00   clock source latency
                  0.06    0.04    0.04 ^ clk (in)
     1    0.02                           clk (net)
                  0.06    0.00    0.04 ^ clkbuf_0_clk/A (sky130_fd_sc_hd__clkbuf_16)
                  0.05    0.11    0.15 ^ clkbuf_0_clk/X (sky130_fd_sc_hd__clkbuf_16)
     4    0.04                           clknet_0_clk (net)
                  0.05    0.00    0.15 ^ clkbuf_2_2__f_clk/A (sky130_fd_sc_hd__clkbuf_16)
                  0.03    0.09    0.24 ^ clkbuf_2_2__f_clk/X (sky130_fd_sc_hd__clkbuf_16)
     6    0.02                           clknet_2_2__leaf_clk (net)
                  0.03    0.00    0.24 ^ _232_/CLK (sky130_fd_sc_hd__dfrtp_1)
                          0.25    0.49   clock uncertainty
                         -0.01    0.48   clock reconvergence pessimism
                         -0.02    0.46   library hold time
                                  0.46   data required time
-----------------------------------------------------------------------------
                                  0.46   data required time
                                 -0.61   data arrival time
-----------------------------------------------------------------------------
                                  0.15   slack (MET)


Startpoint: _236_ (rising edge-triggered flip-flop clocked by clk)
Endpoint: _245_ (rising edge-triggered flip-flop clocked by clk)
Path Group: clk
Path Type: min
Corner: Fastest

Fanout     Cap    Slew   Delay    Time   Description
-----------------------------------------------------------------------------
                          0.00    0.00   clock clk (rise edge)
                          0.00    0.00   clock source latency
                  0.06    0.04    0.04 ^ clk (in)
     1    0.02                           clk (net)
                  0.06    0.00    0.04 ^ clkbuf_0_clk/A (sky130_fd_sc_hd__clkbuf_16)
                  0.05    0.10    0.13 ^ clkbuf_0_clk/X (sky130_fd_sc_hd__clkbuf_16)
     4    0.04                           clknet_0_clk (net)
                  0.05    0.00    0.14 ^ clkbuf_2_3__f_clk/A (sky130_fd_sc_hd__clkbuf_16)
                  0.04    0.09    0.23 ^ clkbuf_2_3__f_clk/X (sky130_fd_sc_hd__clkbuf_16)
     9    0.03                           clknet_2_3__leaf_clk (net)
                  0.04    0.00    0.23 ^ _236_/CLK (sky130_fd_sc_hd__dfrtp_1)
                  0.09    0.24    0.46 ^ _236_/Q (sky130_fd_sc_hd__dfrtp_1)
     5    0.01                           tx_inst.bit_count[2] (net)
                  0.09    0.00    0.46 ^ _183_/A (sky130_fd_sc_hd__and4_1)
                  0.04    0.10    0.56 ^ _183_/X (sky130_fd_sc_hd__and4_1)
     1    0.00                           _101_ (net)
                  0.04    0.00    0.56 ^ _184_/A (sky130_fd_sc_hd__clkbuf_1)
                  0.04    0.05    0.62 ^ _184_/X (sky130_fd_sc_hd__clkbuf_1)
     1    0.00                           _003_ (net)
                  0.04    0.00    0.62 ^ _245_/D (sky130_fd_sc_hd__dfrtp_1)
                                  0.62   data arrival time

                          0.00    0.00   clock clk (rise edge)
                          0.00    0.00   clock source latency
                  0.06    0.04    0.04 ^ clk (in)
     1    0.02                           clk (net)
                  0.06    0.00    0.04 ^ clkbuf_0_clk/A (sky130_fd_sc_hd__clkbuf_16)
                  0.05    0.11    0.15 ^ clkbuf_0_clk/X (sky130_fd_sc_hd__clkbuf_16)
     4    0.04                           clknet_0_clk (net)
                  0.05    0.00    0.15 ^ clkbuf_2_3__f_clk/A (sky130_fd_sc_hd__clkbuf_16)
                  0.04    0.10    0.25 ^ clkbuf_2_3__f_clk/X (sky130_fd_sc_hd__clkbuf_16)
     9    0.03                           clknet_2_3__leaf_clk (net)
                  0.04    0.00    0.25 ^ _245_/CLK (sky130_fd_sc_hd__dfrtp_1)
                          0.25    0.50   clock uncertainty
                         -0.02    0.48   clock reconvergence pessimism
                         -0.02    0.46   library hold time
                                  0.46   data required time
-----------------------------------------------------------------------------
                                  0.46   data required time
                                 -0.62   data arrival time
-----------------------------------------------------------------------------
                                  0.16   slack (MET)


Startpoint: _239_ (rising edge-triggered flip-flop clocked by clk)
Endpoint: _252_ (rising edge-triggered flip-flop clocked by clk)
Path Group: clk
Path Type: min
Corner: Fastest

Fanout     Cap    Slew   Delay    Time   Description
-----------------------------------------------------------------------------
                          0.00    0.00   clock clk (rise edge)
                          0.00    0.00   clock source latency
                  0.06    0.04    0.04 ^ clk (in)
     1    0.02                           clk (net)
                  0.06    0.00    0.04 ^ clkbuf_0_clk/A (sky130_fd_sc_hd__clkbuf_16)
                  0.05    0.10    0.13 ^ clkbuf_0_clk/X (sky130_fd_sc_hd__clkbuf_16)
     4    0.04                           clknet_0_clk (net)
                  0.05    0.00    0.14 ^ clkbuf_2_0__f_clk/A (sky130_fd_sc_hd__clkbuf_16)
                  0.04    0.09    0.23 ^ clkbuf_2_0__f_clk/X (sky130_fd_sc_hd__clkbuf_16)
     9    0.03                           clknet_2_0__leaf_clk (net)
                  0.04    0.00    0.23 ^ _239_/CLK (sky130_fd_sc_hd__dfrtp_1)
                  0.04    0.23    0.45 v _239_/Q (sky130_fd_sc_hd__dfrtp_1)
     2    0.01                           rx_inst.bit_count[0] (net)
                  0.04    0.00    0.45 v _130_/A (sky130_fd_sc_hd__inv_2)
                  0.04    0.04    0.50 ^ _130_/Y (sky130_fd_sc_hd__inv_2)
     3    0.01                           _070_ (net)
                  0.04    0.00    0.50 ^ _131_/A2 (sky130_fd_sc_hd__o31a_1)
                  0.03    0.08    0.57 ^ _131_/X (sky130_fd_sc_hd__o31a_1)
     1    0.00                           _071_ (net)
                  0.03    0.00    0.57 ^ _132_/B1 (sky130_fd_sc_hd__a41o_1)
                  0.03    0.05    0.62 ^ _132_/X (sky130_fd_sc_hd__a41o_1)
     1    0.00                           _046_ (net)
                  0.03    0.00    0.62 ^ _252_/D (sky130_fd_sc_hd__dfrtp_1)
                                  0.62   data arrival time

                          0.00    0.00   clock clk (rise edge)
                          0.00    0.00   clock source latency
                  0.06    0.04    0.04 ^ clk (in)
     1    0.02                           clk (net)
                  0.06    0.00    0.04 ^ clkbuf_0_clk/A (sky130_fd_sc_hd__clkbuf_16)
                  0.05    0.11    0.15 ^ clkbuf_0_clk/X (sky130_fd_sc_hd__clkbuf_16)
     4    0.04                           clknet_0_clk (net)
                  0.05    0.00    0.15 ^ clkbuf_2_0__f_clk/A (sky130_fd_sc_hd__clkbuf_16)
                  0.04    0.10    0.25 ^ clkbuf_2_0__f_clk/X (sky130_fd_sc_hd__clkbuf_16)
     9    0.03                           clknet_2_0__leaf_clk (net)
                  0.04    0.00    0.25 ^ _252_/CLK (sky130_fd_sc_hd__dfrtp_1)
                          0.25    0.50   clock uncertainty
                         -0.02    0.48   clock reconvergence pessimism
                         -0.02    0.46   library hold time
                                  0.46   data required time
-----------------------------------------------------------------------------
                                  0.46   data required time
                                 -0.62   data arrival time
-----------------------------------------------------------------------------
                                  0.16   slack (MET)


Startpoint: _237_ (rising edge-triggered flip-flop clocked by clk)
Endpoint: _230_ (rising edge-triggered flip-flop clocked by clk)
Path Group: clk
Path Type: min
Corner: Fastest

Fanout     Cap    Slew   Delay    Time   Description
-----------------------------------------------------------------------------
                          0.00    0.00   clock clk (rise edge)
                          0.00    0.00   clock source latency
                  0.06    0.04    0.04 ^ clk (in)
     1    0.02                           clk (net)
                  0.06    0.00    0.04 ^ clkbuf_0_clk/A (sky130_fd_sc_hd__clkbuf_16)
                  0.05    0.10    0.13 ^ clkbuf_0_clk/X (sky130_fd_sc_hd__clkbuf_16)
     4    0.04                           clknet_0_clk (net)
                  0.05    0.00    0.14 ^ clkbuf_2_3__f_clk/A (sky130_fd_sc_hd__clkbuf_16)
                  0.04    0.09    0.23 ^ clkbuf_2_3__f_clk/X (sky130_fd_sc_hd__clkbuf_16)
     9    0.03                           clknet_2_3__leaf_clk (net)
                  0.04    0.00    0.23 ^ _237_/CLK (sky130_fd_sc_hd__dfstp_1)
                  0.03    0.21    0.44 v _237_/Q (sky130_fd_sc_hd__dfstp_1)
     2    0.00                           rx_inst.rx (net)
                  0.03    0.00    0.44 v _116_/A (sky130_fd_sc_hd__buf_2)
                  0.06    0.11    0.55 v _116_/X (sky130_fd_sc_hd__buf_2)
    10    0.04                           _058_ (net)
                  0.06    0.00    0.55 v _149_/B1 (sky130_fd_sc_hd__o21a_1)
                  0.03    0.08    0.63 v _149_/X (sky130_fd_sc_hd__o21a_1)
     2    0.01                           _000_ (net)
                  0.03    0.00    0.63 v _230_/D (sky130_fd_sc_hd__dfstp_1)
                                  0.63   data arrival time

                          0.00    0.00   clock clk (rise edge)
                          0.00    0.00   clock source latency
                  0.06    0.04    0.04 ^ clk (in)
     1    0.02                           clk (net)
                  0.06    0.00    0.04 ^ clkbuf_0_clk/A (sky130_fd_sc_hd__clkbuf_16)
                  0.05    0.11    0.15 ^ clkbuf_0_clk/X (sky130_fd_sc_hd__clkbuf_16)
     4    0.04                           clknet_0_clk (net)
                  0.05    0.00    0.15 ^ clkbuf_2_2__f_clk/A (sky130_fd_sc_hd__clkbuf_16)
                  0.03    0.09    0.24 ^ clkbuf_2_2__f_clk/X (sky130_fd_sc_hd__clkbuf_16)
     6    0.02                           clknet_2_2__leaf_clk (net)
                  0.03    0.00    0.24 ^ _230_/CLK (sky130_fd_sc_hd__dfstp_1)
                          0.25    0.49   clock uncertainty
                         -0.01    0.48   clock reconvergence pessimism
                         -0.01    0.47   library hold time
                                  0.47   data required time
-----------------------------------------------------------------------------
                                  0.47   data required time
                                 -0.63   data arrival time
-----------------------------------------------------------------------------
                                  0.16   slack (MET)


Startpoint: _231_ (rising edge-triggered flip-flop clocked by clk)
Endpoint: _241_ (rising edge-triggered flip-flop clocked by clk)
Path Group: clk
Path Type: min
Corner: Fastest

Fanout     Cap    Slew   Delay    Time   Description
-----------------------------------------------------------------------------
                          0.00    0.00   clock clk (rise edge)
                          0.00    0.00   clock source latency
                  0.06    0.04    0.04 ^ clk (in)
     1    0.02                           clk (net)
                  0.06    0.00    0.04 ^ clkbuf_0_clk/A (sky130_fd_sc_hd__clkbuf_16)
                  0.05    0.10    0.13 ^ clkbuf_0_clk/X (sky130_fd_sc_hd__clkbuf_16)
     4    0.04                           clknet_0_clk (net)
                  0.05    0.00    0.14 ^ clkbuf_2_0__f_clk/A (sky130_fd_sc_hd__clkbuf_16)
                  0.04    0.09    0.23 ^ clkbuf_2_0__f_clk/X (sky130_fd_sc_hd__clkbuf_16)
     9    0.03                           clknet_2_0__leaf_clk (net)
                  0.04    0.00    0.23 ^ _231_/CLK (sky130_fd_sc_hd__dfrtp_2)
                  0.08    0.24    0.47 ^ _231_/Q (sky130_fd_sc_hd__dfrtp_2)
     6    0.02                           rx_inst.state[1] (net)
                  0.08    0.00    0.47 ^ _151_/A (sky130_fd_sc_hd__or2b_1)
                  0.06    0.08    0.55 ^ _151_/X (sky130_fd_sc_hd__or2b_1)
     2    0.01                           _083_ (net)
                  0.06    0.00    0.55 ^ _152_/B1 (sky130_fd_sc_hd__a22o_1)
                  0.03    0.07    0.62 ^ _152_/X (sky130_fd_sc_hd__a22o_1)
     1    0.00                           _039_ (net)
                  0.03    0.00    0.62 ^ _241_/D (sky130_fd_sc_hd__dfrtp_4)
                                  0.62   data arrival time

                          0.00    0.00   clock clk (rise edge)
                          0.00    0.00   clock source latency
                  0.06    0.04    0.04 ^ clk (in)
     1    0.02                           clk (net)
                  0.06    0.00    0.04 ^ clkbuf_0_clk/A (sky130_fd_sc_hd__clkbuf_16)
                  0.05    0.11    0.15 ^ clkbuf_0_clk/X (sky130_fd_sc_hd__clkbuf_16)
     4    0.04                           clknet_0_clk (net)
                  0.05    0.00    0.15 ^ clkbuf_2_0__f_clk/A (sky130_fd_sc_hd__clkbuf_16)
                  0.04    0.10    0.25 ^ clkbuf_2_0__f_clk/X (sky130_fd_sc_hd__clkbuf_16)
     9    0.03                           clknet_2_0__leaf_clk (net)
                  0.04    0.00    0.25 ^ _241_/CLK (sky130_fd_sc_hd__dfrtp_4)
                          0.25    0.50   clock uncertainty
                         -0.02    0.48   clock reconvergence pessimism
                         -0.02    0.46   library hold time
                                  0.46   data required time
-----------------------------------------------------------------------------
                                  0.46   data required time
                                 -0.62   data arrival time
-----------------------------------------------------------------------------
                                  0.17   slack (MET)


Startpoint: _245_ (rising edge-triggered flip-flop clocked by clk)
Endpoint: _242_ (rising edge-triggered flip-flop clocked by clk)
Path Group: clk
Path Type: min
Corner: Fastest

Fanout     Cap    Slew   Delay    Time   Description
-----------------------------------------------------------------------------
                          0.00    0.00   clock clk (rise edge)
                          0.00    0.00   clock source latency
                  0.06    0.04    0.04 ^ clk (in)
     1    0.02                           clk (net)
                  0.06    0.00    0.04 ^ clkbuf_0_clk/A (sky130_fd_sc_hd__clkbuf_16)
                  0.05    0.10    0.13 ^ clkbuf_0_clk/X (sky130_fd_sc_hd__clkbuf_16)
     4    0.04                           clknet_0_clk (net)
                  0.05    0.00    0.14 ^ clkbuf_2_3__f_clk/A (sky130_fd_sc_hd__clkbuf_16)
                  0.04    0.09    0.23 ^ clkbuf_2_3__f_clk/X (sky130_fd_sc_hd__clkbuf_16)
     9    0.03                           clknet_2_3__leaf_clk (net)
                  0.04    0.00    0.23 ^ _245_/CLK (sky130_fd_sc_hd__dfrtp_1)
                  0.04    0.19    0.42 ^ _245_/Q (sky130_fd_sc_hd__dfrtp_1)
     1    0.00                           tx_inst.state[3] (net)
                  0.04    0.00    0.42 ^ hold5/A (sky130_fd_sc_hd__clkdlybuf4s25_1)
                  0.10    0.20    0.62 ^ hold5/X (sky130_fd_sc_hd__clkdlybuf4s25_1)
     3    0.01                           net25 (net)
                  0.10    0.00    0.62 ^ _171_/B1 (sky130_fd_sc_hd__a21o_1)
                  0.03    0.05    0.67 ^ _171_/X (sky130_fd_sc_hd__a21o_1)
     1    0.00                           _006_ (net)
                  0.03    0.00    0.67 ^ _242_/D (sky130_fd_sc_hd__dfstp_1)
                                  0.67   data arrival time

                          0.00    0.00   clock clk (rise edge)
                          0.00    0.00   clock source latency
                  0.06    0.04    0.04 ^ clk (in)
     1    0.02                           clk (net)
                  0.06    0.00    0.04 ^ clkbuf_0_clk/A (sky130_fd_sc_hd__clkbuf_16)
                  0.05    0.11    0.15 ^ clkbuf_0_clk/X (sky130_fd_sc_hd__clkbuf_16)
     4    0.04                           clknet_0_clk (net)
                  0.05    0.00    0.15 ^ clkbuf_2_3__f_clk/A (sky130_fd_sc_hd__clkbuf_16)
                  0.04    0.10    0.25 ^ clkbuf_2_3__f_clk/X (sky130_fd_sc_hd__clkbuf_16)
     9    0.03                           clknet_2_3__leaf_clk (net)
                  0.04    0.00    0.25 ^ _242_/CLK (sky130_fd_sc_hd__dfstp_1)
                          0.25    0.50   clock uncertainty
                         -0.02    0.48   clock reconvergence pessimism
                         -0.02    0.46   library hold time
                                  0.46   data required time
-----------------------------------------------------------------------------
                                  0.46   data required time
                                 -0.67   data arrival time
-----------------------------------------------------------------------------
                                  0.21   slack (MET)


Startpoint: _239_ (rising edge-triggered flip-flop clocked by clk)
Endpoint: _250_ (rising edge-triggered flip-flop clocked by clk)
Path Group: clk
Path Type: min
Corner: Fastest

Fanout     Cap    Slew   Delay    Time   Description
-----------------------------------------------------------------------------
                          0.00    0.00   clock clk (rise edge)
                          0.00    0.00   clock source latency
                  0.06    0.04    0.04 ^ clk (in)
     1    0.02                           clk (net)
                  0.06    0.00    0.04 ^ clkbuf_0_clk/A (sky130_fd_sc_hd__clkbuf_16)
                  0.05    0.10    0.13 ^ clkbuf_0_clk/X (sky130_fd_sc_hd__clkbuf_16)
     4    0.04                           clknet_0_clk (net)
                  0.05    0.00    0.14 ^ clkbuf_2_0__f_clk/A (sky130_fd_sc_hd__clkbuf_16)
                  0.04    0.09    0.23 ^ clkbuf_2_0__f_clk/X (sky130_fd_sc_hd__clkbuf_16)
     9    0.03                           clknet_2_0__leaf_clk (net)
                  0.04    0.00    0.23 ^ _239_/CLK (sky130_fd_sc_hd__dfrtp_1)
                  0.04    0.23    0.45 v _239_/Q (sky130_fd_sc_hd__dfrtp_1)
     2    0.01                           rx_inst.bit_count[0] (net)
                  0.04    0.00    0.45 v _130_/A (sky130_fd_sc_hd__inv_2)
                  0.04    0.04    0.50 ^ _130_/Y (sky130_fd_sc_hd__inv_2)
     3    0.01                           _070_ (net)
                  0.04    0.00    0.50 ^ _136_/C (sky130_fd_sc_hd__or4_1)
                  0.05    0.08    0.58 ^ _136_/X (sky130_fd_sc_hd__or4_1)
     1    0.01                           _074_ (net)
                  0.05    0.00    0.58 ^ _137_/S (sky130_fd_sc_hd__mux2_1)
                  0.03    0.08    0.65 ^ _137_/X (sky130_fd_sc_hd__mux2_1)
     1    0.00                           _075_ (net)
                  0.03    0.00    0.65 ^ _138_/A (sky130_fd_sc_hd__clkbuf_1)
                  0.03    0.05    0.70 ^ _138_/X (sky130_fd_sc_hd__clkbuf_1)
     1    0.00                           _044_ (net)
                  0.03    0.00    0.70 ^ _250_/D (sky130_fd_sc_hd__dfrtp_1)
                                  0.70   data arrival time

                          0.00    0.00   clock clk (rise edge)
                          0.00    0.00   clock source latency
                  0.06    0.04    0.04 ^ clk (in)
     1    0.02                           clk (net)
                  0.06    0.00    0.04 ^ clkbuf_0_clk/A (sky130_fd_sc_hd__clkbuf_16)
                  0.05    0.11    0.15 ^ clkbuf_0_clk/X (sky130_fd_sc_hd__clkbuf_16)
     4    0.04                           clknet_0_clk (net)
                  0.05    0.00    0.15 ^ clkbuf_2_0__f_clk/A (sky130_fd_sc_hd__clkbuf_16)
                  0.04    0.10    0.25 ^ clkbuf_2_0__f_clk/X (sky130_fd_sc_hd__clkbuf_16)
     9    0.03                           clknet_2_0__leaf_clk (net)
                  0.04    0.00    0.25 ^ _250_/CLK (sky130_fd_sc_hd__dfrtp_1)
                          0.25    0.50   clock uncertainty
                         -0.02    0.48   clock reconvergence pessimism
                         -0.02    0.46   library hold time
                                  0.46   data required time
-----------------------------------------------------------------------------
                                  0.46   data required time
                                 -0.70   data arrival time
-----------------------------------------------------------------------------
                                  0.25   slack (MET)


Startpoint: _241_ (rising edge-triggered flip-flop clocked by clk)
Endpoint: _249_ (rising edge-triggered flip-flop clocked by clk)
Path Group: clk
Path Type: min
Corner: Fastest

Fanout     Cap    Slew   Delay    Time   Description
-----------------------------------------------------------------------------
                          0.00    0.00   clock clk (rise edge)
                          0.00    0.00   clock source latency
                  0.06    0.04    0.04 ^ clk (in)
     1    0.02                           clk (net)
                  0.06    0.00    0.04 ^ clkbuf_0_clk/A (sky130_fd_sc_hd__clkbuf_16)
                  0.05    0.10    0.13 ^ clkbuf_0_clk/X (sky130_fd_sc_hd__clkbuf_16)
     4    0.04                           clknet_0_clk (net)
                  0.05    0.00    0.14 ^ clkbuf_2_0__f_clk/A (sky130_fd_sc_hd__clkbuf_16)
                  0.04    0.09    0.23 ^ clkbuf_2_0__f_clk/X (sky130_fd_sc_hd__clkbuf_16)
     9    0.03                           clknet_2_0__leaf_clk (net)
                  0.04    0.00    0.23 ^ _241_/CLK (sky130_fd_sc_hd__dfrtp_4)
                  0.08    0.28    0.50 ^ _241_/Q (sky130_fd_sc_hd__dfrtp_4)
     9    0.03                           rx_inst.bit_count[2] (net)
                  0.08    0.00    0.50 ^ _139_/A (sky130_fd_sc_hd__or4_1)
                  0.04    0.08    0.59 ^ _139_/X (sky130_fd_sc_hd__or4_1)
     1    0.01                           _076_ (net)
                  0.04    0.00    0.59 ^ _140_/S (sky130_fd_sc_hd__mux2_1)
                  0.03    0.07    0.66 ^ _140_/X (sky130_fd_sc_hd__mux2_1)
     1    0.00                           _077_ (net)
                  0.03    0.00    0.66 ^ _141_/A (sky130_fd_sc_hd__clkbuf_1)
                  0.03    0.05    0.71 ^ _141_/X (sky130_fd_sc_hd__clkbuf_1)
     1    0.00                           _043_ (net)
                  0.03    0.00    0.71 ^ _249_/D (sky130_fd_sc_hd__dfrtp_1)
                                  0.71   data arrival time

                          0.00    0.00   clock clk (rise edge)
                          0.00    0.00   clock source latency
                  0.06    0.04    0.04 ^ clk (in)
     1    0.02                           clk (net)
                  0.06    0.00    0.04 ^ clkbuf_0_clk/A (sky130_fd_sc_hd__clkbuf_16)
                  0.05    0.11    0.15 ^ clkbuf_0_clk/X (sky130_fd_sc_hd__clkbuf_16)
     4    0.04                           clknet_0_clk (net)
                  0.05    0.00    0.15 ^ clkbuf_2_0__f_clk/A (sky130_fd_sc_hd__clkbuf_16)
                  0.04    0.10    0.25 ^ clkbuf_2_0__f_clk/X (sky130_fd_sc_hd__clkbuf_16)
     9    0.03                           clknet_2_0__leaf_clk (net)
                  0.04    0.00    0.25 ^ _249_/CLK (sky130_fd_sc_hd__dfrtp_1)
                          0.25    0.50   clock uncertainty
                         -0.02    0.48   clock reconvergence pessimism
                         -0.02    0.46   library hold time
                                  0.46   data required time
-----------------------------------------------------------------------------
                                  0.46   data required time
                                 -0.71   data arrival time
-----------------------------------------------------------------------------
                                  0.25   slack (MET)


Startpoint: _240_ (rising edge-triggered flip-flop clocked by clk)
Endpoint: _251_ (rising edge-triggered flip-flop clocked by clk)
Path Group: clk
Path Type: min
Corner: Fastest

Fanout     Cap    Slew   Delay    Time   Description
-----------------------------------------------------------------------------
                          0.00    0.00   clock clk (rise edge)
                          0.00    0.00   clock source latency
                  0.06    0.04    0.04 ^ clk (in)
     1    0.02                           clk (net)
                  0.06    0.00    0.04 ^ clkbuf_0_clk/A (sky130_fd_sc_hd__clkbuf_16)
                  0.05    0.10    0.13 ^ clkbuf_0_clk/X (sky130_fd_sc_hd__clkbuf_16)
     4    0.04                           clknet_0_clk (net)
                  0.05    0.00    0.14 ^ clkbuf_2_0__f_clk/A (sky130_fd_sc_hd__clkbuf_16)
                  0.04    0.09    0.23 ^ clkbuf_2_0__f_clk/X (sky130_fd_sc_hd__clkbuf_16)
     9    0.03                           clknet_2_0__leaf_clk (net)
                  0.04    0.00    0.23 ^ _240_/CLK (sky130_fd_sc_hd__dfrtp_4)
                  0.09    0.28    0.51 ^ _240_/Q (sky130_fd_sc_hd__dfrtp_4)
    10    0.04                           rx_inst.bit_count[1] (net)
                  0.09    0.00    0.51 ^ _133_/A (sky130_fd_sc_hd__or3_1)
                  0.06    0.10    0.61 ^ _133_/X (sky130_fd_sc_hd__or3_1)
     1    0.01                           _072_ (net)
                  0.06    0.00    0.61 ^ _134_/S (sky130_fd_sc_hd__mux2_1)
                  0.03    0.08    0.69 ^ _134_/X (sky130_fd_sc_hd__mux2_1)
     1    0.00                           _073_ (net)
                  0.03    0.00    0.69 ^ _135_/A (sky130_fd_sc_hd__clkbuf_1)
                  0.03    0.05    0.73 ^ _135_/X (sky130_fd_sc_hd__clkbuf_1)
     1    0.00                           _045_ (net)
                  0.03    0.00    0.73 ^ _251_/D (sky130_fd_sc_hd__dfrtp_1)
                                  0.73   data arrival time

                          0.00    0.00   clock clk (rise edge)
                          0.00    0.00   clock source latency
                  0.06    0.04    0.04 ^ clk (in)
     1    0.02                           clk (net)
                  0.06    0.00    0.04 ^ clkbuf_0_clk/A (sky130_fd_sc_hd__clkbuf_16)
                  0.05    0.11    0.15 ^ clkbuf_0_clk/X (sky130_fd_sc_hd__clkbuf_16)
     4    0.04                           clknet_0_clk (net)
                  0.05    0.00    0.15 ^ clkbuf_2_2__f_clk/A (sky130_fd_sc_hd__clkbuf_16)
                  0.03    0.09    0.24 ^ clkbuf_2_2__f_clk/X (sky130_fd_sc_hd__clkbuf_16)
     6    0.02                           clknet_2_2__leaf_clk (net)
                  0.03    0.00    0.24 ^ _251_/CLK (sky130_fd_sc_hd__dfrtp_1)
                          0.25    0.49   clock uncertainty
                         -0.01    0.48   clock reconvergence pessimism
                         -0.02    0.46   library hold time
                                  0.46   data required time
-----------------------------------------------------------------------------
                                  0.46   data required time
                                 -0.73   data arrival time
-----------------------------------------------------------------------------
                                  0.27   slack (MET)


Startpoint: _237_ (rising edge-triggered flip-flop clocked by clk)
Endpoint: _247_ (rising edge-triggered flip-flop clocked by clk)
Path Group: clk
Path Type: min
Corner: Fastest

Fanout     Cap    Slew   Delay    Time   Description
-----------------------------------------------------------------------------
                          0.00    0.00   clock clk (rise edge)
                          0.00    0.00   clock source latency
                  0.06    0.04    0.04 ^ clk (in)
     1    0.02                           clk (net)
                  0.06    0.00    0.04 ^ clkbuf_0_clk/A (sky130_fd_sc_hd__clkbuf_16)
                  0.05    0.10    0.13 ^ clkbuf_0_clk/X (sky130_fd_sc_hd__clkbuf_16)
     4    0.04                           clknet_0_clk (net)
                  0.05    0.00    0.14 ^ clkbuf_2_3__f_clk/A (sky130_fd_sc_hd__clkbuf_16)
                  0.04    0.09    0.23 ^ clkbuf_2_3__f_clk/X (sky130_fd_sc_hd__clkbuf_16)
     9    0.03                           clknet_2_3__leaf_clk (net)
                  0.04    0.00    0.23 ^ _237_/CLK (sky130_fd_sc_hd__dfstp_1)
                  0.03    0.21    0.44 v _237_/Q (sky130_fd_sc_hd__dfstp_1)
     2    0.00                           rx_inst.rx (net)
                  0.03    0.00    0.44 v _116_/A (sky130_fd_sc_hd__buf_2)
                  0.06    0.11    0.55 v _116_/X (sky130_fd_sc_hd__buf_2)
    10    0.04                           _058_ (net)
                  0.06    0.00    0.55 v _146_/A1 (sky130_fd_sc_hd__mux2_1)
                  0.04    0.15    0.70 v _146_/X (sky130_fd_sc_hd__mux2_1)
     1    0.00                           _081_ (net)
                  0.04    0.00    0.70 v _147_/A (sky130_fd_sc_hd__clkbuf_1)
                  0.02    0.05    0.75 v _147_/X (sky130_fd_sc_hd__clkbuf_1)
     1    0.00                           _041_ (net)
                  0.02    0.00    0.75 v _247_/D (sky130_fd_sc_hd__dfrtp_1)
                                  0.75   data arrival time

                          0.00    0.00   clock clk (rise edge)
                          0.00    0.00   clock source latency
                  0.06    0.04    0.04 ^ clk (in)
     1    0.02                           clk (net)
                  0.06    0.00    0.04 ^ clkbuf_0_clk/A (sky130_fd_sc_hd__clkbuf_16)
                  0.05    0.11    0.15 ^ clkbuf_0_clk/X (sky130_fd_sc_hd__clkbuf_16)
     4    0.04                           clknet_0_clk (net)
                  0.05    0.00    0.15 ^ clkbuf_2_2__f_clk/A (sky130_fd_sc_hd__clkbuf_16)
                  0.03    0.09    0.24 ^ clkbuf_2_2__f_clk/X (sky130_fd_sc_hd__clkbuf_16)
     6    0.02                           clknet_2_2__leaf_clk (net)
                  0.03    0.00    0.24 ^ _247_/CLK (sky130_fd_sc_hd__dfrtp_1)
                          0.25    0.49   clock uncertainty
                         -0.01    0.48   clock reconvergence pessimism
                         -0.03    0.45   library hold time
                                  0.45   data required time
-----------------------------------------------------------------------------
                                  0.45   data required time
                                 -0.75   data arrival time
-----------------------------------------------------------------------------
                                  0.30   slack (MET)


Startpoint: _237_ (rising edge-triggered flip-flop clocked by clk)
Endpoint: _253_ (rising edge-triggered flip-flop clocked by clk)
Path Group: clk
Path Type: min
Corner: Fastest

Fanout     Cap    Slew   Delay    Time   Description
-----------------------------------------------------------------------------
                          0.00    0.00   clock clk (rise edge)
                          0.00    0.00   clock source latency
                  0.06    0.04    0.04 ^ clk (in)
     1    0.02                           clk (net)
                  0.06    0.00    0.04 ^ clkbuf_0_clk/A (sky130_fd_sc_hd__clkbuf_16)
                  0.05    0.10    0.13 ^ clkbuf_0_clk/X (sky130_fd_sc_hd__clkbuf_16)
     4    0.04                           clknet_0_clk (net)
                  0.05    0.00    0.14 ^ clkbuf_2_3__f_clk/A (sky130_fd_sc_hd__clkbuf_16)
                  0.04    0.09    0.23 ^ clkbuf_2_3__f_clk/X (sky130_fd_sc_hd__clkbuf_16)
     9    0.03                           clknet_2_3__leaf_clk (net)
                  0.04    0.00    0.23 ^ _237_/CLK (sky130_fd_sc_hd__dfstp_1)
                  0.03    0.21    0.44 v _237_/Q (sky130_fd_sc_hd__dfstp_1)
     2    0.00                           rx_inst.rx (net)
                  0.03    0.00    0.44 v _116_/A (sky130_fd_sc_hd__buf_2)
                  0.06    0.11    0.55 v _116_/X (sky130_fd_sc_hd__buf_2)
    10    0.04                           _058_ (net)
                  0.06    0.00    0.55 v _128_/A0 (sky130_fd_sc_hd__mux2_1)
                  0.04    0.14    0.69 v _128_/X (sky130_fd_sc_hd__mux2_1)
     1    0.00                           _069_ (net)
                  0.04    0.00    0.69 v _129_/A (sky130_fd_sc_hd__clkbuf_1)
                  0.02    0.06    0.75 v _129_/X (sky130_fd_sc_hd__clkbuf_1)
     1    0.00                           _047_ (net)
                  0.02    0.00    0.75 v _253_/D (sky130_fd_sc_hd__dfrtp_1)
                                  0.75   data arrival time

                          0.00    0.00   clock clk (rise edge)
                          0.00    0.00   clock source latency
                  0.06    0.04    0.04 ^ clk (in)
     1    0.02                           clk (net)
                  0.06    0.00    0.04 ^ clkbuf_0_clk/A (sky130_fd_sc_hd__clkbuf_16)
                  0.05    0.11    0.15 ^ clkbuf_0_clk/X (sky130_fd_sc_hd__clkbuf_16)
     4    0.04                           clknet_0_clk (net)
                  0.05    0.00    0.15 ^ clkbuf_2_3__f_clk/A (sky130_fd_sc_hd__clkbuf_16)
                  0.04    0.10    0.25 ^ clkbuf_2_3__f_clk/X (sky130_fd_sc_hd__clkbuf_16)
     9    0.03                           clknet_2_3__leaf_clk (net)
                  0.04    0.00    0.25 ^ _253_/CLK (sky130_fd_sc_hd__dfrtp_1)
                          0.25    0.50   clock uncertainty
                         -0.02    0.48   clock reconvergence pessimism
                         -0.03    0.45   library hold time
                                  0.45   data required time
-----------------------------------------------------------------------------
                                  0.45   data required time
                                 -0.75   data arrival time
-----------------------------------------------------------------------------
                                  0.30   slack (MET)


Startpoint: _242_ (rising edge-triggered flip-flop clocked by clk)
Endpoint: _261_ (rising edge-triggered flip-flop clocked by clk)
Path Group: clk
Path Type: min
Corner: Fastest

Fanout     Cap    Slew   Delay    Time   Description
-----------------------------------------------------------------------------
                          0.00    0.00   clock clk (rise edge)
                          0.00    0.00   clock source latency
                  0.06    0.04    0.04 ^ clk (in)
     1    0.02                           clk (net)
                  0.06    0.00    0.04 ^ clkbuf_0_clk/A (sky130_fd_sc_hd__clkbuf_16)
                  0.05    0.10    0.13 ^ clkbuf_0_clk/X (sky130_fd_sc_hd__clkbuf_16)
     4    0.04                           clknet_0_clk (net)
                  0.05    0.00    0.14 ^ clkbuf_2_3__f_clk/A (sky130_fd_sc_hd__clkbuf_16)
                  0.04    0.09    0.23 ^ clkbuf_2_3__f_clk/X (sky130_fd_sc_hd__clkbuf_16)
     9    0.03                           clknet_2_3__leaf_clk (net)
                  0.04    0.00    0.23 ^ _242_/CLK (sky130_fd_sc_hd__dfstp_1)
                  0.04    0.22    0.45 v _242_/Q (sky130_fd_sc_hd__dfstp_1)
     3    0.01                           tx_inst.state[0] (net)
                  0.04    0.00    0.45 v _212_/A (sky130_fd_sc_hd__and3_1)
                  0.02    0.08    0.53 v _212_/X (sky130_fd_sc_hd__and3_1)
     1    0.00                           _104_ (net)
                  0.02    0.00    0.53 v _213_/A (sky130_fd_sc_hd__clkbuf_4)
                  0.06    0.12    0.65 v _213_/X (sky130_fd_sc_hd__clkbuf_4)
     8    0.04                           _105_ (net)
                  0.06    0.00    0.65 v _226_/S (sky130_fd_sc_hd__mux2_1)
                  0.03    0.13    0.78 ^ _226_/X (sky130_fd_sc_hd__mux2_1)
     1    0.00                           _112_ (net)
                  0.03    0.00    0.78 ^ _227_/A (sky130_fd_sc_hd__clkbuf_1)
                  0.03    0.04    0.82 ^ _227_/X (sky130_fd_sc_hd__clkbuf_1)
     1    0.00                           _055_ (net)
                  0.03    0.00    0.82 ^ _261_/D (sky130_fd_sc_hd__dfxtp_1)
                                  0.82   data arrival time

                          0.00    0.00   clock clk (rise edge)
                          0.00    0.00   clock source latency
                  0.06    0.04    0.04 ^ clk (in)
     1    0.02                           clk (net)
                  0.06    0.00    0.04 ^ clkbuf_0_clk/A (sky130_fd_sc_hd__clkbuf_16)
                  0.05    0.11    0.15 ^ clkbuf_0_clk/X (sky130_fd_sc_hd__clkbuf_16)
     4    0.04                           clknet_0_clk (net)
                  0.05    0.00    0.15 ^ clkbuf_2_1__f_clk/A (sky130_fd_sc_hd__clkbuf_16)
                  0.04    0.10    0.25 ^ clkbuf_2_1__f_clk/X (sky130_fd_sc_hd__clkbuf_16)
     9    0.03                           clknet_2_1__leaf_clk (net)
                  0.04    0.00    0.25 ^ _261_/CLK (sky130_fd_sc_hd__dfxtp_1)
                          0.25    0.50   clock uncertainty
                         -0.01    0.49   clock reconvergence pessimism
                         -0.02    0.47   library hold time
                                  0.47   data required time
-----------------------------------------------------------------------------
                                  0.47   data required time
                                 -0.82   data arrival time
-----------------------------------------------------------------------------
                                  0.35   slack (MET)


Startpoint: _242_ (rising edge-triggered flip-flop clocked by clk)
Endpoint: _256_ (rising edge-triggered flip-flop clocked by clk)
Path Group: clk
Path Type: min
Corner: Fastest

Fanout     Cap    Slew   Delay    Time   Description
-----------------------------------------------------------------------------
                          0.00    0.00   clock clk (rise edge)
                          0.00    0.00   clock source latency
                  0.06    0.04    0.04 ^ clk (in)
     1    0.02                           clk (net)
                  0.06    0.00    0.04 ^ clkbuf_0_clk/A (sky130_fd_sc_hd__clkbuf_16)
                  0.05    0.10    0.13 ^ clkbuf_0_clk/X (sky130_fd_sc_hd__clkbuf_16)
     4    0.04                           clknet_0_clk (net)
                  0.05    0.00    0.14 ^ clkbuf_2_3__f_clk/A (sky130_fd_sc_hd__clkbuf_16)
                  0.04    0.09    0.23 ^ clkbuf_2_3__f_clk/X (sky130_fd_sc_hd__clkbuf_16)
     9    0.03                           clknet_2_3__leaf_clk (net)
                  0.04    0.00    0.23 ^ _242_/CLK (sky130_fd_sc_hd__dfstp_1)
                  0.04    0.22    0.45 v _242_/Q (sky130_fd_sc_hd__dfstp_1)
     3    0.01                           tx_inst.state[0] (net)
                  0.04    0.00    0.45 v _212_/A (sky130_fd_sc_hd__and3_1)
                  0.02    0.08    0.53 v _212_/X (sky130_fd_sc_hd__and3_1)
     1    0.00                           _104_ (net)
                  0.02    0.00    0.53 v _213_/A (sky130_fd_sc_hd__clkbuf_4)
                  0.06    0.12    0.65 v _213_/X (sky130_fd_sc_hd__clkbuf_4)
     8    0.04                           _105_ (net)
                  0.06    0.00    0.65 v _216_/S (sky130_fd_sc_hd__mux2_1)
                  0.03    0.13    0.78 ^ _216_/X (sky130_fd_sc_hd__mux2_1)
     1    0.00                           _107_ (net)
                  0.03    0.00    0.78 ^ _217_/A (sky130_fd_sc_hd__clkbuf_1)
                  0.03    0.05    0.83 ^ _217_/X (sky130_fd_sc_hd__clkbuf_1)
     1    0.00                           _050_ (net)
                  0.03    0.00    0.83 ^ _256_/D (sky130_fd_sc_hd__dfxtp_1)
                                  0.83   data arrival time

                          0.00    0.00   clock clk (rise edge)
                          0.00    0.00   clock source latency
                  0.06    0.04    0.04 ^ clk (in)
     1    0.02                           clk (net)
                  0.06    0.00    0.04 ^ clkbuf_0_clk/A (sky130_fd_sc_hd__clkbuf_16)
                  0.05    0.11    0.15 ^ clkbuf_0_clk/X (sky130_fd_sc_hd__clkbuf_16)
     4    0.04                           clknet_0_clk (net)
                  0.05    0.00    0.15 ^ clkbuf_2_1__f_clk/A (sky130_fd_sc_hd__clkbuf_16)
                  0.04    0.10    0.25 ^ clkbuf_2_1__f_clk/X (sky130_fd_sc_hd__clkbuf_16)
     9    0.03                           clknet_2_1__leaf_clk (net)
                  0.04    0.00    0.25 ^ _256_/CLK (sky130_fd_sc_hd__dfxtp_1)
                          0.25    0.50   clock uncertainty
                         -0.01    0.48   clock reconvergence pessimism
                         -0.02    0.47   library hold time
                                  0.47   data required time
-----------------------------------------------------------------------------
                                  0.47   data required time
                                 -0.83   data arrival time
-----------------------------------------------------------------------------
                                  0.36   slack (MET)


Startpoint: _242_ (rising edge-triggered flip-flop clocked by clk)
Endpoint: _255_ (rising edge-triggered flip-flop clocked by clk)
Path Group: clk
Path Type: min
Corner: Fastest

Fanout     Cap    Slew   Delay    Time   Description
-----------------------------------------------------------------------------
                          0.00    0.00   clock clk (rise edge)
                          0.00    0.00   clock source latency
                  0.06    0.04    0.04 ^ clk (in)
     1    0.02                           clk (net)
                  0.06    0.00    0.04 ^ clkbuf_0_clk/A (sky130_fd_sc_hd__clkbuf_16)
                  0.05    0.10    0.13 ^ clkbuf_0_clk/X (sky130_fd_sc_hd__clkbuf_16)
     4    0.04                           clknet_0_clk (net)
                  0.05    0.00    0.14 ^ clkbuf_2_3__f_clk/A (sky130_fd_sc_hd__clkbuf_16)
                  0.04    0.09    0.23 ^ clkbuf_2_3__f_clk/X (sky130_fd_sc_hd__clkbuf_16)
     9    0.03                           clknet_2_3__leaf_clk (net)
                  0.04    0.00    0.23 ^ _242_/CLK (sky130_fd_sc_hd__dfstp_1)
                  0.04    0.22    0.45 v _242_/Q (sky130_fd_sc_hd__dfstp_1)
     3    0.01                           tx_inst.state[0] (net)
                  0.04    0.00    0.45 v _212_/A (sky130_fd_sc_hd__and3_1)
                  0.02    0.08    0.53 v _212_/X (sky130_fd_sc_hd__and3_1)
     1    0.00                           _104_ (net)
                  0.02    0.00    0.53 v _213_/A (sky130_fd_sc_hd__clkbuf_4)
                  0.06    0.12    0.65 v _213_/X (sky130_fd_sc_hd__clkbuf_4)
     8    0.04                           _105_ (net)
                  0.06    0.00    0.65 v _214_/S (sky130_fd_sc_hd__mux2_1)
                  0.03    0.13    0.78 ^ _214_/X (sky130_fd_sc_hd__mux2_1)
     1    0.00                           _106_ (net)
                  0.03    0.00    0.78 ^ _215_/A (sky130_fd_sc_hd__clkbuf_1)
                  0.03    0.05    0.83 ^ _215_/X (sky130_fd_sc_hd__clkbuf_1)
     1    0.00                           _049_ (net)
                  0.03    0.00    0.83 ^ _255_/D (sky130_fd_sc_hd__dfxtp_1)
                                  0.83   data arrival time

                          0.00    0.00   clock clk (rise edge)
                          0.00    0.00   clock source latency
                  0.06    0.04    0.04 ^ clk (in)
     1    0.02                           clk (net)
                  0.06    0.00    0.04 ^ clkbuf_0_clk/A (sky130_fd_sc_hd__clkbuf_16)
                  0.05    0.11    0.15 ^ clkbuf_0_clk/X (sky130_fd_sc_hd__clkbuf_16)
     4    0.04                           clknet_0_clk (net)
                  0.05    0.00    0.15 ^ clkbuf_2_1__f_clk/A (sky130_fd_sc_hd__clkbuf_16)
                  0.04    0.10    0.25 ^ clkbuf_2_1__f_clk/X (sky130_fd_sc_hd__clkbuf_16)
     9    0.03                           clknet_2_1__leaf_clk (net)
                  0.04    0.00    0.25 ^ _255_/CLK (sky130_fd_sc_hd__dfxtp_1)
                          0.25    0.50   clock uncertainty
                         -0.01    0.48   clock reconvergence pessimism
                         -0.02    0.47   library hold time
                                  0.47   data required time
-----------------------------------------------------------------------------
                                  0.47   data required time
                                 -0.83   data arrival time
-----------------------------------------------------------------------------
                                  0.36   slack (MET)


Startpoint: _242_ (rising edge-triggered flip-flop clocked by clk)
Endpoint: _258_ (rising edge-triggered flip-flop clocked by clk)
Path Group: clk
Path Type: min
Corner: Fastest

Fanout     Cap    Slew   Delay    Time   Description
-----------------------------------------------------------------------------
                          0.00    0.00   clock clk (rise edge)
                          0.00    0.00   clock source latency
                  0.06    0.04    0.04 ^ clk (in)
     1    0.02                           clk (net)
                  0.06    0.00    0.04 ^ clkbuf_0_clk/A (sky130_fd_sc_hd__clkbuf_16)
                  0.05    0.10    0.13 ^ clkbuf_0_clk/X (sky130_fd_sc_hd__clkbuf_16)
     4    0.04                           clknet_0_clk (net)
                  0.05    0.00    0.14 ^ clkbuf_2_3__f_clk/A (sky130_fd_sc_hd__clkbuf_16)
                  0.04    0.09    0.23 ^ clkbuf_2_3__f_clk/X (sky130_fd_sc_hd__clkbuf_16)
     9    0.03                           clknet_2_3__leaf_clk (net)
                  0.04    0.00    0.23 ^ _242_/CLK (sky130_fd_sc_hd__dfstp_1)
                  0.04    0.22    0.45 v _242_/Q (sky130_fd_sc_hd__dfstp_1)
     3    0.01                           tx_inst.state[0] (net)
                  0.04    0.00    0.45 v _212_/A (sky130_fd_sc_hd__and3_1)
                  0.02    0.08    0.53 v _212_/X (sky130_fd_sc_hd__and3_1)
     1    0.00                           _104_ (net)
                  0.02    0.00    0.53 v _213_/A (sky130_fd_sc_hd__clkbuf_4)
                  0.06    0.12    0.65 v _213_/X (sky130_fd_sc_hd__clkbuf_4)
     8    0.04                           _105_ (net)
                  0.06    0.00    0.65 v _220_/S (sky130_fd_sc_hd__mux2_1)
                  0.03    0.13    0.78 ^ _220_/X (sky130_fd_sc_hd__mux2_1)
     1    0.00                           _109_ (net)
                  0.03    0.00    0.78 ^ _221_/A (sky130_fd_sc_hd__clkbuf_1)
                  0.03    0.05    0.83 ^ _221_/X (sky130_fd_sc_hd__clkbuf_1)
     1    0.00                           _052_ (net)
                  0.03    0.00    0.83 ^ _258_/D (sky130_fd_sc_hd__dfxtp_1)
                                  0.83   data arrival time

                          0.00    0.00   clock clk (rise edge)
                          0.00    0.00   clock source latency
                  0.06    0.04    0.04 ^ clk (in)
     1    0.02                           clk (net)
                  0.06    0.00    0.04 ^ clkbuf_0_clk/A (sky130_fd_sc_hd__clkbuf_16)
                  0.05    0.11    0.15 ^ clkbuf_0_clk/X (sky130_fd_sc_hd__clkbuf_16)
     4    0.04                           clknet_0_clk (net)
                  0.05    0.00    0.15 ^ clkbuf_2_1__f_clk/A (sky130_fd_sc_hd__clkbuf_16)
                  0.04    0.10    0.25 ^ clkbuf_2_1__f_clk/X (sky130_fd_sc_hd__clkbuf_16)
     9    0.03                           clknet_2_1__leaf_clk (net)
                  0.04    0.00    0.25 ^ _258_/CLK (sky130_fd_sc_hd__dfxtp_1)
                          0.25    0.50   clock uncertainty
                         -0.01    0.48   clock reconvergence pessimism
                         -0.02    0.47   library hold time
                                  0.47   data required time
-----------------------------------------------------------------------------
                                  0.47   data required time
                                 -0.83   data arrival time
-----------------------------------------------------------------------------
                                  0.36   slack (MET)


Startpoint: _242_ (rising edge-triggered flip-flop clocked by clk)
Endpoint: _259_ (rising edge-triggered flip-flop clocked by clk)
Path Group: clk
Path Type: min
Corner: Fastest

Fanout     Cap    Slew   Delay    Time   Description
-----------------------------------------------------------------------------
                          0.00    0.00   clock clk (rise edge)
                          0.00    0.00   clock source latency
                  0.06    0.04    0.04 ^ clk (in)
     1    0.02                           clk (net)
                  0.06    0.00    0.04 ^ clkbuf_0_clk/A (sky130_fd_sc_hd__clkbuf_16)
                  0.05    0.10    0.13 ^ clkbuf_0_clk/X (sky130_fd_sc_hd__clkbuf_16)
     4    0.04                           clknet_0_clk (net)
                  0.05    0.00    0.14 ^ clkbuf_2_3__f_clk/A (sky130_fd_sc_hd__clkbuf_16)
                  0.04    0.09    0.23 ^ clkbuf_2_3__f_clk/X (sky130_fd_sc_hd__clkbuf_16)
     9    0.03                           clknet_2_3__leaf_clk (net)
                  0.04    0.00    0.23 ^ _242_/CLK (sky130_fd_sc_hd__dfstp_1)
                  0.04    0.22    0.45 v _242_/Q (sky130_fd_sc_hd__dfstp_1)
     3    0.01                           tx_inst.state[0] (net)
                  0.04    0.00    0.45 v _212_/A (sky130_fd_sc_hd__and3_1)
                  0.02    0.08    0.53 v _212_/X (sky130_fd_sc_hd__and3_1)
     1    0.00                           _104_ (net)
                  0.02    0.00    0.53 v _213_/A (sky130_fd_sc_hd__clkbuf_4)
                  0.06    0.12    0.65 v _213_/X (sky130_fd_sc_hd__clkbuf_4)
     8    0.04                           _105_ (net)
                  0.06    0.00    0.65 v _222_/S (sky130_fd_sc_hd__mux2_1)
                  0.03    0.13    0.78 ^ _222_/X (sky130_fd_sc_hd__mux2_1)
     1    0.00                           _110_ (net)
                  0.03    0.00    0.78 ^ _223_/A (sky130_fd_sc_hd__clkbuf_1)
                  0.03    0.05    0.83 ^ _223_/X (sky130_fd_sc_hd__clkbuf_1)
     1    0.00                           _053_ (net)
                  0.03    0.00    0.83 ^ _259_/D (sky130_fd_sc_hd__dfxtp_1)
                                  0.83   data arrival time

                          0.00    0.00   clock clk (rise edge)
                          0.00    0.00   clock source latency
                  0.06    0.04    0.04 ^ clk (in)
     1    0.02                           clk (net)
                  0.06    0.00    0.04 ^ clkbuf_0_clk/A (sky130_fd_sc_hd__clkbuf_16)
                  0.05    0.11    0.15 ^ clkbuf_0_clk/X (sky130_fd_sc_hd__clkbuf_16)
     4    0.04                           clknet_0_clk (net)
                  0.05    0.00    0.15 ^ clkbuf_2_1__f_clk/A (sky130_fd_sc_hd__clkbuf_16)
                  0.04    0.10    0.25 ^ clkbuf_2_1__f_clk/X (sky130_fd_sc_hd__clkbuf_16)
     9    0.03                           clknet_2_1__leaf_clk (net)
                  0.04    0.00    0.25 ^ _259_/CLK (sky130_fd_sc_hd__dfxtp_1)
                          0.25    0.50   clock uncertainty
                         -0.01    0.48   clock reconvergence pessimism
                         -0.02    0.47   library hold time
                                  0.47   data required time
-----------------------------------------------------------------------------
                                  0.47   data required time
                                 -0.83   data arrival time
-----------------------------------------------------------------------------
                                  0.36   slack (MET)


Startpoint: _242_ (rising edge-triggered flip-flop clocked by clk)
Endpoint: _262_ (rising edge-triggered flip-flop clocked by clk)
Path Group: clk
Path Type: min
Corner: Fastest

Fanout     Cap    Slew   Delay    Time   Description
-----------------------------------------------------------------------------
                          0.00    0.00   clock clk (rise edge)
                          0.00    0.00   clock source latency
                  0.06    0.04    0.04 ^ clk (in)
     1    0.02                           clk (net)
                  0.06    0.00    0.04 ^ clkbuf_0_clk/A (sky130_fd_sc_hd__clkbuf_16)
                  0.05    0.10    0.13 ^ clkbuf_0_clk/X (sky130_fd_sc_hd__clkbuf_16)
     4    0.04                           clknet_0_clk (net)
                  0.05    0.00    0.14 ^ clkbuf_2_3__f_clk/A (sky130_fd_sc_hd__clkbuf_16)
                  0.04    0.09    0.23 ^ clkbuf_2_3__f_clk/X (sky130_fd_sc_hd__clkbuf_16)
     9    0.03                           clknet_2_3__leaf_clk (net)
                  0.04    0.00    0.23 ^ _242_/CLK (sky130_fd_sc_hd__dfstp_1)
                  0.04    0.22    0.45 v _242_/Q (sky130_fd_sc_hd__dfstp_1)
     3    0.01                           tx_inst.state[0] (net)
                  0.04    0.00    0.45 v _212_/A (sky130_fd_sc_hd__and3_1)
                  0.02    0.08    0.53 v _212_/X (sky130_fd_sc_hd__and3_1)
     1    0.00                           _104_ (net)
                  0.02    0.00    0.53 v _213_/A (sky130_fd_sc_hd__clkbuf_4)
                  0.06    0.12    0.65 v _213_/X (sky130_fd_sc_hd__clkbuf_4)
     8    0.04                           _105_ (net)
                  0.06    0.00    0.65 v _228_/S (sky130_fd_sc_hd__mux2_1)
                  0.03    0.13    0.78 ^ _228_/X (sky130_fd_sc_hd__mux2_1)
     1    0.00                           _113_ (net)
                  0.03    0.00    0.78 ^ _229_/A (sky130_fd_sc_hd__clkbuf_1)
                  0.03    0.05    0.83 ^ _229_/X (sky130_fd_sc_hd__clkbuf_1)
     1    0.00                           _056_ (net)
                  0.03    0.00    0.83 ^ _262_/D (sky130_fd_sc_hd__dfxtp_1)
                                  0.83   data arrival time

                          0.00    0.00   clock clk (rise edge)
                          0.00    0.00   clock source latency
                  0.06    0.04    0.04 ^ clk (in)
     1    0.02                           clk (net)
                  0.06    0.00    0.04 ^ clkbuf_0_clk/A (sky130_fd_sc_hd__clkbuf_16)
                  0.05    0.11    0.15 ^ clkbuf_0_clk/X (sky130_fd_sc_hd__clkbuf_16)
     4    0.04                           clknet_0_clk (net)
                  0.05    0.00    0.15 ^ clkbuf_2_1__f_clk/A (sky130_fd_sc_hd__clkbuf_16)
                  0.04    0.10    0.25 ^ clkbuf_2_1__f_clk/X (sky130_fd_sc_hd__clkbuf_16)
     9    0.03                           clknet_2_1__leaf_clk (net)
                  0.04    0.00    0.25 ^ _262_/CLK (sky130_fd_sc_hd__dfxtp_1)
                          0.25    0.50   clock uncertainty
                         -0.01    0.48   clock reconvergence pessimism
                         -0.02    0.47   library hold time
                                  0.47   data required time
-----------------------------------------------------------------------------
                                  0.47   data required time
                                 -0.83   data arrival time
-----------------------------------------------------------------------------
                                  0.36   slack (MET)


Startpoint: _242_ (rising edge-triggered flip-flop clocked by clk)
Endpoint: _260_ (rising edge-triggered flip-flop clocked by clk)
Path Group: clk
Path Type: min
Corner: Fastest

Fanout     Cap    Slew   Delay    Time   Description
-----------------------------------------------------------------------------
                          0.00    0.00   clock clk (rise edge)
                          0.00    0.00   clock source latency
                  0.06    0.04    0.04 ^ clk (in)
     1    0.02                           clk (net)
                  0.06    0.00    0.04 ^ clkbuf_0_clk/A (sky130_fd_sc_hd__clkbuf_16)
                  0.05    0.10    0.13 ^ clkbuf_0_clk/X (sky130_fd_sc_hd__clkbuf_16)
     4    0.04                           clknet_0_clk (net)
                  0.05    0.00    0.14 ^ clkbuf_2_3__f_clk/A (sky130_fd_sc_hd__clkbuf_16)
                  0.04    0.09    0.23 ^ clkbuf_2_3__f_clk/X (sky130_fd_sc_hd__clkbuf_16)
     9    0.03                           clknet_2_3__leaf_clk (net)
                  0.04    0.00    0.23 ^ _242_/CLK (sky130_fd_sc_hd__dfstp_1)
                  0.04    0.22    0.45 v _242_/Q (sky130_fd_sc_hd__dfstp_1)
     3    0.01                           tx_inst.state[0] (net)
                  0.04    0.00    0.45 v _212_/A (sky130_fd_sc_hd__and3_1)
                  0.02    0.08    0.53 v _212_/X (sky130_fd_sc_hd__and3_1)
     1    0.00                           _104_ (net)
                  0.02    0.00    0.53 v _213_/A (sky130_fd_sc_hd__clkbuf_4)
                  0.06    0.12    0.65 v _213_/X (sky130_fd_sc_hd__clkbuf_4)
     8    0.04                           _105_ (net)
                  0.06    0.00    0.65 v _224_/S (sky130_fd_sc_hd__mux2_1)
                  0.03    0.13    0.78 ^ _224_/X (sky130_fd_sc_hd__mux2_1)
     1    0.00                           _111_ (net)
                  0.03    0.00    0.78 ^ _225_/A (sky130_fd_sc_hd__clkbuf_1)
                  0.03    0.05    0.83 ^ _225_/X (sky130_fd_sc_hd__clkbuf_1)
     1    0.00                           _054_ (net)
                  0.03    0.00    0.83 ^ _260_/D (sky130_fd_sc_hd__dfxtp_1)
                                  0.83   data arrival time

                          0.00    0.00   clock clk (rise edge)
                          0.00    0.00   clock source latency
                  0.06    0.04    0.04 ^ clk (in)
     1    0.02                           clk (net)
                  0.06    0.00    0.04 ^ clkbuf_0_clk/A (sky130_fd_sc_hd__clkbuf_16)
                  0.05    0.11    0.15 ^ clkbuf_0_clk/X (sky130_fd_sc_hd__clkbuf_16)
     4    0.04                           clknet_0_clk (net)
                  0.05    0.00    0.15 ^ clkbuf_2_1__f_clk/A (sky130_fd_sc_hd__clkbuf_16)
                  0.04    0.10    0.25 ^ clkbuf_2_1__f_clk/X (sky130_fd_sc_hd__clkbuf_16)
     9    0.03                           clknet_2_1__leaf_clk (net)
                  0.04    0.00    0.25 ^ _260_/CLK (sky130_fd_sc_hd__dfxtp_1)
                          0.25    0.50   clock uncertainty
                         -0.01    0.48   clock reconvergence pessimism
                         -0.02    0.47   library hold time
                                  0.47   data required time
-----------------------------------------------------------------------------
                                  0.47   data required time
                                 -0.83   data arrival time
-----------------------------------------------------------------------------
                                  0.36   slack (MET)


Startpoint: _242_ (rising edge-triggered flip-flop clocked by clk)
Endpoint: _257_ (rising edge-triggered flip-flop clocked by clk)
Path Group: clk
Path Type: min
Corner: Fastest

Fanout     Cap    Slew   Delay    Time   Description
-----------------------------------------------------------------------------
                          0.00    0.00   clock clk (rise edge)
                          0.00    0.00   clock source latency
                  0.06    0.04    0.04 ^ clk (in)
     1    0.02                           clk (net)
                  0.06    0.00    0.04 ^ clkbuf_0_clk/A (sky130_fd_sc_hd__clkbuf_16)
                  0.05    0.10    0.13 ^ clkbuf_0_clk/X (sky130_fd_sc_hd__clkbuf_16)
     4    0.04                           clknet_0_clk (net)
                  0.05    0.00    0.14 ^ clkbuf_2_3__f_clk/A (sky130_fd_sc_hd__clkbuf_16)
                  0.04    0.09    0.23 ^ clkbuf_2_3__f_clk/X (sky130_fd_sc_hd__clkbuf_16)
     9    0.03                           clknet_2_3__leaf_clk (net)
                  0.04    0.00    0.23 ^ _242_/CLK (sky130_fd_sc_hd__dfstp_1)
                  0.04    0.22    0.45 v _242_/Q (sky130_fd_sc_hd__dfstp_1)
     3    0.01                           tx_inst.state[0] (net)
                  0.04    0.00    0.45 v _212_/A (sky130_fd_sc_hd__and3_1)
                  0.02    0.08    0.53 v _212_/X (sky130_fd_sc_hd__and3_1)
     1    0.00                           _104_ (net)
                  0.02    0.00    0.53 v _213_/A (sky130_fd_sc_hd__clkbuf_4)
                  0.06    0.12    0.65 v _213_/X (sky130_fd_sc_hd__clkbuf_4)
     8    0.04                           _105_ (net)
                  0.06    0.00    0.65 v _218_/S (sky130_fd_sc_hd__mux2_1)
                  0.03    0.13    0.78 ^ _218_/X (sky130_fd_sc_hd__mux2_1)
     1    0.00                           _108_ (net)
                  0.03    0.00    0.78 ^ _219_/A (sky130_fd_sc_hd__clkbuf_1)
                  0.04    0.05    0.83 ^ _219_/X (sky130_fd_sc_hd__clkbuf_1)
     1    0.00                           _051_ (net)
                  0.04    0.00    0.83 ^ _257_/D (sky130_fd_sc_hd__dfxtp_1)
                                  0.83   data arrival time

                          0.00    0.00   clock clk (rise edge)
                          0.00    0.00   clock source latency
                  0.06    0.04    0.04 ^ clk (in)
     1    0.02                           clk (net)
                  0.06    0.00    0.04 ^ clkbuf_0_clk/A (sky130_fd_sc_hd__clkbuf_16)
                  0.05    0.11    0.15 ^ clkbuf_0_clk/X (sky130_fd_sc_hd__clkbuf_16)
     4    0.04                           clknet_0_clk (net)
                  0.05    0.00    0.15 ^ clkbuf_2_1__f_clk/A (sky130_fd_sc_hd__clkbuf_16)
                  0.04    0.10    0.25 ^ clkbuf_2_1__f_clk/X (sky130_fd_sc_hd__clkbuf_16)
     9    0.03                           clknet_2_1__leaf_clk (net)
                  0.04    0.00    0.25 ^ _257_/CLK (sky130_fd_sc_hd__dfxtp_1)
                          0.25    0.50   clock uncertainty
                         -0.01    0.48   clock reconvergence pessimism
                         -0.02    0.47   library hold time
                                  0.47   data required time
-----------------------------------------------------------------------------
                                  0.47   data required time
                                 -0.83   data arrival time
-----------------------------------------------------------------------------
                                  0.36   slack (MET)


Startpoint: _238_ (rising edge-triggered flip-flop clocked by clk)
Endpoint: _238_ (rising edge-triggered flip-flop clocked by clk)
Path Group: clk
Path Type: min
Corner: Fastest

Fanout     Cap    Slew   Delay    Time   Description
-----------------------------------------------------------------------------
                          0.00    0.00   clock clk (rise edge)
                          0.00    0.00   clock source latency
                  0.06    0.04    0.04 ^ clk (in)
     1    0.02                           clk (net)
                  0.06    0.00    0.04 ^ clkbuf_0_clk/A (sky130_fd_sc_hd__clkbuf_16)
                  0.05    0.10    0.13 ^ clkbuf_0_clk/X (sky130_fd_sc_hd__clkbuf_16)
     4    0.04                           clknet_0_clk (net)
                  0.05    0.00    0.14 ^ clkbuf_2_2__f_clk/A (sky130_fd_sc_hd__clkbuf_16)
                  0.03    0.09    0.22 ^ clkbuf_2_2__f_clk/X (sky130_fd_sc_hd__clkbuf_16)
     6    0.02                           clknet_2_2__leaf_clk (net)
                  0.03    0.00    0.22 ^ _238_/CLK (sky130_fd_sc_hd__dfrtp_1)
                  0.06    0.21    0.43 ^ _238_/Q (sky130_fd_sc_hd__dfrtp_1)
     2    0.01                           net20 (net)
                  0.06    0.00    0.43 ^ _160_/A1 (sky130_fd_sc_hd__a21o_1)
                  0.02    0.06    0.49 ^ _160_/X (sky130_fd_sc_hd__a21o_1)
     1    0.00                           _036_ (net)
                  0.02    0.00    0.49 ^ hold6/A (sky130_fd_sc_hd__dlygate4sd3_1)
                  0.04    0.35    0.84 ^ hold6/X (sky130_fd_sc_hd__dlygate4sd3_1)
     1    0.00                           net26 (net)
                  0.04    0.00    0.84 ^ _238_/D (sky130_fd_sc_hd__dfrtp_1)
                                  0.84   data arrival time

                          0.00    0.00   clock clk (rise edge)
                          0.00    0.00   clock source latency
                  0.06    0.04    0.04 ^ clk (in)
     1    0.02                           clk (net)
                  0.06    0.00    0.04 ^ clkbuf_0_clk/A (sky130_fd_sc_hd__clkbuf_16)
                  0.05    0.11    0.15 ^ clkbuf_0_clk/X (sky130_fd_sc_hd__clkbuf_16)
     4    0.04                           clknet_0_clk (net)
                  0.05    0.00    0.15 ^ clkbuf_2_2__f_clk/A (sky130_fd_sc_hd__clkbuf_16)
                  0.03    0.09    0.24 ^ clkbuf_2_2__f_clk/X (sky130_fd_sc_hd__clkbuf_16)
     6    0.02                           clknet_2_2__leaf_clk (net)
                  0.03    0.00    0.24 ^ _238_/CLK (sky130_fd_sc_hd__dfrtp_1)
                          0.25    0.49   clock uncertainty
                         -0.02    0.47   clock reconvergence pessimism
                         -0.02    0.45   library hold time
                                  0.45   data required time
-----------------------------------------------------------------------------
                                  0.45   data required time
                                 -0.84   data arrival time
-----------------------------------------------------------------------------
                                  0.39   slack (MET)


Startpoint: _231_ (rising edge-triggered flip-flop clocked by clk)
Endpoint: _231_ (rising edge-triggered flip-flop clocked by clk)
Path Group: clk
Path Type: min
Corner: Fastest

Fanout     Cap    Slew   Delay    Time   Description
-----------------------------------------------------------------------------
                          0.00    0.00   clock clk (rise edge)
                          0.00    0.00   clock source latency
                  0.06    0.04    0.04 ^ clk (in)
     1    0.02                           clk (net)
                  0.06    0.00    0.04 ^ clkbuf_0_clk/A (sky130_fd_sc_hd__clkbuf_16)
                  0.05    0.10    0.13 ^ clkbuf_0_clk/X (sky130_fd_sc_hd__clkbuf_16)
     4    0.04                           clknet_0_clk (net)
                  0.05    0.00    0.14 ^ clkbuf_2_0__f_clk/A (sky130_fd_sc_hd__clkbuf_16)
                  0.04    0.09    0.23 ^ clkbuf_2_0__f_clk/X (sky130_fd_sc_hd__clkbuf_16)
     9    0.03                           clknet_2_0__leaf_clk (net)
                  0.04    0.00    0.23 ^ _231_/CLK (sky130_fd_sc_hd__dfrtp_2)
                  0.08    0.24    0.47 ^ _231_/Q (sky130_fd_sc_hd__dfrtp_2)
     6    0.02                           rx_inst.state[1] (net)
                  0.08    0.00    0.47 ^ _172_/A1 (sky130_fd_sc_hd__a21o_1)
                  0.02    0.06    0.53 ^ _172_/X (sky130_fd_sc_hd__a21o_1)
     1    0.00                           _004_ (net)
                  0.02    0.00    0.53 ^ hold4/A (sky130_fd_sc_hd__dlygate4sd3_1)
                  0.04    0.35    0.88 ^ hold4/X (sky130_fd_sc_hd__dlygate4sd3_1)
     1    0.00                           net24 (net)
                  0.04    0.00    0.88 ^ _231_/D (sky130_fd_sc_hd__dfrtp_2)
                                  0.88   data arrival time

                          0.00    0.00   clock clk (rise edge)
                          0.00    0.00   clock source latency
                  0.06    0.04    0.04 ^ clk (in)
     1    0.02                           clk (net)
                  0.06    0.00    0.04 ^ clkbuf_0_clk/A (sky130_fd_sc_hd__clkbuf_16)
                  0.05    0.11    0.15 ^ clkbuf_0_clk/X (sky130_fd_sc_hd__clkbuf_16)
     4    0.04                           clknet_0_clk (net)
                  0.05    0.00    0.15 ^ clkbuf_2_0__f_clk/A (sky130_fd_sc_hd__clkbuf_16)
                  0.04    0.10    0.25 ^ clkbuf_2_0__f_clk/X (sky130_fd_sc_hd__clkbuf_16)
     9    0.03                           clknet_2_0__leaf_clk (net)
                  0.04    0.00    0.25 ^ _231_/CLK (sky130_fd_sc_hd__dfrtp_2)
                          0.25    0.50   clock uncertainty
                         -0.02    0.48   clock reconvergence pessimism
                         -0.02    0.46   library hold time
                                  0.46   data required time
-----------------------------------------------------------------------------
                                  0.46   data required time
                                 -0.88   data arrival time
-----------------------------------------------------------------------------
                                  0.43   slack (MET)


Startpoint: _233_ (rising edge-triggered flip-flop clocked by clk)
Endpoint: _233_ (rising edge-triggered flip-flop clocked by clk)
Path Group: clk
Path Type: min
Corner: Fastest

Fanout     Cap    Slew   Delay    Time   Description
-----------------------------------------------------------------------------
                          0.00    0.00   clock clk (rise edge)
                          0.00    0.00   clock source latency
                  0.06    0.04    0.04 ^ clk (in)
     1    0.02                           clk (net)
                  0.06    0.00    0.04 ^ clkbuf_0_clk/A (sky130_fd_sc_hd__clkbuf_16)
                  0.05    0.10    0.13 ^ clkbuf_0_clk/X (sky130_fd_sc_hd__clkbuf_16)
     4    0.04                           clknet_0_clk (net)
                  0.05    0.00    0.14 ^ clkbuf_2_2__f_clk/A (sky130_fd_sc_hd__clkbuf_16)
                  0.03    0.09    0.22 ^ clkbuf_2_2__f_clk/X (sky130_fd_sc_hd__clkbuf_16)
     6    0.02                           clknet_2_2__leaf_clk (net)
                  0.03    0.00    0.22 ^ _233_/CLK (sky130_fd_sc_hd__dfrtp_1)
                  0.10    0.24    0.46 ^ _233_/Q (sky130_fd_sc_hd__dfrtp_1)
     5    0.01                           rx_inst.state[3] (net)
                  0.10    0.00    0.46 ^ _175_/B2 (sky130_fd_sc_hd__a32o_1)
                  0.03    0.07    0.53 ^ _175_/X (sky130_fd_sc_hd__a32o_1)
     1    0.00                           _005_ (net)
                  0.03    0.00    0.53 ^ hold18/A (sky130_fd_sc_hd__dlygate4sd3_1)
                  0.04    0.35    0.88 ^ hold18/X (sky130_fd_sc_hd__dlygate4sd3_1)
     1    0.00                           net38 (net)
                  0.04    0.00    0.88 ^ _233_/D (sky130_fd_sc_hd__dfrtp_1)
                                  0.88   data arrival time

                          0.00    0.00   clock clk (rise edge)
                          0.00    0.00   clock source latency
                  0.06    0.04    0.04 ^ clk (in)
     1    0.02                           clk (net)
                  0.06    0.00    0.04 ^ clkbuf_0_clk/A (sky130_fd_sc_hd__clkbuf_16)
                  0.05    0.11    0.15 ^ clkbuf_0_clk/X (sky130_fd_sc_hd__clkbuf_16)
     4    0.04                           clknet_0_clk (net)
                  0.05    0.00    0.15 ^ clkbuf_2_2__f_clk/A (sky130_fd_sc_hd__clkbuf_16)
                  0.03    0.09    0.24 ^ clkbuf_2_2__f_clk/X (sky130_fd_sc_hd__clkbuf_16)
     6    0.02                           clknet_2_2__leaf_clk (net)
                  0.03    0.00    0.24 ^ _233_/CLK (sky130_fd_sc_hd__dfrtp_1)
                          0.25    0.49   clock uncertainty
                         -0.02    0.47   clock reconvergence pessimism
                         -0.02    0.45   library hold time
                                  0.45   data required time
-----------------------------------------------------------------------------
                                  0.45   data required time
                                 -0.88   data arrival time
-----------------------------------------------------------------------------
                                  0.43   slack (MET)


Startpoint: _242_ (rising edge-triggered flip-flop clocked by clk)
Endpoint: _244_ (rising edge-triggered flip-flop clocked by clk)
Path Group: clk
Path Type: min
Corner: Fastest

Fanout     Cap    Slew   Delay    Time   Description
-----------------------------------------------------------------------------
                          0.00    0.00   clock clk (rise edge)
                          0.00    0.00   clock source latency
                  0.06    0.04    0.04 ^ clk (in)
     1    0.02                           clk (net)
                  0.06    0.00    0.04 ^ clkbuf_0_clk/A (sky130_fd_sc_hd__clkbuf_16)
                  0.05    0.10    0.13 ^ clkbuf_0_clk/X (sky130_fd_sc_hd__clkbuf_16)
     4    0.04                           clknet_0_clk (net)
                  0.05    0.00    0.14 ^ clkbuf_2_3__f_clk/A (sky130_fd_sc_hd__clkbuf_16)
                  0.04    0.09    0.23 ^ clkbuf_2_3__f_clk/X (sky130_fd_sc_hd__clkbuf_16)
     9    0.03                           clknet_2_3__leaf_clk (net)
                  0.04    0.00    0.23 ^ _242_/CLK (sky130_fd_sc_hd__dfstp_1)
                  0.04    0.22    0.45 v _242_/Q (sky130_fd_sc_hd__dfstp_1)
     3    0.01                           tx_inst.state[0] (net)
                  0.04    0.00    0.45 v hold7/A (sky130_fd_sc_hd__dlygate4sd3_1)
                  0.06    0.37    0.81 v hold7/X (sky130_fd_sc_hd__dlygate4sd3_1)
     2    0.01                           net27 (net)
                  0.06    0.00    0.81 v _159_/A (sky130_fd_sc_hd__inv_2)
                  0.03    0.05    0.86 ^ _159_/Y (sky130_fd_sc_hd__inv_2)
     2    0.01                           _088_ (net)
                  0.03    0.00    0.86 ^ _176_/A (sky130_fd_sc_hd__nor2_1)
                  0.02    0.02    0.88 v _176_/Y (sky130_fd_sc_hd__nor2_1)
     1    0.00                           _002_ (net)
                  0.02    0.00    0.88 v _244_/D (sky130_fd_sc_hd__dfrtp_1)
                                  0.88   data arrival time

                          0.00    0.00   clock clk (rise edge)
                          0.00    0.00   clock source latency
                  0.06    0.04    0.04 ^ clk (in)
     1    0.02                           clk (net)
                  0.06    0.00    0.04 ^ clkbuf_0_clk/A (sky130_fd_sc_hd__clkbuf_16)
                  0.05    0.11    0.15 ^ clkbuf_0_clk/X (sky130_fd_sc_hd__clkbuf_16)
     4    0.04                           clknet_0_clk (net)
                  0.05    0.00    0.15 ^ clkbuf_2_3__f_clk/A (sky130_fd_sc_hd__clkbuf_16)
                  0.04    0.10    0.25 ^ clkbuf_2_3__f_clk/X (sky130_fd_sc_hd__clkbuf_16)
     9    0.03                           clknet_2_3__leaf_clk (net)
                  0.04    0.00    0.25 ^ _244_/CLK (sky130_fd_sc_hd__dfrtp_1)
                          0.25    0.50   clock uncertainty
                         -0.02    0.48   clock reconvergence pessimism
                         -0.03    0.45   library hold time
                                  0.45   data required time
-----------------------------------------------------------------------------
                                  0.45   data required time
                                 -0.88   data arrival time
-----------------------------------------------------------------------------
                                  0.43   slack (MET)


Startpoint: _243_ (rising edge-triggered flip-flop clocked by clk)
Endpoint: _243_ (rising edge-triggered flip-flop clocked by clk)
Path Group: clk
Path Type: min
Corner: Fastest

Fanout     Cap    Slew   Delay    Time   Description
-----------------------------------------------------------------------------
                          0.00    0.00   clock clk (rise edge)
                          0.00    0.00   clock source latency
                  0.06    0.04    0.04 ^ clk (in)
     1    0.02                           clk (net)
                  0.06    0.00    0.04 ^ clkbuf_0_clk/A (sky130_fd_sc_hd__clkbuf_16)
                  0.05    0.10    0.13 ^ clkbuf_0_clk/X (sky130_fd_sc_hd__clkbuf_16)
     4    0.04                           clknet_0_clk (net)
                  0.05    0.00    0.14 ^ clkbuf_2_3__f_clk/A (sky130_fd_sc_hd__clkbuf_16)
                  0.04    0.09    0.23 ^ clkbuf_2_3__f_clk/X (sky130_fd_sc_hd__clkbuf_16)
     9    0.03                           clknet_2_3__leaf_clk (net)
                  0.04    0.00    0.23 ^ _243_/CLK (sky130_fd_sc_hd__dfrtp_4)
                  0.07    0.27    0.49 ^ _243_/Q (sky130_fd_sc_hd__dfrtp_4)
     8    0.02                           tx_inst.state[1] (net)
                  0.07    0.00    0.50 ^ _173_/A1 (sky130_fd_sc_hd__a21o_1)
                  0.02    0.06    0.56 ^ _173_/X (sky130_fd_sc_hd__a21o_1)
     1    0.00                           _007_ (net)
                  0.02    0.00    0.56 ^ hold2/A (sky130_fd_sc_hd__dlygate4sd3_1)
                  0.04    0.35    0.91 ^ hold2/X (sky130_fd_sc_hd__dlygate4sd3_1)
     1    0.00                           net22 (net)
                  0.04    0.00    0.91 ^ _243_/D (sky130_fd_sc_hd__dfrtp_4)
                                  0.91   data arrival time

                          0.00    0.00   clock clk (rise edge)
                          0.00    0.00   clock source latency
                  0.06    0.04    0.04 ^ clk (in)
     1    0.02                           clk (net)
                  0.06    0.00    0.04 ^ clkbuf_0_clk/A (sky130_fd_sc_hd__clkbuf_16)
                  0.05    0.11    0.15 ^ clkbuf_0_clk/X (sky130_fd_sc_hd__clkbuf_16)
     4    0.04                           clknet_0_clk (net)
                  0.05    0.00    0.15 ^ clkbuf_2_3__f_clk/A (sky130_fd_sc_hd__clkbuf_16)
                  0.04    0.10    0.25 ^ clkbuf_2_3__f_clk/X (sky130_fd_sc_hd__clkbuf_16)
     9    0.03                           clknet_2_3__leaf_clk (net)
                  0.04    0.00    0.25 ^ _243_/CLK (sky130_fd_sc_hd__dfrtp_4)
                          0.25    0.50   clock uncertainty
                         -0.02    0.48   clock reconvergence pessimism
                         -0.02    0.46   library hold time
                                  0.46   data required time
-----------------------------------------------------------------------------
                                  0.46   data required time
                                 -0.91   data arrival time
-----------------------------------------------------------------------------
                                  0.45   slack (MET)


Startpoint: _233_ (rising edge-triggered flip-flop clocked by clk)
Endpoint: _246_ (rising edge-triggered flip-flop clocked by clk)
Path Group: clk
Path Type: min
Corner: Fastest

Fanout     Cap    Slew   Delay    Time   Description
-----------------------------------------------------------------------------
                          0.00    0.00   clock clk (rise edge)
                          0.00    0.00   clock source latency
                  0.06    0.04    0.04 ^ clk (in)
     1    0.02                           clk (net)
                  0.06    0.00    0.04 ^ clkbuf_0_clk/A (sky130_fd_sc_hd__clkbuf_16)
                  0.05    0.10    0.13 ^ clkbuf_0_clk/X (sky130_fd_sc_hd__clkbuf_16)
     4    0.04                           clknet_0_clk (net)
                  0.05    0.00    0.14 ^ clkbuf_2_2__f_clk/A (sky130_fd_sc_hd__clkbuf_16)
                  0.03    0.09    0.22 ^ clkbuf_2_2__f_clk/X (sky130_fd_sc_hd__clkbuf_16)
     6    0.02                           clknet_2_2__leaf_clk (net)
                  0.03    0.00    0.22 ^ _233_/CLK (sky130_fd_sc_hd__dfrtp_1)
                  0.10    0.24    0.46 ^ _233_/Q (sky130_fd_sc_hd__dfrtp_1)
     5    0.01                           rx_inst.state[3] (net)
                  0.10    0.00    0.46 ^ _150_/A1 (sky130_fd_sc_hd__o22a_1)
                  0.04    0.09    0.55 ^ _150_/X (sky130_fd_sc_hd__o22a_1)
     1    0.00                           _040_ (net)
                  0.04    0.00    0.55 ^ hold10/A (sky130_fd_sc_hd__dlygate4sd3_1)
                  0.05    0.37    0.92 ^ hold10/X (sky130_fd_sc_hd__dlygate4sd3_1)
     1    0.01                           net30 (net)
                  0.05    0.00    0.92 ^ _246_/D (sky130_fd_sc_hd__dfrtp_1)
                                  0.92   data arrival time

                          0.00    0.00   clock clk (rise edge)
                          0.00    0.00   clock source latency
                  0.06    0.04    0.04 ^ clk (in)
     1    0.02                           clk (net)
                  0.06    0.00    0.04 ^ clkbuf_0_clk/A (sky130_fd_sc_hd__clkbuf_16)
                  0.05    0.11    0.15 ^ clkbuf_0_clk/X (sky130_fd_sc_hd__clkbuf_16)
     4    0.04                           clknet_0_clk (net)
                  0.05    0.00    0.15 ^ clkbuf_2_0__f_clk/A (sky130_fd_sc_hd__clkbuf_16)
                  0.04    0.10    0.25 ^ clkbuf_2_0__f_clk/X (sky130_fd_sc_hd__clkbuf_16)
     9    0.03                           clknet_2_0__leaf_clk (net)
                  0.04    0.00    0.25 ^ _246_/CLK (sky130_fd_sc_hd__dfrtp_1)
                          0.25    0.50   clock uncertainty
                         -0.01    0.49   clock reconvergence pessimism
                         -0.02    0.46   library hold time
                                  0.46   data required time
-----------------------------------------------------------------------------
                                  0.46   data required time
                                 -0.92   data arrival time
-----------------------------------------------------------------------------
                                  0.45   slack (MET)


Startpoint: _243_ (rising edge-triggered flip-flop clocked by clk)
Endpoint: _234_ (rising edge-triggered flip-flop clocked by clk)
Path Group: clk
Path Type: min
Corner: Fastest

Fanout     Cap    Slew   Delay    Time   Description
-----------------------------------------------------------------------------
                          0.00    0.00   clock clk (rise edge)
                          0.00    0.00   clock source latency
                  0.06    0.04    0.04 ^ clk (in)
     1    0.02                           clk (net)
                  0.06    0.00    0.04 ^ clkbuf_0_clk/A (sky130_fd_sc_hd__clkbuf_16)
                  0.05    0.10    0.13 ^ clkbuf_0_clk/X (sky130_fd_sc_hd__clkbuf_16)
     4    0.04                           clknet_0_clk (net)
                  0.05    0.00    0.14 ^ clkbuf_2_3__f_clk/A (sky130_fd_sc_hd__clkbuf_16)
                  0.04    0.09    0.23 ^ clkbuf_2_3__f_clk/X (sky130_fd_sc_hd__clkbuf_16)
     9    0.03                           clknet_2_3__leaf_clk (net)
                  0.04    0.00    0.23 ^ _243_/CLK (sky130_fd_sc_hd__dfrtp_4)
                  0.07    0.27    0.49 ^ _243_/Q (sky130_fd_sc_hd__dfrtp_4)
     8    0.02                           tx_inst.state[1] (net)
                  0.07    0.00    0.50 ^ _168_/B (sky130_fd_sc_hd__nor2_1)
                  0.03    0.03    0.52 v _168_/Y (sky130_fd_sc_hd__nor2_1)
     1    0.00                           _094_ (net)
                  0.03    0.00    0.52 v _169_/B1 (sky130_fd_sc_hd__a21oi_1)
                  0.04    0.04    0.57 ^ _169_/Y (sky130_fd_sc_hd__a21oi_1)
     1    0.00                           _033_ (net)
                  0.04    0.00    0.57 ^ hold28/A (sky130_fd_sc_hd__dlygate4sd3_1)
                  0.04    0.35    0.92 ^ hold28/X (sky130_fd_sc_hd__dlygate4sd3_1)
     1    0.00                           net48 (net)
                  0.04    0.00    0.92 ^ _234_/D (sky130_fd_sc_hd__dfrtp_4)
                                  0.92   data arrival time

                          0.00    0.00   clock clk (rise edge)
                          0.00    0.00   clock source latency
                  0.06    0.04    0.04 ^ clk (in)
     1    0.02                           clk (net)
                  0.06    0.00    0.04 ^ clkbuf_0_clk/A (sky130_fd_sc_hd__clkbuf_16)
                  0.05    0.11    0.15 ^ clkbuf_0_clk/X (sky130_fd_sc_hd__clkbuf_16)
     4    0.04                           clknet_0_clk (net)
                  0.05    0.00    0.15 ^ clkbuf_2_3__f_clk/A (sky130_fd_sc_hd__clkbuf_16)
                  0.04    0.10    0.25 ^ clkbuf_2_3__f_clk/X (sky130_fd_sc_hd__clkbuf_16)
     9    0.03                           clknet_2_3__leaf_clk (net)
                  0.04    0.00    0.25 ^ _234_/CLK (sky130_fd_sc_hd__dfrtp_4)
                          0.25    0.50   clock uncertainty
                         -0.02    0.48   clock reconvergence pessimism
                         -0.02    0.46   library hold time
                                  0.46   data required time
-----------------------------------------------------------------------------
                                  0.46   data required time
                                 -0.92   data arrival time
-----------------------------------------------------------------------------
                                  0.46   slack (MET)


Startpoint: _235_ (rising edge-triggered flip-flop clocked by clk)
Endpoint: _236_ (rising edge-triggered flip-flop clocked by clk)
Path Group: clk
Path Type: min
Corner: Fastest

Fanout     Cap    Slew   Delay    Time   Description
-----------------------------------------------------------------------------
                          0.00    0.00   clock clk (rise edge)
                          0.00    0.00   clock source latency
                  0.06    0.04    0.04 ^ clk (in)
     1    0.02                           clk (net)
                  0.06    0.00    0.04 ^ clkbuf_0_clk/A (sky130_fd_sc_hd__clkbuf_16)
                  0.05    0.10    0.13 ^ clkbuf_0_clk/X (sky130_fd_sc_hd__clkbuf_16)
     4    0.04                           clknet_0_clk (net)
                  0.05    0.00    0.14 ^ clkbuf_2_3__f_clk/A (sky130_fd_sc_hd__clkbuf_16)
                  0.04    0.09    0.23 ^ clkbuf_2_3__f_clk/X (sky130_fd_sc_hd__clkbuf_16)
     9    0.03                           clknet_2_3__leaf_clk (net)
                  0.04    0.00    0.23 ^ _235_/CLK (sky130_fd_sc_hd__dfrtp_4)
                  0.07    0.27    0.49 ^ _235_/Q (sky130_fd_sc_hd__dfrtp_4)
     7    0.02                           tx_inst.bit_count[1] (net)
                  0.07    0.00    0.49 ^ _162_/A1 (sky130_fd_sc_hd__a32o_1)
                  0.03    0.08    0.57 ^ _162_/X (sky130_fd_sc_hd__a32o_1)
     1    0.00                           _035_ (net)
                  0.03    0.00    0.57 ^ hold15/A (sky130_fd_sc_hd__dlygate4sd3_1)
                  0.04    0.35    0.92 ^ hold15/X (sky130_fd_sc_hd__dlygate4sd3_1)
     1    0.00                           net35 (net)
                  0.04    0.00    0.92 ^ _236_/D (sky130_fd_sc_hd__dfrtp_1)
                                  0.92   data arrival time

                          0.00    0.00   clock clk (rise edge)
                          0.00    0.00   clock source latency
                  0.06    0.04    0.04 ^ clk (in)
     1    0.02                           clk (net)
                  0.06    0.00    0.04 ^ clkbuf_0_clk/A (sky130_fd_sc_hd__clkbuf_16)
                  0.05    0.11    0.15 ^ clkbuf_0_clk/X (sky130_fd_sc_hd__clkbuf_16)
     4    0.04                           clknet_0_clk (net)
                  0.05    0.00    0.15 ^ clkbuf_2_3__f_clk/A (sky130_fd_sc_hd__clkbuf_16)
                  0.04    0.10    0.25 ^ clkbuf_2_3__f_clk/X (sky130_fd_sc_hd__clkbuf_16)
     9    0.03                           clknet_2_3__leaf_clk (net)
                  0.04    0.00    0.25 ^ _236_/CLK (sky130_fd_sc_hd__dfrtp_1)
                          0.25    0.50   clock uncertainty
                         -0.02    0.48   clock reconvergence pessimism
                         -0.02    0.46   library hold time
                                  0.46   data required time
-----------------------------------------------------------------------------
                                  0.46   data required time
                                 -0.92   data arrival time
-----------------------------------------------------------------------------
                                  0.47   slack (MET)


Startpoint: reset (input port clocked by clk)
Endpoint: _253_ (removal check against rising-edge clock clk)
Path Group: asynchronous
Path Type: min
Corner: Fastest

Fanout     Cap    Slew   Delay    Time   Description
-----------------------------------------------------------------------------
                          0.00    0.00   clock clk (rise edge)
                          0.00    0.00   clock network delay (propagated)
                          4.00    4.00 v input external delay
                  0.01    0.00    4.00 v reset (in)
     1    0.00                           reset (net)
                  0.01    0.00    4.00 v input1/A (sky130_fd_sc_hd__clkbuf_4)
                  0.07    0.11    4.12 v input1/X (sky130_fd_sc_hd__clkbuf_4)
     7    0.04                           net1 (net)
                  0.07    0.00    4.12 v _210_/A (sky130_fd_sc_hd__inv_2)
                  0.03    0.04    4.16 ^ _210_/Y (sky130_fd_sc_hd__inv_2)
     1    0.00                           _031_ (net)
                  0.03    0.00    4.16 ^ _253_/RESET_B (sky130_fd_sc_hd__dfrtp_1)
                                  4.16   data arrival time

                          0.00    0.00   clock clk (rise edge)
                          0.00    0.00   clock source latency
                  0.06    0.04    0.04 ^ clk (in)
     1    0.02                           clk (net)
                  0.06    0.00    0.04 ^ clkbuf_0_clk/A (sky130_fd_sc_hd__clkbuf_16)
                  0.05    0.11    0.15 ^ clkbuf_0_clk/X (sky130_fd_sc_hd__clkbuf_16)
     4    0.04                           clknet_0_clk (net)
                  0.05    0.00    0.15 ^ clkbuf_2_3__f_clk/A (sky130_fd_sc_hd__clkbuf_16)
                  0.04    0.10    0.25 ^ clkbuf_2_3__f_clk/X (sky130_fd_sc_hd__clkbuf_16)
     9    0.03                           clknet_2_3__leaf_clk (net)
                  0.04    0.00    0.25 ^ _253_/CLK (sky130_fd_sc_hd__dfrtp_1)
                          0.25    0.50   clock uncertainty
                          0.00    0.50   clock reconvergence pessimism
                          0.20    0.70   library removal time
                                  0.70   data required time
-----------------------------------------------------------------------------
                                  0.70   data required time
                                 -4.16   data arrival time
-----------------------------------------------------------------------------
                                  3.46   slack (MET)


Startpoint: reset (input port clocked by clk)
Endpoint: _252_ (removal check against rising-edge clock clk)
Path Group: asynchronous
Path Type: min
Corner: Fastest

Fanout     Cap    Slew   Delay    Time   Description
-----------------------------------------------------------------------------
                          0.00    0.00   clock clk (rise edge)
                          0.00    0.00   clock network delay (propagated)
                          4.00    4.00 v input external delay
                  0.01    0.00    4.00 v reset (in)
     1    0.00                           reset (net)
                  0.01    0.00    4.00 v input1/A (sky130_fd_sc_hd__clkbuf_4)
                  0.07    0.11    4.12 v input1/X (sky130_fd_sc_hd__clkbuf_4)
     7    0.04                           net1 (net)
                  0.07    0.00    4.12 v _209_/A (sky130_fd_sc_hd__inv_2)
                  0.03    0.04    4.16 ^ _209_/Y (sky130_fd_sc_hd__inv_2)
     1    0.00                           _030_ (net)
                  0.03    0.00    4.16 ^ _252_/RESET_B (sky130_fd_sc_hd__dfrtp_1)
                                  4.16   data arrival time

                          0.00    0.00   clock clk (rise edge)
                          0.00    0.00   clock source latency
                  0.06    0.04    0.04 ^ clk (in)
     1    0.02                           clk (net)
                  0.06    0.00    0.04 ^ clkbuf_0_clk/A (sky130_fd_sc_hd__clkbuf_16)
                  0.05    0.11    0.15 ^ clkbuf_0_clk/X (sky130_fd_sc_hd__clkbuf_16)
     4    0.04                           clknet_0_clk (net)
                  0.05    0.00    0.15 ^ clkbuf_2_0__f_clk/A (sky130_fd_sc_hd__clkbuf_16)
                  0.04    0.10    0.25 ^ clkbuf_2_0__f_clk/X (sky130_fd_sc_hd__clkbuf_16)
     9    0.03                           clknet_2_0__leaf_clk (net)
                  0.04    0.00    0.25 ^ _252_/CLK (sky130_fd_sc_hd__dfrtp_1)
                          0.25    0.50   clock uncertainty
                          0.00    0.50   clock reconvergence pessimism
                          0.20    0.70   library removal time
                                  0.70   data required time
-----------------------------------------------------------------------------
                                  0.70   data required time
                                 -4.16   data arrival time
-----------------------------------------------------------------------------
                                  3.46   slack (MET)


Startpoint: reset (input port clocked by clk)
Endpoint: _254_ (removal check against rising-edge clock clk)
Path Group: asynchronous
Path Type: min
Corner: Fastest

Fanout     Cap    Slew   Delay    Time   Description
-----------------------------------------------------------------------------
                          0.00    0.00   clock clk (rise edge)
                          0.00    0.00   clock network delay (propagated)
                          4.00    4.00 v input external delay
                  0.01    0.00    4.00 v reset (in)
     1    0.00                           reset (net)
                  0.01    0.00    4.00 v input1/A (sky130_fd_sc_hd__clkbuf_4)
                  0.07    0.11    4.12 v input1/X (sky130_fd_sc_hd__clkbuf_4)
     7    0.04                           net1 (net)
                  0.07    0.00    4.12 v _211_/A (sky130_fd_sc_hd__inv_2)
                  0.03    0.04    4.16 ^ _211_/Y (sky130_fd_sc_hd__inv_2)
     1    0.01                           _032_ (net)
                  0.03    0.00    4.16 ^ _254_/RESET_B (sky130_fd_sc_hd__dfrtp_1)
                                  4.16   data arrival time

                          0.00    0.00   clock clk (rise edge)
                          0.00    0.00   clock source latency
                  0.06    0.04    0.04 ^ clk (in)
     1    0.02                           clk (net)
                  0.06    0.00    0.04 ^ clkbuf_0_clk/A (sky130_fd_sc_hd__clkbuf_16)
                  0.05    0.11    0.15 ^ clkbuf_0_clk/X (sky130_fd_sc_hd__clkbuf_16)
     4    0.04                           clknet_0_clk (net)
                  0.05    0.00    0.15 ^ clkbuf_2_0__f_clk/A (sky130_fd_sc_hd__clkbuf_16)
                  0.04    0.10    0.25 ^ clkbuf_2_0__f_clk/X (sky130_fd_sc_hd__clkbuf_16)
     9    0.03                           clknet_2_0__leaf_clk (net)
                  0.04    0.00    0.25 ^ _254_/CLK (sky130_fd_sc_hd__dfrtp_1)
                          0.25    0.50   clock uncertainty
                          0.00    0.50   clock reconvergence pessimism
                          0.20    0.70   library removal time
                                  0.70   data required time
-----------------------------------------------------------------------------
                                  0.70   data required time
                                 -4.16   data arrival time
-----------------------------------------------------------------------------
                                  3.47   slack (MET)


Startpoint: reset (input port clocked by clk)
Endpoint: _251_ (removal check against rising-edge clock clk)
Path Group: asynchronous
Path Type: min
Corner: Fastest

Fanout     Cap    Slew   Delay    Time   Description
-----------------------------------------------------------------------------
                          0.00    0.00   clock clk (rise edge)
                          0.00    0.00   clock network delay (propagated)
                          4.00    4.00 v input external delay
                  0.01    0.00    4.00 v reset (in)
     1    0.00                           reset (net)
                  0.01    0.00    4.00 v input1/A (sky130_fd_sc_hd__clkbuf_4)
                  0.07    0.11    4.12 v input1/X (sky130_fd_sc_hd__clkbuf_4)
     7    0.04                           net1 (net)
                  0.07    0.00    4.12 v _208_/A (sky130_fd_sc_hd__inv_2)
                  0.03    0.04    4.16 ^ _208_/Y (sky130_fd_sc_hd__inv_2)
     1    0.01                           _029_ (net)
                  0.03    0.00    4.16 ^ _251_/RESET_B (sky130_fd_sc_hd__dfrtp_1)
                                  4.16   data arrival time

                          0.00    0.00   clock clk (rise edge)
                          0.00    0.00   clock source latency
                  0.06    0.04    0.04 ^ clk (in)
     1    0.02                           clk (net)
                  0.06    0.00    0.04 ^ clkbuf_0_clk/A (sky130_fd_sc_hd__clkbuf_16)
                  0.05    0.11    0.15 ^ clkbuf_0_clk/X (sky130_fd_sc_hd__clkbuf_16)
     4    0.04                           clknet_0_clk (net)
                  0.05    0.00    0.15 ^ clkbuf_2_2__f_clk/A (sky130_fd_sc_hd__clkbuf_16)
                  0.03    0.09    0.24 ^ clkbuf_2_2__f_clk/X (sky130_fd_sc_hd__clkbuf_16)
     6    0.02                           clknet_2_2__leaf_clk (net)
                  0.03    0.00    0.24 ^ _251_/CLK (sky130_fd_sc_hd__dfrtp_1)
                          0.25    0.49   clock uncertainty
                          0.00    0.49   clock reconvergence pessimism
                          0.20    0.69   library removal time
                                  0.69   data required time
-----------------------------------------------------------------------------
                                  0.69   data required time
                                 -4.16   data arrival time
-----------------------------------------------------------------------------
                                  3.47   slack (MET)


Startpoint: reset (input port clocked by clk)
Endpoint: _230_ (removal check against rising-edge clock clk)
Path Group: asynchronous
Path Type: min
Corner: Fastest

Fanout     Cap    Slew   Delay    Time   Description
-----------------------------------------------------------------------------
                          0.00    0.00   clock clk (rise edge)
                          0.00    0.00   clock network delay (propagated)
                          4.00    4.00 v input external delay
                  0.01    0.00    4.00 v reset (in)
     1    0.00                           reset (net)
                  0.01    0.00    4.00 v input1/A (sky130_fd_sc_hd__clkbuf_4)
                  0.07    0.11    4.12 v input1/X (sky130_fd_sc_hd__clkbuf_4)
     7    0.04                           net1 (net)
                  0.07    0.00    4.12 v _185_/A (sky130_fd_sc_hd__inv_2)
                  0.04    0.05    4.17 ^ _185_/Y (sky130_fd_sc_hd__inv_2)
     2    0.01                           _008_ (net)
                  0.04    0.00    4.17 ^ _230_/SET_B (sky130_fd_sc_hd__dfstp_1)
                                  4.17   data arrival time

                          0.00    0.00   clock clk (rise edge)
                          0.00    0.00   clock source latency
                  0.06    0.04    0.04 ^ clk (in)
     1    0.02                           clk (net)
                  0.06    0.00    0.04 ^ clkbuf_0_clk/A (sky130_fd_sc_hd__clkbuf_16)
                  0.05    0.11    0.15 ^ clkbuf_0_clk/X (sky130_fd_sc_hd__clkbuf_16)
     4    0.04                           clknet_0_clk (net)
                  0.05    0.00    0.15 ^ clkbuf_2_2__f_clk/A (sky130_fd_sc_hd__clkbuf_16)
                  0.03    0.09    0.24 ^ clkbuf_2_2__f_clk/X (sky130_fd_sc_hd__clkbuf_16)
     6    0.02                           clknet_2_2__leaf_clk (net)
                  0.03    0.00    0.24 ^ _230_/CLK (sky130_fd_sc_hd__dfstp_1)
                          0.25    0.49   clock uncertainty
                          0.00    0.49   clock reconvergence pessimism
                          0.10    0.59   library removal time
                                  0.59   data required time
-----------------------------------------------------------------------------
                                  0.59   data required time
                                 -4.17   data arrival time
-----------------------------------------------------------------------------
                                  3.57   slack (MET)


Startpoint: reset (input port clocked by clk)
Endpoint: _241_ (removal check against rising-edge clock clk)
Path Group: asynchronous
Path Type: min
Corner: Fastest

Fanout     Cap    Slew   Delay    Time   Description
-----------------------------------------------------------------------------
                          0.00    0.00   clock clk (rise edge)
                          0.00    0.00   clock network delay (propagated)
                          4.00    4.00 v input external delay
                  0.01    0.00    4.00 v reset (in)
     1    0.00                           reset (net)
                  0.01    0.00    4.00 v input1/A (sky130_fd_sc_hd__clkbuf_4)
                  0.07    0.11    4.12 v input1/X (sky130_fd_sc_hd__clkbuf_4)
     7    0.04                           net1 (net)
                  0.07    0.00    4.12 v _197_/A (sky130_fd_sc_hd__buf_4)
                  0.06    0.14    4.26 v _197_/X (sky130_fd_sc_hd__buf_4)
    10    0.06                           _103_ (net)
                  0.06    0.00    4.26 v _198_/A (sky130_fd_sc_hd__inv_2)
                  0.03    0.04    4.30 ^ _198_/Y (sky130_fd_sc_hd__inv_2)
     1    0.00                           _019_ (net)
                  0.03    0.00    4.30 ^ _241_/RESET_B (sky130_fd_sc_hd__dfrtp_4)
                                  4.30   data arrival time

                          0.00    0.00   clock clk (rise edge)
                          0.00    0.00   clock source latency
                  0.06    0.04    0.04 ^ clk (in)
     1    0.02                           clk (net)
                  0.06    0.00    0.04 ^ clkbuf_0_clk/A (sky130_fd_sc_hd__clkbuf_16)
                  0.05    0.11    0.15 ^ clkbuf_0_clk/X (sky130_fd_sc_hd__clkbuf_16)
     4    0.04                           clknet_0_clk (net)
                  0.05    0.00    0.15 ^ clkbuf_2_0__f_clk/A (sky130_fd_sc_hd__clkbuf_16)
                  0.04    0.10    0.25 ^ clkbuf_2_0__f_clk/X (sky130_fd_sc_hd__clkbuf_16)
     9    0.03                           clknet_2_0__leaf_clk (net)
                  0.04    0.00    0.25 ^ _241_/CLK (sky130_fd_sc_hd__dfrtp_4)
                          0.25    0.50   clock uncertainty
                          0.00    0.50   clock reconvergence pessimism
                          0.20    0.70   library removal time
                                  0.70   data required time
-----------------------------------------------------------------------------
                                  0.70   data required time
                                 -4.30   data arrival time
-----------------------------------------------------------------------------
                                  3.60   slack (MET)


Startpoint: reset (input port clocked by clk)
Endpoint: _250_ (removal check against rising-edge clock clk)
Path Group: asynchronous
Path Type: min
Corner: Fastest

Fanout     Cap    Slew   Delay    Time   Description
-----------------------------------------------------------------------------
                          0.00    0.00   clock clk (rise edge)
                          0.00    0.00   clock network delay (propagated)
                          4.00    4.00 v input external delay
                  0.01    0.00    4.00 v reset (in)
     1    0.00                           reset (net)
                  0.01    0.00    4.00 v input1/A (sky130_fd_sc_hd__clkbuf_4)
                  0.07    0.11    4.12 v input1/X (sky130_fd_sc_hd__clkbuf_4)
     7    0.04                           net1 (net)
                  0.07    0.00    4.12 v _197_/A (sky130_fd_sc_hd__buf_4)
                  0.06    0.14    4.26 v _197_/X (sky130_fd_sc_hd__buf_4)
    10    0.06                           _103_ (net)
                  0.06    0.00    4.26 v _207_/A (sky130_fd_sc_hd__inv_2)
                  0.03    0.04    4.30 ^ _207_/Y (sky130_fd_sc_hd__inv_2)
     1    0.00                           _028_ (net)
                  0.03    0.00    4.30 ^ _250_/RESET_B (sky130_fd_sc_hd__dfrtp_1)
                                  4.30   data arrival time

                          0.00    0.00   clock clk (rise edge)
                          0.00    0.00   clock source latency
                  0.06    0.04    0.04 ^ clk (in)
     1    0.02                           clk (net)
                  0.06    0.00    0.04 ^ clkbuf_0_clk/A (sky130_fd_sc_hd__clkbuf_16)
                  0.05    0.11    0.15 ^ clkbuf_0_clk/X (sky130_fd_sc_hd__clkbuf_16)
     4    0.04                           clknet_0_clk (net)
                  0.05    0.00    0.15 ^ clkbuf_2_0__f_clk/A (sky130_fd_sc_hd__clkbuf_16)
                  0.04    0.10    0.25 ^ clkbuf_2_0__f_clk/X (sky130_fd_sc_hd__clkbuf_16)
     9    0.03                           clknet_2_0__leaf_clk (net)
                  0.04    0.00    0.25 ^ _250_/CLK (sky130_fd_sc_hd__dfrtp_1)
                          0.25    0.50   clock uncertainty
                          0.00    0.50   clock reconvergence pessimism
                          0.20    0.70   library removal time
                                  0.70   data required time
-----------------------------------------------------------------------------
                                  0.70   data required time
                                 -4.30   data arrival time
-----------------------------------------------------------------------------
                                  3.60   slack (MET)


Startpoint: reset (input port clocked by clk)
Endpoint: _243_ (removal check against rising-edge clock clk)
Path Group: asynchronous
Path Type: min
Corner: Fastest

Fanout     Cap    Slew   Delay    Time   Description
-----------------------------------------------------------------------------
                          0.00    0.00   clock clk (rise edge)
                          0.00    0.00   clock network delay (propagated)
                          4.00    4.00 v input external delay
                  0.01    0.00    4.00 v reset (in)
     1    0.00                           reset (net)
                  0.01    0.00    4.00 v input1/A (sky130_fd_sc_hd__clkbuf_4)
                  0.07    0.11    4.12 v input1/X (sky130_fd_sc_hd__clkbuf_4)
     7    0.04                           net1 (net)
                  0.07    0.00    4.12 v _197_/A (sky130_fd_sc_hd__buf_4)
                  0.06    0.14    4.26 v _197_/X (sky130_fd_sc_hd__buf_4)
    10    0.06                           _103_ (net)
                  0.06    0.00    4.26 v _200_/A (sky130_fd_sc_hd__inv_2)
                  0.03    0.04    4.30 ^ _200_/Y (sky130_fd_sc_hd__inv_2)
     1    0.00                           _021_ (net)
                  0.03    0.00    4.30 ^ _243_/RESET_B (sky130_fd_sc_hd__dfrtp_4)
                                  4.30   data arrival time

                          0.00    0.00   clock clk (rise edge)
                          0.00    0.00   clock source latency
                  0.06    0.04    0.04 ^ clk (in)
     1    0.02                           clk (net)
                  0.06    0.00    0.04 ^ clkbuf_0_clk/A (sky130_fd_sc_hd__clkbuf_16)
                  0.05    0.11    0.15 ^ clkbuf_0_clk/X (sky130_fd_sc_hd__clkbuf_16)
     4    0.04                           clknet_0_clk (net)
                  0.05    0.00    0.15 ^ clkbuf_2_3__f_clk/A (sky130_fd_sc_hd__clkbuf_16)
                  0.04    0.10    0.25 ^ clkbuf_2_3__f_clk/X (sky130_fd_sc_hd__clkbuf_16)
     9    0.03                           clknet_2_3__leaf_clk (net)
                  0.04    0.00    0.25 ^ _243_/CLK (sky130_fd_sc_hd__dfrtp_4)
                          0.25    0.50   clock uncertainty
                          0.00    0.50   clock reconvergence pessimism
                          0.20    0.70   library removal time
                                  0.70   data required time
-----------------------------------------------------------------------------
                                  0.70   data required time
                                 -4.30   data arrival time
-----------------------------------------------------------------------------
                                  3.60   slack (MET)


Startpoint: reset (input port clocked by clk)
Endpoint: _249_ (removal check against rising-edge clock clk)
Path Group: asynchronous
Path Type: min
Corner: Fastest

Fanout     Cap    Slew   Delay    Time   Description
-----------------------------------------------------------------------------
                          0.00    0.00   clock clk (rise edge)
                          0.00    0.00   clock network delay (propagated)
                          4.00    4.00 v input external delay
                  0.01    0.00    4.00 v reset (in)
     1    0.00                           reset (net)
                  0.01    0.00    4.00 v input1/A (sky130_fd_sc_hd__clkbuf_4)
                  0.07    0.11    4.12 v input1/X (sky130_fd_sc_hd__clkbuf_4)
     7    0.04                           net1 (net)
                  0.07    0.00    4.12 v _197_/A (sky130_fd_sc_hd__buf_4)
                  0.06    0.14    4.26 v _197_/X (sky130_fd_sc_hd__buf_4)
    10    0.06                           _103_ (net)
                  0.06    0.00    4.26 v _206_/A (sky130_fd_sc_hd__inv_2)
                  0.03    0.04    4.30 ^ _206_/Y (sky130_fd_sc_hd__inv_2)
     1    0.00                           _027_ (net)
                  0.03    0.00    4.30 ^ _249_/RESET_B (sky130_fd_sc_hd__dfrtp_1)
                                  4.30   data arrival time

                          0.00    0.00   clock clk (rise edge)
                          0.00    0.00   clock source latency
                  0.06    0.04    0.04 ^ clk (in)
     1    0.02                           clk (net)
                  0.06    0.00    0.04 ^ clkbuf_0_clk/A (sky130_fd_sc_hd__clkbuf_16)
                  0.05    0.11    0.15 ^ clkbuf_0_clk/X (sky130_fd_sc_hd__clkbuf_16)
     4    0.04                           clknet_0_clk (net)
                  0.05    0.00    0.15 ^ clkbuf_2_0__f_clk/A (sky130_fd_sc_hd__clkbuf_16)
                  0.04    0.10    0.25 ^ clkbuf_2_0__f_clk/X (sky130_fd_sc_hd__clkbuf_16)
     9    0.03                           clknet_2_0__leaf_clk (net)
                  0.04    0.00    0.25 ^ _249_/CLK (sky130_fd_sc_hd__dfrtp_1)
                          0.25    0.50   clock uncertainty
                          0.00    0.50   clock reconvergence pessimism
                          0.20    0.70   library removal time
                                  0.70   data required time
-----------------------------------------------------------------------------
                                  0.70   data required time
                                 -4.30   data arrival time
-----------------------------------------------------------------------------
                                  3.60   slack (MET)


Startpoint: reset (input port clocked by clk)
Endpoint: _240_ (removal check against rising-edge clock clk)
Path Group: asynchronous
Path Type: min
Corner: Fastest

Fanout     Cap    Slew   Delay    Time   Description
-----------------------------------------------------------------------------
                          0.00    0.00   clock clk (rise edge)
                          0.00    0.00   clock network delay (propagated)
                          4.00    4.00 v input external delay
                  0.01    0.00    4.00 v reset (in)
     1    0.00                           reset (net)
                  0.01    0.00    4.00 v input1/A (sky130_fd_sc_hd__clkbuf_4)
                  0.07    0.11    4.12 v input1/X (sky130_fd_sc_hd__clkbuf_4)
     7    0.04                           net1 (net)
                  0.07    0.00    4.12 v _186_/A (sky130_fd_sc_hd__buf_4)
                  0.07    0.14    4.26 v _186_/X (sky130_fd_sc_hd__buf_4)
    10    0.06                           _102_ (net)
                  0.07    0.00    4.26 v _196_/A (sky130_fd_sc_hd__inv_2)
                  0.03    0.04    4.30 ^ _196_/Y (sky130_fd_sc_hd__inv_2)
     1    0.00                           _018_ (net)
                  0.03    0.00    4.30 ^ _240_/RESET_B (sky130_fd_sc_hd__dfrtp_4)
                                  4.30   data arrival time

                          0.00    0.00   clock clk (rise edge)
                          0.00    0.00   clock source latency
                  0.06    0.04    0.04 ^ clk (in)
     1    0.02                           clk (net)
                  0.06    0.00    0.04 ^ clkbuf_0_clk/A (sky130_fd_sc_hd__clkbuf_16)
                  0.05    0.11    0.15 ^ clkbuf_0_clk/X (sky130_fd_sc_hd__clkbuf_16)
     4    0.04                           clknet_0_clk (net)
                  0.05    0.00    0.15 ^ clkbuf_2_0__f_clk/A (sky130_fd_sc_hd__clkbuf_16)
                  0.04    0.10    0.25 ^ clkbuf_2_0__f_clk/X (sky130_fd_sc_hd__clkbuf_16)
     9    0.03                           clknet_2_0__leaf_clk (net)
                  0.04    0.00    0.25 ^ _240_/CLK (sky130_fd_sc_hd__dfrtp_4)
                          0.25    0.50   clock uncertainty
                          0.00    0.50   clock reconvergence pessimism
                          0.20    0.70   library removal time
                                  0.70   data required time
-----------------------------------------------------------------------------
                                  0.70   data required time
                                 -4.30   data arrival time
-----------------------------------------------------------------------------
                                  3.60   slack (MET)


Startpoint: reset (input port clocked by clk)
Endpoint: _236_ (removal check against rising-edge clock clk)
Path Group: asynchronous
Path Type: min
Corner: Fastest

Fanout     Cap    Slew   Delay    Time   Description
-----------------------------------------------------------------------------
                          0.00    0.00   clock clk (rise edge)
                          0.00    0.00   clock network delay (propagated)
                          4.00    4.00 v input external delay
                  0.01    0.00    4.00 v reset (in)
     1    0.00                           reset (net)
                  0.01    0.00    4.00 v input1/A (sky130_fd_sc_hd__clkbuf_4)
                  0.07    0.11    4.12 v input1/X (sky130_fd_sc_hd__clkbuf_4)
     7    0.04                           net1 (net)
                  0.07    0.00    4.12 v _186_/A (sky130_fd_sc_hd__buf_4)
                  0.07    0.14    4.26 v _186_/X (sky130_fd_sc_hd__buf_4)
    10    0.06                           _102_ (net)
                  0.07    0.00    4.26 v _192_/A (sky130_fd_sc_hd__inv_2)
                  0.03    0.04    4.30 ^ _192_/Y (sky130_fd_sc_hd__inv_2)
     1    0.00                           _014_ (net)
                  0.03    0.00    4.30 ^ _236_/RESET_B (sky130_fd_sc_hd__dfrtp_1)
                                  4.30   data arrival time

                          0.00    0.00   clock clk (rise edge)
                          0.00    0.00   clock source latency
                  0.06    0.04    0.04 ^ clk (in)
     1    0.02                           clk (net)
                  0.06    0.00    0.04 ^ clkbuf_0_clk/A (sky130_fd_sc_hd__clkbuf_16)
                  0.05    0.11    0.15 ^ clkbuf_0_clk/X (sky130_fd_sc_hd__clkbuf_16)
     4    0.04                           clknet_0_clk (net)
                  0.05    0.00    0.15 ^ clkbuf_2_3__f_clk/A (sky130_fd_sc_hd__clkbuf_16)
                  0.04    0.10    0.25 ^ clkbuf_2_3__f_clk/X (sky130_fd_sc_hd__clkbuf_16)
     9    0.03                           clknet_2_3__leaf_clk (net)
                  0.04    0.00    0.25 ^ _236_/CLK (sky130_fd_sc_hd__dfrtp_1)
                          0.25    0.50   clock uncertainty
                          0.00    0.50   clock reconvergence pessimism
                          0.20    0.70   library removal time
                                  0.70   data required time
-----------------------------------------------------------------------------
                                  0.70   data required time
                                 -4.30   data arrival time
-----------------------------------------------------------------------------
                                  3.60   slack (MET)


Startpoint: reset (input port clocked by clk)
Endpoint: _234_ (removal check against rising-edge clock clk)
Path Group: asynchronous
Path Type: min
Corner: Fastest

Fanout     Cap    Slew   Delay    Time   Description
-----------------------------------------------------------------------------
                          0.00    0.00   clock clk (rise edge)
                          0.00    0.00   clock network delay (propagated)
                          4.00    4.00 v input external delay
                  0.01    0.00    4.00 v reset (in)
     1    0.00                           reset (net)
                  0.01    0.00    4.00 v input1/A (sky130_fd_sc_hd__clkbuf_4)
                  0.07    0.11    4.12 v input1/X (sky130_fd_sc_hd__clkbuf_4)
     7    0.04                           net1 (net)
                  0.07    0.00    4.12 v _186_/A (sky130_fd_sc_hd__buf_4)
                  0.07    0.14    4.26 v _186_/X (sky130_fd_sc_hd__buf_4)
    10    0.06                           _102_ (net)
                  0.07    0.00    4.26 v _190_/A (sky130_fd_sc_hd__inv_2)
                  0.03    0.04    4.30 ^ _190_/Y (sky130_fd_sc_hd__inv_2)
     1    0.00                           _012_ (net)
                  0.03    0.00    4.30 ^ _234_/RESET_B (sky130_fd_sc_hd__dfrtp_4)
                                  4.30   data arrival time

                          0.00    0.00   clock clk (rise edge)
                          0.00    0.00   clock source latency
                  0.06    0.04    0.04 ^ clk (in)
     1    0.02                           clk (net)
                  0.06    0.00    0.04 ^ clkbuf_0_clk/A (sky130_fd_sc_hd__clkbuf_16)
                  0.05    0.11    0.15 ^ clkbuf_0_clk/X (sky130_fd_sc_hd__clkbuf_16)
     4    0.04                           clknet_0_clk (net)
                  0.05    0.00    0.15 ^ clkbuf_2_3__f_clk/A (sky130_fd_sc_hd__clkbuf_16)
                  0.04    0.10    0.25 ^ clkbuf_2_3__f_clk/X (sky130_fd_sc_hd__clkbuf_16)
     9    0.03                           clknet_2_3__leaf_clk (net)
                  0.04    0.00    0.25 ^ _234_/CLK (sky130_fd_sc_hd__dfrtp_4)
                          0.25    0.50   clock uncertainty
                          0.00    0.50   clock reconvergence pessimism
                          0.20    0.70   library removal time
                                  0.70   data required time
-----------------------------------------------------------------------------
                                  0.70   data required time
                                 -4.30   data arrival time
-----------------------------------------------------------------------------
                                  3.60   slack (MET)


Startpoint: reset (input port clocked by clk)
Endpoint: _245_ (removal check against rising-edge clock clk)
Path Group: asynchronous
Path Type: min
Corner: Fastest

Fanout     Cap    Slew   Delay    Time   Description
-----------------------------------------------------------------------------
                          0.00    0.00   clock clk (rise edge)
                          0.00    0.00   clock network delay (propagated)
                          4.00    4.00 v input external delay
                  0.01    0.00    4.00 v reset (in)
     1    0.00                           reset (net)
                  0.01    0.00    4.00 v input1/A (sky130_fd_sc_hd__clkbuf_4)
                  0.07    0.11    4.12 v input1/X (sky130_fd_sc_hd__clkbuf_4)
     7    0.04                           net1 (net)
                  0.07    0.00    4.12 v _197_/A (sky130_fd_sc_hd__buf_4)
                  0.06    0.14    4.26 v _197_/X (sky130_fd_sc_hd__buf_4)
    10    0.06                           _103_ (net)
                  0.06    0.00    4.26 v _202_/A (sky130_fd_sc_hd__inv_2)
                  0.03    0.04    4.30 ^ _202_/Y (sky130_fd_sc_hd__inv_2)
     1    0.00                           _023_ (net)
                  0.03    0.00    4.30 ^ _245_/RESET_B (sky130_fd_sc_hd__dfrtp_1)
                                  4.30   data arrival time

                          0.00    0.00   clock clk (rise edge)
                          0.00    0.00   clock source latency
                  0.06    0.04    0.04 ^ clk (in)
     1    0.02                           clk (net)
                  0.06    0.00    0.04 ^ clkbuf_0_clk/A (sky130_fd_sc_hd__clkbuf_16)
                  0.05    0.11    0.15 ^ clkbuf_0_clk/X (sky130_fd_sc_hd__clkbuf_16)
     4    0.04                           clknet_0_clk (net)
                  0.05    0.00    0.15 ^ clkbuf_2_3__f_clk/A (sky130_fd_sc_hd__clkbuf_16)
                  0.04    0.10    0.25 ^ clkbuf_2_3__f_clk/X (sky130_fd_sc_hd__clkbuf_16)
     9    0.03                           clknet_2_3__leaf_clk (net)
                  0.04    0.00    0.25 ^ _245_/CLK (sky130_fd_sc_hd__dfrtp_1)
                          0.25    0.50   clock uncertainty
                          0.00    0.50   clock reconvergence pessimism
                          0.20    0.70   library removal time
                                  0.70   data required time
-----------------------------------------------------------------------------
                                  0.70   data required time
                                 -4.30   data arrival time
-----------------------------------------------------------------------------
                                  3.60   slack (MET)


Startpoint: reset (input port clocked by clk)
Endpoint: _248_ (removal check against rising-edge clock clk)
Path Group: asynchronous
Path Type: min
Corner: Fastest

Fanout     Cap    Slew   Delay    Time   Description
-----------------------------------------------------------------------------
                          0.00    0.00   clock clk (rise edge)
                          0.00    0.00   clock network delay (propagated)
                          4.00    4.00 v input external delay
                  0.01    0.00    4.00 v reset (in)
     1    0.00                           reset (net)
                  0.01    0.00    4.00 v input1/A (sky130_fd_sc_hd__clkbuf_4)
                  0.07    0.11    4.12 v input1/X (sky130_fd_sc_hd__clkbuf_4)
     7    0.04                           net1 (net)
                  0.07    0.00    4.12 v _197_/A (sky130_fd_sc_hd__buf_4)
                  0.06    0.14    4.26 v _197_/X (sky130_fd_sc_hd__buf_4)
    10    0.06                           _103_ (net)
                  0.06    0.00    4.26 v _205_/A (sky130_fd_sc_hd__inv_2)
                  0.03    0.04    4.30 ^ _205_/Y (sky130_fd_sc_hd__inv_2)
     1    0.00                           _026_ (net)
                  0.03    0.00    4.30 ^ _248_/RESET_B (sky130_fd_sc_hd__dfrtp_1)
                                  4.30   data arrival time

                          0.00    0.00   clock clk (rise edge)
                          0.00    0.00   clock source latency
                  0.06    0.04    0.04 ^ clk (in)
     1    0.02                           clk (net)
                  0.06    0.00    0.04 ^ clkbuf_0_clk/A (sky130_fd_sc_hd__clkbuf_16)
                  0.05    0.11    0.15 ^ clkbuf_0_clk/X (sky130_fd_sc_hd__clkbuf_16)
     4    0.04                           clknet_0_clk (net)
                  0.05    0.00    0.15 ^ clkbuf_2_1__f_clk/A (sky130_fd_sc_hd__clkbuf_16)
                  0.04    0.10    0.25 ^ clkbuf_2_1__f_clk/X (sky130_fd_sc_hd__clkbuf_16)
     9    0.03                           clknet_2_1__leaf_clk (net)
                  0.04    0.00    0.25 ^ _248_/CLK (sky130_fd_sc_hd__dfrtp_1)
                          0.25    0.50   clock uncertainty
                          0.00    0.50   clock reconvergence pessimism
                          0.20    0.70   library removal time
                                  0.70   data required time
-----------------------------------------------------------------------------
                                  0.70   data required time
                                 -4.30   data arrival time
-----------------------------------------------------------------------------
                                  3.60   slack (MET)


Startpoint: reset (input port clocked by clk)
Endpoint: _239_ (removal check against rising-edge clock clk)
Path Group: asynchronous
Path Type: min
Corner: Fastest

Fanout     Cap    Slew   Delay    Time   Description
-----------------------------------------------------------------------------
                          0.00    0.00   clock clk (rise edge)
                          0.00    0.00   clock network delay (propagated)
                          4.00    4.00 v input external delay
                  0.01    0.00    4.00 v reset (in)
     1    0.00                           reset (net)
                  0.01    0.00    4.00 v input1/A (sky130_fd_sc_hd__clkbuf_4)
                  0.07    0.11    4.12 v input1/X (sky130_fd_sc_hd__clkbuf_4)
     7    0.04                           net1 (net)
                  0.07    0.00    4.12 v _186_/A (sky130_fd_sc_hd__buf_4)
                  0.07    0.14    4.26 v _186_/X (sky130_fd_sc_hd__buf_4)
    10    0.06                           _102_ (net)
                  0.07    0.00    4.26 v _195_/A (sky130_fd_sc_hd__inv_2)
                  0.03    0.04    4.30 ^ _195_/Y (sky130_fd_sc_hd__inv_2)
     1    0.00                           _017_ (net)
                  0.03    0.00    4.30 ^ _239_/RESET_B (sky130_fd_sc_hd__dfrtp_1)
                                  4.30   data arrival time

                          0.00    0.00   clock clk (rise edge)
                          0.00    0.00   clock source latency
                  0.06    0.04    0.04 ^ clk (in)
     1    0.02                           clk (net)
                  0.06    0.00    0.04 ^ clkbuf_0_clk/A (sky130_fd_sc_hd__clkbuf_16)
                  0.05    0.11    0.15 ^ clkbuf_0_clk/X (sky130_fd_sc_hd__clkbuf_16)
     4    0.04                           clknet_0_clk (net)
                  0.05    0.00    0.15 ^ clkbuf_2_0__f_clk/A (sky130_fd_sc_hd__clkbuf_16)
                  0.04    0.10    0.25 ^ clkbuf_2_0__f_clk/X (sky130_fd_sc_hd__clkbuf_16)
     9    0.03                           clknet_2_0__leaf_clk (net)
                  0.04    0.00    0.25 ^ _239_/CLK (sky130_fd_sc_hd__dfrtp_1)
                          0.25    0.50   clock uncertainty
                          0.00    0.50   clock reconvergence pessimism
                          0.20    0.70   library removal time
                                  0.70   data required time
-----------------------------------------------------------------------------
                                  0.70   data required time
                                 -4.30   data arrival time
-----------------------------------------------------------------------------
                                  3.60   slack (MET)


Startpoint: reset (input port clocked by clk)
Endpoint: _246_ (removal check against rising-edge clock clk)
Path Group: asynchronous
Path Type: min
Corner: Fastest

Fanout     Cap    Slew   Delay    Time   Description
-----------------------------------------------------------------------------
                          0.00    0.00   clock clk (rise edge)
                          0.00    0.00   clock network delay (propagated)
                          4.00    4.00 v input external delay
                  0.01    0.00    4.00 v reset (in)
     1    0.00                           reset (net)
                  0.01    0.00    4.00 v input1/A (sky130_fd_sc_hd__clkbuf_4)
                  0.07    0.11    4.12 v input1/X (sky130_fd_sc_hd__clkbuf_4)
     7    0.04                           net1 (net)
                  0.07    0.00    4.12 v _197_/A (sky130_fd_sc_hd__buf_4)
                  0.06    0.14    4.26 v _197_/X (sky130_fd_sc_hd__buf_4)
    10    0.06                           _103_ (net)
                  0.06    0.00    4.26 v _203_/A (sky130_fd_sc_hd__inv_2)
                  0.03    0.04    4.30 ^ _203_/Y (sky130_fd_sc_hd__inv_2)
     1    0.00                           _024_ (net)
                  0.03    0.00    4.30 ^ _246_/RESET_B (sky130_fd_sc_hd__dfrtp_1)
                                  4.30   data arrival time

                          0.00    0.00   clock clk (rise edge)
                          0.00    0.00   clock source latency
                  0.06    0.04    0.04 ^ clk (in)
     1    0.02                           clk (net)
                  0.06    0.00    0.04 ^ clkbuf_0_clk/A (sky130_fd_sc_hd__clkbuf_16)
                  0.05    0.11    0.15 ^ clkbuf_0_clk/X (sky130_fd_sc_hd__clkbuf_16)
     4    0.04                           clknet_0_clk (net)
                  0.05    0.00    0.15 ^ clkbuf_2_0__f_clk/A (sky130_fd_sc_hd__clkbuf_16)
                  0.04    0.10    0.25 ^ clkbuf_2_0__f_clk/X (sky130_fd_sc_hd__clkbuf_16)
     9    0.03                           clknet_2_0__leaf_clk (net)
                  0.04    0.00    0.25 ^ _246_/CLK (sky130_fd_sc_hd__dfrtp_1)
                          0.25    0.50   clock uncertainty
                          0.00    0.50   clock reconvergence pessimism
                          0.20    0.70   library removal time
                                  0.70   data required time
-----------------------------------------------------------------------------
                                  0.70   data required time
                                 -4.30   data arrival time
-----------------------------------------------------------------------------
                                  3.60   slack (MET)


Startpoint: reset (input port clocked by clk)
Endpoint: _244_ (removal check against rising-edge clock clk)
Path Group: asynchronous
Path Type: min
Corner: Fastest

Fanout     Cap    Slew   Delay    Time   Description
-----------------------------------------------------------------------------
                          0.00    0.00   clock clk (rise edge)
                          0.00    0.00   clock network delay (propagated)
                          4.00    4.00 v input external delay
                  0.01    0.00    4.00 v reset (in)
     1    0.00                           reset (net)
                  0.01    0.00    4.00 v input1/A (sky130_fd_sc_hd__clkbuf_4)
                  0.07    0.11    4.12 v input1/X (sky130_fd_sc_hd__clkbuf_4)
     7    0.04                           net1 (net)
                  0.07    0.00    4.12 v _197_/A (sky130_fd_sc_hd__buf_4)
                  0.06    0.14    4.26 v _197_/X (sky130_fd_sc_hd__buf_4)
    10    0.06                           _103_ (net)
                  0.06    0.00    4.26 v _201_/A (sky130_fd_sc_hd__inv_2)
                  0.03    0.04    4.30 ^ _201_/Y (sky130_fd_sc_hd__inv_2)
     1    0.00                           _022_ (net)
                  0.03    0.00    4.30 ^ _244_/RESET_B (sky130_fd_sc_hd__dfrtp_1)
                                  4.30   data arrival time

                          0.00    0.00   clock clk (rise edge)
                          0.00    0.00   clock source latency
                  0.06    0.04    0.04 ^ clk (in)
     1    0.02                           clk (net)
                  0.06    0.00    0.04 ^ clkbuf_0_clk/A (sky130_fd_sc_hd__clkbuf_16)
                  0.05    0.11    0.15 ^ clkbuf_0_clk/X (sky130_fd_sc_hd__clkbuf_16)
     4    0.04                           clknet_0_clk (net)
                  0.05    0.00    0.15 ^ clkbuf_2_3__f_clk/A (sky130_fd_sc_hd__clkbuf_16)
                  0.04    0.10    0.25 ^ clkbuf_2_3__f_clk/X (sky130_fd_sc_hd__clkbuf_16)
     9    0.03                           clknet_2_3__leaf_clk (net)
                  0.04    0.00    0.25 ^ _244_/CLK (sky130_fd_sc_hd__dfrtp_1)
                          0.25    0.50   clock uncertainty
                          0.00    0.50   clock reconvergence pessimism
                          0.20    0.70   library removal time
                                  0.70   data required time
-----------------------------------------------------------------------------
                                  0.70   data required time
                                 -4.30   data arrival time
-----------------------------------------------------------------------------
                                  3.60   slack (MET)


Startpoint: reset (input port clocked by clk)
Endpoint: _231_ (removal check against rising-edge clock clk)
Path Group: asynchronous
Path Type: min
Corner: Fastest

Fanout     Cap    Slew   Delay    Time   Description
-----------------------------------------------------------------------------
                          0.00    0.00   clock clk (rise edge)
                          0.00    0.00   clock network delay (propagated)
                          4.00    4.00 v input external delay
                  0.01    0.00    4.00 v reset (in)
     1    0.00                           reset (net)
                  0.01    0.00    4.00 v input1/A (sky130_fd_sc_hd__clkbuf_4)
                  0.07    0.11    4.12 v input1/X (sky130_fd_sc_hd__clkbuf_4)
     7    0.04                           net1 (net)
                  0.07    0.00    4.12 v _186_/A (sky130_fd_sc_hd__buf_4)
                  0.07    0.14    4.26 v _186_/X (sky130_fd_sc_hd__buf_4)
    10    0.06                           _102_ (net)
                  0.07    0.00    4.26 v _187_/A (sky130_fd_sc_hd__inv_2)
                  0.03    0.04    4.30 ^ _187_/Y (sky130_fd_sc_hd__inv_2)
     1    0.00                           _009_ (net)
                  0.03    0.00    4.30 ^ _231_/RESET_B (sky130_fd_sc_hd__dfrtp_2)
                                  4.30   data arrival time

                          0.00    0.00   clock clk (rise edge)
                          0.00    0.00   clock source latency
                  0.06    0.04    0.04 ^ clk (in)
     1    0.02                           clk (net)
                  0.06    0.00    0.04 ^ clkbuf_0_clk/A (sky130_fd_sc_hd__clkbuf_16)
                  0.05    0.11    0.15 ^ clkbuf_0_clk/X (sky130_fd_sc_hd__clkbuf_16)
     4    0.04                           clknet_0_clk (net)
                  0.05    0.00    0.15 ^ clkbuf_2_0__f_clk/A (sky130_fd_sc_hd__clkbuf_16)
                  0.04    0.10    0.25 ^ clkbuf_2_0__f_clk/X (sky130_fd_sc_hd__clkbuf_16)
     9    0.03                           clknet_2_0__leaf_clk (net)
                  0.04    0.00    0.25 ^ _231_/CLK (sky130_fd_sc_hd__dfrtp_2)
                          0.25    0.50   clock uncertainty
                          0.00    0.50   clock reconvergence pessimism
                          0.20    0.70   library removal time
                                  0.70   data required time
-----------------------------------------------------------------------------
                                  0.70   data required time
                                 -4.30   data arrival time
-----------------------------------------------------------------------------
                                  3.61   slack (MET)


Startpoint: reset (input port clocked by clk)
Endpoint: _235_ (removal check against rising-edge clock clk)
Path Group: asynchronous
Path Type: min
Corner: Fastest

Fanout     Cap    Slew   Delay    Time   Description
-----------------------------------------------------------------------------
                          0.00    0.00   clock clk (rise edge)
                          0.00    0.00   clock network delay (propagated)
                          4.00    4.00 v input external delay
                  0.01    0.00    4.00 v reset (in)
     1    0.00                           reset (net)
                  0.01    0.00    4.00 v input1/A (sky130_fd_sc_hd__clkbuf_4)
                  0.07    0.11    4.12 v input1/X (sky130_fd_sc_hd__clkbuf_4)
     7    0.04                           net1 (net)
                  0.07    0.00    4.12 v _186_/A (sky130_fd_sc_hd__buf_4)
                  0.07    0.14    4.26 v _186_/X (sky130_fd_sc_hd__buf_4)
    10    0.06                           _102_ (net)
                  0.07    0.00    4.26 v _191_/A (sky130_fd_sc_hd__inv_2)
                  0.03    0.04    4.30 ^ _191_/Y (sky130_fd_sc_hd__inv_2)
     1    0.01                           _013_ (net)
                  0.03    0.00    4.30 ^ _235_/RESET_B (sky130_fd_sc_hd__dfrtp_4)
                                  4.30   data arrival time

                          0.00    0.00   clock clk (rise edge)
                          0.00    0.00   clock source latency
                  0.06    0.04    0.04 ^ clk (in)
     1    0.02                           clk (net)
                  0.06    0.00    0.04 ^ clkbuf_0_clk/A (sky130_fd_sc_hd__clkbuf_16)
                  0.05    0.11    0.15 ^ clkbuf_0_clk/X (sky130_fd_sc_hd__clkbuf_16)
     4    0.04                           clknet_0_clk (net)
                  0.05    0.00    0.15 ^ clkbuf_2_3__f_clk/A (sky130_fd_sc_hd__clkbuf_16)
                  0.04    0.10    0.25 ^ clkbuf_2_3__f_clk/X (sky130_fd_sc_hd__clkbuf_16)
     9    0.03                           clknet_2_3__leaf_clk (net)
                  0.04    0.00    0.25 ^ _235_/CLK (sky130_fd_sc_hd__dfrtp_4)
                          0.25    0.50   clock uncertainty
                          0.00    0.50   clock reconvergence pessimism
                          0.20    0.70   library removal time
                                  0.70   data required time
-----------------------------------------------------------------------------
                                  0.70   data required time
                                 -4.30   data arrival time
-----------------------------------------------------------------------------
                                  3.61   slack (MET)


Startpoint: reset (input port clocked by clk)
Endpoint: _238_ (removal check against rising-edge clock clk)
Path Group: asynchronous
Path Type: min
Corner: Fastest

Fanout     Cap    Slew   Delay    Time   Description
-----------------------------------------------------------------------------
                          0.00    0.00   clock clk (rise edge)
                          0.00    0.00   clock network delay (propagated)
                          4.00    4.00 v input external delay
                  0.01    0.00    4.00 v reset (in)
     1    0.00                           reset (net)
                  0.01    0.00    4.00 v input1/A (sky130_fd_sc_hd__clkbuf_4)
                  0.07    0.11    4.12 v input1/X (sky130_fd_sc_hd__clkbuf_4)
     7    0.04                           net1 (net)
                  0.07    0.00    4.12 v _186_/A (sky130_fd_sc_hd__buf_4)
                  0.07    0.14    4.26 v _186_/X (sky130_fd_sc_hd__buf_4)
    10    0.06                           _102_ (net)
                  0.07    0.00    4.26 v _194_/A (sky130_fd_sc_hd__inv_2)
                  0.03    0.04    4.30 ^ _194_/Y (sky130_fd_sc_hd__inv_2)
     1    0.00                           _016_ (net)
                  0.03    0.00    4.30 ^ _238_/RESET_B (sky130_fd_sc_hd__dfrtp_1)
                                  4.30   data arrival time

                          0.00    0.00   clock clk (rise edge)
                          0.00    0.00   clock source latency
                  0.06    0.04    0.04 ^ clk (in)
     1    0.02                           clk (net)
                  0.06    0.00    0.04 ^ clkbuf_0_clk/A (sky130_fd_sc_hd__clkbuf_16)
                  0.05    0.11    0.15 ^ clkbuf_0_clk/X (sky130_fd_sc_hd__clkbuf_16)
     4    0.04                           clknet_0_clk (net)
                  0.05    0.00    0.15 ^ clkbuf_2_2__f_clk/A (sky130_fd_sc_hd__clkbuf_16)
                  0.03    0.09    0.24 ^ clkbuf_2_2__f_clk/X (sky130_fd_sc_hd__clkbuf_16)
     6    0.02                           clknet_2_2__leaf_clk (net)
                  0.03    0.00    0.24 ^ _238_/CLK (sky130_fd_sc_hd__dfrtp_1)
                          0.25    0.49   clock uncertainty
                          0.00    0.49   clock reconvergence pessimism
                          0.20    0.69   library removal time
                                  0.69   data required time
-----------------------------------------------------------------------------
                                  0.69   data required time
                                 -4.30   data arrival time
-----------------------------------------------------------------------------
                                  3.61   slack (MET)


Startpoint: reset (input port clocked by clk)
Endpoint: _247_ (removal check against rising-edge clock clk)
Path Group: asynchronous
Path Type: min
Corner: Fastest

Fanout     Cap    Slew   Delay    Time   Description
-----------------------------------------------------------------------------
                          0.00    0.00   clock clk (rise edge)
                          0.00    0.00   clock network delay (propagated)
                          4.00    4.00 v input external delay
                  0.01    0.00    4.00 v reset (in)
     1    0.00                           reset (net)
                  0.01    0.00    4.00 v input1/A (sky130_fd_sc_hd__clkbuf_4)
                  0.07    0.11    4.12 v input1/X (sky130_fd_sc_hd__clkbuf_4)
     7    0.04                           net1 (net)
                  0.07    0.00    4.12 v _197_/A (sky130_fd_sc_hd__buf_4)
                  0.06    0.14    4.26 v _197_/X (sky130_fd_sc_hd__buf_4)
    10    0.06                           _103_ (net)
                  0.06    0.00    4.26 v _204_/A (sky130_fd_sc_hd__inv_2)
                  0.03    0.04    4.30 ^ _204_/Y (sky130_fd_sc_hd__inv_2)
     1    0.00                           _025_ (net)
                  0.03    0.00    4.30 ^ _247_/RESET_B (sky130_fd_sc_hd__dfrtp_1)
                                  4.30   data arrival time

                          0.00    0.00   clock clk (rise edge)
                          0.00    0.00   clock source latency
                  0.06    0.04    0.04 ^ clk (in)
     1    0.02                           clk (net)
                  0.06    0.00    0.04 ^ clkbuf_0_clk/A (sky130_fd_sc_hd__clkbuf_16)
                  0.05    0.11    0.15 ^ clkbuf_0_clk/X (sky130_fd_sc_hd__clkbuf_16)
     4    0.04                           clknet_0_clk (net)
                  0.05    0.00    0.15 ^ clkbuf_2_2__f_clk/A (sky130_fd_sc_hd__clkbuf_16)
                  0.03    0.09    0.24 ^ clkbuf_2_2__f_clk/X (sky130_fd_sc_hd__clkbuf_16)
     6    0.02                           clknet_2_2__leaf_clk (net)
                  0.03    0.00    0.24 ^ _247_/CLK (sky130_fd_sc_hd__dfrtp_1)
                          0.25    0.49   clock uncertainty
                          0.00    0.49   clock reconvergence pessimism
                          0.20    0.69   library removal time
                                  0.69   data required time
-----------------------------------------------------------------------------
                                  0.69   data required time
                                 -4.30   data arrival time
-----------------------------------------------------------------------------
                                  3.61   slack (MET)


Startpoint: reset (input port clocked by clk)
Endpoint: _232_ (removal check against rising-edge clock clk)
Path Group: asynchronous
Path Type: min
Corner: Fastest

Fanout     Cap    Slew   Delay    Time   Description
-----------------------------------------------------------------------------
                          0.00    0.00   clock clk (rise edge)
                          0.00    0.00   clock network delay (propagated)
                          4.00    4.00 v input external delay
                  0.01    0.00    4.00 v reset (in)
     1    0.00                           reset (net)
                  0.01    0.00    4.00 v input1/A (sky130_fd_sc_hd__clkbuf_4)
                  0.07    0.11    4.12 v input1/X (sky130_fd_sc_hd__clkbuf_4)
     7    0.04                           net1 (net)
                  0.07    0.00    4.12 v _186_/A (sky130_fd_sc_hd__buf_4)
                  0.07    0.14    4.26 v _186_/X (sky130_fd_sc_hd__buf_4)
    10    0.06                           _102_ (net)
                  0.07    0.00    4.26 v _188_/A (sky130_fd_sc_hd__inv_2)
                  0.03    0.04    4.30 ^ _188_/Y (sky130_fd_sc_hd__inv_2)
     1    0.00                           _010_ (net)
                  0.03    0.00    4.30 ^ _232_/RESET_B (sky130_fd_sc_hd__dfrtp_1)
                                  4.30   data arrival time

                          0.00    0.00   clock clk (rise edge)
                          0.00    0.00   clock source latency
                  0.06    0.04    0.04 ^ clk (in)
     1    0.02                           clk (net)
                  0.06    0.00    0.04 ^ clkbuf_0_clk/A (sky130_fd_sc_hd__clkbuf_16)
                  0.05    0.11    0.15 ^ clkbuf_0_clk/X (sky130_fd_sc_hd__clkbuf_16)
     4    0.04                           clknet_0_clk (net)
                  0.05    0.00    0.15 ^ clkbuf_2_2__f_clk/A (sky130_fd_sc_hd__clkbuf_16)
                  0.03    0.09    0.24 ^ clkbuf_2_2__f_clk/X (sky130_fd_sc_hd__clkbuf_16)
     6    0.02                           clknet_2_2__leaf_clk (net)
                  0.03    0.00    0.24 ^ _232_/CLK (sky130_fd_sc_hd__dfrtp_1)
                          0.25    0.49   clock uncertainty
                          0.00    0.49   clock reconvergence pessimism
                          0.20    0.69   library removal time
                                  0.69   data required time
-----------------------------------------------------------------------------
                                  0.69   data required time
                                 -4.30   data arrival time
-----------------------------------------------------------------------------
                                  3.61   slack (MET)


Startpoint: reset (input port clocked by clk)
Endpoint: _233_ (removal check against rising-edge clock clk)
Path Group: asynchronous
Path Type: min
Corner: Fastest

Fanout     Cap    Slew   Delay    Time   Description
-----------------------------------------------------------------------------
                          0.00    0.00   clock clk (rise edge)
                          0.00    0.00   clock network delay (propagated)
                          4.00    4.00 v input external delay
                  0.01    0.00    4.00 v reset (in)
     1    0.00                           reset (net)
                  0.01    0.00    4.00 v input1/A (sky130_fd_sc_hd__clkbuf_4)
                  0.07    0.11    4.12 v input1/X (sky130_fd_sc_hd__clkbuf_4)
     7    0.04                           net1 (net)
                  0.07    0.00    4.12 v _186_/A (sky130_fd_sc_hd__buf_4)
                  0.07    0.14    4.26 v _186_/X (sky130_fd_sc_hd__buf_4)
    10    0.06                           _102_ (net)
                  0.07    0.00    4.26 v _189_/A (sky130_fd_sc_hd__inv_2)
                  0.03    0.04    4.30 ^ _189_/Y (sky130_fd_sc_hd__inv_2)
     1    0.00                           _011_ (net)
                  0.03    0.00    4.30 ^ _233_/RESET_B (sky130_fd_sc_hd__dfrtp_1)
                                  4.30   data arrival time

                          0.00    0.00   clock clk (rise edge)
                          0.00    0.00   clock source latency
                  0.06    0.04    0.04 ^ clk (in)
     1    0.02                           clk (net)
                  0.06    0.00    0.04 ^ clkbuf_0_clk/A (sky130_fd_sc_hd__clkbuf_16)
                  0.05    0.11    0.15 ^ clkbuf_0_clk/X (sky130_fd_sc_hd__clkbuf_16)
     4    0.04                           clknet_0_clk (net)
                  0.05    0.00    0.15 ^ clkbuf_2_2__f_clk/A (sky130_fd_sc_hd__clkbuf_16)
                  0.03    0.09    0.24 ^ clkbuf_2_2__f_clk/X (sky130_fd_sc_hd__clkbuf_16)
     6    0.02                           clknet_2_2__leaf_clk (net)
                  0.03    0.00    0.24 ^ _233_/CLK (sky130_fd_sc_hd__dfrtp_1)
                          0.25    0.49   clock uncertainty
                          0.00    0.49   clock reconvergence pessimism
                          0.20    0.69   library removal time
                                  0.69   data required time
-----------------------------------------------------------------------------
                                  0.69   data required time
                                 -4.30   data arrival time
-----------------------------------------------------------------------------
                                  3.61   slack (MET)


Startpoint: reset (input port clocked by clk)
Endpoint: _242_ (removal check against rising-edge clock clk)
Path Group: asynchronous
Path Type: min
Corner: Fastest

Fanout     Cap    Slew   Delay    Time   Description
-----------------------------------------------------------------------------
                          0.00    0.00   clock clk (rise edge)
                          0.00    0.00   clock network delay (propagated)
                          4.00    4.00 v input external delay
                  0.01    0.00    4.00 v reset (in)
     1    0.00                           reset (net)
                  0.01    0.00    4.00 v input1/A (sky130_fd_sc_hd__clkbuf_4)
                  0.07    0.11    4.12 v input1/X (sky130_fd_sc_hd__clkbuf_4)
     7    0.04                           net1 (net)
                  0.07    0.00    4.12 v _197_/A (sky130_fd_sc_hd__buf_4)
                  0.06    0.14    4.26 v _197_/X (sky130_fd_sc_hd__buf_4)
    10    0.06                           _103_ (net)
                  0.06    0.00    4.26 v _199_/A (sky130_fd_sc_hd__inv_2)
                  0.03    0.04    4.30 ^ _199_/Y (sky130_fd_sc_hd__inv_2)
     1    0.00                           _020_ (net)
                  0.03    0.00    4.30 ^ _242_/SET_B (sky130_fd_sc_hd__dfstp_1)
                                  4.30   data arrival time

                          0.00    0.00   clock clk (rise edge)
                          0.00    0.00   clock source latency
                  0.06    0.04    0.04 ^ clk (in)
     1    0.02                           clk (net)
                  0.06    0.00    0.04 ^ clkbuf_0_clk/A (sky130_fd_sc_hd__clkbuf_16)
                  0.05    0.11    0.15 ^ clkbuf_0_clk/X (sky130_fd_sc_hd__clkbuf_16)
     4    0.04                           clknet_0_clk (net)
                  0.05    0.00    0.15 ^ clkbuf_2_3__f_clk/A (sky130_fd_sc_hd__clkbuf_16)
                  0.04    0.10    0.25 ^ clkbuf_2_3__f_clk/X (sky130_fd_sc_hd__clkbuf_16)
     9    0.03                           clknet_2_3__leaf_clk (net)
                  0.04    0.00    0.25 ^ _242_/CLK (sky130_fd_sc_hd__dfstp_1)
                          0.25    0.50   clock uncertainty
                          0.00    0.50   clock reconvergence pessimism
                          0.10    0.60   library removal time
                                  0.60   data required time
-----------------------------------------------------------------------------
                                  0.60   data required time
                                 -4.30   data arrival time
-----------------------------------------------------------------------------
                                  3.70   slack (MET)


Startpoint: reset (input port clocked by clk)
Endpoint: _237_ (removal check against rising-edge clock clk)
Path Group: asynchronous
Path Type: min
Corner: Fastest

Fanout     Cap    Slew   Delay    Time   Description
-----------------------------------------------------------------------------
                          0.00    0.00   clock clk (rise edge)
                          0.00    0.00   clock network delay (propagated)
                          4.00    4.00 v input external delay
                  0.01    0.00    4.00 v reset (in)
     1    0.00                           reset (net)
                  0.01    0.00    4.00 v input1/A (sky130_fd_sc_hd__clkbuf_4)
                  0.07    0.11    4.12 v input1/X (sky130_fd_sc_hd__clkbuf_4)
     7    0.04                           net1 (net)
                  0.07    0.00    4.12 v _186_/A (sky130_fd_sc_hd__buf_4)
                  0.07    0.14    4.26 v _186_/X (sky130_fd_sc_hd__buf_4)
    10    0.06                           _102_ (net)
                  0.07    0.00    4.26 v _193_/A (sky130_fd_sc_hd__inv_2)
                  0.03    0.04    4.30 ^ _193_/Y (sky130_fd_sc_hd__inv_2)
     1    0.00                           _015_ (net)
                  0.03    0.00    4.30 ^ _237_/SET_B (sky130_fd_sc_hd__dfstp_1)
                                  4.30   data arrival time

                          0.00    0.00   clock clk (rise edge)
                          0.00    0.00   clock source latency
                  0.06    0.04    0.04 ^ clk (in)
     1    0.02                           clk (net)
                  0.06    0.00    0.04 ^ clkbuf_0_clk/A (sky130_fd_sc_hd__clkbuf_16)
                  0.05    0.11    0.15 ^ clkbuf_0_clk/X (sky130_fd_sc_hd__clkbuf_16)
     4    0.04                           clknet_0_clk (net)
                  0.05    0.00    0.15 ^ clkbuf_2_3__f_clk/A (sky130_fd_sc_hd__clkbuf_16)
                  0.04    0.10    0.25 ^ clkbuf_2_3__f_clk/X (sky130_fd_sc_hd__clkbuf_16)
     9    0.03                           clknet_2_3__leaf_clk (net)
                  0.04    0.00    0.25 ^ _237_/CLK (sky130_fd_sc_hd__dfstp_1)
                          0.25    0.50   clock uncertainty
                          0.00    0.50   clock reconvergence pessimism
                          0.10    0.60   library removal time
                                  0.60   data required time
-----------------------------------------------------------------------------
                                  0.60   data required time
                                 -4.30   data arrival time
-----------------------------------------------------------------------------
                                  3.70   slack (MET)


Startpoint: _251_ (rising edge-triggered flip-flop clocked by clk)
Endpoint: rx_data[4] (output port clocked by clk)
Path Group: clk
Path Type: min
Corner: Fastest

Fanout     Cap    Slew   Delay    Time   Description
-----------------------------------------------------------------------------
                          0.00    0.00   clock clk (rise edge)
                          0.00    0.00   clock source latency
                  0.06    0.04    0.04 ^ clk (in)
     1    0.02                           clk (net)
                  0.06    0.00    0.04 ^ clkbuf_0_clk/A (sky130_fd_sc_hd__clkbuf_16)
                  0.05    0.10    0.13 ^ clkbuf_0_clk/X (sky130_fd_sc_hd__clkbuf_16)
     4    0.04                           clknet_0_clk (net)
                  0.05    0.00    0.14 ^ clkbuf_2_2__f_clk/A (sky130_fd_sc_hd__clkbuf_16)
                  0.03    0.09    0.22 ^ clkbuf_2_2__f_clk/X (sky130_fd_sc_hd__clkbuf_16)
     6    0.02                           clknet_2_2__leaf_clk (net)
                  0.03    0.00    0.22 ^ _251_/CLK (sky130_fd_sc_hd__dfrtp_1)
                  0.05    0.20    0.42 ^ _251_/Q (sky130_fd_sc_hd__dfrtp_1)
     2    0.01                           net15 (net)
                  0.05    0.00    0.42 ^ output15/A (sky130_fd_sc_hd__clkbuf_4)
                  0.08    0.12    0.55 ^ output15/X (sky130_fd_sc_hd__clkbuf_4)
     1    0.03                           rx_data[4] (net)
                  0.08    0.00    0.55 ^ rx_data[4] (out)
                                  0.55   data arrival time

                          0.00    0.00   clock clk (rise edge)
                          0.00    0.00   clock network delay (propagated)
                          0.25    0.25   clock uncertainty
                          0.00    0.25   clock reconvergence pessimism
                         -4.00   -3.75   output external delay
                                 -3.75   data required time
-----------------------------------------------------------------------------
                                 -3.75   data required time
                                 -0.55   data arrival time
-----------------------------------------------------------------------------
                                  4.30   slack (MET)


Startpoint: _250_ (rising edge-triggered flip-flop clocked by clk)
Endpoint: rx_data[3] (output port clocked by clk)
Path Group: clk
Path Type: min
Corner: Fastest

Fanout     Cap    Slew   Delay    Time   Description
-----------------------------------------------------------------------------
                          0.00    0.00   clock clk (rise edge)
                          0.00    0.00   clock source latency
                  0.06    0.04    0.04 ^ clk (in)
     1    0.02                           clk (net)
                  0.06    0.00    0.04 ^ clkbuf_0_clk/A (sky130_fd_sc_hd__clkbuf_16)
                  0.05    0.10    0.13 ^ clkbuf_0_clk/X (sky130_fd_sc_hd__clkbuf_16)
     4    0.04                           clknet_0_clk (net)
                  0.05    0.00    0.14 ^ clkbuf_2_0__f_clk/A (sky130_fd_sc_hd__clkbuf_16)
                  0.04    0.09    0.23 ^ clkbuf_2_0__f_clk/X (sky130_fd_sc_hd__clkbuf_16)
     9    0.03                           clknet_2_0__leaf_clk (net)
                  0.04    0.00    0.23 ^ _250_/CLK (sky130_fd_sc_hd__dfrtp_1)
                  0.05    0.21    0.43 ^ _250_/Q (sky130_fd_sc_hd__dfrtp_1)
     2    0.01                           net14 (net)
                  0.05    0.00    0.43 ^ output14/A (sky130_fd_sc_hd__clkbuf_4)
                  0.08    0.12    0.56 ^ output14/X (sky130_fd_sc_hd__clkbuf_4)
     1    0.03                           rx_data[3] (net)
                  0.08    0.00    0.56 ^ rx_data[3] (out)
                                  0.56   data arrival time

                          0.00    0.00   clock clk (rise edge)
                          0.00    0.00   clock network delay (propagated)
                          0.25    0.25   clock uncertainty
                          0.00    0.25   clock reconvergence pessimism
                         -4.00   -3.75   output external delay
                                 -3.75   data required time
-----------------------------------------------------------------------------
                                 -3.75   data required time
                                 -0.56   data arrival time
-----------------------------------------------------------------------------
                                  4.31   slack (MET)


Startpoint: _253_ (rising edge-triggered flip-flop clocked by clk)
Endpoint: rx_data[6] (output port clocked by clk)
Path Group: clk
Path Type: min
Corner: Fastest

Fanout     Cap    Slew   Delay    Time   Description
-----------------------------------------------------------------------------
                          0.00    0.00   clock clk (rise edge)
                          0.00    0.00   clock source latency
                  0.06    0.04    0.04 ^ clk (in)
     1    0.02                           clk (net)
                  0.06    0.00    0.04 ^ clkbuf_0_clk/A (sky130_fd_sc_hd__clkbuf_16)
                  0.05    0.10    0.13 ^ clkbuf_0_clk/X (sky130_fd_sc_hd__clkbuf_16)
     4    0.04                           clknet_0_clk (net)
                  0.05    0.00    0.14 ^ clkbuf_2_3__f_clk/A (sky130_fd_sc_hd__clkbuf_16)
                  0.04    0.09    0.23 ^ clkbuf_2_3__f_clk/X (sky130_fd_sc_hd__clkbuf_16)
     9    0.03                           clknet_2_3__leaf_clk (net)
                  0.04    0.00    0.23 ^ _253_/CLK (sky130_fd_sc_hd__dfrtp_1)
                  0.05    0.21    0.43 ^ _253_/Q (sky130_fd_sc_hd__dfrtp_1)
     2    0.01                           net17 (net)
                  0.05    0.00    0.43 ^ output17/A (sky130_fd_sc_hd__clkbuf_4)
                  0.08    0.13    0.56 ^ output17/X (sky130_fd_sc_hd__clkbuf_4)
     1    0.03                           rx_data[6] (net)
                  0.08    0.00    0.56 ^ rx_data[6] (out)
                                  0.56   data arrival time

                          0.00    0.00   clock clk (rise edge)
                          0.00    0.00   clock network delay (propagated)
                          0.25    0.25   clock uncertainty
                          0.00    0.25   clock reconvergence pessimism
                         -4.00   -3.75   output external delay
                                 -3.75   data required time
-----------------------------------------------------------------------------
                                 -3.75   data required time
                                 -0.56   data arrival time
-----------------------------------------------------------------------------
                                  4.31   slack (MET)


Startpoint: _249_ (rising edge-triggered flip-flop clocked by clk)
Endpoint: rx_data[2] (output port clocked by clk)
Path Group: clk
Path Type: min
Corner: Fastest

Fanout     Cap    Slew   Delay    Time   Description
-----------------------------------------------------------------------------
                          0.00    0.00   clock clk (rise edge)
                          0.00    0.00   clock source latency
                  0.06    0.04    0.04 ^ clk (in)
     1    0.02                           clk (net)
                  0.06    0.00    0.04 ^ clkbuf_0_clk/A (sky130_fd_sc_hd__clkbuf_16)
                  0.05    0.10    0.13 ^ clkbuf_0_clk/X (sky130_fd_sc_hd__clkbuf_16)
     4    0.04                           clknet_0_clk (net)
                  0.05    0.00    0.14 ^ clkbuf_2_0__f_clk/A (sky130_fd_sc_hd__clkbuf_16)
                  0.04    0.09    0.23 ^ clkbuf_2_0__f_clk/X (sky130_fd_sc_hd__clkbuf_16)
     9    0.03                           clknet_2_0__leaf_clk (net)
                  0.04    0.00    0.23 ^ _249_/CLK (sky130_fd_sc_hd__dfrtp_1)
                  0.05    0.21    0.43 ^ _249_/Q (sky130_fd_sc_hd__dfrtp_1)
     2    0.01                           net13 (net)
                  0.05    0.00    0.43 ^ output13/A (sky130_fd_sc_hd__clkbuf_4)
                  0.08    0.13    0.56 ^ output13/X (sky130_fd_sc_hd__clkbuf_4)
     1    0.03                           rx_data[2] (net)
                  0.08    0.00    0.56 ^ rx_data[2] (out)
                                  0.56   data arrival time

                          0.00    0.00   clock clk (rise edge)
                          0.00    0.00   clock network delay (propagated)
                          0.25    0.25   clock uncertainty
                          0.00    0.25   clock reconvergence pessimism
                         -4.00   -3.75   output external delay
                                 -3.75   data required time
-----------------------------------------------------------------------------
                                 -3.75   data required time
                                 -0.56   data arrival time
-----------------------------------------------------------------------------
                                  4.31   slack (MET)


Startpoint: _238_ (rising edge-triggered flip-flop clocked by clk)
Endpoint: tx_done (output port clocked by clk)
Path Group: clk
Path Type: min
Corner: Fastest

Fanout     Cap    Slew   Delay    Time   Description
-----------------------------------------------------------------------------
                          0.00    0.00   clock clk (rise edge)
                          0.00    0.00   clock source latency
                  0.06    0.04    0.04 ^ clk (in)
     1    0.02                           clk (net)
                  0.06    0.00    0.04 ^ clkbuf_0_clk/A (sky130_fd_sc_hd__clkbuf_16)
                  0.05    0.10    0.13 ^ clkbuf_0_clk/X (sky130_fd_sc_hd__clkbuf_16)
     4    0.04                           clknet_0_clk (net)
                  0.05    0.00    0.14 ^ clkbuf_2_2__f_clk/A (sky130_fd_sc_hd__clkbuf_16)
                  0.03    0.09    0.22 ^ clkbuf_2_2__f_clk/X (sky130_fd_sc_hd__clkbuf_16)
     6    0.02                           clknet_2_2__leaf_clk (net)
                  0.03    0.00    0.22 ^ _238_/CLK (sky130_fd_sc_hd__dfrtp_1)
                  0.04    0.23    0.45 v _238_/Q (sky130_fd_sc_hd__dfrtp_1)
     2    0.01                           net20 (net)
                  0.04    0.00    0.45 v output20/A (sky130_fd_sc_hd__buf_2)
                  0.06    0.12    0.56 v output20/X (sky130_fd_sc_hd__buf_2)
     1    0.03                           tx_done (net)
                  0.06    0.00    0.56 v tx_done (out)
                                  0.56   data arrival time

                          0.00    0.00   clock clk (rise edge)
                          0.00    0.00   clock network delay (propagated)
                          0.25    0.25   clock uncertainty
                          0.00    0.25   clock reconvergence pessimism
                         -4.00   -3.75   output external delay
                                 -3.75   data required time
-----------------------------------------------------------------------------
                                 -3.75   data required time
                                 -0.56   data arrival time
-----------------------------------------------------------------------------
                                  4.31   slack (MET)


Startpoint: _247_ (rising edge-triggered flip-flop clocked by clk)
Endpoint: rx_data[0] (output port clocked by clk)
Path Group: clk
Path Type: min
Corner: Fastest

Fanout     Cap    Slew   Delay    Time   Description
-----------------------------------------------------------------------------
                          0.00    0.00   clock clk (rise edge)
                          0.00    0.00   clock source latency
                  0.06    0.04    0.04 ^ clk (in)
     1    0.02                           clk (net)
                  0.06    0.00    0.04 ^ clkbuf_0_clk/A (sky130_fd_sc_hd__clkbuf_16)
                  0.05    0.10    0.13 ^ clkbuf_0_clk/X (sky130_fd_sc_hd__clkbuf_16)
     4    0.04                           clknet_0_clk (net)
                  0.05    0.00    0.14 ^ clkbuf_2_2__f_clk/A (sky130_fd_sc_hd__clkbuf_16)
                  0.03    0.09    0.22 ^ clkbuf_2_2__f_clk/X (sky130_fd_sc_hd__clkbuf_16)
     6    0.02                           clknet_2_2__leaf_clk (net)
                  0.03    0.00    0.22 ^ _247_/CLK (sky130_fd_sc_hd__dfrtp_1)
                  0.07    0.22    0.44 ^ _247_/Q (sky130_fd_sc_hd__dfrtp_1)
     2    0.01                           net11 (net)
                  0.07    0.00    0.44 ^ output11/A (sky130_fd_sc_hd__clkbuf_4)
                  0.08    0.13    0.57 ^ output11/X (sky130_fd_sc_hd__clkbuf_4)
     1    0.03                           rx_data[0] (net)
                  0.08    0.00    0.57 ^ rx_data[0] (out)
                                  0.57   data arrival time

                          0.00    0.00   clock clk (rise edge)
                          0.00    0.00   clock network delay (propagated)
                          0.25    0.25   clock uncertainty
                          0.00    0.25   clock reconvergence pessimism
                         -4.00   -3.75   output external delay
                                 -3.75   data required time
-----------------------------------------------------------------------------
                                 -3.75   data required time
                                 -0.57   data arrival time
-----------------------------------------------------------------------------
                                  4.32   slack (MET)


Startpoint: _246_ (rising edge-triggered flip-flop clocked by clk)
Endpoint: rx_done (output port clocked by clk)
Path Group: clk
Path Type: min
Corner: Fastest

Fanout     Cap    Slew   Delay    Time   Description
-----------------------------------------------------------------------------
                          0.00    0.00   clock clk (rise edge)
                          0.00    0.00   clock source latency
                  0.06    0.04    0.04 ^ clk (in)
     1    0.02                           clk (net)
                  0.06    0.00    0.04 ^ clkbuf_0_clk/A (sky130_fd_sc_hd__clkbuf_16)
                  0.05    0.10    0.13 ^ clkbuf_0_clk/X (sky130_fd_sc_hd__clkbuf_16)
     4    0.04                           clknet_0_clk (net)
                  0.05    0.00    0.14 ^ clkbuf_2_0__f_clk/A (sky130_fd_sc_hd__clkbuf_16)
                  0.04    0.09    0.23 ^ clkbuf_2_0__f_clk/X (sky130_fd_sc_hd__clkbuf_16)
     9    0.03                           clknet_2_0__leaf_clk (net)
                  0.04    0.00    0.23 ^ _246_/CLK (sky130_fd_sc_hd__dfrtp_1)
                  0.06    0.22    0.44 ^ _246_/Q (sky130_fd_sc_hd__dfrtp_1)
     2    0.01                           net19 (net)
                  0.06    0.00    0.44 ^ output19/A (sky130_fd_sc_hd__clkbuf_4)
                  0.08    0.13    0.57 ^ output19/X (sky130_fd_sc_hd__clkbuf_4)
     1    0.03                           rx_done (net)
                  0.08    0.00    0.57 ^ rx_done (out)
                                  0.57   data arrival time

                          0.00    0.00   clock clk (rise edge)
                          0.00    0.00   clock network delay (propagated)
                          0.25    0.25   clock uncertainty
                          0.00    0.25   clock reconvergence pessimism
                         -4.00   -3.75   output external delay
                                 -3.75   data required time
-----------------------------------------------------------------------------
                                 -3.75   data required time
                                 -0.57   data arrival time
-----------------------------------------------------------------------------
                                  4.32   slack (MET)


Startpoint: _248_ (rising edge-triggered flip-flop clocked by clk)
Endpoint: rx_data[1] (output port clocked by clk)
Path Group: clk
Path Type: min
Corner: Fastest

Fanout     Cap    Slew   Delay    Time   Description
-----------------------------------------------------------------------------
                          0.00    0.00   clock clk (rise edge)
                          0.00    0.00   clock source latency
                  0.06    0.04    0.04 ^ clk (in)
     1    0.02                           clk (net)
                  0.06    0.00    0.04 ^ clkbuf_0_clk/A (sky130_fd_sc_hd__clkbuf_16)
                  0.05    0.10    0.13 ^ clkbuf_0_clk/X (sky130_fd_sc_hd__clkbuf_16)
     4    0.04                           clknet_0_clk (net)
                  0.05    0.00    0.14 ^ clkbuf_2_1__f_clk/A (sky130_fd_sc_hd__clkbuf_16)
                  0.04    0.09    0.22 ^ clkbuf_2_1__f_clk/X (sky130_fd_sc_hd__clkbuf_16)
     9    0.03                           clknet_2_1__leaf_clk (net)
                  0.04    0.00    0.23 ^ _248_/CLK (sky130_fd_sc_hd__dfrtp_1)
                  0.07    0.22    0.44 ^ _248_/Q (sky130_fd_sc_hd__dfrtp_1)
     2    0.01                           net12 (net)
                  0.07    0.00    0.44 ^ output12/A (sky130_fd_sc_hd__clkbuf_4)
                  0.08    0.13    0.57 ^ output12/X (sky130_fd_sc_hd__clkbuf_4)
     1    0.03                           rx_data[1] (net)
                  0.08    0.00    0.57 ^ rx_data[1] (out)
                                  0.57   data arrival time

                          0.00    0.00   clock clk (rise edge)
                          0.00    0.00   clock network delay (propagated)
                          0.25    0.25   clock uncertainty
                          0.00    0.25   clock reconvergence pessimism
                         -4.00   -3.75   output external delay
                                 -3.75   data required time
-----------------------------------------------------------------------------
                                 -3.75   data required time
                                 -0.57   data arrival time
-----------------------------------------------------------------------------
                                  4.32   slack (MET)


Startpoint: _254_ (rising edge-triggered flip-flop clocked by clk)
Endpoint: rx_data[7] (output port clocked by clk)
Path Group: clk
Path Type: min
Corner: Fastest

Fanout     Cap    Slew   Delay    Time   Description
-----------------------------------------------------------------------------
                          0.00    0.00   clock clk (rise edge)
                          0.00    0.00   clock source latency
                  0.06    0.04    0.04 ^ clk (in)
     1    0.02                           clk (net)
                  0.06    0.00    0.04 ^ clkbuf_0_clk/A (sky130_fd_sc_hd__clkbuf_16)
                  0.05    0.10    0.13 ^ clkbuf_0_clk/X (sky130_fd_sc_hd__clkbuf_16)
     4    0.04                           clknet_0_clk (net)
                  0.05    0.00    0.14 ^ clkbuf_2_0__f_clk/A (sky130_fd_sc_hd__clkbuf_16)
                  0.04    0.09    0.23 ^ clkbuf_2_0__f_clk/X (sky130_fd_sc_hd__clkbuf_16)
     9    0.03                           clknet_2_0__leaf_clk (net)
                  0.04    0.00    0.23 ^ _254_/CLK (sky130_fd_sc_hd__dfrtp_1)
                  0.07    0.22    0.45 ^ _254_/Q (sky130_fd_sc_hd__dfrtp_1)
     2    0.01                           net18 (net)
                  0.07    0.00    0.45 ^ output18/A (sky130_fd_sc_hd__clkbuf_4)
                  0.09    0.13    0.58 ^ output18/X (sky130_fd_sc_hd__clkbuf_4)
     1    0.03                           rx_data[7] (net)
                  0.09    0.00    0.58 ^ rx_data[7] (out)
                                  0.58   data arrival time

                          0.00    0.00   clock clk (rise edge)
                          0.00    0.00   clock network delay (propagated)
                          0.25    0.25   clock uncertainty
                          0.00    0.25   clock reconvergence pessimism
                         -4.00   -3.75   output external delay
                                 -3.75   data required time
-----------------------------------------------------------------------------
                                 -3.75   data required time
                                 -0.58   data arrival time
-----------------------------------------------------------------------------
                                  4.33   slack (MET)


Startpoint: _252_ (rising edge-triggered flip-flop clocked by clk)
Endpoint: rx_data[5] (output port clocked by clk)
Path Group: clk
Path Type: min
Corner: Fastest

Fanout     Cap    Slew   Delay    Time   Description
-----------------------------------------------------------------------------
                          0.00    0.00   clock clk (rise edge)
                          0.00    0.00   clock source latency
                  0.06    0.04    0.04 ^ clk (in)
     1    0.02                           clk (net)
                  0.06    0.00    0.04 ^ clkbuf_0_clk/A (sky130_fd_sc_hd__clkbuf_16)
                  0.05    0.10    0.13 ^ clkbuf_0_clk/X (sky130_fd_sc_hd__clkbuf_16)
     4    0.04                           clknet_0_clk (net)
                  0.05    0.00    0.14 ^ clkbuf_2_0__f_clk/A (sky130_fd_sc_hd__clkbuf_16)
                  0.04    0.09    0.23 ^ clkbuf_2_0__f_clk/X (sky130_fd_sc_hd__clkbuf_16)
     9    0.03                           clknet_2_0__leaf_clk (net)
                  0.04    0.00    0.23 ^ _252_/CLK (sky130_fd_sc_hd__dfrtp_1)
                  0.09    0.23    0.46 ^ _252_/Q (sky130_fd_sc_hd__dfrtp_1)
     2    0.01                           net16 (net)
                  0.09    0.00    0.46 ^ output16/A (sky130_fd_sc_hd__clkbuf_4)
                  0.08    0.13    0.59 ^ output16/X (sky130_fd_sc_hd__clkbuf_4)
     1    0.03                           rx_data[5] (net)
                  0.08    0.00    0.59 ^ rx_data[5] (out)
                                  0.59   data arrival time

                          0.00    0.00   clock clk (rise edge)
                          0.00    0.00   clock network delay (propagated)
                          0.25    0.25   clock uncertainty
                          0.00    0.25   clock reconvergence pessimism
                         -4.00   -3.75   output external delay
                                 -3.75   data required time
-----------------------------------------------------------------------------
                                 -3.75   data required time
                                 -0.59   data arrival time
-----------------------------------------------------------------------------
                                  4.34   slack (MET)



======================= Slowest Corner ===================================

Startpoint: _248_ (rising edge-triggered flip-flop clocked by clk)
Endpoint: _248_ (rising edge-triggered flip-flop clocked by clk)
Path Group: clk
Path Type: min
Corner: Slowest

Fanout     Cap    Slew   Delay    Time   Description
-----------------------------------------------------------------------------
                          0.00    0.00   clock clk (rise edge)
                          0.00    0.00   clock source latency
                  0.12    0.07    0.07 ^ clk (in)
     1    0.01                           clk (net)
                  0.12    0.00    0.07 ^ clkbuf_0_clk/A (sky130_fd_sc_hd__clkbuf_16)
                  0.10    0.26    0.33 ^ clkbuf_0_clk/X (sky130_fd_sc_hd__clkbuf_16)
     4    0.04                           clknet_0_clk (net)
                  0.10    0.00    0.33 ^ clkbuf_2_1__f_clk/A (sky130_fd_sc_hd__clkbuf_16)
                  0.07    0.23    0.56 ^ clkbuf_2_1__f_clk/X (sky130_fd_sc_hd__clkbuf_16)
     9    0.03                           clknet_2_1__leaf_clk (net)
                  0.07    0.00    0.56 ^ _248_/CLK (sky130_fd_sc_hd__dfrtp_1)
                  0.15    0.67    1.23 ^ _248_/Q (sky130_fd_sc_hd__dfrtp_1)
     2    0.01                           net12 (net)
                  0.15    0.00    1.23 ^ _143_/A1 (sky130_fd_sc_hd__mux2_1)
                  0.08    0.26    1.49 ^ _143_/X (sky130_fd_sc_hd__mux2_1)
     1    0.00                           _079_ (net)
                  0.08    0.00    1.49 ^ _144_/A (sky130_fd_sc_hd__clkbuf_1)
                  0.06    0.14    1.63 ^ _144_/X (sky130_fd_sc_hd__clkbuf_1)
     1    0.00                           _042_ (net)
                  0.06    0.00    1.63 ^ _248_/D (sky130_fd_sc_hd__dfrtp_1)
                                  1.63   data arrival time

                          0.00    0.00   clock clk (rise edge)
                          0.00    0.00   clock source latency
                  0.12    0.08    0.08 ^ clk (in)
     1    0.01                           clk (net)
                  0.12    0.00    0.08 ^ clkbuf_0_clk/A (sky130_fd_sc_hd__clkbuf_16)
                  0.10    0.29    0.37 ^ clkbuf_0_clk/X (sky130_fd_sc_hd__clkbuf_16)
     4    0.04                           clknet_0_clk (net)
                  0.10    0.00    0.37 ^ clkbuf_2_1__f_clk/A (sky130_fd_sc_hd__clkbuf_16)
                  0.07    0.25    0.62 ^ clkbuf_2_1__f_clk/X (sky130_fd_sc_hd__clkbuf_16)
     9    0.03                           clknet_2_1__leaf_clk (net)
                  0.07    0.00    0.62 ^ _248_/CLK (sky130_fd_sc_hd__dfrtp_1)
                          0.25    0.87   clock uncertainty
                         -0.06    0.81   clock reconvergence pessimism
                         -0.08    0.74   library hold time
                                  0.74   data required time
-----------------------------------------------------------------------------
                                  0.74   data required time
                                 -1.63   data arrival time
-----------------------------------------------------------------------------
                                  0.89   slack (MET)


Startpoint: _231_ (rising edge-triggered flip-flop clocked by clk)
Endpoint: _239_ (rising edge-triggered flip-flop clocked by clk)
Path Group: clk
Path Type: min
Corner: Slowest

Fanout     Cap    Slew   Delay    Time   Description
-----------------------------------------------------------------------------
                          0.00    0.00   clock clk (rise edge)
                          0.00    0.00   clock source latency
                  0.12    0.07    0.07 ^ clk (in)
     1    0.01                           clk (net)
                  0.12    0.00    0.07 ^ clkbuf_0_clk/A (sky130_fd_sc_hd__clkbuf_16)
                  0.10    0.26    0.33 ^ clkbuf_0_clk/X (sky130_fd_sc_hd__clkbuf_16)
     4    0.04                           clknet_0_clk (net)
                  0.10    0.00    0.33 ^ clkbuf_2_0__f_clk/A (sky130_fd_sc_hd__clkbuf_16)
                  0.08    0.23    0.56 ^ clkbuf_2_0__f_clk/X (sky130_fd_sc_hd__clkbuf_16)
     9    0.03                           clknet_2_0__leaf_clk (net)
                  0.08    0.00    0.56 ^ _231_/CLK (sky130_fd_sc_hd__dfrtp_2)
                  0.17    0.75    1.32 ^ _231_/Q (sky130_fd_sc_hd__dfrtp_2)
     6    0.02                           rx_inst.state[1] (net)
                  0.17    0.00    1.32 ^ _157_/A0 (sky130_fd_sc_hd__mux2_1)
                  0.08    0.26    1.58 ^ _157_/X (sky130_fd_sc_hd__mux2_1)
     1    0.00                           _087_ (net)
                  0.08    0.00    1.58 ^ _158_/A (sky130_fd_sc_hd__clkbuf_1)
                  0.07    0.14    1.72 ^ _158_/X (sky130_fd_sc_hd__clkbuf_1)
     1    0.00                           _037_ (net)
                  0.07    0.00    1.72 ^ _239_/D (sky130_fd_sc_hd__dfrtp_1)
                                  1.72   data arrival time

                          0.00    0.00   clock clk (rise edge)
                          0.00    0.00   clock source latency
                  0.12    0.08    0.08 ^ clk (in)
     1    0.01                           clk (net)
                  0.12    0.00    0.08 ^ clkbuf_0_clk/A (sky130_fd_sc_hd__clkbuf_16)
                  0.10    0.29    0.37 ^ clkbuf_0_clk/X (sky130_fd_sc_hd__clkbuf_16)
     4    0.04                           clknet_0_clk (net)
                  0.10    0.00    0.37 ^ clkbuf_2_0__f_clk/A (sky130_fd_sc_hd__clkbuf_16)
                  0.08    0.26    0.62 ^ clkbuf_2_0__f_clk/X (sky130_fd_sc_hd__clkbuf_16)
     9    0.03                           clknet_2_0__leaf_clk (net)
                  0.08    0.00    0.62 ^ _239_/CLK (sky130_fd_sc_hd__dfrtp_1)
                          0.25    0.87   clock uncertainty
                         -0.06    0.81   clock reconvergence pessimism
                         -0.08    0.74   library hold time
                                  0.74   data required time
-----------------------------------------------------------------------------
                                  0.74   data required time
                                 -1.72   data arrival time
-----------------------------------------------------------------------------
                                  0.98   slack (MET)


Startpoint: _240_ (rising edge-triggered flip-flop clocked by clk)
Endpoint: _240_ (rising edge-triggered flip-flop clocked by clk)
Path Group: clk
Path Type: min
Corner: Slowest

Fanout     Cap    Slew   Delay    Time   Description
-----------------------------------------------------------------------------
                          0.00    0.00   clock clk (rise edge)
                          0.00    0.00   clock source latency
                  0.12    0.07    0.07 ^ clk (in)
     1    0.01                           clk (net)
                  0.12    0.00    0.07 ^ clkbuf_0_clk/A (sky130_fd_sc_hd__clkbuf_16)
                  0.10    0.26    0.33 ^ clkbuf_0_clk/X (sky130_fd_sc_hd__clkbuf_16)
     4    0.04                           clknet_0_clk (net)
                  0.10    0.00    0.33 ^ clkbuf_2_0__f_clk/A (sky130_fd_sc_hd__clkbuf_16)
                  0.08    0.23    0.56 ^ clkbuf_2_0__f_clk/X (sky130_fd_sc_hd__clkbuf_16)
     9    0.03                           clknet_2_0__leaf_clk (net)
                  0.08    0.00    0.56 ^ _240_/CLK (sky130_fd_sc_hd__dfrtp_4)
                  0.21    0.89    1.45 ^ _240_/Q (sky130_fd_sc_hd__dfrtp_4)
    10    0.03                           rx_inst.bit_count[1] (net)
                  0.21    0.00    1.45 ^ _156_/B2 (sky130_fd_sc_hd__a22o_1)
                  0.07    0.27    1.72 ^ _156_/X (sky130_fd_sc_hd__a22o_1)
     1    0.00                           _038_ (net)
                  0.07    0.00    1.72 ^ _240_/D (sky130_fd_sc_hd__dfrtp_4)
                                  1.72   data arrival time

                          0.00    0.00   clock clk (rise edge)
                          0.00    0.00   clock source latency
                  0.12    0.08    0.08 ^ clk (in)
     1    0.01                           clk (net)
                  0.12    0.00    0.08 ^ clkbuf_0_clk/A (sky130_fd_sc_hd__clkbuf_16)
                  0.10    0.29    0.37 ^ clkbuf_0_clk/X (sky130_fd_sc_hd__clkbuf_16)
     4    0.04                           clknet_0_clk (net)
                  0.10    0.00    0.37 ^ clkbuf_2_0__f_clk/A (sky130_fd_sc_hd__clkbuf_16)
                  0.08    0.26    0.62 ^ clkbuf_2_0__f_clk/X (sky130_fd_sc_hd__clkbuf_16)
     9    0.03                           clknet_2_0__leaf_clk (net)
                  0.08    0.00    0.62 ^ _240_/CLK (sky130_fd_sc_hd__dfrtp_4)
                          0.25    0.87   clock uncertainty
                         -0.06    0.81   clock reconvergence pessimism
                         -0.08    0.74   library hold time
                                  0.74   data required time
-----------------------------------------------------------------------------
                                  0.74   data required time
                                 -1.72   data arrival time
-----------------------------------------------------------------------------
                                  0.99   slack (MET)


Startpoint: _237_ (rising edge-triggered flip-flop clocked by clk)
Endpoint: _232_ (rising edge-triggered flip-flop clocked by clk)
Path Group: clk
Path Type: min
Corner: Slowest

Fanout     Cap    Slew   Delay    Time   Description
-----------------------------------------------------------------------------
                          0.00    0.00   clock clk (rise edge)
                          0.00    0.00   clock source latency
                  0.12    0.07    0.07 ^ clk (in)
     1    0.01                           clk (net)
                  0.12    0.00    0.07 ^ clkbuf_0_clk/A (sky130_fd_sc_hd__clkbuf_16)
                  0.10    0.26    0.33 ^ clkbuf_0_clk/X (sky130_fd_sc_hd__clkbuf_16)
     4    0.04                           clknet_0_clk (net)
                  0.10    0.00    0.33 ^ clkbuf_2_3__f_clk/A (sky130_fd_sc_hd__clkbuf_16)
                  0.08    0.23    0.56 ^ clkbuf_2_3__f_clk/X (sky130_fd_sc_hd__clkbuf_16)
     9    0.03                           clknet_2_3__leaf_clk (net)
                  0.08    0.00    0.56 ^ _237_/CLK (sky130_fd_sc_hd__dfstp_1)
                  0.07    0.68    1.25 v _237_/Q (sky130_fd_sc_hd__dfstp_1)
     2    0.00                           rx_inst.rx (net)
                  0.07    0.00    1.25 v _116_/A (sky130_fd_sc_hd__buf_2)
                  0.17    0.33    1.58 v _116_/X (sky130_fd_sc_hd__buf_2)
    10    0.03                           _058_ (net)
                  0.17    0.00    1.58 v _182_/B (sky130_fd_sc_hd__nor2_1)
                  0.12    0.17    1.74 ^ _182_/Y (sky130_fd_sc_hd__nor2_1)
     1    0.00                           _001_ (net)
                  0.12    0.00    1.74 ^ _232_/D (sky130_fd_sc_hd__dfrtp_1)
                                  1.74   data arrival time

                          0.00    0.00   clock clk (rise edge)
                          0.00    0.00   clock source latency
                  0.12    0.08    0.08 ^ clk (in)
     1    0.01                           clk (net)
                  0.12    0.00    0.08 ^ clkbuf_0_clk/A (sky130_fd_sc_hd__clkbuf_16)
                  0.10    0.29    0.37 ^ clkbuf_0_clk/X (sky130_fd_sc_hd__clkbuf_16)
     4    0.04                           clknet_0_clk (net)
                  0.10    0.00    0.37 ^ clkbuf_2_2__f_clk/A (sky130_fd_sc_hd__clkbuf_16)
                  0.07    0.24    0.61 ^ clkbuf_2_2__f_clk/X (sky130_fd_sc_hd__clkbuf_16)
     6    0.02                           clknet_2_2__leaf_clk (net)
                  0.07    0.00    0.61 ^ _232_/CLK (sky130_fd_sc_hd__dfrtp_1)
                          0.25    0.86   clock uncertainty
                         -0.03    0.83   clock reconvergence pessimism
                         -0.09    0.74   library hold time
                                  0.74   data required time
-----------------------------------------------------------------------------
                                  0.74   data required time
                                 -1.74   data arrival time
-----------------------------------------------------------------------------
                                  1.00   slack (MET)


Startpoint: _243_ (rising edge-triggered flip-flop clocked by clk)
Endpoint: _237_ (rising edge-triggered flip-flop clocked by clk)
Path Group: clk
Path Type: min
Corner: Slowest

Fanout     Cap    Slew   Delay    Time   Description
-----------------------------------------------------------------------------
                          0.00    0.00   clock clk (rise edge)
                          0.00    0.00   clock source latency
                  0.12    0.07    0.07 ^ clk (in)
     1    0.01                           clk (net)
                  0.12    0.00    0.07 ^ clkbuf_0_clk/A (sky130_fd_sc_hd__clkbuf_16)
                  0.10    0.26    0.33 ^ clkbuf_0_clk/X (sky130_fd_sc_hd__clkbuf_16)
     4    0.04                           clknet_0_clk (net)
                  0.10    0.00    0.33 ^ clkbuf_2_3__f_clk/A (sky130_fd_sc_hd__clkbuf_16)
                  0.08    0.23    0.56 ^ clkbuf_2_3__f_clk/X (sky130_fd_sc_hd__clkbuf_16)
     9    0.03                           clknet_2_3__leaf_clk (net)
                  0.08    0.00    0.56 ^ _243_/CLK (sky130_fd_sc_hd__dfrtp_4)
                  0.17    0.85    1.42 ^ _243_/Q (sky130_fd_sc_hd__dfrtp_4)
     8    0.02                           tx_inst.state[1] (net)
                  0.17    0.00    1.42 ^ _181_/A1 (sky130_fd_sc_hd__a311o_1)
                  0.08    0.33    1.75 ^ _181_/X (sky130_fd_sc_hd__a311o_1)
     1    0.00                           _114_ (net)
                  0.08    0.00    1.75 ^ _237_/D (sky130_fd_sc_hd__dfstp_1)
                                  1.75   data arrival time

                          0.00    0.00   clock clk (rise edge)
                          0.00    0.00   clock source latency
                  0.12    0.08    0.08 ^ clk (in)
     1    0.01                           clk (net)
                  0.12    0.00    0.08 ^ clkbuf_0_clk/A (sky130_fd_sc_hd__clkbuf_16)
                  0.10    0.29    0.37 ^ clkbuf_0_clk/X (sky130_fd_sc_hd__clkbuf_16)
     4    0.04                           clknet_0_clk (net)
                  0.10    0.00    0.37 ^ clkbuf_2_3__f_clk/A (sky130_fd_sc_hd__clkbuf_16)
                  0.08    0.26    0.62 ^ clkbuf_2_3__f_clk/X (sky130_fd_sc_hd__clkbuf_16)
     9    0.03                           clknet_2_3__leaf_clk (net)
                  0.08    0.00    0.62 ^ _237_/CLK (sky130_fd_sc_hd__dfstp_1)
                          0.25    0.87   clock uncertainty
                         -0.06    0.81   clock reconvergence pessimism
                         -0.07    0.74   library hold time
                                  0.74   data required time
-----------------------------------------------------------------------------
                                  0.74   data required time
                                 -1.75   data arrival time
-----------------------------------------------------------------------------
                                  1.01   slack (MET)


Startpoint: _237_ (rising edge-triggered flip-flop clocked by clk)
Endpoint: _230_ (rising edge-triggered flip-flop clocked by clk)
Path Group: clk
Path Type: min
Corner: Slowest

Fanout     Cap    Slew   Delay    Time   Description
-----------------------------------------------------------------------------
                          0.00    0.00   clock clk (rise edge)
                          0.00    0.00   clock source latency
                  0.12    0.07    0.07 ^ clk (in)
     1    0.01                           clk (net)
                  0.12    0.00    0.07 ^ clkbuf_0_clk/A (sky130_fd_sc_hd__clkbuf_16)
                  0.10    0.26    0.33 ^ clkbuf_0_clk/X (sky130_fd_sc_hd__clkbuf_16)
     4    0.04                           clknet_0_clk (net)
                  0.10    0.00    0.33 ^ clkbuf_2_3__f_clk/A (sky130_fd_sc_hd__clkbuf_16)
                  0.08    0.23    0.56 ^ clkbuf_2_3__f_clk/X (sky130_fd_sc_hd__clkbuf_16)
     9    0.03                           clknet_2_3__leaf_clk (net)
                  0.08    0.00    0.56 ^ _237_/CLK (sky130_fd_sc_hd__dfstp_1)
                  0.07    0.68    1.25 v _237_/Q (sky130_fd_sc_hd__dfstp_1)
     2    0.00                           rx_inst.rx (net)
                  0.07    0.00    1.25 v _116_/A (sky130_fd_sc_hd__buf_2)
                  0.17    0.33    1.58 v _116_/X (sky130_fd_sc_hd__buf_2)
    10    0.03                           _058_ (net)
                  0.17    0.00    1.58 v _149_/B1 (sky130_fd_sc_hd__o21a_1)
                  0.09    0.26    1.83 v _149_/X (sky130_fd_sc_hd__o21a_1)
     2    0.01                           _000_ (net)
                  0.09    0.00    1.83 v _230_/D (sky130_fd_sc_hd__dfstp_1)
                                  1.83   data arrival time

                          0.00    0.00   clock clk (rise edge)
                          0.00    0.00   clock source latency
                  0.12    0.08    0.08 ^ clk (in)
     1    0.01                           clk (net)
                  0.12    0.00    0.08 ^ clkbuf_0_clk/A (sky130_fd_sc_hd__clkbuf_16)
                  0.10    0.29    0.37 ^ clkbuf_0_clk/X (sky130_fd_sc_hd__clkbuf_16)
     4    0.04                           clknet_0_clk (net)
                  0.10    0.00    0.37 ^ clkbuf_2_2__f_clk/A (sky130_fd_sc_hd__clkbuf_16)
                  0.07    0.24    0.61 ^ clkbuf_2_2__f_clk/X (sky130_fd_sc_hd__clkbuf_16)
     6    0.02                           clknet_2_2__leaf_clk (net)
                  0.07    0.00    0.61 ^ _230_/CLK (sky130_fd_sc_hd__dfstp_1)
                          0.25    0.86   clock uncertainty
                         -0.03    0.83   clock reconvergence pessimism
                         -0.01    0.82   library hold time
                                  0.82   data required time
-----------------------------------------------------------------------------
                                  0.82   data required time
                                 -1.83   data arrival time
-----------------------------------------------------------------------------
                                  1.02   slack (MET)


Startpoint: _235_ (rising edge-triggered flip-flop clocked by clk)
Endpoint: _235_ (rising edge-triggered flip-flop clocked by clk)
Path Group: clk
Path Type: min
Corner: Slowest

Fanout     Cap    Slew   Delay    Time   Description
-----------------------------------------------------------------------------
                          0.00    0.00   clock clk (rise edge)
                          0.00    0.00   clock source latency
                  0.12    0.07    0.07 ^ clk (in)
     1    0.01                           clk (net)
                  0.12    0.00    0.07 ^ clkbuf_0_clk/A (sky130_fd_sc_hd__clkbuf_16)
                  0.10    0.26    0.33 ^ clkbuf_0_clk/X (sky130_fd_sc_hd__clkbuf_16)
     4    0.04                           clknet_0_clk (net)
                  0.10    0.00    0.33 ^ clkbuf_2_3__f_clk/A (sky130_fd_sc_hd__clkbuf_16)
                  0.08    0.23    0.56 ^ clkbuf_2_3__f_clk/X (sky130_fd_sc_hd__clkbuf_16)
     9    0.03                           clknet_2_3__leaf_clk (net)
                  0.08    0.00    0.56 ^ _235_/CLK (sky130_fd_sc_hd__dfrtp_4)
                  0.17    0.85    1.41 ^ _235_/Q (sky130_fd_sc_hd__dfrtp_4)
     7    0.02                           tx_inst.bit_count[1] (net)
                  0.17    0.00    1.41 ^ _165_/A1 (sky130_fd_sc_hd__a21bo_1)
                  0.07    0.23    1.65 ^ _165_/X (sky130_fd_sc_hd__a21bo_1)
     1    0.00                           _092_ (net)
                  0.07    0.00    1.65 ^ _167_/A2 (sky130_fd_sc_hd__a21oi_1)
                  0.06    0.12    1.77 v _167_/Y (sky130_fd_sc_hd__a21oi_1)
     1    0.00                           _034_ (net)
                  0.06    0.00    1.77 v _235_/D (sky130_fd_sc_hd__dfrtp_4)
                                  1.77   data arrival time

                          0.00    0.00   clock clk (rise edge)
                          0.00    0.00   clock source latency
                  0.12    0.08    0.08 ^ clk (in)
     1    0.01                           clk (net)
                  0.12    0.00    0.08 ^ clkbuf_0_clk/A (sky130_fd_sc_hd__clkbuf_16)
                  0.10    0.29    0.37 ^ clkbuf_0_clk/X (sky130_fd_sc_hd__clkbuf_16)
     4    0.04                           clknet_0_clk (net)
                  0.10    0.00    0.37 ^ clkbuf_2_3__f_clk/A (sky130_fd_sc_hd__clkbuf_16)
                  0.08    0.26    0.62 ^ clkbuf_2_3__f_clk/X (sky130_fd_sc_hd__clkbuf_16)
     9    0.03                           clknet_2_3__leaf_clk (net)
                  0.08    0.00    0.62 ^ _235_/CLK (sky130_fd_sc_hd__dfrtp_4)
                          0.25    0.87   clock uncertainty
                         -0.06    0.81   clock reconvergence pessimism
                         -0.08    0.73   library hold time
                                  0.73   data required time
-----------------------------------------------------------------------------
                                  0.73   data required time
                                 -1.77   data arrival time
-----------------------------------------------------------------------------
                                  1.04   slack (MET)


Startpoint: _236_ (rising edge-triggered flip-flop clocked by clk)
Endpoint: _245_ (rising edge-triggered flip-flop clocked by clk)
Path Group: clk
Path Type: min
Corner: Slowest

Fanout     Cap    Slew   Delay    Time   Description
-----------------------------------------------------------------------------
                          0.00    0.00   clock clk (rise edge)
                          0.00    0.00   clock source latency
                  0.12    0.07    0.07 ^ clk (in)
     1    0.01                           clk (net)
                  0.12    0.00    0.07 ^ clkbuf_0_clk/A (sky130_fd_sc_hd__clkbuf_16)
                  0.10    0.26    0.33 ^ clkbuf_0_clk/X (sky130_fd_sc_hd__clkbuf_16)
     4    0.04                           clknet_0_clk (net)
                  0.10    0.00    0.33 ^ clkbuf_2_3__f_clk/A (sky130_fd_sc_hd__clkbuf_16)
                  0.08    0.23    0.56 ^ clkbuf_2_3__f_clk/X (sky130_fd_sc_hd__clkbuf_16)
     9    0.03                           clknet_2_3__leaf_clk (net)
                  0.08    0.00    0.56 ^ _236_/CLK (sky130_fd_sc_hd__dfrtp_1)
                  0.20    0.71    1.27 ^ _236_/Q (sky130_fd_sc_hd__dfrtp_1)
     5    0.01                           tx_inst.bit_count[2] (net)
                  0.20    0.00    1.27 ^ _183_/A (sky130_fd_sc_hd__and4_1)
                  0.10    0.36    1.63 ^ _183_/X (sky130_fd_sc_hd__and4_1)
     1    0.00                           _101_ (net)
                  0.10    0.00    1.63 ^ _184_/A (sky130_fd_sc_hd__clkbuf_1)
                  0.07    0.16    1.79 ^ _184_/X (sky130_fd_sc_hd__clkbuf_1)
     1    0.00                           _003_ (net)
                  0.07    0.00    1.79 ^ _245_/D (sky130_fd_sc_hd__dfrtp_1)
                                  1.79   data arrival time

                          0.00    0.00   clock clk (rise edge)
                          0.00    0.00   clock source latency
                  0.12    0.08    0.08 ^ clk (in)
     1    0.01                           clk (net)
                  0.12    0.00    0.08 ^ clkbuf_0_clk/A (sky130_fd_sc_hd__clkbuf_16)
                  0.10    0.29    0.37 ^ clkbuf_0_clk/X (sky130_fd_sc_hd__clkbuf_16)
     4    0.04                           clknet_0_clk (net)
                  0.10    0.00    0.37 ^ clkbuf_2_3__f_clk/A (sky130_fd_sc_hd__clkbuf_16)
                  0.08    0.26    0.62 ^ clkbuf_2_3__f_clk/X (sky130_fd_sc_hd__clkbuf_16)
     9    0.03                           clknet_2_3__leaf_clk (net)
                  0.08    0.00    0.62 ^ _245_/CLK (sky130_fd_sc_hd__dfrtp_1)
                          0.25    0.87   clock uncertainty
                         -0.06    0.81   clock reconvergence pessimism
                         -0.08    0.74   library hold time
                                  0.74   data required time
-----------------------------------------------------------------------------
                                  0.74   data required time
                                 -1.79   data arrival time
-----------------------------------------------------------------------------
                                  1.05   slack (MET)


Startpoint: _239_ (rising edge-triggered flip-flop clocked by clk)
Endpoint: _252_ (rising edge-triggered flip-flop clocked by clk)
Path Group: clk
Path Type: min
Corner: Slowest

Fanout     Cap    Slew   Delay    Time   Description
-----------------------------------------------------------------------------
                          0.00    0.00   clock clk (rise edge)
                          0.00    0.00   clock source latency
                  0.12    0.07    0.07 ^ clk (in)
     1    0.01                           clk (net)
                  0.12    0.00    0.07 ^ clkbuf_0_clk/A (sky130_fd_sc_hd__clkbuf_16)
                  0.10    0.26    0.33 ^ clkbuf_0_clk/X (sky130_fd_sc_hd__clkbuf_16)
     4    0.04                           clknet_0_clk (net)
                  0.10    0.00    0.33 ^ clkbuf_2_0__f_clk/A (sky130_fd_sc_hd__clkbuf_16)
                  0.08    0.23    0.56 ^ clkbuf_2_0__f_clk/X (sky130_fd_sc_hd__clkbuf_16)
     9    0.03                           clknet_2_0__leaf_clk (net)
                  0.08    0.00    0.56 ^ _239_/CLK (sky130_fd_sc_hd__dfrtp_1)
                  0.11    0.74    1.30 v _239_/Q (sky130_fd_sc_hd__dfrtp_1)
     2    0.01                           rx_inst.bit_count[0] (net)
                  0.11    0.00    1.30 v _130_/A (sky130_fd_sc_hd__inv_2)
                  0.08    0.11    1.41 ^ _130_/Y (sky130_fd_sc_hd__inv_2)
     3    0.01                           _070_ (net)
                  0.08    0.00    1.41 ^ _131_/A2 (sky130_fd_sc_hd__o31a_1)
                  0.08    0.24    1.65 ^ _131_/X (sky130_fd_sc_hd__o31a_1)
     1    0.00                           _071_ (net)
                  0.08    0.00    1.65 ^ _132_/B1 (sky130_fd_sc_hd__a41o_1)
                  0.07    0.15    1.79 ^ _132_/X (sky130_fd_sc_hd__a41o_1)
     1    0.00                           _046_ (net)
                  0.07    0.00    1.79 ^ _252_/D (sky130_fd_sc_hd__dfrtp_1)
                                  1.79   data arrival time

                          0.00    0.00   clock clk (rise edge)
                          0.00    0.00   clock source latency
                  0.12    0.08    0.08 ^ clk (in)
     1    0.01                           clk (net)
                  0.12    0.00    0.08 ^ clkbuf_0_clk/A (sky130_fd_sc_hd__clkbuf_16)
                  0.10    0.29    0.37 ^ clkbuf_0_clk/X (sky130_fd_sc_hd__clkbuf_16)
     4    0.04                           clknet_0_clk (net)
                  0.10    0.00    0.37 ^ clkbuf_2_0__f_clk/A (sky130_fd_sc_hd__clkbuf_16)
                  0.08    0.26    0.62 ^ clkbuf_2_0__f_clk/X (sky130_fd_sc_hd__clkbuf_16)
     9    0.03                           clknet_2_0__leaf_clk (net)
                  0.08    0.00    0.62 ^ _252_/CLK (sky130_fd_sc_hd__dfrtp_1)
                          0.25    0.87   clock uncertainty
                         -0.06    0.81   clock reconvergence pessimism
                         -0.08    0.74   library hold time
                                  0.74   data required time
-----------------------------------------------------------------------------
                                  0.74   data required time
                                 -1.79   data arrival time
-----------------------------------------------------------------------------
                                  1.05   slack (MET)


Startpoint: _240_ (rising edge-triggered flip-flop clocked by clk)
Endpoint: _254_ (rising edge-triggered flip-flop clocked by clk)
Path Group: clk
Path Type: min
Corner: Slowest

Fanout     Cap    Slew   Delay    Time   Description
-----------------------------------------------------------------------------
                          0.00    0.00   clock clk (rise edge)
                          0.00    0.00   clock source latency
                  0.12    0.07    0.07 ^ clk (in)
     1    0.01                           clk (net)
                  0.12    0.00    0.07 ^ clkbuf_0_clk/A (sky130_fd_sc_hd__clkbuf_16)
                  0.10    0.26    0.33 ^ clkbuf_0_clk/X (sky130_fd_sc_hd__clkbuf_16)
     4    0.04                           clknet_0_clk (net)
                  0.10    0.00    0.33 ^ clkbuf_2_0__f_clk/A (sky130_fd_sc_hd__clkbuf_16)
                  0.08    0.23    0.56 ^ clkbuf_2_0__f_clk/X (sky130_fd_sc_hd__clkbuf_16)
     9    0.03                           clknet_2_0__leaf_clk (net)
                  0.08    0.00    0.56 ^ _240_/CLK (sky130_fd_sc_hd__dfrtp_4)
                  0.21    0.89    1.45 ^ _240_/Q (sky130_fd_sc_hd__dfrtp_4)
    10    0.03                           rx_inst.bit_count[1] (net)
                  0.21    0.00    1.45 ^ _124_/A1 (sky130_fd_sc_hd__a41o_1)
                  0.06    0.34    1.79 ^ _124_/X (sky130_fd_sc_hd__a41o_1)
     1    0.00                           _048_ (net)
                  0.06    0.00    1.79 ^ _254_/D (sky130_fd_sc_hd__dfrtp_1)
                                  1.79   data arrival time

                          0.00    0.00   clock clk (rise edge)
                          0.00    0.00   clock source latency
                  0.12    0.08    0.08 ^ clk (in)
     1    0.01                           clk (net)
                  0.12    0.00    0.08 ^ clkbuf_0_clk/A (sky130_fd_sc_hd__clkbuf_16)
                  0.10    0.29    0.37 ^ clkbuf_0_clk/X (sky130_fd_sc_hd__clkbuf_16)
     4    0.04                           clknet_0_clk (net)
                  0.10    0.00    0.37 ^ clkbuf_2_0__f_clk/A (sky130_fd_sc_hd__clkbuf_16)
                  0.08    0.26    0.62 ^ clkbuf_2_0__f_clk/X (sky130_fd_sc_hd__clkbuf_16)
     9    0.03                           clknet_2_0__leaf_clk (net)
                  0.08    0.00    0.62 ^ _254_/CLK (sky130_fd_sc_hd__dfrtp_1)
                          0.25    0.87   clock uncertainty
                         -0.06    0.81   clock reconvergence pessimism
                         -0.07    0.74   library hold time
                                  0.74   data required time
-----------------------------------------------------------------------------
                                  0.74   data required time
                                 -1.79   data arrival time
-----------------------------------------------------------------------------
                                  1.05   slack (MET)


Startpoint: _231_ (rising edge-triggered flip-flop clocked by clk)
Endpoint: _241_ (rising edge-triggered flip-flop clocked by clk)
Path Group: clk
Path Type: min
Corner: Slowest

Fanout     Cap    Slew   Delay    Time   Description
-----------------------------------------------------------------------------
                          0.00    0.00   clock clk (rise edge)
                          0.00    0.00   clock source latency
                  0.12    0.07    0.07 ^ clk (in)
     1    0.01                           clk (net)
                  0.12    0.00    0.07 ^ clkbuf_0_clk/A (sky130_fd_sc_hd__clkbuf_16)
                  0.10    0.26    0.33 ^ clkbuf_0_clk/X (sky130_fd_sc_hd__clkbuf_16)
     4    0.04                           clknet_0_clk (net)
                  0.10    0.00    0.33 ^ clkbuf_2_0__f_clk/A (sky130_fd_sc_hd__clkbuf_16)
                  0.08    0.23    0.56 ^ clkbuf_2_0__f_clk/X (sky130_fd_sc_hd__clkbuf_16)
     9    0.03                           clknet_2_0__leaf_clk (net)
                  0.08    0.00    0.56 ^ _231_/CLK (sky130_fd_sc_hd__dfrtp_2)
                  0.17    0.75    1.32 ^ _231_/Q (sky130_fd_sc_hd__dfrtp_2)
     6    0.02                           rx_inst.state[1] (net)
                  0.17    0.00    1.32 ^ _151_/A (sky130_fd_sc_hd__or2b_1)
                  0.12    0.23    1.55 ^ _151_/X (sky130_fd_sc_hd__or2b_1)
     2    0.01                           _083_ (net)
                  0.12    0.00    1.55 ^ _152_/B1 (sky130_fd_sc_hd__a22o_1)
                  0.08    0.24    1.79 ^ _152_/X (sky130_fd_sc_hd__a22o_1)
     1    0.00                           _039_ (net)
                  0.08    0.00    1.79 ^ _241_/D (sky130_fd_sc_hd__dfrtp_4)
                                  1.79   data arrival time

                          0.00    0.00   clock clk (rise edge)
                          0.00    0.00   clock source latency
                  0.12    0.08    0.08 ^ clk (in)
     1    0.01                           clk (net)
                  0.12    0.00    0.08 ^ clkbuf_0_clk/A (sky130_fd_sc_hd__clkbuf_16)
                  0.10    0.29    0.37 ^ clkbuf_0_clk/X (sky130_fd_sc_hd__clkbuf_16)
     4    0.04                           clknet_0_clk (net)
                  0.10    0.00    0.37 ^ clkbuf_2_0__f_clk/A (sky130_fd_sc_hd__clkbuf_16)
                  0.08    0.26    0.62 ^ clkbuf_2_0__f_clk/X (sky130_fd_sc_hd__clkbuf_16)
     9    0.03                           clknet_2_0__leaf_clk (net)
                  0.08    0.00    0.62 ^ _241_/CLK (sky130_fd_sc_hd__dfrtp_4)
                          0.25    0.87   clock uncertainty
                         -0.06    0.81   clock reconvergence pessimism
                         -0.08    0.73   library hold time
                                  0.73   data required time
-----------------------------------------------------------------------------
                                  0.73   data required time
                                 -1.79   data arrival time
-----------------------------------------------------------------------------
                                  1.06   slack (MET)


Startpoint: _245_ (rising edge-triggered flip-flop clocked by clk)
Endpoint: _242_ (rising edge-triggered flip-flop clocked by clk)
Path Group: clk
Path Type: min
Corner: Slowest

Fanout     Cap    Slew   Delay    Time   Description
-----------------------------------------------------------------------------
                          0.00    0.00   clock clk (rise edge)
                          0.00    0.00   clock source latency
                  0.12    0.07    0.07 ^ clk (in)
     1    0.01                           clk (net)
                  0.12    0.00    0.07 ^ clkbuf_0_clk/A (sky130_fd_sc_hd__clkbuf_16)
                  0.10    0.26    0.33 ^ clkbuf_0_clk/X (sky130_fd_sc_hd__clkbuf_16)
     4    0.04                           clknet_0_clk (net)
                  0.10    0.00    0.33 ^ clkbuf_2_3__f_clk/A (sky130_fd_sc_hd__clkbuf_16)
                  0.08    0.23    0.56 ^ clkbuf_2_3__f_clk/X (sky130_fd_sc_hd__clkbuf_16)
     9    0.03                           clknet_2_3__leaf_clk (net)
                  0.08    0.00    0.56 ^ _245_/CLK (sky130_fd_sc_hd__dfrtp_1)
                  0.08    0.61    1.18 ^ _245_/Q (sky130_fd_sc_hd__dfrtp_1)
     1    0.00                           tx_inst.state[3] (net)
                  0.08    0.00    1.18 ^ hold5/A (sky130_fd_sc_hd__clkdlybuf4s25_1)
                  0.21    0.54    1.72 ^ hold5/X (sky130_fd_sc_hd__clkdlybuf4s25_1)
     3    0.01                           net25 (net)
                  0.21    0.00    1.72 ^ _171_/B1 (sky130_fd_sc_hd__a21o_1)
                  0.06    0.19    1.91 ^ _171_/X (sky130_fd_sc_hd__a21o_1)
     1    0.00                           _006_ (net)
                  0.06    0.00    1.91 ^ _242_/D (sky130_fd_sc_hd__dfstp_1)
                                  1.91   data arrival time

                          0.00    0.00   clock clk (rise edge)
                          0.00    0.00   clock source latency
                  0.12    0.08    0.08 ^ clk (in)
     1    0.01                           clk (net)
                  0.12    0.00    0.08 ^ clkbuf_0_clk/A (sky130_fd_sc_hd__clkbuf_16)
                  0.10    0.29    0.37 ^ clkbuf_0_clk/X (sky130_fd_sc_hd__clkbuf_16)
     4    0.04                           clknet_0_clk (net)
                  0.10    0.00    0.37 ^ clkbuf_2_3__f_clk/A (sky130_fd_sc_hd__clkbuf_16)
                  0.08    0.26    0.62 ^ clkbuf_2_3__f_clk/X (sky130_fd_sc_hd__clkbuf_16)
     9    0.03                           clknet_2_3__leaf_clk (net)
                  0.08    0.00    0.62 ^ _242_/CLK (sky130_fd_sc_hd__dfstp_1)
                          0.25    0.87   clock uncertainty
                         -0.06    0.81   clock reconvergence pessimism
                         -0.07    0.75   library hold time
                                  0.75   data required time
-----------------------------------------------------------------------------
                                  0.75   data required time
                                 -1.91   data arrival time
-----------------------------------------------------------------------------
                                  1.16   slack (MET)


Startpoint: _239_ (rising edge-triggered flip-flop clocked by clk)
Endpoint: _250_ (rising edge-triggered flip-flop clocked by clk)
Path Group: clk
Path Type: min
Corner: Slowest

Fanout     Cap    Slew   Delay    Time   Description
-----------------------------------------------------------------------------
                          0.00    0.00   clock clk (rise edge)
                          0.00    0.00   clock source latency
                  0.12    0.07    0.07 ^ clk (in)
     1    0.01                           clk (net)
                  0.12    0.00    0.07 ^ clkbuf_0_clk/A (sky130_fd_sc_hd__clkbuf_16)
                  0.10    0.26    0.33 ^ clkbuf_0_clk/X (sky130_fd_sc_hd__clkbuf_16)
     4    0.04                           clknet_0_clk (net)
                  0.10    0.00    0.33 ^ clkbuf_2_0__f_clk/A (sky130_fd_sc_hd__clkbuf_16)
                  0.08    0.23    0.56 ^ clkbuf_2_0__f_clk/X (sky130_fd_sc_hd__clkbuf_16)
     9    0.03                           clknet_2_0__leaf_clk (net)
                  0.08    0.00    0.56 ^ _239_/CLK (sky130_fd_sc_hd__dfrtp_1)
                  0.11    0.74    1.30 v _239_/Q (sky130_fd_sc_hd__dfrtp_1)
     2    0.01                           rx_inst.bit_count[0] (net)
                  0.11    0.00    1.30 v _130_/A (sky130_fd_sc_hd__inv_2)
                  0.08    0.11    1.41 ^ _130_/Y (sky130_fd_sc_hd__inv_2)
     3    0.01                           _070_ (net)
                  0.08    0.00    1.41 ^ _136_/C (sky130_fd_sc_hd__or4_1)
                  0.11    0.20    1.61 ^ _136_/X (sky130_fd_sc_hd__or4_1)
     1    0.01                           _074_ (net)
                  0.11    0.00    1.61 ^ _137_/S (sky130_fd_sc_hd__mux2_1)
                  0.07    0.24    1.85 ^ _137_/X (sky130_fd_sc_hd__mux2_1)
     1    0.00                           _075_ (net)
                  0.07    0.00    1.85 ^ _138_/A (sky130_fd_sc_hd__clkbuf_1)
                  0.07    0.14    1.99 ^ _138_/X (sky130_fd_sc_hd__clkbuf_1)
     1    0.00                           _044_ (net)
                  0.07    0.00    1.99 ^ _250_/D (sky130_fd_sc_hd__dfrtp_1)
                                  1.99   data arrival time

                          0.00    0.00   clock clk (rise edge)
                          0.00    0.00   clock source latency
                  0.12    0.08    0.08 ^ clk (in)
     1    0.01                           clk (net)
                  0.12    0.00    0.08 ^ clkbuf_0_clk/A (sky130_fd_sc_hd__clkbuf_16)
                  0.10    0.29    0.37 ^ clkbuf_0_clk/X (sky130_fd_sc_hd__clkbuf_16)
     4    0.04                           clknet_0_clk (net)
                  0.10    0.00    0.37 ^ clkbuf_2_0__f_clk/A (sky130_fd_sc_hd__clkbuf_16)
                  0.08    0.26    0.62 ^ clkbuf_2_0__f_clk/X (sky130_fd_sc_hd__clkbuf_16)
     9    0.03                           clknet_2_0__leaf_clk (net)
                  0.08    0.00    0.62 ^ _250_/CLK (sky130_fd_sc_hd__dfrtp_1)
                          0.25    0.87   clock uncertainty
                         -0.06    0.81   clock reconvergence pessimism
                         -0.08    0.74   library hold time
                                  0.74   data required time
-----------------------------------------------------------------------------
                                  0.74   data required time
                                 -1.99   data arrival time
-----------------------------------------------------------------------------
                                  1.25   slack (MET)


Startpoint: _241_ (rising edge-triggered flip-flop clocked by clk)
Endpoint: _249_ (rising edge-triggered flip-flop clocked by clk)
Path Group: clk
Path Type: min
Corner: Slowest

Fanout     Cap    Slew   Delay    Time   Description
-----------------------------------------------------------------------------
                          0.00    0.00   clock clk (rise edge)
                          0.00    0.00   clock source latency
                  0.12    0.07    0.07 ^ clk (in)
     1    0.01                           clk (net)
                  0.12    0.00    0.07 ^ clkbuf_0_clk/A (sky130_fd_sc_hd__clkbuf_16)
                  0.10    0.26    0.33 ^ clkbuf_0_clk/X (sky130_fd_sc_hd__clkbuf_16)
     4    0.04                           clknet_0_clk (net)
                  0.10    0.00    0.33 ^ clkbuf_2_0__f_clk/A (sky130_fd_sc_hd__clkbuf_16)
                  0.08    0.23    0.56 ^ clkbuf_2_0__f_clk/X (sky130_fd_sc_hd__clkbuf_16)
     9    0.03                           clknet_2_0__leaf_clk (net)
                  0.08    0.00    0.56 ^ _241_/CLK (sky130_fd_sc_hd__dfrtp_4)
                  0.19    0.87    1.44 ^ _241_/Q (sky130_fd_sc_hd__dfrtp_4)
     9    0.03                           rx_inst.bit_count[2] (net)
                  0.19    0.00    1.44 ^ _139_/A (sky130_fd_sc_hd__or4_1)
                  0.09    0.24    1.68 ^ _139_/X (sky130_fd_sc_hd__or4_1)
     1    0.00                           _076_ (net)
                  0.09    0.00    1.68 ^ _140_/S (sky130_fd_sc_hd__mux2_1)
                  0.07    0.23    1.91 ^ _140_/X (sky130_fd_sc_hd__mux2_1)
     1    0.00                           _077_ (net)
                  0.07    0.00    1.91 ^ _141_/A (sky130_fd_sc_hd__clkbuf_1)
                  0.06    0.14    2.05 ^ _141_/X (sky130_fd_sc_hd__clkbuf_1)
     1    0.00                           _043_ (net)
                  0.06    0.00    2.05 ^ _249_/D (sky130_fd_sc_hd__dfrtp_1)
                                  2.05   data arrival time

                          0.00    0.00   clock clk (rise edge)
                          0.00    0.00   clock source latency
                  0.12    0.08    0.08 ^ clk (in)
     1    0.01                           clk (net)
                  0.12    0.00    0.08 ^ clkbuf_0_clk/A (sky130_fd_sc_hd__clkbuf_16)
                  0.10    0.29    0.37 ^ clkbuf_0_clk/X (sky130_fd_sc_hd__clkbuf_16)
     4    0.04                           clknet_0_clk (net)
                  0.10    0.00    0.37 ^ clkbuf_2_0__f_clk/A (sky130_fd_sc_hd__clkbuf_16)
                  0.08    0.26    0.62 ^ clkbuf_2_0__f_clk/X (sky130_fd_sc_hd__clkbuf_16)
     9    0.03                           clknet_2_0__leaf_clk (net)
                  0.08    0.00    0.62 ^ _249_/CLK (sky130_fd_sc_hd__dfrtp_1)
                          0.25    0.87   clock uncertainty
                         -0.06    0.81   clock reconvergence pessimism
                         -0.07    0.74   library hold time
                                  0.74   data required time
-----------------------------------------------------------------------------
                                  0.74   data required time
                                 -2.05   data arrival time
-----------------------------------------------------------------------------
                                  1.31   slack (MET)


Startpoint: _240_ (rising edge-triggered flip-flop clocked by clk)
Endpoint: _251_ (rising edge-triggered flip-flop clocked by clk)
Path Group: clk
Path Type: min
Corner: Slowest

Fanout     Cap    Slew   Delay    Time   Description
-----------------------------------------------------------------------------
                          0.00    0.00   clock clk (rise edge)
                          0.00    0.00   clock source latency
                  0.12    0.07    0.07 ^ clk (in)
     1    0.01                           clk (net)
                  0.12    0.00    0.07 ^ clkbuf_0_clk/A (sky130_fd_sc_hd__clkbuf_16)
                  0.10    0.26    0.33 ^ clkbuf_0_clk/X (sky130_fd_sc_hd__clkbuf_16)
     4    0.04                           clknet_0_clk (net)
                  0.10    0.00    0.33 ^ clkbuf_2_0__f_clk/A (sky130_fd_sc_hd__clkbuf_16)
                  0.08    0.23    0.56 ^ clkbuf_2_0__f_clk/X (sky130_fd_sc_hd__clkbuf_16)
     9    0.03                           clknet_2_0__leaf_clk (net)
                  0.08    0.00    0.56 ^ _240_/CLK (sky130_fd_sc_hd__dfrtp_4)
                  0.21    0.89    1.45 ^ _240_/Q (sky130_fd_sc_hd__dfrtp_4)
    10    0.03                           rx_inst.bit_count[1] (net)
                  0.21    0.00    1.45 ^ _133_/A (sky130_fd_sc_hd__or3_1)
                  0.12    0.27    1.73 ^ _133_/X (sky130_fd_sc_hd__or3_1)
     1    0.01                           _072_ (net)
                  0.12    0.00    1.73 ^ _134_/S (sky130_fd_sc_hd__mux2_1)
                  0.07    0.25    1.97 ^ _134_/X (sky130_fd_sc_hd__mux2_1)
     1    0.00                           _073_ (net)
                  0.07    0.00    1.97 ^ _135_/A (sky130_fd_sc_hd__clkbuf_1)
                  0.06    0.13    2.11 ^ _135_/X (sky130_fd_sc_hd__clkbuf_1)
     1    0.00                           _045_ (net)
                  0.06    0.00    2.11 ^ _251_/D (sky130_fd_sc_hd__dfrtp_1)
                                  2.11   data arrival time

                          0.00    0.00   clock clk (rise edge)
                          0.00    0.00   clock source latency
                  0.12    0.08    0.08 ^ clk (in)
     1    0.01                           clk (net)
                  0.12    0.00    0.08 ^ clkbuf_0_clk/A (sky130_fd_sc_hd__clkbuf_16)
                  0.10    0.29    0.37 ^ clkbuf_0_clk/X (sky130_fd_sc_hd__clkbuf_16)
     4    0.04                           clknet_0_clk (net)
                  0.10    0.00    0.37 ^ clkbuf_2_2__f_clk/A (sky130_fd_sc_hd__clkbuf_16)
                  0.07    0.24    0.61 ^ clkbuf_2_2__f_clk/X (sky130_fd_sc_hd__clkbuf_16)
     6    0.02                           clknet_2_2__leaf_clk (net)
                  0.07    0.00    0.61 ^ _251_/CLK (sky130_fd_sc_hd__dfrtp_1)
                          0.25    0.86   clock uncertainty
                         -0.03    0.83   clock reconvergence pessimism
                         -0.08    0.75   library hold time
                                  0.75   data required time
-----------------------------------------------------------------------------
                                  0.75   data required time
                                 -2.11   data arrival time
-----------------------------------------------------------------------------
                                  1.36   slack (MET)


Startpoint: _232_ (rising edge-triggered flip-flop clocked by clk)
Endpoint: _253_ (rising edge-triggered flip-flop clocked by clk)
Path Group: clk
Path Type: min
Corner: Slowest

Fanout     Cap    Slew   Delay    Time   Description
-----------------------------------------------------------------------------
                          0.00    0.00   clock clk (rise edge)
                          0.00    0.00   clock source latency
                  0.12    0.07    0.07 ^ clk (in)
     1    0.01                           clk (net)
                  0.12    0.00    0.07 ^ clkbuf_0_clk/A (sky130_fd_sc_hd__clkbuf_16)
                  0.10    0.26    0.33 ^ clkbuf_0_clk/X (sky130_fd_sc_hd__clkbuf_16)
     4    0.04                           clknet_0_clk (net)
                  0.10    0.00    0.33 ^ clkbuf_2_2__f_clk/A (sky130_fd_sc_hd__clkbuf_16)
                  0.07    0.22    0.55 ^ clkbuf_2_2__f_clk/X (sky130_fd_sc_hd__clkbuf_16)
     6    0.02                           clknet_2_2__leaf_clk (net)
                  0.07    0.00    0.55 ^ _232_/CLK (sky130_fd_sc_hd__dfrtp_1)
                  0.21    0.71    1.27 ^ _232_/Q (sky130_fd_sc_hd__dfrtp_1)
     4    0.01                           rx_inst.state[2] (net)
                  0.21    0.00    1.27 ^ _126_/B (sky130_fd_sc_hd__or4b_1)
                  0.15    0.29    1.56 ^ _126_/X (sky130_fd_sc_hd__or4b_1)
     3    0.01                           _067_ (net)
                  0.15    0.00    1.56 ^ _127_/C (sky130_fd_sc_hd__or3_1)
                  0.13    0.25    1.81 ^ _127_/X (sky130_fd_sc_hd__or3_1)
     1    0.01                           _068_ (net)
                  0.13    0.00    1.81 ^ _128_/S (sky130_fd_sc_hd__mux2_1)
                  0.07    0.25    2.06 ^ _128_/X (sky130_fd_sc_hd__mux2_1)
     1    0.00                           _069_ (net)
                  0.07    0.00    2.06 ^ _129_/A (sky130_fd_sc_hd__clkbuf_1)
                  0.07    0.14    2.20 ^ _129_/X (sky130_fd_sc_hd__clkbuf_1)
     1    0.00                           _047_ (net)
                  0.07    0.00    2.20 ^ _253_/D (sky130_fd_sc_hd__dfrtp_1)
                                  2.20   data arrival time

                          0.00    0.00   clock clk (rise edge)
                          0.00    0.00   clock source latency
                  0.12    0.08    0.08 ^ clk (in)
     1    0.01                           clk (net)
                  0.12    0.00    0.08 ^ clkbuf_0_clk/A (sky130_fd_sc_hd__clkbuf_16)
                  0.10    0.29    0.37 ^ clkbuf_0_clk/X (sky130_fd_sc_hd__clkbuf_16)
     4    0.04                           clknet_0_clk (net)
                  0.10    0.00    0.37 ^ clkbuf_2_3__f_clk/A (sky130_fd_sc_hd__clkbuf_16)
                  0.08    0.26    0.62 ^ clkbuf_2_3__f_clk/X (sky130_fd_sc_hd__clkbuf_16)
     9    0.03                           clknet_2_3__leaf_clk (net)
                  0.08    0.00    0.62 ^ _253_/CLK (sky130_fd_sc_hd__dfrtp_1)
                          0.25    0.87   clock uncertainty
                         -0.03    0.84   clock reconvergence pessimism
                         -0.08    0.76   library hold time
                                  0.76   data required time
-----------------------------------------------------------------------------
                                  0.76   data required time
                                 -2.20   data arrival time
-----------------------------------------------------------------------------
                                  1.44   slack (MET)


Startpoint: _232_ (rising edge-triggered flip-flop clocked by clk)
Endpoint: _247_ (rising edge-triggered flip-flop clocked by clk)
Path Group: clk
Path Type: min
Corner: Slowest

Fanout     Cap    Slew   Delay    Time   Description
-----------------------------------------------------------------------------
                          0.00    0.00   clock clk (rise edge)
                          0.00    0.00   clock source latency
                  0.12    0.07    0.07 ^ clk (in)
     1    0.01                           clk (net)
                  0.12    0.00    0.07 ^ clkbuf_0_clk/A (sky130_fd_sc_hd__clkbuf_16)
                  0.10    0.26    0.33 ^ clkbuf_0_clk/X (sky130_fd_sc_hd__clkbuf_16)
     4    0.04                           clknet_0_clk (net)
                  0.10    0.00    0.33 ^ clkbuf_2_2__f_clk/A (sky130_fd_sc_hd__clkbuf_16)
                  0.07    0.22    0.55 ^ clkbuf_2_2__f_clk/X (sky130_fd_sc_hd__clkbuf_16)
     6    0.02                           clknet_2_2__leaf_clk (net)
                  0.07    0.00    0.55 ^ _232_/CLK (sky130_fd_sc_hd__dfrtp_1)
                  0.21    0.71    1.27 ^ _232_/Q (sky130_fd_sc_hd__dfrtp_1)
     4    0.01                           rx_inst.state[2] (net)
                  0.21    0.00    1.27 ^ _119_/B (sky130_fd_sc_hd__or3_2)
                  0.16    0.32    1.59 ^ _119_/X (sky130_fd_sc_hd__or3_2)
     6    0.02                           _061_ (net)
                  0.16    0.00    1.59 ^ _145_/A (sky130_fd_sc_hd__nor2_1)
                  0.07    0.14    1.73 v _145_/Y (sky130_fd_sc_hd__nor2_1)
     1    0.01                           _080_ (net)
                  0.07    0.00    1.73 v _146_/S (sky130_fd_sc_hd__mux2_1)
                  0.07    0.36    2.09 ^ _146_/X (sky130_fd_sc_hd__mux2_1)
     1    0.00                           _081_ (net)
                  0.07    0.00    2.09 ^ _147_/A (sky130_fd_sc_hd__clkbuf_1)
                  0.06    0.13    2.22 ^ _147_/X (sky130_fd_sc_hd__clkbuf_1)
     1    0.00                           _041_ (net)
                  0.06    0.00    2.22 ^ _247_/D (sky130_fd_sc_hd__dfrtp_1)
                                  2.22   data arrival time

                          0.00    0.00   clock clk (rise edge)
                          0.00    0.00   clock source latency
                  0.12    0.08    0.08 ^ clk (in)
     1    0.01                           clk (net)
                  0.12    0.00    0.08 ^ clkbuf_0_clk/A (sky130_fd_sc_hd__clkbuf_16)
                  0.10    0.29    0.37 ^ clkbuf_0_clk/X (sky130_fd_sc_hd__clkbuf_16)
     4    0.04                           clknet_0_clk (net)
                  0.10    0.00    0.37 ^ clkbuf_2_2__f_clk/A (sky130_fd_sc_hd__clkbuf_16)
                  0.07    0.24    0.61 ^ clkbuf_2_2__f_clk/X (sky130_fd_sc_hd__clkbuf_16)
     6    0.02                           clknet_2_2__leaf_clk (net)
                  0.07    0.00    0.61 ^ _247_/CLK (sky130_fd_sc_hd__dfrtp_1)
                          0.25    0.86   clock uncertainty
                         -0.06    0.80   clock reconvergence pessimism
                         -0.08    0.73   library hold time
                                  0.73   data required time
-----------------------------------------------------------------------------
                                  0.73   data required time
                                 -2.22   data arrival time
-----------------------------------------------------------------------------
                                  1.49   slack (MET)


Startpoint: _242_ (rising edge-triggered flip-flop clocked by clk)
Endpoint: _261_ (rising edge-triggered flip-flop clocked by clk)
Path Group: clk
Path Type: min
Corner: Slowest

Fanout     Cap    Slew   Delay    Time   Description
-----------------------------------------------------------------------------
                          0.00    0.00   clock clk (rise edge)
                          0.00    0.00   clock source latency
                  0.12    0.07    0.07 ^ clk (in)
     1    0.01                           clk (net)
                  0.12    0.00    0.07 ^ clkbuf_0_clk/A (sky130_fd_sc_hd__clkbuf_16)
                  0.10    0.26    0.33 ^ clkbuf_0_clk/X (sky130_fd_sc_hd__clkbuf_16)
     4    0.04                           clknet_0_clk (net)
                  0.10    0.00    0.33 ^ clkbuf_2_3__f_clk/A (sky130_fd_sc_hd__clkbuf_16)
                  0.08    0.23    0.56 ^ clkbuf_2_3__f_clk/X (sky130_fd_sc_hd__clkbuf_16)
     9    0.03                           clknet_2_3__leaf_clk (net)
                  0.08    0.00    0.56 ^ _242_/CLK (sky130_fd_sc_hd__dfstp_1)
                  0.09    0.71    1.27 v _242_/Q (sky130_fd_sc_hd__dfstp_1)
     3    0.01                           tx_inst.state[0] (net)
                  0.09    0.00    1.27 v _212_/A (sky130_fd_sc_hd__and3_1)
                  0.06    0.28    1.56 v _212_/X (sky130_fd_sc_hd__and3_1)
     1    0.00                           _104_ (net)
                  0.06    0.00    1.56 v _213_/A (sky130_fd_sc_hd__clkbuf_4)
                  0.15    0.31    1.87 v _213_/X (sky130_fd_sc_hd__clkbuf_4)
     8    0.04                           _105_ (net)
                  0.15    0.00    1.87 v _226_/S (sky130_fd_sc_hd__mux2_1)
                  0.07    0.39    2.26 ^ _226_/X (sky130_fd_sc_hd__mux2_1)
     1    0.00                           _112_ (net)
                  0.07    0.00    2.26 ^ _227_/A (sky130_fd_sc_hd__clkbuf_1)
                  0.06    0.13    2.39 ^ _227_/X (sky130_fd_sc_hd__clkbuf_1)
     1    0.00                           _055_ (net)
                  0.06    0.00    2.39 ^ _261_/D (sky130_fd_sc_hd__dfxtp_1)
                                  2.39   data arrival time

                          0.00    0.00   clock clk (rise edge)
                          0.00    0.00   clock source latency
                  0.12    0.08    0.08 ^ clk (in)
     1    0.01                           clk (net)
                  0.12    0.00    0.08 ^ clkbuf_0_clk/A (sky130_fd_sc_hd__clkbuf_16)
                  0.10    0.29    0.37 ^ clkbuf_0_clk/X (sky130_fd_sc_hd__clkbuf_16)
     4    0.04                           clknet_0_clk (net)
                  0.10    0.00    0.37 ^ clkbuf_2_1__f_clk/A (sky130_fd_sc_hd__clkbuf_16)
                  0.07    0.25    0.62 ^ clkbuf_2_1__f_clk/X (sky130_fd_sc_hd__clkbuf_16)
     9    0.03                           clknet_2_1__leaf_clk (net)
                  0.07    0.00    0.62 ^ _261_/CLK (sky130_fd_sc_hd__dfxtp_1)
                          0.25    0.87   clock uncertainty
                         -0.03    0.84   clock reconvergence pessimism
                         -0.07    0.77   library hold time
                                  0.77   data required time
-----------------------------------------------------------------------------
                                  0.77   data required time
                                 -2.39   data arrival time
-----------------------------------------------------------------------------
                                  1.62   slack (MET)


Startpoint: _242_ (rising edge-triggered flip-flop clocked by clk)
Endpoint: _256_ (rising edge-triggered flip-flop clocked by clk)
Path Group: clk
Path Type: min
Corner: Slowest

Fanout     Cap    Slew   Delay    Time   Description
-----------------------------------------------------------------------------
                          0.00    0.00   clock clk (rise edge)
                          0.00    0.00   clock source latency
                  0.12    0.07    0.07 ^ clk (in)
     1    0.01                           clk (net)
                  0.12    0.00    0.07 ^ clkbuf_0_clk/A (sky130_fd_sc_hd__clkbuf_16)
                  0.10    0.26    0.33 ^ clkbuf_0_clk/X (sky130_fd_sc_hd__clkbuf_16)
     4    0.04                           clknet_0_clk (net)
                  0.10    0.00    0.33 ^ clkbuf_2_3__f_clk/A (sky130_fd_sc_hd__clkbuf_16)
                  0.08    0.23    0.56 ^ clkbuf_2_3__f_clk/X (sky130_fd_sc_hd__clkbuf_16)
     9    0.03                           clknet_2_3__leaf_clk (net)
                  0.08    0.00    0.56 ^ _242_/CLK (sky130_fd_sc_hd__dfstp_1)
                  0.09    0.71    1.27 v _242_/Q (sky130_fd_sc_hd__dfstp_1)
     3    0.01                           tx_inst.state[0] (net)
                  0.09    0.00    1.27 v _212_/A (sky130_fd_sc_hd__and3_1)
                  0.06    0.28    1.56 v _212_/X (sky130_fd_sc_hd__and3_1)
     1    0.00                           _104_ (net)
                  0.06    0.00    1.56 v _213_/A (sky130_fd_sc_hd__clkbuf_4)
                  0.15    0.31    1.87 v _213_/X (sky130_fd_sc_hd__clkbuf_4)
     8    0.04                           _105_ (net)
                  0.15    0.00    1.87 v _216_/S (sky130_fd_sc_hd__mux2_1)
                  0.07    0.40    2.27 ^ _216_/X (sky130_fd_sc_hd__mux2_1)
     1    0.00                           _107_ (net)
                  0.07    0.00    2.27 ^ _217_/A (sky130_fd_sc_hd__clkbuf_1)
                  0.06    0.13    2.40 ^ _217_/X (sky130_fd_sc_hd__clkbuf_1)
     1    0.00                           _050_ (net)
                  0.06    0.00    2.40 ^ _256_/D (sky130_fd_sc_hd__dfxtp_1)
                                  2.40   data arrival time

                          0.00    0.00   clock clk (rise edge)
                          0.00    0.00   clock source latency
                  0.12    0.08    0.08 ^ clk (in)
     1    0.01                           clk (net)
                  0.12    0.00    0.08 ^ clkbuf_0_clk/A (sky130_fd_sc_hd__clkbuf_16)
                  0.10    0.29    0.37 ^ clkbuf_0_clk/X (sky130_fd_sc_hd__clkbuf_16)
     4    0.04                           clknet_0_clk (net)
                  0.10    0.00    0.37 ^ clkbuf_2_1__f_clk/A (sky130_fd_sc_hd__clkbuf_16)
                  0.07    0.25    0.62 ^ clkbuf_2_1__f_clk/X (sky130_fd_sc_hd__clkbuf_16)
     9    0.03                           clknet_2_1__leaf_clk (net)
                  0.07    0.00    0.62 ^ _256_/CLK (sky130_fd_sc_hd__dfxtp_1)
                          0.25    0.87   clock uncertainty
                         -0.03    0.84   clock reconvergence pessimism
                         -0.07    0.77   library hold time
                                  0.77   data required time
-----------------------------------------------------------------------------
                                  0.77   data required time
                                 -2.40   data arrival time
-----------------------------------------------------------------------------
                                  1.63   slack (MET)


Startpoint: _242_ (rising edge-triggered flip-flop clocked by clk)
Endpoint: _255_ (rising edge-triggered flip-flop clocked by clk)
Path Group: clk
Path Type: min
Corner: Slowest

Fanout     Cap    Slew   Delay    Time   Description
-----------------------------------------------------------------------------
                          0.00    0.00   clock clk (rise edge)
                          0.00    0.00   clock source latency
                  0.12    0.07    0.07 ^ clk (in)
     1    0.01                           clk (net)
                  0.12    0.00    0.07 ^ clkbuf_0_clk/A (sky130_fd_sc_hd__clkbuf_16)
                  0.10    0.26    0.33 ^ clkbuf_0_clk/X (sky130_fd_sc_hd__clkbuf_16)
     4    0.04                           clknet_0_clk (net)
                  0.10    0.00    0.33 ^ clkbuf_2_3__f_clk/A (sky130_fd_sc_hd__clkbuf_16)
                  0.08    0.23    0.56 ^ clkbuf_2_3__f_clk/X (sky130_fd_sc_hd__clkbuf_16)
     9    0.03                           clknet_2_3__leaf_clk (net)
                  0.08    0.00    0.56 ^ _242_/CLK (sky130_fd_sc_hd__dfstp_1)
                  0.09    0.71    1.27 v _242_/Q (sky130_fd_sc_hd__dfstp_1)
     3    0.01                           tx_inst.state[0] (net)
                  0.09    0.00    1.27 v _212_/A (sky130_fd_sc_hd__and3_1)
                  0.06    0.28    1.56 v _212_/X (sky130_fd_sc_hd__and3_1)
     1    0.00                           _104_ (net)
                  0.06    0.00    1.56 v _213_/A (sky130_fd_sc_hd__clkbuf_4)
                  0.15    0.31    1.87 v _213_/X (sky130_fd_sc_hd__clkbuf_4)
     8    0.04                           _105_ (net)
                  0.15    0.00    1.87 v _214_/S (sky130_fd_sc_hd__mux2_1)
                  0.08    0.40    2.27 ^ _214_/X (sky130_fd_sc_hd__mux2_1)
     1    0.00                           _106_ (net)
                  0.08    0.00    2.27 ^ _215_/A (sky130_fd_sc_hd__clkbuf_1)
                  0.06    0.13    2.40 ^ _215_/X (sky130_fd_sc_hd__clkbuf_1)
     1    0.00                           _049_ (net)
                  0.06    0.00    2.40 ^ _255_/D (sky130_fd_sc_hd__dfxtp_1)
                                  2.40   data arrival time

                          0.00    0.00   clock clk (rise edge)
                          0.00    0.00   clock source latency
                  0.12    0.08    0.08 ^ clk (in)
     1    0.01                           clk (net)
                  0.12    0.00    0.08 ^ clkbuf_0_clk/A (sky130_fd_sc_hd__clkbuf_16)
                  0.10    0.29    0.37 ^ clkbuf_0_clk/X (sky130_fd_sc_hd__clkbuf_16)
     4    0.04                           clknet_0_clk (net)
                  0.10    0.00    0.37 ^ clkbuf_2_1__f_clk/A (sky130_fd_sc_hd__clkbuf_16)
                  0.07    0.25    0.62 ^ clkbuf_2_1__f_clk/X (sky130_fd_sc_hd__clkbuf_16)
     9    0.03                           clknet_2_1__leaf_clk (net)
                  0.07    0.00    0.62 ^ _255_/CLK (sky130_fd_sc_hd__dfxtp_1)
                          0.25    0.87   clock uncertainty
                         -0.03    0.84   clock reconvergence pessimism
                         -0.07    0.77   library hold time
                                  0.77   data required time
-----------------------------------------------------------------------------
                                  0.77   data required time
                                 -2.40   data arrival time
-----------------------------------------------------------------------------
                                  1.63   slack (MET)


Startpoint: _242_ (rising edge-triggered flip-flop clocked by clk)
Endpoint: _258_ (rising edge-triggered flip-flop clocked by clk)
Path Group: clk
Path Type: min
Corner: Slowest

Fanout     Cap    Slew   Delay    Time   Description
-----------------------------------------------------------------------------
                          0.00    0.00   clock clk (rise edge)
                          0.00    0.00   clock source latency
                  0.12    0.07    0.07 ^ clk (in)
     1    0.01                           clk (net)
                  0.12    0.00    0.07 ^ clkbuf_0_clk/A (sky130_fd_sc_hd__clkbuf_16)
                  0.10    0.26    0.33 ^ clkbuf_0_clk/X (sky130_fd_sc_hd__clkbuf_16)
     4    0.04                           clknet_0_clk (net)
                  0.10    0.00    0.33 ^ clkbuf_2_3__f_clk/A (sky130_fd_sc_hd__clkbuf_16)
                  0.08    0.23    0.56 ^ clkbuf_2_3__f_clk/X (sky130_fd_sc_hd__clkbuf_16)
     9    0.03                           clknet_2_3__leaf_clk (net)
                  0.08    0.00    0.56 ^ _242_/CLK (sky130_fd_sc_hd__dfstp_1)
                  0.09    0.71    1.27 v _242_/Q (sky130_fd_sc_hd__dfstp_1)
     3    0.01                           tx_inst.state[0] (net)
                  0.09    0.00    1.27 v _212_/A (sky130_fd_sc_hd__and3_1)
                  0.06    0.28    1.56 v _212_/X (sky130_fd_sc_hd__and3_1)
     1    0.00                           _104_ (net)
                  0.06    0.00    1.56 v _213_/A (sky130_fd_sc_hd__clkbuf_4)
                  0.15    0.31    1.87 v _213_/X (sky130_fd_sc_hd__clkbuf_4)
     8    0.04                           _105_ (net)
                  0.15    0.00    1.87 v _220_/S (sky130_fd_sc_hd__mux2_1)
                  0.07    0.39    2.26 ^ _220_/X (sky130_fd_sc_hd__mux2_1)
     1    0.00                           _109_ (net)
                  0.07    0.00    2.26 ^ _221_/A (sky130_fd_sc_hd__clkbuf_1)
                  0.07    0.14    2.40 ^ _221_/X (sky130_fd_sc_hd__clkbuf_1)
     1    0.00                           _052_ (net)
                  0.07    0.00    2.40 ^ _258_/D (sky130_fd_sc_hd__dfxtp_1)
                                  2.40   data arrival time

                          0.00    0.00   clock clk (rise edge)
                          0.00    0.00   clock source latency
                  0.12    0.08    0.08 ^ clk (in)
     1    0.01                           clk (net)
                  0.12    0.00    0.08 ^ clkbuf_0_clk/A (sky130_fd_sc_hd__clkbuf_16)
                  0.10    0.29    0.37 ^ clkbuf_0_clk/X (sky130_fd_sc_hd__clkbuf_16)
     4    0.04                           clknet_0_clk (net)
                  0.10    0.00    0.37 ^ clkbuf_2_1__f_clk/A (sky130_fd_sc_hd__clkbuf_16)
                  0.07    0.25    0.62 ^ clkbuf_2_1__f_clk/X (sky130_fd_sc_hd__clkbuf_16)
     9    0.03                           clknet_2_1__leaf_clk (net)
                  0.07    0.00    0.62 ^ _258_/CLK (sky130_fd_sc_hd__dfxtp_1)
                          0.25    0.87   clock uncertainty
                         -0.03    0.84   clock reconvergence pessimism
                         -0.07    0.76   library hold time
                                  0.76   data required time
-----------------------------------------------------------------------------
                                  0.76   data required time
                                 -2.40   data arrival time
-----------------------------------------------------------------------------
                                  1.64   slack (MET)


Startpoint: _242_ (rising edge-triggered flip-flop clocked by clk)
Endpoint: _259_ (rising edge-triggered flip-flop clocked by clk)
Path Group: clk
Path Type: min
Corner: Slowest

Fanout     Cap    Slew   Delay    Time   Description
-----------------------------------------------------------------------------
                          0.00    0.00   clock clk (rise edge)
                          0.00    0.00   clock source latency
                  0.12    0.07    0.07 ^ clk (in)
     1    0.01                           clk (net)
                  0.12    0.00    0.07 ^ clkbuf_0_clk/A (sky130_fd_sc_hd__clkbuf_16)
                  0.10    0.26    0.33 ^ clkbuf_0_clk/X (sky130_fd_sc_hd__clkbuf_16)
     4    0.04                           clknet_0_clk (net)
                  0.10    0.00    0.33 ^ clkbuf_2_3__f_clk/A (sky130_fd_sc_hd__clkbuf_16)
                  0.08    0.23    0.56 ^ clkbuf_2_3__f_clk/X (sky130_fd_sc_hd__clkbuf_16)
     9    0.03                           clknet_2_3__leaf_clk (net)
                  0.08    0.00    0.56 ^ _242_/CLK (sky130_fd_sc_hd__dfstp_1)
                  0.09    0.71    1.27 v _242_/Q (sky130_fd_sc_hd__dfstp_1)
     3    0.01                           tx_inst.state[0] (net)
                  0.09    0.00    1.27 v _212_/A (sky130_fd_sc_hd__and3_1)
                  0.06    0.28    1.56 v _212_/X (sky130_fd_sc_hd__and3_1)
     1    0.00                           _104_ (net)
                  0.06    0.00    1.56 v _213_/A (sky130_fd_sc_hd__clkbuf_4)
                  0.15    0.31    1.87 v _213_/X (sky130_fd_sc_hd__clkbuf_4)
     8    0.04                           _105_ (net)
                  0.15    0.00    1.87 v _222_/S (sky130_fd_sc_hd__mux2_1)
                  0.08    0.40    2.27 ^ _222_/X (sky130_fd_sc_hd__mux2_1)
     1    0.00                           _110_ (net)
                  0.08    0.00    2.27 ^ _223_/A (sky130_fd_sc_hd__clkbuf_1)
                  0.06    0.14    2.40 ^ _223_/X (sky130_fd_sc_hd__clkbuf_1)
     1    0.00                           _053_ (net)
                  0.06    0.00    2.40 ^ _259_/D (sky130_fd_sc_hd__dfxtp_1)
                                  2.40   data arrival time

                          0.00    0.00   clock clk (rise edge)
                          0.00    0.00   clock source latency
                  0.12    0.08    0.08 ^ clk (in)
     1    0.01                           clk (net)
                  0.12    0.00    0.08 ^ clkbuf_0_clk/A (sky130_fd_sc_hd__clkbuf_16)
                  0.10    0.29    0.37 ^ clkbuf_0_clk/X (sky130_fd_sc_hd__clkbuf_16)
     4    0.04                           clknet_0_clk (net)
                  0.10    0.00    0.37 ^ clkbuf_2_1__f_clk/A (sky130_fd_sc_hd__clkbuf_16)
                  0.07    0.25    0.62 ^ clkbuf_2_1__f_clk/X (sky130_fd_sc_hd__clkbuf_16)
     9    0.03                           clknet_2_1__leaf_clk (net)
                  0.07    0.00    0.62 ^ _259_/CLK (sky130_fd_sc_hd__dfxtp_1)
                          0.25    0.87   clock uncertainty
                         -0.03    0.84   clock reconvergence pessimism
                         -0.07    0.77   library hold time
                                  0.77   data required time
-----------------------------------------------------------------------------
                                  0.77   data required time
                                 -2.40   data arrival time
-----------------------------------------------------------------------------
                                  1.64   slack (MET)


Startpoint: _242_ (rising edge-triggered flip-flop clocked by clk)
Endpoint: _262_ (rising edge-triggered flip-flop clocked by clk)
Path Group: clk
Path Type: min
Corner: Slowest

Fanout     Cap    Slew   Delay    Time   Description
-----------------------------------------------------------------------------
                          0.00    0.00   clock clk (rise edge)
                          0.00    0.00   clock source latency
                  0.12    0.07    0.07 ^ clk (in)
     1    0.01                           clk (net)
                  0.12    0.00    0.07 ^ clkbuf_0_clk/A (sky130_fd_sc_hd__clkbuf_16)
                  0.10    0.26    0.33 ^ clkbuf_0_clk/X (sky130_fd_sc_hd__clkbuf_16)
     4    0.04                           clknet_0_clk (net)
                  0.10    0.00    0.33 ^ clkbuf_2_3__f_clk/A (sky130_fd_sc_hd__clkbuf_16)
                  0.08    0.23    0.56 ^ clkbuf_2_3__f_clk/X (sky130_fd_sc_hd__clkbuf_16)
     9    0.03                           clknet_2_3__leaf_clk (net)
                  0.08    0.00    0.56 ^ _242_/CLK (sky130_fd_sc_hd__dfstp_1)
                  0.09    0.71    1.27 v _242_/Q (sky130_fd_sc_hd__dfstp_1)
     3    0.01                           tx_inst.state[0] (net)
                  0.09    0.00    1.27 v _212_/A (sky130_fd_sc_hd__and3_1)
                  0.06    0.28    1.56 v _212_/X (sky130_fd_sc_hd__and3_1)
     1    0.00                           _104_ (net)
                  0.06    0.00    1.56 v _213_/A (sky130_fd_sc_hd__clkbuf_4)
                  0.15    0.31    1.87 v _213_/X (sky130_fd_sc_hd__clkbuf_4)
     8    0.04                           _105_ (net)
                  0.15    0.00    1.87 v _228_/S (sky130_fd_sc_hd__mux2_1)
                  0.08    0.40    2.27 ^ _228_/X (sky130_fd_sc_hd__mux2_1)
     1    0.00                           _113_ (net)
                  0.08    0.00    2.27 ^ _229_/A (sky130_fd_sc_hd__clkbuf_1)
                  0.06    0.14    2.41 ^ _229_/X (sky130_fd_sc_hd__clkbuf_1)
     1    0.00                           _056_ (net)
                  0.06    0.00    2.41 ^ _262_/D (sky130_fd_sc_hd__dfxtp_1)
                                  2.41   data arrival time

                          0.00    0.00   clock clk (rise edge)
                          0.00    0.00   clock source latency
                  0.12    0.08    0.08 ^ clk (in)
     1    0.01                           clk (net)
                  0.12    0.00    0.08 ^ clkbuf_0_clk/A (sky130_fd_sc_hd__clkbuf_16)
                  0.10    0.29    0.37 ^ clkbuf_0_clk/X (sky130_fd_sc_hd__clkbuf_16)
     4    0.04                           clknet_0_clk (net)
                  0.10    0.00    0.37 ^ clkbuf_2_1__f_clk/A (sky130_fd_sc_hd__clkbuf_16)
                  0.07    0.25    0.62 ^ clkbuf_2_1__f_clk/X (sky130_fd_sc_hd__clkbuf_16)
     9    0.03                           clknet_2_1__leaf_clk (net)
                  0.07    0.00    0.62 ^ _262_/CLK (sky130_fd_sc_hd__dfxtp_1)
                          0.25    0.87   clock uncertainty
                         -0.03    0.84   clock reconvergence pessimism
                         -0.07    0.77   library hold time
                                  0.77   data required time
-----------------------------------------------------------------------------
                                  0.77   data required time
                                 -2.41   data arrival time
-----------------------------------------------------------------------------
                                  1.64   slack (MET)


Startpoint: _242_ (rising edge-triggered flip-flop clocked by clk)
Endpoint: _260_ (rising edge-triggered flip-flop clocked by clk)
Path Group: clk
Path Type: min
Corner: Slowest

Fanout     Cap    Slew   Delay    Time   Description
-----------------------------------------------------------------------------
                          0.00    0.00   clock clk (rise edge)
                          0.00    0.00   clock source latency
                  0.12    0.07    0.07 ^ clk (in)
     1    0.01                           clk (net)
                  0.12    0.00    0.07 ^ clkbuf_0_clk/A (sky130_fd_sc_hd__clkbuf_16)
                  0.10    0.26    0.33 ^ clkbuf_0_clk/X (sky130_fd_sc_hd__clkbuf_16)
     4    0.04                           clknet_0_clk (net)
                  0.10    0.00    0.33 ^ clkbuf_2_3__f_clk/A (sky130_fd_sc_hd__clkbuf_16)
                  0.08    0.23    0.56 ^ clkbuf_2_3__f_clk/X (sky130_fd_sc_hd__clkbuf_16)
     9    0.03                           clknet_2_3__leaf_clk (net)
                  0.08    0.00    0.56 ^ _242_/CLK (sky130_fd_sc_hd__dfstp_1)
                  0.09    0.71    1.27 v _242_/Q (sky130_fd_sc_hd__dfstp_1)
     3    0.01                           tx_inst.state[0] (net)
                  0.09    0.00    1.27 v _212_/A (sky130_fd_sc_hd__and3_1)
                  0.06    0.28    1.56 v _212_/X (sky130_fd_sc_hd__and3_1)
     1    0.00                           _104_ (net)
                  0.06    0.00    1.56 v _213_/A (sky130_fd_sc_hd__clkbuf_4)
                  0.15    0.31    1.87 v _213_/X (sky130_fd_sc_hd__clkbuf_4)
     8    0.04                           _105_ (net)
                  0.15    0.00    1.87 v _224_/S (sky130_fd_sc_hd__mux2_1)
                  0.08    0.40    2.27 ^ _224_/X (sky130_fd_sc_hd__mux2_1)
     1    0.00                           _111_ (net)
                  0.08    0.00    2.27 ^ _225_/A (sky130_fd_sc_hd__clkbuf_1)
                  0.06    0.14    2.41 ^ _225_/X (sky130_fd_sc_hd__clkbuf_1)
     1    0.00                           _054_ (net)
                  0.06    0.00    2.41 ^ _260_/D (sky130_fd_sc_hd__dfxtp_1)
                                  2.41   data arrival time

                          0.00    0.00   clock clk (rise edge)
                          0.00    0.00   clock source latency
                  0.12    0.08    0.08 ^ clk (in)
     1    0.01                           clk (net)
                  0.12    0.00    0.08 ^ clkbuf_0_clk/A (sky130_fd_sc_hd__clkbuf_16)
                  0.10    0.29    0.37 ^ clkbuf_0_clk/X (sky130_fd_sc_hd__clkbuf_16)
     4    0.04                           clknet_0_clk (net)
                  0.10    0.00    0.37 ^ clkbuf_2_1__f_clk/A (sky130_fd_sc_hd__clkbuf_16)
                  0.07    0.25    0.62 ^ clkbuf_2_1__f_clk/X (sky130_fd_sc_hd__clkbuf_16)
     9    0.03                           clknet_2_1__leaf_clk (net)
                  0.07    0.00    0.62 ^ _260_/CLK (sky130_fd_sc_hd__dfxtp_1)
                          0.25    0.87   clock uncertainty
                         -0.03    0.84   clock reconvergence pessimism
                         -0.07    0.77   library hold time
                                  0.77   data required time
-----------------------------------------------------------------------------
                                  0.77   data required time
                                 -2.41   data arrival time
-----------------------------------------------------------------------------
                                  1.64   slack (MET)


Startpoint: _242_ (rising edge-triggered flip-flop clocked by clk)
Endpoint: _257_ (rising edge-triggered flip-flop clocked by clk)
Path Group: clk
Path Type: min
Corner: Slowest

Fanout     Cap    Slew   Delay    Time   Description
-----------------------------------------------------------------------------
                          0.00    0.00   clock clk (rise edge)
                          0.00    0.00   clock source latency
                  0.12    0.07    0.07 ^ clk (in)
     1    0.01                           clk (net)
                  0.12    0.00    0.07 ^ clkbuf_0_clk/A (sky130_fd_sc_hd__clkbuf_16)
                  0.10    0.26    0.33 ^ clkbuf_0_clk/X (sky130_fd_sc_hd__clkbuf_16)
     4    0.04                           clknet_0_clk (net)
                  0.10    0.00    0.33 ^ clkbuf_2_3__f_clk/A (sky130_fd_sc_hd__clkbuf_16)
                  0.08    0.23    0.56 ^ clkbuf_2_3__f_clk/X (sky130_fd_sc_hd__clkbuf_16)
     9    0.03                           clknet_2_3__leaf_clk (net)
                  0.08    0.00    0.56 ^ _242_/CLK (sky130_fd_sc_hd__dfstp_1)
                  0.09    0.71    1.27 v _242_/Q (sky130_fd_sc_hd__dfstp_1)
     3    0.01                           tx_inst.state[0] (net)
                  0.09    0.00    1.27 v _212_/A (sky130_fd_sc_hd__and3_1)
                  0.06    0.28    1.56 v _212_/X (sky130_fd_sc_hd__and3_1)
     1    0.00                           _104_ (net)
                  0.06    0.00    1.56 v _213_/A (sky130_fd_sc_hd__clkbuf_4)
                  0.15    0.31    1.87 v _213_/X (sky130_fd_sc_hd__clkbuf_4)
     8    0.04                           _105_ (net)
                  0.15    0.00    1.87 v _218_/S (sky130_fd_sc_hd__mux2_1)
                  0.07    0.39    2.26 ^ _218_/X (sky130_fd_sc_hd__mux2_1)
     1    0.00                           _108_ (net)
                  0.07    0.00    2.26 ^ _219_/A (sky130_fd_sc_hd__clkbuf_1)
                  0.08    0.15    2.41 ^ _219_/X (sky130_fd_sc_hd__clkbuf_1)
     1    0.00                           _051_ (net)
                  0.08    0.00    2.41 ^ _257_/D (sky130_fd_sc_hd__dfxtp_1)
                                  2.41   data arrival time

                          0.00    0.00   clock clk (rise edge)
                          0.00    0.00   clock source latency
                  0.12    0.08    0.08 ^ clk (in)
     1    0.01                           clk (net)
                  0.12    0.00    0.08 ^ clkbuf_0_clk/A (sky130_fd_sc_hd__clkbuf_16)
                  0.10    0.29    0.37 ^ clkbuf_0_clk/X (sky130_fd_sc_hd__clkbuf_16)
     4    0.04                           clknet_0_clk (net)
                  0.10    0.00    0.37 ^ clkbuf_2_1__f_clk/A (sky130_fd_sc_hd__clkbuf_16)
                  0.07    0.25    0.62 ^ clkbuf_2_1__f_clk/X (sky130_fd_sc_hd__clkbuf_16)
     9    0.03                           clknet_2_1__leaf_clk (net)
                  0.07    0.00    0.62 ^ _257_/CLK (sky130_fd_sc_hd__dfxtp_1)
                          0.25    0.87   clock uncertainty
                         -0.03    0.84   clock reconvergence pessimism
                         -0.07    0.76   library hold time
                                  0.76   data required time
-----------------------------------------------------------------------------
                                  0.76   data required time
                                 -2.41   data arrival time
-----------------------------------------------------------------------------
                                  1.65   slack (MET)


Startpoint: _238_ (rising edge-triggered flip-flop clocked by clk)
Endpoint: _238_ (rising edge-triggered flip-flop clocked by clk)
Path Group: clk
Path Type: min
Corner: Slowest

Fanout     Cap    Slew   Delay    Time   Description
-----------------------------------------------------------------------------
                          0.00    0.00   clock clk (rise edge)
                          0.00    0.00   clock source latency
                  0.12    0.07    0.07 ^ clk (in)
     1    0.01                           clk (net)
                  0.12    0.00    0.07 ^ clkbuf_0_clk/A (sky130_fd_sc_hd__clkbuf_16)
                  0.10    0.26    0.33 ^ clkbuf_0_clk/X (sky130_fd_sc_hd__clkbuf_16)
     4    0.04                           clknet_0_clk (net)
                  0.10    0.00    0.33 ^ clkbuf_2_2__f_clk/A (sky130_fd_sc_hd__clkbuf_16)
                  0.07    0.22    0.55 ^ clkbuf_2_2__f_clk/X (sky130_fd_sc_hd__clkbuf_16)
     6    0.02                           clknet_2_2__leaf_clk (net)
                  0.07    0.00    0.55 ^ _238_/CLK (sky130_fd_sc_hd__dfrtp_1)
                  0.13    0.65    1.21 ^ _238_/Q (sky130_fd_sc_hd__dfrtp_1)
     2    0.01                           net20 (net)
                  0.13    0.00    1.21 ^ _160_/A1 (sky130_fd_sc_hd__a21o_1)
                  0.05    0.21    1.42 ^ _160_/X (sky130_fd_sc_hd__a21o_1)
     1    0.00                           _036_ (net)
                  0.05    0.00    1.42 ^ hold6/A (sky130_fd_sc_hd__dlygate4sd3_1)
                  0.09    0.98    2.39 ^ hold6/X (sky130_fd_sc_hd__dlygate4sd3_1)
     1    0.00                           net26 (net)
                  0.09    0.00    2.39 ^ _238_/D (sky130_fd_sc_hd__dfrtp_1)
                                  2.39   data arrival time

                          0.00    0.00   clock clk (rise edge)
                          0.00    0.00   clock source latency
                  0.12    0.08    0.08 ^ clk (in)
     1    0.01                           clk (net)
                  0.12    0.00    0.08 ^ clkbuf_0_clk/A (sky130_fd_sc_hd__clkbuf_16)
                  0.10    0.29    0.37 ^ clkbuf_0_clk/X (sky130_fd_sc_hd__clkbuf_16)
     4    0.04                           clknet_0_clk (net)
                  0.10    0.00    0.37 ^ clkbuf_2_2__f_clk/A (sky130_fd_sc_hd__clkbuf_16)
                  0.07    0.24    0.61 ^ clkbuf_2_2__f_clk/X (sky130_fd_sc_hd__clkbuf_16)
     6    0.02                           clknet_2_2__leaf_clk (net)
                  0.07    0.00    0.61 ^ _238_/CLK (sky130_fd_sc_hd__dfrtp_1)
                          0.25    0.86   clock uncertainty
                         -0.06    0.80   clock reconvergence pessimism
                         -0.08    0.72   library hold time
                                  0.72   data required time
-----------------------------------------------------------------------------
                                  0.72   data required time
                                 -2.39   data arrival time
-----------------------------------------------------------------------------
                                  1.67   slack (MET)


Startpoint: _231_ (rising edge-triggered flip-flop clocked by clk)
Endpoint: _231_ (rising edge-triggered flip-flop clocked by clk)
Path Group: clk
Path Type: min
Corner: Slowest

Fanout     Cap    Slew   Delay    Time   Description
-----------------------------------------------------------------------------
                          0.00    0.00   clock clk (rise edge)
                          0.00    0.00   clock source latency
                  0.12    0.07    0.07 ^ clk (in)
     1    0.01                           clk (net)
                  0.12    0.00    0.07 ^ clkbuf_0_clk/A (sky130_fd_sc_hd__clkbuf_16)
                  0.10    0.26    0.33 ^ clkbuf_0_clk/X (sky130_fd_sc_hd__clkbuf_16)
     4    0.04                           clknet_0_clk (net)
                  0.10    0.00    0.33 ^ clkbuf_2_0__f_clk/A (sky130_fd_sc_hd__clkbuf_16)
                  0.08    0.23    0.56 ^ clkbuf_2_0__f_clk/X (sky130_fd_sc_hd__clkbuf_16)
     9    0.03                           clknet_2_0__leaf_clk (net)
                  0.08    0.00    0.56 ^ _231_/CLK (sky130_fd_sc_hd__dfrtp_2)
                  0.17    0.75    1.32 ^ _231_/Q (sky130_fd_sc_hd__dfrtp_2)
     6    0.02                           rx_inst.state[1] (net)
                  0.17    0.00    1.32 ^ _172_/A1 (sky130_fd_sc_hd__a21o_1)
                  0.05    0.22    1.54 ^ _172_/X (sky130_fd_sc_hd__a21o_1)
     1    0.00                           _004_ (net)
                  0.05    0.00    1.54 ^ hold4/A (sky130_fd_sc_hd__dlygate4sd3_1)
                  0.09    0.97    2.52 ^ hold4/X (sky130_fd_sc_hd__dlygate4sd3_1)
     1    0.00                           net24 (net)
                  0.09    0.00    2.52 ^ _231_/D (sky130_fd_sc_hd__dfrtp_2)
                                  2.52   data arrival time

                          0.00    0.00   clock clk (rise edge)
                          0.00    0.00   clock source latency
                  0.12    0.08    0.08 ^ clk (in)
     1    0.01                           clk (net)
                  0.12    0.00    0.08 ^ clkbuf_0_clk/A (sky130_fd_sc_hd__clkbuf_16)
                  0.10    0.29    0.37 ^ clkbuf_0_clk/X (sky130_fd_sc_hd__clkbuf_16)
     4    0.04                           clknet_0_clk (net)
                  0.10    0.00    0.37 ^ clkbuf_2_0__f_clk/A (sky130_fd_sc_hd__clkbuf_16)
                  0.08    0.26    0.62 ^ clkbuf_2_0__f_clk/X (sky130_fd_sc_hd__clkbuf_16)
     9    0.03                           clknet_2_0__leaf_clk (net)
                  0.08    0.00    0.62 ^ _231_/CLK (sky130_fd_sc_hd__dfrtp_2)
                          0.25    0.87   clock uncertainty
                         -0.06    0.81   clock reconvergence pessimism
                         -0.08    0.73   library hold time
                                  0.73   data required time
-----------------------------------------------------------------------------
                                  0.73   data required time
                                 -2.52   data arrival time
-----------------------------------------------------------------------------
                                  1.78   slack (MET)


Startpoint: _233_ (rising edge-triggered flip-flop clocked by clk)
Endpoint: _233_ (rising edge-triggered flip-flop clocked by clk)
Path Group: clk
Path Type: min
Corner: Slowest

Fanout     Cap    Slew   Delay    Time   Description
-----------------------------------------------------------------------------
                          0.00    0.00   clock clk (rise edge)
                          0.00    0.00   clock source latency
                  0.12    0.07    0.07 ^ clk (in)
     1    0.01                           clk (net)
                  0.12    0.00    0.07 ^ clkbuf_0_clk/A (sky130_fd_sc_hd__clkbuf_16)
                  0.10    0.26    0.33 ^ clkbuf_0_clk/X (sky130_fd_sc_hd__clkbuf_16)
     4    0.04                           clknet_0_clk (net)
                  0.10    0.00    0.33 ^ clkbuf_2_2__f_clk/A (sky130_fd_sc_hd__clkbuf_16)
                  0.07    0.22    0.55 ^ clkbuf_2_2__f_clk/X (sky130_fd_sc_hd__clkbuf_16)
     6    0.02                           clknet_2_2__leaf_clk (net)
                  0.07    0.00    0.55 ^ _233_/CLK (sky130_fd_sc_hd__dfrtp_1)
                  0.21    0.72    1.27 ^ _233_/Q (sky130_fd_sc_hd__dfrtp_1)
     5    0.01                           rx_inst.state[3] (net)
                  0.21    0.00    1.27 ^ _175_/B2 (sky130_fd_sc_hd__a32o_1)
                  0.08    0.26    1.53 ^ _175_/X (sky130_fd_sc_hd__a32o_1)
     1    0.00                           _005_ (net)
                  0.08    0.00    1.53 ^ hold18/A (sky130_fd_sc_hd__dlygate4sd3_1)
                  0.09    0.99    2.52 ^ hold18/X (sky130_fd_sc_hd__dlygate4sd3_1)
     1    0.00                           net38 (net)
                  0.09    0.00    2.52 ^ _233_/D (sky130_fd_sc_hd__dfrtp_1)
                                  2.52   data arrival time

                          0.00    0.00   clock clk (rise edge)
                          0.00    0.00   clock source latency
                  0.12    0.08    0.08 ^ clk (in)
     1    0.01                           clk (net)
                  0.12    0.00    0.08 ^ clkbuf_0_clk/A (sky130_fd_sc_hd__clkbuf_16)
                  0.10    0.29    0.37 ^ clkbuf_0_clk/X (sky130_fd_sc_hd__clkbuf_16)
     4    0.04                           clknet_0_clk (net)
                  0.10    0.00    0.37 ^ clkbuf_2_2__f_clk/A (sky130_fd_sc_hd__clkbuf_16)
                  0.07    0.24    0.61 ^ clkbuf_2_2__f_clk/X (sky130_fd_sc_hd__clkbuf_16)
     6    0.02                           clknet_2_2__leaf_clk (net)
                  0.07    0.00    0.61 ^ _233_/CLK (sky130_fd_sc_hd__dfrtp_1)
                          0.25    0.86   clock uncertainty
                         -0.06    0.80   clock reconvergence pessimism
                         -0.08    0.72   library hold time
                                  0.72   data required time
-----------------------------------------------------------------------------
                                  0.72   data required time
                                 -2.52   data arrival time
-----------------------------------------------------------------------------
                                  1.80   slack (MET)


Startpoint: _233_ (rising edge-triggered flip-flop clocked by clk)
Endpoint: _246_ (rising edge-triggered flip-flop clocked by clk)
Path Group: clk
Path Type: min
Corner: Slowest

Fanout     Cap    Slew   Delay    Time   Description
-----------------------------------------------------------------------------
                          0.00    0.00   clock clk (rise edge)
                          0.00    0.00   clock source latency
                  0.12    0.07    0.07 ^ clk (in)
     1    0.01                           clk (net)
                  0.12    0.00    0.07 ^ clkbuf_0_clk/A (sky130_fd_sc_hd__clkbuf_16)
                  0.10    0.26    0.33 ^ clkbuf_0_clk/X (sky130_fd_sc_hd__clkbuf_16)
     4    0.04                           clknet_0_clk (net)
                  0.10    0.00    0.33 ^ clkbuf_2_2__f_clk/A (sky130_fd_sc_hd__clkbuf_16)
                  0.07    0.22    0.55 ^ clkbuf_2_2__f_clk/X (sky130_fd_sc_hd__clkbuf_16)
     6    0.02                           clknet_2_2__leaf_clk (net)
                  0.07    0.00    0.55 ^ _233_/CLK (sky130_fd_sc_hd__dfrtp_1)
                  0.21    0.72    1.27 ^ _233_/Q (sky130_fd_sc_hd__dfrtp_1)
     5    0.01                           rx_inst.state[3] (net)
                  0.21    0.00    1.27 ^ _150_/A1 (sky130_fd_sc_hd__o22a_1)
                  0.09    0.33    1.60 ^ _150_/X (sky130_fd_sc_hd__o22a_1)
     1    0.00                           _040_ (net)
                  0.09    0.00    1.60 ^ hold10/A (sky130_fd_sc_hd__dlygate4sd3_1)
                  0.12    1.02    2.63 ^ hold10/X (sky130_fd_sc_hd__dlygate4sd3_1)
     1    0.00                           net30 (net)
                  0.12    0.00    2.63 ^ _246_/D (sky130_fd_sc_hd__dfrtp_1)
                                  2.63   data arrival time

                          0.00    0.00   clock clk (rise edge)
                          0.00    0.00   clock source latency
                  0.12    0.08    0.08 ^ clk (in)
     1    0.01                           clk (net)
                  0.12    0.00    0.08 ^ clkbuf_0_clk/A (sky130_fd_sc_hd__clkbuf_16)
                  0.10    0.29    0.37 ^ clkbuf_0_clk/X (sky130_fd_sc_hd__clkbuf_16)
     4    0.04                           clknet_0_clk (net)
                  0.10    0.00    0.37 ^ clkbuf_2_0__f_clk/A (sky130_fd_sc_hd__clkbuf_16)
                  0.08    0.26    0.62 ^ clkbuf_2_0__f_clk/X (sky130_fd_sc_hd__clkbuf_16)
     9    0.03                           clknet_2_0__leaf_clk (net)
                  0.08    0.00    0.62 ^ _246_/CLK (sky130_fd_sc_hd__dfrtp_1)
                          0.25    0.87   clock uncertainty
                         -0.03    0.84   clock reconvergence pessimism
                         -0.09    0.75   library hold time
                                  0.75   data required time
-----------------------------------------------------------------------------
                                  0.75   data required time
                                 -2.63   data arrival time
-----------------------------------------------------------------------------
                                  1.88   slack (MET)


Startpoint: _242_ (rising edge-triggered flip-flop clocked by clk)
Endpoint: _244_ (rising edge-triggered flip-flop clocked by clk)
Path Group: clk
Path Type: min
Corner: Slowest

Fanout     Cap    Slew   Delay    Time   Description
-----------------------------------------------------------------------------
                          0.00    0.00   clock clk (rise edge)
                          0.00    0.00   clock source latency
                  0.12    0.07    0.07 ^ clk (in)
     1    0.01                           clk (net)
                  0.12    0.00    0.07 ^ clkbuf_0_clk/A (sky130_fd_sc_hd__clkbuf_16)
                  0.10    0.26    0.33 ^ clkbuf_0_clk/X (sky130_fd_sc_hd__clkbuf_16)
     4    0.04                           clknet_0_clk (net)
                  0.10    0.00    0.33 ^ clkbuf_2_3__f_clk/A (sky130_fd_sc_hd__clkbuf_16)
                  0.08    0.23    0.56 ^ clkbuf_2_3__f_clk/X (sky130_fd_sc_hd__clkbuf_16)
     9    0.03                           clknet_2_3__leaf_clk (net)
                  0.08    0.00    0.56 ^ _242_/CLK (sky130_fd_sc_hd__dfstp_1)
                  0.09    0.71    1.27 v _242_/Q (sky130_fd_sc_hd__dfstp_1)
     3    0.01                           tx_inst.state[0] (net)
                  0.09    0.00    1.27 v hold7/A (sky130_fd_sc_hd__dlygate4sd3_1)
                  0.15    1.14    2.41 v hold7/X (sky130_fd_sc_hd__dlygate4sd3_1)
     2    0.01                           net27 (net)
                  0.15    0.00    2.41 v _159_/A (sky130_fd_sc_hd__inv_2)
                  0.08    0.12    2.53 ^ _159_/Y (sky130_fd_sc_hd__inv_2)
     2    0.01                           _088_ (net)
                  0.08    0.00    2.53 ^ _176_/A (sky130_fd_sc_hd__nor2_1)
                  0.04    0.08    2.61 v _176_/Y (sky130_fd_sc_hd__nor2_1)
     1    0.00                           _002_ (net)
                  0.04    0.00    2.61 v _244_/D (sky130_fd_sc_hd__dfrtp_1)
                                  2.61   data arrival time

                          0.00    0.00   clock clk (rise edge)
                          0.00    0.00   clock source latency
                  0.12    0.08    0.08 ^ clk (in)
     1    0.01                           clk (net)
                  0.12    0.00    0.08 ^ clkbuf_0_clk/A (sky130_fd_sc_hd__clkbuf_16)
                  0.10    0.29    0.37 ^ clkbuf_0_clk/X (sky130_fd_sc_hd__clkbuf_16)
     4    0.04                           clknet_0_clk (net)
                  0.10    0.00    0.37 ^ clkbuf_2_3__f_clk/A (sky130_fd_sc_hd__clkbuf_16)
                  0.08    0.26    0.62 ^ clkbuf_2_3__f_clk/X (sky130_fd_sc_hd__clkbuf_16)
     9    0.03                           clknet_2_3__leaf_clk (net)
                  0.08    0.00    0.62 ^ _244_/CLK (sky130_fd_sc_hd__dfrtp_1)
                          0.25    0.87   clock uncertainty
                         -0.06    0.81   clock reconvergence pessimism
                         -0.08    0.73   library hold time
                                  0.73   data required time
-----------------------------------------------------------------------------
                                  0.73   data required time
                                 -2.61   data arrival time
-----------------------------------------------------------------------------
                                  1.88   slack (MET)


Startpoint: _243_ (rising edge-triggered flip-flop clocked by clk)
Endpoint: _243_ (rising edge-triggered flip-flop clocked by clk)
Path Group: clk
Path Type: min
Corner: Slowest

Fanout     Cap    Slew   Delay    Time   Description
-----------------------------------------------------------------------------
                          0.00    0.00   clock clk (rise edge)
                          0.00    0.00   clock source latency
                  0.12    0.07    0.07 ^ clk (in)
     1    0.01                           clk (net)
                  0.12    0.00    0.07 ^ clkbuf_0_clk/A (sky130_fd_sc_hd__clkbuf_16)
                  0.10    0.26    0.33 ^ clkbuf_0_clk/X (sky130_fd_sc_hd__clkbuf_16)
     4    0.04                           clknet_0_clk (net)
                  0.10    0.00    0.33 ^ clkbuf_2_3__f_clk/A (sky130_fd_sc_hd__clkbuf_16)
                  0.08    0.23    0.56 ^ clkbuf_2_3__f_clk/X (sky130_fd_sc_hd__clkbuf_16)
     9    0.03                           clknet_2_3__leaf_clk (net)
                  0.08    0.00    0.56 ^ _243_/CLK (sky130_fd_sc_hd__dfrtp_4)
                  0.17    0.85    1.42 ^ _243_/Q (sky130_fd_sc_hd__dfrtp_4)
     8    0.02                           tx_inst.state[1] (net)
                  0.17    0.00    1.42 ^ _173_/A1 (sky130_fd_sc_hd__a21o_1)
                  0.05    0.22    1.64 ^ _173_/X (sky130_fd_sc_hd__a21o_1)
     1    0.00                           _007_ (net)
                  0.05    0.00    1.64 ^ hold2/A (sky130_fd_sc_hd__dlygate4sd3_1)
                  0.09    0.98    2.61 ^ hold2/X (sky130_fd_sc_hd__dlygate4sd3_1)
     1    0.00                           net22 (net)
                  0.09    0.00    2.61 ^ _243_/D (sky130_fd_sc_hd__dfrtp_4)
                                  2.61   data arrival time

                          0.00    0.00   clock clk (rise edge)
                          0.00    0.00   clock source latency
                  0.12    0.08    0.08 ^ clk (in)
     1    0.01                           clk (net)
                  0.12    0.00    0.08 ^ clkbuf_0_clk/A (sky130_fd_sc_hd__clkbuf_16)
                  0.10    0.29    0.37 ^ clkbuf_0_clk/X (sky130_fd_sc_hd__clkbuf_16)
     4    0.04                           clknet_0_clk (net)
                  0.10    0.00    0.37 ^ clkbuf_2_3__f_clk/A (sky130_fd_sc_hd__clkbuf_16)
                  0.08    0.26    0.62 ^ clkbuf_2_3__f_clk/X (sky130_fd_sc_hd__clkbuf_16)
     9    0.03                           clknet_2_3__leaf_clk (net)
                  0.08    0.00    0.62 ^ _243_/CLK (sky130_fd_sc_hd__dfrtp_4)
                          0.25    0.87   clock uncertainty
                         -0.06    0.81   clock reconvergence pessimism
                         -0.08    0.73   library hold time
                                  0.73   data required time
-----------------------------------------------------------------------------
                                  0.73   data required time
                                 -2.61   data arrival time
-----------------------------------------------------------------------------
                                  1.88   slack (MET)


Startpoint: _243_ (rising edge-triggered flip-flop clocked by clk)
Endpoint: _234_ (rising edge-triggered flip-flop clocked by clk)
Path Group: clk
Path Type: min
Corner: Slowest

Fanout     Cap    Slew   Delay    Time   Description
-----------------------------------------------------------------------------
                          0.00    0.00   clock clk (rise edge)
                          0.00    0.00   clock source latency
                  0.12    0.07    0.07 ^ clk (in)
     1    0.01                           clk (net)
                  0.12    0.00    0.07 ^ clkbuf_0_clk/A (sky130_fd_sc_hd__clkbuf_16)
                  0.10    0.26    0.33 ^ clkbuf_0_clk/X (sky130_fd_sc_hd__clkbuf_16)
     4    0.04                           clknet_0_clk (net)
                  0.10    0.00    0.33 ^ clkbuf_2_3__f_clk/A (sky130_fd_sc_hd__clkbuf_16)
                  0.08    0.23    0.56 ^ clkbuf_2_3__f_clk/X (sky130_fd_sc_hd__clkbuf_16)
     9    0.03                           clknet_2_3__leaf_clk (net)
                  0.08    0.00    0.56 ^ _243_/CLK (sky130_fd_sc_hd__dfrtp_4)
                  0.17    0.85    1.42 ^ _243_/Q (sky130_fd_sc_hd__dfrtp_4)
     8    0.02                           tx_inst.state[1] (net)
                  0.17    0.00    1.42 ^ _168_/B (sky130_fd_sc_hd__nor2_1)
                  0.06    0.12    1.54 v _168_/Y (sky130_fd_sc_hd__nor2_1)
     1    0.00                           _094_ (net)
                  0.06    0.00    1.54 v _169_/B1 (sky130_fd_sc_hd__a21oi_1)
                  0.13    0.16    1.69 ^ _169_/Y (sky130_fd_sc_hd__a21oi_1)
     1    0.00                           _033_ (net)
                  0.13    0.00    1.69 ^ hold28/A (sky130_fd_sc_hd__dlygate4sd3_1)
                  0.09    1.00    2.70 ^ hold28/X (sky130_fd_sc_hd__dlygate4sd3_1)
     1    0.00                           net48 (net)
                  0.09    0.00    2.70 ^ _234_/D (sky130_fd_sc_hd__dfrtp_4)
                                  2.70   data arrival time

                          0.00    0.00   clock clk (rise edge)
                          0.00    0.00   clock source latency
                  0.12    0.08    0.08 ^ clk (in)
     1    0.01                           clk (net)
                  0.12    0.00    0.08 ^ clkbuf_0_clk/A (sky130_fd_sc_hd__clkbuf_16)
                  0.10    0.29    0.37 ^ clkbuf_0_clk/X (sky130_fd_sc_hd__clkbuf_16)
     4    0.04                           clknet_0_clk (net)
                  0.10    0.00    0.37 ^ clkbuf_2_3__f_clk/A (sky130_fd_sc_hd__clkbuf_16)
                  0.08    0.26    0.62 ^ clkbuf_2_3__f_clk/X (sky130_fd_sc_hd__clkbuf_16)
     9    0.03                           clknet_2_3__leaf_clk (net)
                  0.08    0.00    0.62 ^ _234_/CLK (sky130_fd_sc_hd__dfrtp_4)
                          0.25    0.87   clock uncertainty
                         -0.06    0.81   clock reconvergence pessimism
                         -0.08    0.73   library hold time
                                  0.73   data required time
-----------------------------------------------------------------------------
                                  0.73   data required time
                                 -2.70   data arrival time
-----------------------------------------------------------------------------
                                  1.96   slack (MET)


Startpoint: _235_ (rising edge-triggered flip-flop clocked by clk)
Endpoint: _236_ (rising edge-triggered flip-flop clocked by clk)
Path Group: clk
Path Type: min
Corner: Slowest

Fanout     Cap    Slew   Delay    Time   Description
-----------------------------------------------------------------------------
                          0.00    0.00   clock clk (rise edge)
                          0.00    0.00   clock source latency
                  0.12    0.07    0.07 ^ clk (in)
     1    0.01                           clk (net)
                  0.12    0.00    0.07 ^ clkbuf_0_clk/A (sky130_fd_sc_hd__clkbuf_16)
                  0.10    0.26    0.33 ^ clkbuf_0_clk/X (sky130_fd_sc_hd__clkbuf_16)
     4    0.04                           clknet_0_clk (net)
                  0.10    0.00    0.33 ^ clkbuf_2_3__f_clk/A (sky130_fd_sc_hd__clkbuf_16)
                  0.08    0.23    0.56 ^ clkbuf_2_3__f_clk/X (sky130_fd_sc_hd__clkbuf_16)
     9    0.03                           clknet_2_3__leaf_clk (net)
                  0.08    0.00    0.56 ^ _235_/CLK (sky130_fd_sc_hd__dfrtp_4)
                  0.17    0.85    1.41 ^ _235_/Q (sky130_fd_sc_hd__dfrtp_4)
     7    0.02                           tx_inst.bit_count[1] (net)
                  0.17    0.00    1.41 ^ _162_/A1 (sky130_fd_sc_hd__a32o_1)
                  0.08    0.32    1.73 ^ _162_/X (sky130_fd_sc_hd__a32o_1)
     1    0.00                           _035_ (net)
                  0.08    0.00    1.73 ^ hold15/A (sky130_fd_sc_hd__dlygate4sd3_1)
                  0.09    0.99    2.72 ^ hold15/X (sky130_fd_sc_hd__dlygate4sd3_1)
     1    0.00                           net35 (net)
                  0.09    0.00    2.72 ^ _236_/D (sky130_fd_sc_hd__dfrtp_1)
                                  2.72   data arrival time

                          0.00    0.00   clock clk (rise edge)
                          0.00    0.00   clock source latency
                  0.12    0.08    0.08 ^ clk (in)
     1    0.01                           clk (net)
                  0.12    0.00    0.08 ^ clkbuf_0_clk/A (sky130_fd_sc_hd__clkbuf_16)
                  0.10    0.29    0.37 ^ clkbuf_0_clk/X (sky130_fd_sc_hd__clkbuf_16)
     4    0.04                           clknet_0_clk (net)
                  0.10    0.00    0.37 ^ clkbuf_2_3__f_clk/A (sky130_fd_sc_hd__clkbuf_16)
                  0.08    0.26    0.62 ^ clkbuf_2_3__f_clk/X (sky130_fd_sc_hd__clkbuf_16)
     9    0.03                           clknet_2_3__leaf_clk (net)
                  0.08    0.00    0.62 ^ _236_/CLK (sky130_fd_sc_hd__dfrtp_1)
                          0.25    0.87   clock uncertainty
                         -0.06    0.81   clock reconvergence pessimism
                         -0.08    0.73   library hold time
                                  0.73   data required time
-----------------------------------------------------------------------------
                                  0.73   data required time
                                 -2.72   data arrival time
-----------------------------------------------------------------------------
                                  1.98   slack (MET)


Startpoint: reset (input port clocked by clk)
Endpoint: _253_ (removal check against rising-edge clock clk)
Path Group: asynchronous
Path Type: min
Corner: Slowest

Fanout     Cap    Slew   Delay    Time   Description
-----------------------------------------------------------------------------
                          0.00    0.00   clock clk (rise edge)
                          0.00    0.00   clock network delay (propagated)
                          4.00    4.00 v input external delay
                  0.02    0.01    4.01 v reset (in)
     1    0.00                           reset (net)
                  0.02    0.00    4.01 v input1/A (sky130_fd_sc_hd__clkbuf_4)
                  0.16    0.30    4.32 v input1/X (sky130_fd_sc_hd__clkbuf_4)
     7    0.04                           net1 (net)
                  0.16    0.00    4.32 v _210_/A (sky130_fd_sc_hd__inv_2)
                  0.06    0.10    4.42 ^ _210_/Y (sky130_fd_sc_hd__inv_2)
     1    0.00                           _031_ (net)
                  0.06    0.00    4.42 ^ _253_/RESET_B (sky130_fd_sc_hd__dfrtp_1)
                                  4.42   data arrival time

                          0.00    0.00   clock clk (rise edge)
                          0.00    0.00   clock source latency
                  0.12    0.08    0.08 ^ clk (in)
     1    0.01                           clk (net)
                  0.12    0.00    0.08 ^ clkbuf_0_clk/A (sky130_fd_sc_hd__clkbuf_16)
                  0.10    0.29    0.37 ^ clkbuf_0_clk/X (sky130_fd_sc_hd__clkbuf_16)
     4    0.04                           clknet_0_clk (net)
                  0.10    0.00    0.37 ^ clkbuf_2_3__f_clk/A (sky130_fd_sc_hd__clkbuf_16)
                  0.08    0.26    0.62 ^ clkbuf_2_3__f_clk/X (sky130_fd_sc_hd__clkbuf_16)
     9    0.03                           clknet_2_3__leaf_clk (net)
                  0.08    0.00    0.62 ^ _253_/CLK (sky130_fd_sc_hd__dfrtp_1)
                          0.25    0.87   clock uncertainty
                          0.00    0.87   clock reconvergence pessimism
                          0.66    1.53   library removal time
                                  1.53   data required time
-----------------------------------------------------------------------------
                                  1.53   data required time
                                 -4.42   data arrival time
-----------------------------------------------------------------------------
                                  2.89   slack (MET)


Startpoint: reset (input port clocked by clk)
Endpoint: _252_ (removal check against rising-edge clock clk)
Path Group: asynchronous
Path Type: min
Corner: Slowest

Fanout     Cap    Slew   Delay    Time   Description
-----------------------------------------------------------------------------
                          0.00    0.00   clock clk (rise edge)
                          0.00    0.00   clock network delay (propagated)
                          4.00    4.00 v input external delay
                  0.02    0.01    4.01 v reset (in)
     1    0.00                           reset (net)
                  0.02    0.00    4.01 v input1/A (sky130_fd_sc_hd__clkbuf_4)
                  0.16    0.30    4.32 v input1/X (sky130_fd_sc_hd__clkbuf_4)
     7    0.04                           net1 (net)
                  0.16    0.00    4.32 v _209_/A (sky130_fd_sc_hd__inv_2)
                  0.06    0.10    4.42 ^ _209_/Y (sky130_fd_sc_hd__inv_2)
     1    0.00                           _030_ (net)
                  0.06    0.00    4.42 ^ _252_/RESET_B (sky130_fd_sc_hd__dfrtp_1)
                                  4.42   data arrival time

                          0.00    0.00   clock clk (rise edge)
                          0.00    0.00   clock source latency
                  0.12    0.08    0.08 ^ clk (in)
     1    0.01                           clk (net)
                  0.12    0.00    0.08 ^ clkbuf_0_clk/A (sky130_fd_sc_hd__clkbuf_16)
                  0.10    0.29    0.37 ^ clkbuf_0_clk/X (sky130_fd_sc_hd__clkbuf_16)
     4    0.04                           clknet_0_clk (net)
                  0.10    0.00    0.37 ^ clkbuf_2_0__f_clk/A (sky130_fd_sc_hd__clkbuf_16)
                  0.08    0.26    0.62 ^ clkbuf_2_0__f_clk/X (sky130_fd_sc_hd__clkbuf_16)
     9    0.03                           clknet_2_0__leaf_clk (net)
                  0.08    0.00    0.62 ^ _252_/CLK (sky130_fd_sc_hd__dfrtp_1)
                          0.25    0.87   clock uncertainty
                          0.00    0.87   clock reconvergence pessimism
                          0.66    1.53   library removal time
                                  1.53   data required time
-----------------------------------------------------------------------------
                                  1.53   data required time
                                 -4.42   data arrival time
-----------------------------------------------------------------------------
                                  2.89   slack (MET)


Startpoint: reset (input port clocked by clk)
Endpoint: _254_ (removal check against rising-edge clock clk)
Path Group: asynchronous
Path Type: min
Corner: Slowest

Fanout     Cap    Slew   Delay    Time   Description
-----------------------------------------------------------------------------
                          0.00    0.00   clock clk (rise edge)
                          0.00    0.00   clock network delay (propagated)
                          4.00    4.00 v input external delay
                  0.02    0.01    4.01 v reset (in)
     1    0.00                           reset (net)
                  0.02    0.00    4.01 v input1/A (sky130_fd_sc_hd__clkbuf_4)
                  0.16    0.30    4.32 v input1/X (sky130_fd_sc_hd__clkbuf_4)
     7    0.04                           net1 (net)
                  0.16    0.00    4.32 v _211_/A (sky130_fd_sc_hd__inv_2)
                  0.06    0.11    4.43 ^ _211_/Y (sky130_fd_sc_hd__inv_2)
     1    0.00                           _032_ (net)
                  0.06    0.00    4.43 ^ _254_/RESET_B (sky130_fd_sc_hd__dfrtp_1)
                                  4.43   data arrival time

                          0.00    0.00   clock clk (rise edge)
                          0.00    0.00   clock source latency
                  0.12    0.08    0.08 ^ clk (in)
     1    0.01                           clk (net)
                  0.12    0.00    0.08 ^ clkbuf_0_clk/A (sky130_fd_sc_hd__clkbuf_16)
                  0.10    0.29    0.37 ^ clkbuf_0_clk/X (sky130_fd_sc_hd__clkbuf_16)
     4    0.04                           clknet_0_clk (net)
                  0.10    0.00    0.37 ^ clkbuf_2_0__f_clk/A (sky130_fd_sc_hd__clkbuf_16)
                  0.08    0.26    0.62 ^ clkbuf_2_0__f_clk/X (sky130_fd_sc_hd__clkbuf_16)
     9    0.03                           clknet_2_0__leaf_clk (net)
                  0.08    0.00    0.62 ^ _254_/CLK (sky130_fd_sc_hd__dfrtp_1)
                          0.25    0.87   clock uncertainty
                          0.00    0.87   clock reconvergence pessimism
                          0.66    1.53   library removal time
                                  1.53   data required time
-----------------------------------------------------------------------------
                                  1.53   data required time
                                 -4.43   data arrival time
-----------------------------------------------------------------------------
                                  2.90   slack (MET)


Startpoint: reset (input port clocked by clk)
Endpoint: _251_ (removal check against rising-edge clock clk)
Path Group: asynchronous
Path Type: min
Corner: Slowest

Fanout     Cap    Slew   Delay    Time   Description
-----------------------------------------------------------------------------
                          0.00    0.00   clock clk (rise edge)
                          0.00    0.00   clock network delay (propagated)
                          4.00    4.00 v input external delay
                  0.02    0.01    4.01 v reset (in)
     1    0.00                           reset (net)
                  0.02    0.00    4.01 v input1/A (sky130_fd_sc_hd__clkbuf_4)
                  0.16    0.30    4.32 v input1/X (sky130_fd_sc_hd__clkbuf_4)
     7    0.04                           net1 (net)
                  0.16    0.00    4.32 v _208_/A (sky130_fd_sc_hd__inv_2)
                  0.06    0.11    4.43 ^ _208_/Y (sky130_fd_sc_hd__inv_2)
     1    0.00                           _029_ (net)
                  0.06    0.00    4.43 ^ _251_/RESET_B (sky130_fd_sc_hd__dfrtp_1)
                                  4.43   data arrival time

                          0.00    0.00   clock clk (rise edge)
                          0.00    0.00   clock source latency
                  0.12    0.08    0.08 ^ clk (in)
     1    0.01                           clk (net)
                  0.12    0.00    0.08 ^ clkbuf_0_clk/A (sky130_fd_sc_hd__clkbuf_16)
                  0.10    0.29    0.37 ^ clkbuf_0_clk/X (sky130_fd_sc_hd__clkbuf_16)
     4    0.04                           clknet_0_clk (net)
                  0.10    0.00    0.37 ^ clkbuf_2_2__f_clk/A (sky130_fd_sc_hd__clkbuf_16)
                  0.07    0.24    0.61 ^ clkbuf_2_2__f_clk/X (sky130_fd_sc_hd__clkbuf_16)
     6    0.02                           clknet_2_2__leaf_clk (net)
                  0.07    0.00    0.61 ^ _251_/CLK (sky130_fd_sc_hd__dfrtp_1)
                          0.25    0.86   clock uncertainty
                          0.00    0.86   clock reconvergence pessimism
                          0.65    1.52   library removal time
                                  1.52   data required time
-----------------------------------------------------------------------------
                                  1.52   data required time
                                 -4.43   data arrival time
-----------------------------------------------------------------------------
                                  2.91   slack (MET)


Startpoint: reset (input port clocked by clk)
Endpoint: _243_ (removal check against rising-edge clock clk)
Path Group: asynchronous
Path Type: min
Corner: Slowest

Fanout     Cap    Slew   Delay    Time   Description
-----------------------------------------------------------------------------
                          0.00    0.00   clock clk (rise edge)
                          0.00    0.00   clock network delay (propagated)
                          4.00    4.00 v input external delay
                  0.02    0.01    4.01 v reset (in)
     1    0.00                           reset (net)
                  0.02    0.00    4.01 v input1/A (sky130_fd_sc_hd__clkbuf_4)
                  0.16    0.30    4.32 v input1/X (sky130_fd_sc_hd__clkbuf_4)
     7    0.04                           net1 (net)
                  0.16    0.00    4.32 v _197_/A (sky130_fd_sc_hd__buf_4)
                  0.16    0.37    4.69 v _197_/X (sky130_fd_sc_hd__buf_4)
    10    0.06                           _103_ (net)
                  0.16    0.00    4.70 v _200_/A (sky130_fd_sc_hd__inv_2)
                  0.06    0.10    4.79 ^ _200_/Y (sky130_fd_sc_hd__inv_2)
     1    0.00                           _021_ (net)
                  0.06    0.00    4.79 ^ _243_/RESET_B (sky130_fd_sc_hd__dfrtp_4)
                                  4.79   data arrival time

                          0.00    0.00   clock clk (rise edge)
                          0.00    0.00   clock source latency
                  0.12    0.08    0.08 ^ clk (in)
     1    0.01                           clk (net)
                  0.12    0.00    0.08 ^ clkbuf_0_clk/A (sky130_fd_sc_hd__clkbuf_16)
                  0.10    0.29    0.37 ^ clkbuf_0_clk/X (sky130_fd_sc_hd__clkbuf_16)
     4    0.04                           clknet_0_clk (net)
                  0.10    0.00    0.37 ^ clkbuf_2_3__f_clk/A (sky130_fd_sc_hd__clkbuf_16)
                  0.08    0.26    0.62 ^ clkbuf_2_3__f_clk/X (sky130_fd_sc_hd__clkbuf_16)
     9    0.03                           clknet_2_3__leaf_clk (net)
                  0.08    0.00    0.62 ^ _243_/CLK (sky130_fd_sc_hd__dfrtp_4)
                          0.25    0.87   clock uncertainty
                          0.00    0.87   clock reconvergence pessimism
                          0.66    1.53   library removal time
                                  1.53   data required time
-----------------------------------------------------------------------------
                                  1.53   data required time
                                 -4.79   data arrival time
-----------------------------------------------------------------------------
                                  3.26   slack (MET)


Startpoint: reset (input port clocked by clk)
Endpoint: _241_ (removal check against rising-edge clock clk)
Path Group: asynchronous
Path Type: min
Corner: Slowest

Fanout     Cap    Slew   Delay    Time   Description
-----------------------------------------------------------------------------
                          0.00    0.00   clock clk (rise edge)
                          0.00    0.00   clock network delay (propagated)
                          4.00    4.00 v input external delay
                  0.02    0.01    4.01 v reset (in)
     1    0.00                           reset (net)
                  0.02    0.00    4.01 v input1/A (sky130_fd_sc_hd__clkbuf_4)
                  0.16    0.30    4.32 v input1/X (sky130_fd_sc_hd__clkbuf_4)
     7    0.04                           net1 (net)
                  0.16    0.00    4.32 v _197_/A (sky130_fd_sc_hd__buf_4)
                  0.16    0.37    4.69 v _197_/X (sky130_fd_sc_hd__buf_4)
    10    0.06                           _103_ (net)
                  0.16    0.00    4.69 v _198_/A (sky130_fd_sc_hd__inv_2)
                  0.06    0.10    4.79 ^ _198_/Y (sky130_fd_sc_hd__inv_2)
     1    0.00                           _019_ (net)
                  0.06    0.00    4.79 ^ _241_/RESET_B (sky130_fd_sc_hd__dfrtp_4)
                                  4.79   data arrival time

                          0.00    0.00   clock clk (rise edge)
                          0.00    0.00   clock source latency
                  0.12    0.08    0.08 ^ clk (in)
     1    0.01                           clk (net)
                  0.12    0.00    0.08 ^ clkbuf_0_clk/A (sky130_fd_sc_hd__clkbuf_16)
                  0.10    0.29    0.37 ^ clkbuf_0_clk/X (sky130_fd_sc_hd__clkbuf_16)
     4    0.04                           clknet_0_clk (net)
                  0.10    0.00    0.37 ^ clkbuf_2_0__f_clk/A (sky130_fd_sc_hd__clkbuf_16)
                  0.08    0.26    0.62 ^ clkbuf_2_0__f_clk/X (sky130_fd_sc_hd__clkbuf_16)
     9    0.03                           clknet_2_0__leaf_clk (net)
                  0.08    0.00    0.62 ^ _241_/CLK (sky130_fd_sc_hd__dfrtp_4)
                          0.25    0.87   clock uncertainty
                          0.00    0.87   clock reconvergence pessimism
                          0.66    1.53   library removal time
                                  1.53   data required time
-----------------------------------------------------------------------------
                                  1.53   data required time
                                 -4.79   data arrival time
-----------------------------------------------------------------------------
                                  3.26   slack (MET)


Startpoint: reset (input port clocked by clk)
Endpoint: _250_ (removal check against rising-edge clock clk)
Path Group: asynchronous
Path Type: min
Corner: Slowest

Fanout     Cap    Slew   Delay    Time   Description
-----------------------------------------------------------------------------
                          0.00    0.00   clock clk (rise edge)
                          0.00    0.00   clock network delay (propagated)
                          4.00    4.00 v input external delay
                  0.02    0.01    4.01 v reset (in)
     1    0.00                           reset (net)
                  0.02    0.00    4.01 v input1/A (sky130_fd_sc_hd__clkbuf_4)
                  0.16    0.30    4.32 v input1/X (sky130_fd_sc_hd__clkbuf_4)
     7    0.04                           net1 (net)
                  0.16    0.00    4.32 v _197_/A (sky130_fd_sc_hd__buf_4)
                  0.16    0.37    4.69 v _197_/X (sky130_fd_sc_hd__buf_4)
    10    0.06                           _103_ (net)
                  0.16    0.00    4.69 v _207_/A (sky130_fd_sc_hd__inv_2)
                  0.06    0.10    4.79 ^ _207_/Y (sky130_fd_sc_hd__inv_2)
     1    0.00                           _028_ (net)
                  0.06    0.00    4.79 ^ _250_/RESET_B (sky130_fd_sc_hd__dfrtp_1)
                                  4.79   data arrival time

                          0.00    0.00   clock clk (rise edge)
                          0.00    0.00   clock source latency
                  0.12    0.08    0.08 ^ clk (in)
     1    0.01                           clk (net)
                  0.12    0.00    0.08 ^ clkbuf_0_clk/A (sky130_fd_sc_hd__clkbuf_16)
                  0.10    0.29    0.37 ^ clkbuf_0_clk/X (sky130_fd_sc_hd__clkbuf_16)
     4    0.04                           clknet_0_clk (net)
                  0.10    0.00    0.37 ^ clkbuf_2_0__f_clk/A (sky130_fd_sc_hd__clkbuf_16)
                  0.08    0.26    0.62 ^ clkbuf_2_0__f_clk/X (sky130_fd_sc_hd__clkbuf_16)
     9    0.03                           clknet_2_0__leaf_clk (net)
                  0.08    0.00    0.62 ^ _250_/CLK (sky130_fd_sc_hd__dfrtp_1)
                          0.25    0.87   clock uncertainty
                          0.00    0.87   clock reconvergence pessimism
                          0.66    1.53   library removal time
                                  1.53   data required time
-----------------------------------------------------------------------------
                                  1.53   data required time
                                 -4.79   data arrival time
-----------------------------------------------------------------------------
                                  3.26   slack (MET)


Startpoint: reset (input port clocked by clk)
Endpoint: _249_ (removal check against rising-edge clock clk)
Path Group: asynchronous
Path Type: min
Corner: Slowest

Fanout     Cap    Slew   Delay    Time   Description
-----------------------------------------------------------------------------
                          0.00    0.00   clock clk (rise edge)
                          0.00    0.00   clock network delay (propagated)
                          4.00    4.00 v input external delay
                  0.02    0.01    4.01 v reset (in)
     1    0.00                           reset (net)
                  0.02    0.00    4.01 v input1/A (sky130_fd_sc_hd__clkbuf_4)
                  0.16    0.30    4.32 v input1/X (sky130_fd_sc_hd__clkbuf_4)
     7    0.04                           net1 (net)
                  0.16    0.00    4.32 v _197_/A (sky130_fd_sc_hd__buf_4)
                  0.16    0.37    4.69 v _197_/X (sky130_fd_sc_hd__buf_4)
    10    0.06                           _103_ (net)
                  0.16    0.00    4.69 v _206_/A (sky130_fd_sc_hd__inv_2)
                  0.06    0.10    4.79 ^ _206_/Y (sky130_fd_sc_hd__inv_2)
     1    0.00                           _027_ (net)
                  0.06    0.00    4.79 ^ _249_/RESET_B (sky130_fd_sc_hd__dfrtp_1)
                                  4.79   data arrival time

                          0.00    0.00   clock clk (rise edge)
                          0.00    0.00   clock source latency
                  0.12    0.08    0.08 ^ clk (in)
     1    0.01                           clk (net)
                  0.12    0.00    0.08 ^ clkbuf_0_clk/A (sky130_fd_sc_hd__clkbuf_16)
                  0.10    0.29    0.37 ^ clkbuf_0_clk/X (sky130_fd_sc_hd__clkbuf_16)
     4    0.04                           clknet_0_clk (net)
                  0.10    0.00    0.37 ^ clkbuf_2_0__f_clk/A (sky130_fd_sc_hd__clkbuf_16)
                  0.08    0.26    0.62 ^ clkbuf_2_0__f_clk/X (sky130_fd_sc_hd__clkbuf_16)
     9    0.03                           clknet_2_0__leaf_clk (net)
                  0.08    0.00    0.62 ^ _249_/CLK (sky130_fd_sc_hd__dfrtp_1)
                          0.25    0.87   clock uncertainty
                          0.00    0.87   clock reconvergence pessimism
                          0.66    1.53   library removal time
                                  1.53   data required time
-----------------------------------------------------------------------------
                                  1.53   data required time
                                 -4.79   data arrival time
-----------------------------------------------------------------------------
                                  3.26   slack (MET)


Startpoint: reset (input port clocked by clk)
Endpoint: _245_ (removal check against rising-edge clock clk)
Path Group: asynchronous
Path Type: min
Corner: Slowest

Fanout     Cap    Slew   Delay    Time   Description
-----------------------------------------------------------------------------
                          0.00    0.00   clock clk (rise edge)
                          0.00    0.00   clock network delay (propagated)
                          4.00    4.00 v input external delay
                  0.02    0.01    4.01 v reset (in)
     1    0.00                           reset (net)
                  0.02    0.00    4.01 v input1/A (sky130_fd_sc_hd__clkbuf_4)
                  0.16    0.30    4.32 v input1/X (sky130_fd_sc_hd__clkbuf_4)
     7    0.04                           net1 (net)
                  0.16    0.00    4.32 v _197_/A (sky130_fd_sc_hd__buf_4)
                  0.16    0.37    4.69 v _197_/X (sky130_fd_sc_hd__buf_4)
    10    0.06                           _103_ (net)
                  0.16    0.00    4.70 v _202_/A (sky130_fd_sc_hd__inv_2)
                  0.06    0.10    4.79 ^ _202_/Y (sky130_fd_sc_hd__inv_2)
     1    0.00                           _023_ (net)
                  0.06    0.00    4.79 ^ _245_/RESET_B (sky130_fd_sc_hd__dfrtp_1)
                                  4.79   data arrival time

                          0.00    0.00   clock clk (rise edge)
                          0.00    0.00   clock source latency
                  0.12    0.08    0.08 ^ clk (in)
     1    0.01                           clk (net)
                  0.12    0.00    0.08 ^ clkbuf_0_clk/A (sky130_fd_sc_hd__clkbuf_16)
                  0.10    0.29    0.37 ^ clkbuf_0_clk/X (sky130_fd_sc_hd__clkbuf_16)
     4    0.04                           clknet_0_clk (net)
                  0.10    0.00    0.37 ^ clkbuf_2_3__f_clk/A (sky130_fd_sc_hd__clkbuf_16)
                  0.08    0.26    0.62 ^ clkbuf_2_3__f_clk/X (sky130_fd_sc_hd__clkbuf_16)
     9    0.03                           clknet_2_3__leaf_clk (net)
                  0.08    0.00    0.62 ^ _245_/CLK (sky130_fd_sc_hd__dfrtp_1)
                          0.25    0.87   clock uncertainty
                          0.00    0.87   clock reconvergence pessimism
                          0.66    1.53   library removal time
                                  1.53   data required time
-----------------------------------------------------------------------------
                                  1.53   data required time
                                 -4.79   data arrival time
-----------------------------------------------------------------------------
                                  3.26   slack (MET)


Startpoint: reset (input port clocked by clk)
Endpoint: _240_ (removal check against rising-edge clock clk)
Path Group: asynchronous
Path Type: min
Corner: Slowest

Fanout     Cap    Slew   Delay    Time   Description
-----------------------------------------------------------------------------
                          0.00    0.00   clock clk (rise edge)
                          0.00    0.00   clock network delay (propagated)
                          4.00    4.00 v input external delay
                  0.02    0.01    4.01 v reset (in)
     1    0.00                           reset (net)
                  0.02    0.00    4.01 v input1/A (sky130_fd_sc_hd__clkbuf_4)
                  0.16    0.30    4.32 v input1/X (sky130_fd_sc_hd__clkbuf_4)
     7    0.04                           net1 (net)
                  0.16    0.00    4.32 v _186_/A (sky130_fd_sc_hd__buf_4)
                  0.16    0.37    4.69 v _186_/X (sky130_fd_sc_hd__buf_4)
    10    0.06                           _102_ (net)
                  0.16    0.00    4.70 v _196_/A (sky130_fd_sc_hd__inv_2)
                  0.06    0.10    4.79 ^ _196_/Y (sky130_fd_sc_hd__inv_2)
     1    0.00                           _018_ (net)
                  0.06    0.00    4.80 ^ _240_/RESET_B (sky130_fd_sc_hd__dfrtp_4)
                                  4.80   data arrival time

                          0.00    0.00   clock clk (rise edge)
                          0.00    0.00   clock source latency
                  0.12    0.08    0.08 ^ clk (in)
     1    0.01                           clk (net)
                  0.12    0.00    0.08 ^ clkbuf_0_clk/A (sky130_fd_sc_hd__clkbuf_16)
                  0.10    0.29    0.37 ^ clkbuf_0_clk/X (sky130_fd_sc_hd__clkbuf_16)
     4    0.04                           clknet_0_clk (net)
                  0.10    0.00    0.37 ^ clkbuf_2_0__f_clk/A (sky130_fd_sc_hd__clkbuf_16)
                  0.08    0.26    0.62 ^ clkbuf_2_0__f_clk/X (sky130_fd_sc_hd__clkbuf_16)
     9    0.03                           clknet_2_0__leaf_clk (net)
                  0.08    0.00    0.62 ^ _240_/CLK (sky130_fd_sc_hd__dfrtp_4)
                          0.25    0.87   clock uncertainty
                          0.00    0.87   clock reconvergence pessimism
                          0.66    1.53   library removal time
                                  1.53   data required time
-----------------------------------------------------------------------------
                                  1.53   data required time
                                 -4.80   data arrival time
-----------------------------------------------------------------------------
                                  3.26   slack (MET)


Startpoint: reset (input port clocked by clk)
Endpoint: _236_ (removal check against rising-edge clock clk)
Path Group: asynchronous
Path Type: min
Corner: Slowest

Fanout     Cap    Slew   Delay    Time   Description
-----------------------------------------------------------------------------
                          0.00    0.00   clock clk (rise edge)
                          0.00    0.00   clock network delay (propagated)
                          4.00    4.00 v input external delay
                  0.02    0.01    4.01 v reset (in)
     1    0.00                           reset (net)
                  0.02    0.00    4.01 v input1/A (sky130_fd_sc_hd__clkbuf_4)
                  0.16    0.30    4.32 v input1/X (sky130_fd_sc_hd__clkbuf_4)
     7    0.04                           net1 (net)
                  0.16    0.00    4.32 v _186_/A (sky130_fd_sc_hd__buf_4)
                  0.16    0.37    4.69 v _186_/X (sky130_fd_sc_hd__buf_4)
    10    0.06                           _102_ (net)
                  0.16    0.00    4.70 v _192_/A (sky130_fd_sc_hd__inv_2)
                  0.06    0.10    4.79 ^ _192_/Y (sky130_fd_sc_hd__inv_2)
     1    0.00                           _014_ (net)
                  0.06    0.00    4.79 ^ _236_/RESET_B (sky130_fd_sc_hd__dfrtp_1)
                                  4.79   data arrival time

                          0.00    0.00   clock clk (rise edge)
                          0.00    0.00   clock source latency
                  0.12    0.08    0.08 ^ clk (in)
     1    0.01                           clk (net)
                  0.12    0.00    0.08 ^ clkbuf_0_clk/A (sky130_fd_sc_hd__clkbuf_16)
                  0.10    0.29    0.37 ^ clkbuf_0_clk/X (sky130_fd_sc_hd__clkbuf_16)
     4    0.04                           clknet_0_clk (net)
                  0.10    0.00    0.37 ^ clkbuf_2_3__f_clk/A (sky130_fd_sc_hd__clkbuf_16)
                  0.08    0.26    0.62 ^ clkbuf_2_3__f_clk/X (sky130_fd_sc_hd__clkbuf_16)
     9    0.03                           clknet_2_3__leaf_clk (net)
                  0.08    0.00    0.62 ^ _236_/CLK (sky130_fd_sc_hd__dfrtp_1)
                          0.25    0.87   clock uncertainty
                          0.00    0.87   clock reconvergence pessimism
                          0.66    1.53   library removal time
                                  1.53   data required time
-----------------------------------------------------------------------------
                                  1.53   data required time
                                 -4.79   data arrival time
-----------------------------------------------------------------------------
                                  3.27   slack (MET)


Startpoint: reset (input port clocked by clk)
Endpoint: _234_ (removal check against rising-edge clock clk)
Path Group: asynchronous
Path Type: min
Corner: Slowest

Fanout     Cap    Slew   Delay    Time   Description
-----------------------------------------------------------------------------
                          0.00    0.00   clock clk (rise edge)
                          0.00    0.00   clock network delay (propagated)
                          4.00    4.00 v input external delay
                  0.02    0.01    4.01 v reset (in)
     1    0.00                           reset (net)
                  0.02    0.00    4.01 v input1/A (sky130_fd_sc_hd__clkbuf_4)
                  0.16    0.30    4.32 v input1/X (sky130_fd_sc_hd__clkbuf_4)
     7    0.04                           net1 (net)
                  0.16    0.00    4.32 v _186_/A (sky130_fd_sc_hd__buf_4)
                  0.16    0.37    4.69 v _186_/X (sky130_fd_sc_hd__buf_4)
    10    0.06                           _102_ (net)
                  0.16    0.00    4.70 v _190_/A (sky130_fd_sc_hd__inv_2)
                  0.06    0.10    4.80 ^ _190_/Y (sky130_fd_sc_hd__inv_2)
     1    0.00                           _012_ (net)
                  0.06    0.00    4.80 ^ _234_/RESET_B (sky130_fd_sc_hd__dfrtp_4)
                                  4.80   data arrival time

                          0.00    0.00   clock clk (rise edge)
                          0.00    0.00   clock source latency
                  0.12    0.08    0.08 ^ clk (in)
     1    0.01                           clk (net)
                  0.12    0.00    0.08 ^ clkbuf_0_clk/A (sky130_fd_sc_hd__clkbuf_16)
                  0.10    0.29    0.37 ^ clkbuf_0_clk/X (sky130_fd_sc_hd__clkbuf_16)
     4    0.04                           clknet_0_clk (net)
                  0.10    0.00    0.37 ^ clkbuf_2_3__f_clk/A (sky130_fd_sc_hd__clkbuf_16)
                  0.08    0.26    0.62 ^ clkbuf_2_3__f_clk/X (sky130_fd_sc_hd__clkbuf_16)
     9    0.03                           clknet_2_3__leaf_clk (net)
                  0.08    0.00    0.62 ^ _234_/CLK (sky130_fd_sc_hd__dfrtp_4)
                          0.25    0.87   clock uncertainty
                          0.00    0.87   clock reconvergence pessimism
                          0.66    1.53   library removal time
                                  1.53   data required time
-----------------------------------------------------------------------------
                                  1.53   data required time
                                 -4.80   data arrival time
-----------------------------------------------------------------------------
                                  3.27   slack (MET)


Startpoint: reset (input port clocked by clk)
Endpoint: _239_ (removal check against rising-edge clock clk)
Path Group: asynchronous
Path Type: min
Corner: Slowest

Fanout     Cap    Slew   Delay    Time   Description
-----------------------------------------------------------------------------
                          0.00    0.00   clock clk (rise edge)
                          0.00    0.00   clock network delay (propagated)
                          4.00    4.00 v input external delay
                  0.02    0.01    4.01 v reset (in)
     1    0.00                           reset (net)
                  0.02    0.00    4.01 v input1/A (sky130_fd_sc_hd__clkbuf_4)
                  0.16    0.30    4.32 v input1/X (sky130_fd_sc_hd__clkbuf_4)
     7    0.04                           net1 (net)
                  0.16    0.00    4.32 v _186_/A (sky130_fd_sc_hd__buf_4)
                  0.16    0.37    4.69 v _186_/X (sky130_fd_sc_hd__buf_4)
    10    0.06                           _102_ (net)
                  0.16    0.00    4.70 v _195_/A (sky130_fd_sc_hd__inv_2)
                  0.06    0.10    4.80 ^ _195_/Y (sky130_fd_sc_hd__inv_2)
     1    0.00                           _017_ (net)
                  0.06    0.00    4.80 ^ _239_/RESET_B (sky130_fd_sc_hd__dfrtp_1)
                                  4.80   data arrival time

                          0.00    0.00   clock clk (rise edge)
                          0.00    0.00   clock source latency
                  0.12    0.08    0.08 ^ clk (in)
     1    0.01                           clk (net)
                  0.12    0.00    0.08 ^ clkbuf_0_clk/A (sky130_fd_sc_hd__clkbuf_16)
                  0.10    0.29    0.37 ^ clkbuf_0_clk/X (sky130_fd_sc_hd__clkbuf_16)
     4    0.04                           clknet_0_clk (net)
                  0.10    0.00    0.37 ^ clkbuf_2_0__f_clk/A (sky130_fd_sc_hd__clkbuf_16)
                  0.08    0.26    0.62 ^ clkbuf_2_0__f_clk/X (sky130_fd_sc_hd__clkbuf_16)
     9    0.03                           clknet_2_0__leaf_clk (net)
                  0.08    0.00    0.62 ^ _239_/CLK (sky130_fd_sc_hd__dfrtp_1)
                          0.25    0.87   clock uncertainty
                          0.00    0.87   clock reconvergence pessimism
                          0.66    1.53   library removal time
                                  1.53   data required time
-----------------------------------------------------------------------------
                                  1.53   data required time
                                 -4.80   data arrival time
-----------------------------------------------------------------------------
                                  3.27   slack (MET)


Startpoint: reset (input port clocked by clk)
Endpoint: _244_ (removal check against rising-edge clock clk)
Path Group: asynchronous
Path Type: min
Corner: Slowest

Fanout     Cap    Slew   Delay    Time   Description
-----------------------------------------------------------------------------
                          0.00    0.00   clock clk (rise edge)
                          0.00    0.00   clock network delay (propagated)
                          4.00    4.00 v input external delay
                  0.02    0.01    4.01 v reset (in)
     1    0.00                           reset (net)
                  0.02    0.00    4.01 v input1/A (sky130_fd_sc_hd__clkbuf_4)
                  0.16    0.30    4.32 v input1/X (sky130_fd_sc_hd__clkbuf_4)
     7    0.04                           net1 (net)
                  0.16    0.00    4.32 v _197_/A (sky130_fd_sc_hd__buf_4)
                  0.16    0.37    4.69 v _197_/X (sky130_fd_sc_hd__buf_4)
    10    0.06                           _103_ (net)
                  0.16    0.00    4.70 v _201_/A (sky130_fd_sc_hd__inv_2)
                  0.06    0.10    4.80 ^ _201_/Y (sky130_fd_sc_hd__inv_2)
     1    0.00                           _022_ (net)
                  0.06    0.00    4.80 ^ _244_/RESET_B (sky130_fd_sc_hd__dfrtp_1)
                                  4.80   data arrival time

                          0.00    0.00   clock clk (rise edge)
                          0.00    0.00   clock source latency
                  0.12    0.08    0.08 ^ clk (in)
     1    0.01                           clk (net)
                  0.12    0.00    0.08 ^ clkbuf_0_clk/A (sky130_fd_sc_hd__clkbuf_16)
                  0.10    0.29    0.37 ^ clkbuf_0_clk/X (sky130_fd_sc_hd__clkbuf_16)
     4    0.04                           clknet_0_clk (net)
                  0.10    0.00    0.37 ^ clkbuf_2_3__f_clk/A (sky130_fd_sc_hd__clkbuf_16)
                  0.08    0.26    0.62 ^ clkbuf_2_3__f_clk/X (sky130_fd_sc_hd__clkbuf_16)
     9    0.03                           clknet_2_3__leaf_clk (net)
                  0.08    0.00    0.62 ^ _244_/CLK (sky130_fd_sc_hd__dfrtp_1)
                          0.25    0.87   clock uncertainty
                          0.00    0.87   clock reconvergence pessimism
                          0.66    1.53   library removal time
                                  1.53   data required time
-----------------------------------------------------------------------------
                                  1.53   data required time
                                 -4.80   data arrival time
-----------------------------------------------------------------------------
                                  3.27   slack (MET)


Startpoint: reset (input port clocked by clk)
Endpoint: _248_ (removal check against rising-edge clock clk)
Path Group: asynchronous
Path Type: min
Corner: Slowest

Fanout     Cap    Slew   Delay    Time   Description
-----------------------------------------------------------------------------
                          0.00    0.00   clock clk (rise edge)
                          0.00    0.00   clock network delay (propagated)
                          4.00    4.00 v input external delay
                  0.02    0.01    4.01 v reset (in)
     1    0.00                           reset (net)
                  0.02    0.00    4.01 v input1/A (sky130_fd_sc_hd__clkbuf_4)
                  0.16    0.30    4.32 v input1/X (sky130_fd_sc_hd__clkbuf_4)
     7    0.04                           net1 (net)
                  0.16    0.00    4.32 v _197_/A (sky130_fd_sc_hd__buf_4)
                  0.16    0.37    4.69 v _197_/X (sky130_fd_sc_hd__buf_4)
    10    0.06                           _103_ (net)
                  0.16    0.00    4.69 v _205_/A (sky130_fd_sc_hd__inv_2)
                  0.06    0.10    4.79 ^ _205_/Y (sky130_fd_sc_hd__inv_2)
     1    0.00                           _026_ (net)
                  0.06    0.00    4.79 ^ _248_/RESET_B (sky130_fd_sc_hd__dfrtp_1)
                                  4.79   data arrival time

                          0.00    0.00   clock clk (rise edge)
                          0.00    0.00   clock source latency
                  0.12    0.08    0.08 ^ clk (in)
     1    0.01                           clk (net)
                  0.12    0.00    0.08 ^ clkbuf_0_clk/A (sky130_fd_sc_hd__clkbuf_16)
                  0.10    0.29    0.37 ^ clkbuf_0_clk/X (sky130_fd_sc_hd__clkbuf_16)
     4    0.04                           clknet_0_clk (net)
                  0.10    0.00    0.37 ^ clkbuf_2_1__f_clk/A (sky130_fd_sc_hd__clkbuf_16)
                  0.07    0.25    0.62 ^ clkbuf_2_1__f_clk/X (sky130_fd_sc_hd__clkbuf_16)
     9    0.03                           clknet_2_1__leaf_clk (net)
                  0.07    0.00    0.62 ^ _248_/CLK (sky130_fd_sc_hd__dfrtp_1)
                          0.25    0.87   clock uncertainty
                          0.00    0.87   clock reconvergence pessimism
                          0.65    1.52   library removal time
                                  1.52   data required time
-----------------------------------------------------------------------------
                                  1.52   data required time
                                 -4.79   data arrival time
-----------------------------------------------------------------------------
                                  3.27   slack (MET)


Startpoint: reset (input port clocked by clk)
Endpoint: _246_ (removal check against rising-edge clock clk)
Path Group: asynchronous
Path Type: min
Corner: Slowest

Fanout     Cap    Slew   Delay    Time   Description
-----------------------------------------------------------------------------
                          0.00    0.00   clock clk (rise edge)
                          0.00    0.00   clock network delay (propagated)
                          4.00    4.00 v input external delay
                  0.02    0.01    4.01 v reset (in)
     1    0.00                           reset (net)
                  0.02    0.00    4.01 v input1/A (sky130_fd_sc_hd__clkbuf_4)
                  0.16    0.30    4.32 v input1/X (sky130_fd_sc_hd__clkbuf_4)
     7    0.04                           net1 (net)
                  0.16    0.00    4.32 v _197_/A (sky130_fd_sc_hd__buf_4)
                  0.16    0.37    4.69 v _197_/X (sky130_fd_sc_hd__buf_4)
    10    0.06                           _103_ (net)
                  0.16    0.00    4.70 v _203_/A (sky130_fd_sc_hd__inv_2)
                  0.06    0.10    4.80 ^ _203_/Y (sky130_fd_sc_hd__inv_2)
     1    0.00                           _024_ (net)
                  0.06    0.00    4.80 ^ _246_/RESET_B (sky130_fd_sc_hd__dfrtp_1)
                                  4.80   data arrival time

                          0.00    0.00   clock clk (rise edge)
                          0.00    0.00   clock source latency
                  0.12    0.08    0.08 ^ clk (in)
     1    0.01                           clk (net)
                  0.12    0.00    0.08 ^ clkbuf_0_clk/A (sky130_fd_sc_hd__clkbuf_16)
                  0.10    0.29    0.37 ^ clkbuf_0_clk/X (sky130_fd_sc_hd__clkbuf_16)
     4    0.04                           clknet_0_clk (net)
                  0.10    0.00    0.37 ^ clkbuf_2_0__f_clk/A (sky130_fd_sc_hd__clkbuf_16)
                  0.08    0.26    0.62 ^ clkbuf_2_0__f_clk/X (sky130_fd_sc_hd__clkbuf_16)
     9    0.03                           clknet_2_0__leaf_clk (net)
                  0.08    0.00    0.62 ^ _246_/CLK (sky130_fd_sc_hd__dfrtp_1)
                          0.25    0.87   clock uncertainty
                          0.00    0.87   clock reconvergence pessimism
                          0.66    1.53   library removal time
                                  1.53   data required time
-----------------------------------------------------------------------------
                                  1.53   data required time
                                 -4.80   data arrival time
-----------------------------------------------------------------------------
                                  3.27   slack (MET)


Startpoint: reset (input port clocked by clk)
Endpoint: _231_ (removal check against rising-edge clock clk)
Path Group: asynchronous
Path Type: min
Corner: Slowest

Fanout     Cap    Slew   Delay    Time   Description
-----------------------------------------------------------------------------
                          0.00    0.00   clock clk (rise edge)
                          0.00    0.00   clock network delay (propagated)
                          4.00    4.00 v input external delay
                  0.02    0.01    4.01 v reset (in)
     1    0.00                           reset (net)
                  0.02    0.00    4.01 v input1/A (sky130_fd_sc_hd__clkbuf_4)
                  0.16    0.30    4.32 v input1/X (sky130_fd_sc_hd__clkbuf_4)
     7    0.04                           net1 (net)
                  0.16    0.00    4.32 v _186_/A (sky130_fd_sc_hd__buf_4)
                  0.16    0.37    4.69 v _186_/X (sky130_fd_sc_hd__buf_4)
    10    0.06                           _102_ (net)
                  0.16    0.00    4.70 v _187_/A (sky130_fd_sc_hd__inv_2)
                  0.06    0.10    4.80 ^ _187_/Y (sky130_fd_sc_hd__inv_2)
     1    0.00                           _009_ (net)
                  0.06    0.00    4.80 ^ _231_/RESET_B (sky130_fd_sc_hd__dfrtp_2)
                                  4.80   data arrival time

                          0.00    0.00   clock clk (rise edge)
                          0.00    0.00   clock source latency
                  0.12    0.08    0.08 ^ clk (in)
     1    0.01                           clk (net)
                  0.12    0.00    0.08 ^ clkbuf_0_clk/A (sky130_fd_sc_hd__clkbuf_16)
                  0.10    0.29    0.37 ^ clkbuf_0_clk/X (sky130_fd_sc_hd__clkbuf_16)
     4    0.04                           clknet_0_clk (net)
                  0.10    0.00    0.37 ^ clkbuf_2_0__f_clk/A (sky130_fd_sc_hd__clkbuf_16)
                  0.08    0.26    0.62 ^ clkbuf_2_0__f_clk/X (sky130_fd_sc_hd__clkbuf_16)
     9    0.03                           clknet_2_0__leaf_clk (net)
                  0.08    0.00    0.62 ^ _231_/CLK (sky130_fd_sc_hd__dfrtp_2)
                          0.25    0.87   clock uncertainty
                          0.00    0.87   clock reconvergence pessimism
                          0.66    1.53   library removal time
                                  1.53   data required time
-----------------------------------------------------------------------------
                                  1.53   data required time
                                 -4.80   data arrival time
-----------------------------------------------------------------------------
                                  3.27   slack (MET)


Startpoint: reset (input port clocked by clk)
Endpoint: _235_ (removal check against rising-edge clock clk)
Path Group: asynchronous
Path Type: min
Corner: Slowest

Fanout     Cap    Slew   Delay    Time   Description
-----------------------------------------------------------------------------
                          0.00    0.00   clock clk (rise edge)
                          0.00    0.00   clock network delay (propagated)
                          4.00    4.00 v input external delay
                  0.02    0.01    4.01 v reset (in)
     1    0.00                           reset (net)
                  0.02    0.00    4.01 v input1/A (sky130_fd_sc_hd__clkbuf_4)
                  0.16    0.30    4.32 v input1/X (sky130_fd_sc_hd__clkbuf_4)
     7    0.04                           net1 (net)
                  0.16    0.00    4.32 v _186_/A (sky130_fd_sc_hd__buf_4)
                  0.16    0.37    4.69 v _186_/X (sky130_fd_sc_hd__buf_4)
    10    0.06                           _102_ (net)
                  0.16    0.00    4.70 v _191_/A (sky130_fd_sc_hd__inv_2)
                  0.07    0.11    4.80 ^ _191_/Y (sky130_fd_sc_hd__inv_2)
     1    0.01                           _013_ (net)
                  0.07    0.00    4.81 ^ _235_/RESET_B (sky130_fd_sc_hd__dfrtp_4)
                                  4.81   data arrival time

                          0.00    0.00   clock clk (rise edge)
                          0.00    0.00   clock source latency
                  0.12    0.08    0.08 ^ clk (in)
     1    0.01                           clk (net)
                  0.12    0.00    0.08 ^ clkbuf_0_clk/A (sky130_fd_sc_hd__clkbuf_16)
                  0.10    0.29    0.37 ^ clkbuf_0_clk/X (sky130_fd_sc_hd__clkbuf_16)
     4    0.04                           clknet_0_clk (net)
                  0.10    0.00    0.37 ^ clkbuf_2_3__f_clk/A (sky130_fd_sc_hd__clkbuf_16)
                  0.08    0.26    0.62 ^ clkbuf_2_3__f_clk/X (sky130_fd_sc_hd__clkbuf_16)
     9    0.03                           clknet_2_3__leaf_clk (net)
                  0.08    0.00    0.62 ^ _235_/CLK (sky130_fd_sc_hd__dfrtp_4)
                          0.25    0.87   clock uncertainty
                          0.00    0.87   clock reconvergence pessimism
                          0.66    1.53   library removal time
                                  1.53   data required time
-----------------------------------------------------------------------------
                                  1.53   data required time
                                 -4.81   data arrival time
-----------------------------------------------------------------------------
                                  3.27   slack (MET)


Startpoint: reset (input port clocked by clk)
Endpoint: _230_ (removal check against rising-edge clock clk)
Path Group: asynchronous
Path Type: min
Corner: Slowest

Fanout     Cap    Slew   Delay    Time   Description
-----------------------------------------------------------------------------
                          0.00    0.00   clock clk (rise edge)
                          0.00    0.00   clock network delay (propagated)
                          4.00    4.00 v input external delay
                  0.02    0.01    4.01 v reset (in)
     1    0.00                           reset (net)
                  0.02    0.00    4.01 v input1/A (sky130_fd_sc_hd__clkbuf_4)
                  0.16    0.30    4.32 v input1/X (sky130_fd_sc_hd__clkbuf_4)
     7    0.04                           net1 (net)
                  0.16    0.00    4.32 v _185_/A (sky130_fd_sc_hd__inv_2)
                  0.08    0.12    4.44 ^ _185_/Y (sky130_fd_sc_hd__inv_2)
     2    0.01                           _008_ (net)
                  0.08    0.00    4.44 ^ _230_/SET_B (sky130_fd_sc_hd__dfstp_1)
                                  4.44   data arrival time

                          0.00    0.00   clock clk (rise edge)
                          0.00    0.00   clock source latency
                  0.12    0.08    0.08 ^ clk (in)
     1    0.01                           clk (net)
                  0.12    0.00    0.08 ^ clkbuf_0_clk/A (sky130_fd_sc_hd__clkbuf_16)
                  0.10    0.29    0.37 ^ clkbuf_0_clk/X (sky130_fd_sc_hd__clkbuf_16)
     4    0.04                           clknet_0_clk (net)
                  0.10    0.00    0.37 ^ clkbuf_2_2__f_clk/A (sky130_fd_sc_hd__clkbuf_16)
                  0.07    0.24    0.61 ^ clkbuf_2_2__f_clk/X (sky130_fd_sc_hd__clkbuf_16)
     6    0.02                           clknet_2_2__leaf_clk (net)
                  0.07    0.00    0.61 ^ _230_/CLK (sky130_fd_sc_hd__dfstp_1)
                          0.25    0.86   clock uncertainty
                          0.00    0.86   clock reconvergence pessimism
                          0.30    1.16   library removal time
                                  1.16   data required time
-----------------------------------------------------------------------------
                                  1.16   data required time
                                 -4.44   data arrival time
-----------------------------------------------------------------------------
                                  3.28   slack (MET)


Startpoint: reset (input port clocked by clk)
Endpoint: _238_ (removal check against rising-edge clock clk)
Path Group: asynchronous
Path Type: min
Corner: Slowest

Fanout     Cap    Slew   Delay    Time   Description
-----------------------------------------------------------------------------
                          0.00    0.00   clock clk (rise edge)
                          0.00    0.00   clock network delay (propagated)
                          4.00    4.00 v input external delay
                  0.02    0.01    4.01 v reset (in)
     1    0.00                           reset (net)
                  0.02    0.00    4.01 v input1/A (sky130_fd_sc_hd__clkbuf_4)
                  0.16    0.30    4.32 v input1/X (sky130_fd_sc_hd__clkbuf_4)
     7    0.04                           net1 (net)
                  0.16    0.00    4.32 v _186_/A (sky130_fd_sc_hd__buf_4)
                  0.16    0.37    4.69 v _186_/X (sky130_fd_sc_hd__buf_4)
    10    0.06                           _102_ (net)
                  0.16    0.00    4.70 v _194_/A (sky130_fd_sc_hd__inv_2)
                  0.06    0.10    4.79 ^ _194_/Y (sky130_fd_sc_hd__inv_2)
     1    0.00                           _016_ (net)
                  0.06    0.00    4.79 ^ _238_/RESET_B (sky130_fd_sc_hd__dfrtp_1)
                                  4.79   data arrival time

                          0.00    0.00   clock clk (rise edge)
                          0.00    0.00   clock source latency
                  0.12    0.08    0.08 ^ clk (in)
     1    0.01                           clk (net)
                  0.12    0.00    0.08 ^ clkbuf_0_clk/A (sky130_fd_sc_hd__clkbuf_16)
                  0.10    0.29    0.37 ^ clkbuf_0_clk/X (sky130_fd_sc_hd__clkbuf_16)
     4    0.04                           clknet_0_clk (net)
                  0.10    0.00    0.37 ^ clkbuf_2_2__f_clk/A (sky130_fd_sc_hd__clkbuf_16)
                  0.07    0.24    0.61 ^ clkbuf_2_2__f_clk/X (sky130_fd_sc_hd__clkbuf_16)
     6    0.02                           clknet_2_2__leaf_clk (net)
                  0.07    0.00    0.61 ^ _238_/CLK (sky130_fd_sc_hd__dfrtp_1)
                          0.25    0.86   clock uncertainty
                          0.00    0.86   clock reconvergence pessimism
                          0.65    1.52   library removal time
                                  1.52   data required time
-----------------------------------------------------------------------------
                                  1.52   data required time
                                 -4.79   data arrival time
-----------------------------------------------------------------------------
                                  3.28   slack (MET)


Startpoint: reset (input port clocked by clk)
Endpoint: _247_ (removal check against rising-edge clock clk)
Path Group: asynchronous
Path Type: min
Corner: Slowest

Fanout     Cap    Slew   Delay    Time   Description
-----------------------------------------------------------------------------
                          0.00    0.00   clock clk (rise edge)
                          0.00    0.00   clock network delay (propagated)
                          4.00    4.00 v input external delay
                  0.02    0.01    4.01 v reset (in)
     1    0.00                           reset (net)
                  0.02    0.00    4.01 v input1/A (sky130_fd_sc_hd__clkbuf_4)
                  0.16    0.30    4.32 v input1/X (sky130_fd_sc_hd__clkbuf_4)
     7    0.04                           net1 (net)
                  0.16    0.00    4.32 v _197_/A (sky130_fd_sc_hd__buf_4)
                  0.16    0.37    4.69 v _197_/X (sky130_fd_sc_hd__buf_4)
    10    0.06                           _103_ (net)
                  0.16    0.00    4.70 v _204_/A (sky130_fd_sc_hd__inv_2)
                  0.06    0.10    4.80 ^ _204_/Y (sky130_fd_sc_hd__inv_2)
     1    0.00                           _025_ (net)
                  0.06    0.00    4.80 ^ _247_/RESET_B (sky130_fd_sc_hd__dfrtp_1)
                                  4.80   data arrival time

                          0.00    0.00   clock clk (rise edge)
                          0.00    0.00   clock source latency
                  0.12    0.08    0.08 ^ clk (in)
     1    0.01                           clk (net)
                  0.12    0.00    0.08 ^ clkbuf_0_clk/A (sky130_fd_sc_hd__clkbuf_16)
                  0.10    0.29    0.37 ^ clkbuf_0_clk/X (sky130_fd_sc_hd__clkbuf_16)
     4    0.04                           clknet_0_clk (net)
                  0.10    0.00    0.37 ^ clkbuf_2_2__f_clk/A (sky130_fd_sc_hd__clkbuf_16)
                  0.07    0.24    0.61 ^ clkbuf_2_2__f_clk/X (sky130_fd_sc_hd__clkbuf_16)
     6    0.02                           clknet_2_2__leaf_clk (net)
                  0.07    0.00    0.61 ^ _247_/CLK (sky130_fd_sc_hd__dfrtp_1)
                          0.25    0.86   clock uncertainty
                          0.00    0.86   clock reconvergence pessimism
                          0.65    1.52   library removal time
                                  1.52   data required time
-----------------------------------------------------------------------------
                                  1.52   data required time
                                 -4.80   data arrival time
-----------------------------------------------------------------------------
                                  3.28   slack (MET)


Startpoint: reset (input port clocked by clk)
Endpoint: _232_ (removal check against rising-edge clock clk)
Path Group: asynchronous
Path Type: min
Corner: Slowest

Fanout     Cap    Slew   Delay    Time   Description
-----------------------------------------------------------------------------
                          0.00    0.00   clock clk (rise edge)
                          0.00    0.00   clock network delay (propagated)
                          4.00    4.00 v input external delay
                  0.02    0.01    4.01 v reset (in)
     1    0.00                           reset (net)
                  0.02    0.00    4.01 v input1/A (sky130_fd_sc_hd__clkbuf_4)
                  0.16    0.30    4.32 v input1/X (sky130_fd_sc_hd__clkbuf_4)
     7    0.04                           net1 (net)
                  0.16    0.00    4.32 v _186_/A (sky130_fd_sc_hd__buf_4)
                  0.16    0.37    4.69 v _186_/X (sky130_fd_sc_hd__buf_4)
    10    0.06                           _102_ (net)
                  0.16    0.00    4.70 v _188_/A (sky130_fd_sc_hd__inv_2)
                  0.06    0.10    4.80 ^ _188_/Y (sky130_fd_sc_hd__inv_2)
     1    0.00                           _010_ (net)
                  0.06    0.00    4.80 ^ _232_/RESET_B (sky130_fd_sc_hd__dfrtp_1)
                                  4.80   data arrival time

                          0.00    0.00   clock clk (rise edge)
                          0.00    0.00   clock source latency
                  0.12    0.08    0.08 ^ clk (in)
     1    0.01                           clk (net)
                  0.12    0.00    0.08 ^ clkbuf_0_clk/A (sky130_fd_sc_hd__clkbuf_16)
                  0.10    0.29    0.37 ^ clkbuf_0_clk/X (sky130_fd_sc_hd__clkbuf_16)
     4    0.04                           clknet_0_clk (net)
                  0.10    0.00    0.37 ^ clkbuf_2_2__f_clk/A (sky130_fd_sc_hd__clkbuf_16)
                  0.07    0.24    0.61 ^ clkbuf_2_2__f_clk/X (sky130_fd_sc_hd__clkbuf_16)
     6    0.02                           clknet_2_2__leaf_clk (net)
                  0.07    0.00    0.61 ^ _232_/CLK (sky130_fd_sc_hd__dfrtp_1)
                          0.25    0.86   clock uncertainty
                          0.00    0.86   clock reconvergence pessimism
                          0.65    1.52   library removal time
                                  1.52   data required time
-----------------------------------------------------------------------------
                                  1.52   data required time
                                 -4.80   data arrival time
-----------------------------------------------------------------------------
                                  3.28   slack (MET)


Startpoint: reset (input port clocked by clk)
Endpoint: _233_ (removal check against rising-edge clock clk)
Path Group: asynchronous
Path Type: min
Corner: Slowest

Fanout     Cap    Slew   Delay    Time   Description
-----------------------------------------------------------------------------
                          0.00    0.00   clock clk (rise edge)
                          0.00    0.00   clock network delay (propagated)
                          4.00    4.00 v input external delay
                  0.02    0.01    4.01 v reset (in)
     1    0.00                           reset (net)
                  0.02    0.00    4.01 v input1/A (sky130_fd_sc_hd__clkbuf_4)
                  0.16    0.30    4.32 v input1/X (sky130_fd_sc_hd__clkbuf_4)
     7    0.04                           net1 (net)
                  0.16    0.00    4.32 v _186_/A (sky130_fd_sc_hd__buf_4)
                  0.16    0.37    4.69 v _186_/X (sky130_fd_sc_hd__buf_4)
    10    0.06                           _102_ (net)
                  0.16    0.00    4.70 v _189_/A (sky130_fd_sc_hd__inv_2)
                  0.06    0.10    4.80 ^ _189_/Y (sky130_fd_sc_hd__inv_2)
     1    0.00                           _011_ (net)
                  0.06    0.00    4.80 ^ _233_/RESET_B (sky130_fd_sc_hd__dfrtp_1)
                                  4.80   data arrival time

                          0.00    0.00   clock clk (rise edge)
                          0.00    0.00   clock source latency
                  0.12    0.08    0.08 ^ clk (in)
     1    0.01                           clk (net)
                  0.12    0.00    0.08 ^ clkbuf_0_clk/A (sky130_fd_sc_hd__clkbuf_16)
                  0.10    0.29    0.37 ^ clkbuf_0_clk/X (sky130_fd_sc_hd__clkbuf_16)
     4    0.04                           clknet_0_clk (net)
                  0.10    0.00    0.37 ^ clkbuf_2_2__f_clk/A (sky130_fd_sc_hd__clkbuf_16)
                  0.07    0.24    0.61 ^ clkbuf_2_2__f_clk/X (sky130_fd_sc_hd__clkbuf_16)
     6    0.02                           clknet_2_2__leaf_clk (net)
                  0.07    0.00    0.61 ^ _233_/CLK (sky130_fd_sc_hd__dfrtp_1)
                          0.25    0.86   clock uncertainty
                          0.00    0.86   clock reconvergence pessimism
                          0.65    1.52   library removal time
                                  1.52   data required time
-----------------------------------------------------------------------------
                                  1.52   data required time
                                 -4.80   data arrival time
-----------------------------------------------------------------------------
                                  3.28   slack (MET)


Startpoint: reset (input port clocked by clk)
Endpoint: _242_ (removal check against rising-edge clock clk)
Path Group: asynchronous
Path Type: min
Corner: Slowest

Fanout     Cap    Slew   Delay    Time   Description
-----------------------------------------------------------------------------
                          0.00    0.00   clock clk (rise edge)
                          0.00    0.00   clock network delay (propagated)
                          4.00    4.00 v input external delay
                  0.02    0.01    4.01 v reset (in)
     1    0.00                           reset (net)
                  0.02    0.00    4.01 v input1/A (sky130_fd_sc_hd__clkbuf_4)
                  0.16    0.30    4.32 v input1/X (sky130_fd_sc_hd__clkbuf_4)
     7    0.04                           net1 (net)
                  0.16    0.00    4.32 v _197_/A (sky130_fd_sc_hd__buf_4)
                  0.16    0.37    4.69 v _197_/X (sky130_fd_sc_hd__buf_4)
    10    0.06                           _103_ (net)
                  0.16    0.00    4.70 v _199_/A (sky130_fd_sc_hd__inv_2)
                  0.06    0.10    4.79 ^ _199_/Y (sky130_fd_sc_hd__inv_2)
     1    0.00                           _020_ (net)
                  0.06    0.00    4.79 ^ _242_/SET_B (sky130_fd_sc_hd__dfstp_1)
                                  4.79   data arrival time

                          0.00    0.00   clock clk (rise edge)
                          0.00    0.00   clock source latency
                  0.12    0.08    0.08 ^ clk (in)
     1    0.01                           clk (net)
                  0.12    0.00    0.08 ^ clkbuf_0_clk/A (sky130_fd_sc_hd__clkbuf_16)
                  0.10    0.29    0.37 ^ clkbuf_0_clk/X (sky130_fd_sc_hd__clkbuf_16)
     4    0.04                           clknet_0_clk (net)
                  0.10    0.00    0.37 ^ clkbuf_2_3__f_clk/A (sky130_fd_sc_hd__clkbuf_16)
                  0.08    0.26    0.62 ^ clkbuf_2_3__f_clk/X (sky130_fd_sc_hd__clkbuf_16)
     9    0.03                           clknet_2_3__leaf_clk (net)
                  0.08    0.00    0.62 ^ _242_/CLK (sky130_fd_sc_hd__dfstp_1)
                          0.25    0.87   clock uncertainty
                          0.00    0.87   clock reconvergence pessimism
                          0.31    1.18   library removal time
                                  1.18   data required time
-----------------------------------------------------------------------------
                                  1.18   data required time
                                 -4.79   data arrival time
-----------------------------------------------------------------------------
                                  3.61   slack (MET)


Startpoint: reset (input port clocked by clk)
Endpoint: _237_ (removal check against rising-edge clock clk)
Path Group: asynchronous
Path Type: min
Corner: Slowest

Fanout     Cap    Slew   Delay    Time   Description
-----------------------------------------------------------------------------
                          0.00    0.00   clock clk (rise edge)
                          0.00    0.00   clock network delay (propagated)
                          4.00    4.00 v input external delay
                  0.02    0.01    4.01 v reset (in)
     1    0.00                           reset (net)
                  0.02    0.00    4.01 v input1/A (sky130_fd_sc_hd__clkbuf_4)
                  0.16    0.30    4.32 v input1/X (sky130_fd_sc_hd__clkbuf_4)
     7    0.04                           net1 (net)
                  0.16    0.00    4.32 v _186_/A (sky130_fd_sc_hd__buf_4)
                  0.16    0.37    4.69 v _186_/X (sky130_fd_sc_hd__buf_4)
    10    0.06                           _102_ (net)
                  0.16    0.00    4.70 v _193_/A (sky130_fd_sc_hd__inv_2)
                  0.06    0.10    4.79 ^ _193_/Y (sky130_fd_sc_hd__inv_2)
     1    0.00                           _015_ (net)
                  0.06    0.00    4.79 ^ _237_/SET_B (sky130_fd_sc_hd__dfstp_1)
                                  4.79   data arrival time

                          0.00    0.00   clock clk (rise edge)
                          0.00    0.00   clock source latency
                  0.12    0.08    0.08 ^ clk (in)
     1    0.01                           clk (net)
                  0.12    0.00    0.08 ^ clkbuf_0_clk/A (sky130_fd_sc_hd__clkbuf_16)
                  0.10    0.29    0.37 ^ clkbuf_0_clk/X (sky130_fd_sc_hd__clkbuf_16)
     4    0.04                           clknet_0_clk (net)
                  0.10    0.00    0.37 ^ clkbuf_2_3__f_clk/A (sky130_fd_sc_hd__clkbuf_16)
                  0.08    0.26    0.62 ^ clkbuf_2_3__f_clk/X (sky130_fd_sc_hd__clkbuf_16)
     9    0.03                           clknet_2_3__leaf_clk (net)
                  0.08    0.00    0.62 ^ _237_/CLK (sky130_fd_sc_hd__dfstp_1)
                          0.25    0.87   clock uncertainty
                          0.00    0.87   clock reconvergence pessimism
                          0.31    1.18   library removal time
                                  1.18   data required time
-----------------------------------------------------------------------------
                                  1.18   data required time
                                 -4.79   data arrival time
-----------------------------------------------------------------------------
                                  3.61   slack (MET)


Startpoint: _251_ (rising edge-triggered flip-flop clocked by clk)
Endpoint: rx_data[4] (output port clocked by clk)
Path Group: clk
Path Type: min
Corner: Slowest

Fanout     Cap    Slew   Delay    Time   Description
-----------------------------------------------------------------------------
                          0.00    0.00   clock clk (rise edge)
                          0.00    0.00   clock source latency
                  0.12    0.07    0.07 ^ clk (in)
     1    0.01                           clk (net)
                  0.12    0.00    0.07 ^ clkbuf_0_clk/A (sky130_fd_sc_hd__clkbuf_16)
                  0.10    0.26    0.33 ^ clkbuf_0_clk/X (sky130_fd_sc_hd__clkbuf_16)
     4    0.04                           clknet_0_clk (net)
                  0.10    0.00    0.33 ^ clkbuf_2_2__f_clk/A (sky130_fd_sc_hd__clkbuf_16)
                  0.07    0.22    0.55 ^ clkbuf_2_2__f_clk/X (sky130_fd_sc_hd__clkbuf_16)
     6    0.02                           clknet_2_2__leaf_clk (net)
                  0.07    0.00    0.55 ^ _251_/CLK (sky130_fd_sc_hd__dfrtp_1)
                  0.11    0.63    1.19 ^ _251_/Q (sky130_fd_sc_hd__dfrtp_1)
     2    0.01                           net15 (net)
                  0.11    0.00    1.19 ^ output15/A (sky130_fd_sc_hd__clkbuf_4)
                  0.18    0.33    1.52 ^ output15/X (sky130_fd_sc_hd__clkbuf_4)
     1    0.03                           rx_data[4] (net)
                  0.18    0.00    1.52 ^ rx_data[4] (out)
                                  1.52   data arrival time

                          0.00    0.00   clock clk (rise edge)
                          0.00    0.00   clock network delay (propagated)
                          0.25    0.25   clock uncertainty
                          0.00    0.25   clock reconvergence pessimism
                         -4.00   -3.75   output external delay
                                 -3.75   data required time
-----------------------------------------------------------------------------
                                 -3.75   data required time
                                 -1.52   data arrival time
-----------------------------------------------------------------------------
                                  5.27   slack (MET)


Startpoint: _250_ (rising edge-triggered flip-flop clocked by clk)
Endpoint: rx_data[3] (output port clocked by clk)
Path Group: clk
Path Type: min
Corner: Slowest

Fanout     Cap    Slew   Delay    Time   Description
-----------------------------------------------------------------------------
                          0.00    0.00   clock clk (rise edge)
                          0.00    0.00   clock source latency
                  0.12    0.07    0.07 ^ clk (in)
     1    0.01                           clk (net)
                  0.12    0.00    0.07 ^ clkbuf_0_clk/A (sky130_fd_sc_hd__clkbuf_16)
                  0.10    0.26    0.33 ^ clkbuf_0_clk/X (sky130_fd_sc_hd__clkbuf_16)
     4    0.04                           clknet_0_clk (net)
                  0.10    0.00    0.33 ^ clkbuf_2_0__f_clk/A (sky130_fd_sc_hd__clkbuf_16)
                  0.08    0.23    0.56 ^ clkbuf_2_0__f_clk/X (sky130_fd_sc_hd__clkbuf_16)
     9    0.03                           clknet_2_0__leaf_clk (net)
                  0.08    0.00    0.56 ^ _250_/CLK (sky130_fd_sc_hd__dfrtp_1)
                  0.12    0.64    1.21 ^ _250_/Q (sky130_fd_sc_hd__dfrtp_1)
     2    0.01                           net14 (net)
                  0.12    0.00    1.21 ^ output14/A (sky130_fd_sc_hd__clkbuf_4)
                  0.18    0.33    1.54 ^ output14/X (sky130_fd_sc_hd__clkbuf_4)
     1    0.03                           rx_data[3] (net)
                  0.18    0.00    1.54 ^ rx_data[3] (out)
                                  1.54   data arrival time

                          0.00    0.00   clock clk (rise edge)
                          0.00    0.00   clock network delay (propagated)
                          0.25    0.25   clock uncertainty
                          0.00    0.25   clock reconvergence pessimism
                         -4.00   -3.75   output external delay
                                 -3.75   data required time
-----------------------------------------------------------------------------
                                 -3.75   data required time
                                 -1.54   data arrival time
-----------------------------------------------------------------------------
                                  5.29   slack (MET)


Startpoint: _253_ (rising edge-triggered flip-flop clocked by clk)
Endpoint: rx_data[6] (output port clocked by clk)
Path Group: clk
Path Type: min
Corner: Slowest

Fanout     Cap    Slew   Delay    Time   Description
-----------------------------------------------------------------------------
                          0.00    0.00   clock clk (rise edge)
                          0.00    0.00   clock source latency
                  0.12    0.07    0.07 ^ clk (in)
     1    0.01                           clk (net)
                  0.12    0.00    0.07 ^ clkbuf_0_clk/A (sky130_fd_sc_hd__clkbuf_16)
                  0.10    0.26    0.33 ^ clkbuf_0_clk/X (sky130_fd_sc_hd__clkbuf_16)
     4    0.04                           clknet_0_clk (net)
                  0.10    0.00    0.33 ^ clkbuf_2_3__f_clk/A (sky130_fd_sc_hd__clkbuf_16)
                  0.08    0.23    0.56 ^ clkbuf_2_3__f_clk/X (sky130_fd_sc_hd__clkbuf_16)
     9    0.03                           clknet_2_3__leaf_clk (net)
                  0.08    0.00    0.56 ^ _253_/CLK (sky130_fd_sc_hd__dfrtp_1)
                  0.12    0.65    1.21 ^ _253_/Q (sky130_fd_sc_hd__dfrtp_1)
     2    0.01                           net17 (net)
                  0.12    0.00    1.21 ^ output17/A (sky130_fd_sc_hd__clkbuf_4)
                  0.18    0.33    1.55 ^ output17/X (sky130_fd_sc_hd__clkbuf_4)
     1    0.03                           rx_data[6] (net)
                  0.18    0.00    1.55 ^ rx_data[6] (out)
                                  1.55   data arrival time

                          0.00    0.00   clock clk (rise edge)
                          0.00    0.00   clock network delay (propagated)
                          0.25    0.25   clock uncertainty
                          0.00    0.25   clock reconvergence pessimism
                         -4.00   -3.75   output external delay
                                 -3.75   data required time
-----------------------------------------------------------------------------
                                 -3.75   data required time
                                 -1.55   data arrival time
-----------------------------------------------------------------------------
                                  5.30   slack (MET)


Startpoint: _249_ (rising edge-triggered flip-flop clocked by clk)
Endpoint: rx_data[2] (output port clocked by clk)
Path Group: clk
Path Type: min
Corner: Slowest

Fanout     Cap    Slew   Delay    Time   Description
-----------------------------------------------------------------------------
                          0.00    0.00   clock clk (rise edge)
                          0.00    0.00   clock source latency
                  0.12    0.07    0.07 ^ clk (in)
     1    0.01                           clk (net)
                  0.12    0.00    0.07 ^ clkbuf_0_clk/A (sky130_fd_sc_hd__clkbuf_16)
                  0.10    0.26    0.33 ^ clkbuf_0_clk/X (sky130_fd_sc_hd__clkbuf_16)
     4    0.04                           clknet_0_clk (net)
                  0.10    0.00    0.33 ^ clkbuf_2_0__f_clk/A (sky130_fd_sc_hd__clkbuf_16)
                  0.08    0.23    0.56 ^ clkbuf_2_0__f_clk/X (sky130_fd_sc_hd__clkbuf_16)
     9    0.03                           clknet_2_0__leaf_clk (net)
                  0.08    0.00    0.56 ^ _249_/CLK (sky130_fd_sc_hd__dfrtp_1)
                  0.12    0.65    1.21 ^ _249_/Q (sky130_fd_sc_hd__dfrtp_1)
     2    0.01                           net13 (net)
                  0.12    0.00    1.21 ^ output13/A (sky130_fd_sc_hd__clkbuf_4)
                  0.18    0.33    1.55 ^ output13/X (sky130_fd_sc_hd__clkbuf_4)
     1    0.03                           rx_data[2] (net)
                  0.18    0.00    1.55 ^ rx_data[2] (out)
                                  1.55   data arrival time

                          0.00    0.00   clock clk (rise edge)
                          0.00    0.00   clock network delay (propagated)
                          0.25    0.25   clock uncertainty
                          0.00    0.25   clock reconvergence pessimism
                         -4.00   -3.75   output external delay
                                 -3.75   data required time
-----------------------------------------------------------------------------
                                 -3.75   data required time
                                 -1.55   data arrival time
-----------------------------------------------------------------------------
                                  5.30   slack (MET)


Startpoint: _238_ (rising edge-triggered flip-flop clocked by clk)
Endpoint: tx_done (output port clocked by clk)
Path Group: clk
Path Type: min
Corner: Slowest

Fanout     Cap    Slew   Delay    Time   Description
-----------------------------------------------------------------------------
                          0.00    0.00   clock clk (rise edge)
                          0.00    0.00   clock source latency
                  0.12    0.07    0.07 ^ clk (in)
     1    0.01                           clk (net)
                  0.12    0.00    0.07 ^ clkbuf_0_clk/A (sky130_fd_sc_hd__clkbuf_16)
                  0.10    0.26    0.33 ^ clkbuf_0_clk/X (sky130_fd_sc_hd__clkbuf_16)
     4    0.04                           clknet_0_clk (net)
                  0.10    0.00    0.33 ^ clkbuf_2_2__f_clk/A (sky130_fd_sc_hd__clkbuf_16)
                  0.07    0.22    0.55 ^ clkbuf_2_2__f_clk/X (sky130_fd_sc_hd__clkbuf_16)
     6    0.02                           clknet_2_2__leaf_clk (net)
                  0.07    0.00    0.55 ^ _238_/CLK (sky130_fd_sc_hd__dfrtp_1)
                  0.13    0.65    1.21 ^ _238_/Q (sky130_fd_sc_hd__dfrtp_1)
     2    0.01                           net20 (net)
                  0.13    0.00    1.21 ^ output20/A (sky130_fd_sc_hd__buf_2)
                  0.27    0.35    1.56 ^ output20/X (sky130_fd_sc_hd__buf_2)
     1    0.03                           tx_done (net)
                  0.27    0.00    1.56 ^ tx_done (out)
                                  1.56   data arrival time

                          0.00    0.00   clock clk (rise edge)
                          0.00    0.00   clock network delay (propagated)
                          0.25    0.25   clock uncertainty
                          0.00    0.25   clock reconvergence pessimism
                         -4.00   -3.75   output external delay
                                 -3.75   data required time
-----------------------------------------------------------------------------
                                 -3.75   data required time
                                 -1.56   data arrival time
-----------------------------------------------------------------------------
                                  5.31   slack (MET)


Startpoint: _247_ (rising edge-triggered flip-flop clocked by clk)
Endpoint: rx_data[0] (output port clocked by clk)
Path Group: clk
Path Type: min
Corner: Slowest

Fanout     Cap    Slew   Delay    Time   Description
-----------------------------------------------------------------------------
                          0.00    0.00   clock clk (rise edge)
                          0.00    0.00   clock source latency
                  0.12    0.07    0.07 ^ clk (in)
     1    0.01                           clk (net)
                  0.12    0.00    0.07 ^ clkbuf_0_clk/A (sky130_fd_sc_hd__clkbuf_16)
                  0.10    0.26    0.33 ^ clkbuf_0_clk/X (sky130_fd_sc_hd__clkbuf_16)
     4    0.04                           clknet_0_clk (net)
                  0.10    0.00    0.33 ^ clkbuf_2_2__f_clk/A (sky130_fd_sc_hd__clkbuf_16)
                  0.07    0.22    0.55 ^ clkbuf_2_2__f_clk/X (sky130_fd_sc_hd__clkbuf_16)
     6    0.02                           clknet_2_2__leaf_clk (net)
                  0.07    0.00    0.55 ^ _247_/CLK (sky130_fd_sc_hd__dfrtp_1)
                  0.15    0.67    1.22 ^ _247_/Q (sky130_fd_sc_hd__dfrtp_1)
     2    0.01                           net11 (net)
                  0.15    0.00    1.22 ^ output11/A (sky130_fd_sc_hd__clkbuf_4)
                  0.18    0.35    1.57 ^ output11/X (sky130_fd_sc_hd__clkbuf_4)
     1    0.03                           rx_data[0] (net)
                  0.18    0.00    1.57 ^ rx_data[0] (out)
                                  1.57   data arrival time

                          0.00    0.00   clock clk (rise edge)
                          0.00    0.00   clock network delay (propagated)
                          0.25    0.25   clock uncertainty
                          0.00    0.25   clock reconvergence pessimism
                         -4.00   -3.75   output external delay
                                 -3.75   data required time
-----------------------------------------------------------------------------
                                 -3.75   data required time
                                 -1.57   data arrival time
-----------------------------------------------------------------------------
                                  5.32   slack (MET)


Startpoint: _246_ (rising edge-triggered flip-flop clocked by clk)
Endpoint: rx_done (output port clocked by clk)
Path Group: clk
Path Type: min
Corner: Slowest

Fanout     Cap    Slew   Delay    Time   Description
-----------------------------------------------------------------------------
                          0.00    0.00   clock clk (rise edge)
                          0.00    0.00   clock source latency
                  0.12    0.07    0.07 ^ clk (in)
     1    0.01                           clk (net)
                  0.12    0.00    0.07 ^ clkbuf_0_clk/A (sky130_fd_sc_hd__clkbuf_16)
                  0.10    0.26    0.33 ^ clkbuf_0_clk/X (sky130_fd_sc_hd__clkbuf_16)
     4    0.04                           clknet_0_clk (net)
                  0.10    0.00    0.33 ^ clkbuf_2_0__f_clk/A (sky130_fd_sc_hd__clkbuf_16)
                  0.08    0.23    0.56 ^ clkbuf_2_0__f_clk/X (sky130_fd_sc_hd__clkbuf_16)
     9    0.03                           clknet_2_0__leaf_clk (net)
                  0.08    0.00    0.56 ^ _246_/CLK (sky130_fd_sc_hd__dfrtp_1)
                  0.14    0.66    1.23 ^ _246_/Q (sky130_fd_sc_hd__dfrtp_1)
     2    0.01                           net19 (net)
                  0.14    0.00    1.23 ^ output19/A (sky130_fd_sc_hd__clkbuf_4)
                  0.18    0.34    1.57 ^ output19/X (sky130_fd_sc_hd__clkbuf_4)
     1    0.03                           rx_done (net)
                  0.18    0.00    1.57 ^ rx_done (out)
                                  1.57   data arrival time

                          0.00    0.00   clock clk (rise edge)
                          0.00    0.00   clock network delay (propagated)
                          0.25    0.25   clock uncertainty
                          0.00    0.25   clock reconvergence pessimism
                         -4.00   -3.75   output external delay
                                 -3.75   data required time
-----------------------------------------------------------------------------
                                 -3.75   data required time
                                 -1.57   data arrival time
-----------------------------------------------------------------------------
                                  5.32   slack (MET)


Startpoint: _248_ (rising edge-triggered flip-flop clocked by clk)
Endpoint: rx_data[1] (output port clocked by clk)
Path Group: clk
Path Type: min
Corner: Slowest

Fanout     Cap    Slew   Delay    Time   Description
-----------------------------------------------------------------------------
                          0.00    0.00   clock clk (rise edge)
                          0.00    0.00   clock source latency
                  0.12    0.07    0.07 ^ clk (in)
     1    0.01                           clk (net)
                  0.12    0.00    0.07 ^ clkbuf_0_clk/A (sky130_fd_sc_hd__clkbuf_16)
                  0.10    0.26    0.33 ^ clkbuf_0_clk/X (sky130_fd_sc_hd__clkbuf_16)
     4    0.04                           clknet_0_clk (net)
                  0.10    0.00    0.33 ^ clkbuf_2_1__f_clk/A (sky130_fd_sc_hd__clkbuf_16)
                  0.07    0.23    0.56 ^ clkbuf_2_1__f_clk/X (sky130_fd_sc_hd__clkbuf_16)
     9    0.03                           clknet_2_1__leaf_clk (net)
                  0.07    0.00    0.56 ^ _248_/CLK (sky130_fd_sc_hd__dfrtp_1)
                  0.15    0.67    1.23 ^ _248_/Q (sky130_fd_sc_hd__dfrtp_1)
     2    0.01                           net12 (net)
                  0.15    0.00    1.23 ^ output12/A (sky130_fd_sc_hd__clkbuf_4)
                  0.18    0.35    1.58 ^ output12/X (sky130_fd_sc_hd__clkbuf_4)
     1    0.03                           rx_data[1] (net)
                  0.18    0.00    1.58 ^ rx_data[1] (out)
                                  1.58   data arrival time

                          0.00    0.00   clock clk (rise edge)
                          0.00    0.00   clock network delay (propagated)
                          0.25    0.25   clock uncertainty
                          0.00    0.25   clock reconvergence pessimism
                         -4.00   -3.75   output external delay
                                 -3.75   data required time
-----------------------------------------------------------------------------
                                 -3.75   data required time
                                 -1.58   data arrival time
-----------------------------------------------------------------------------
                                  5.33   slack (MET)


Startpoint: _254_ (rising edge-triggered flip-flop clocked by clk)
Endpoint: rx_data[7] (output port clocked by clk)
Path Group: clk
Path Type: min
Corner: Slowest

Fanout     Cap    Slew   Delay    Time   Description
-----------------------------------------------------------------------------
                          0.00    0.00   clock clk (rise edge)
                          0.00    0.00   clock source latency
                  0.12    0.07    0.07 ^ clk (in)
     1    0.01                           clk (net)
                  0.12    0.00    0.07 ^ clkbuf_0_clk/A (sky130_fd_sc_hd__clkbuf_16)
                  0.10    0.26    0.33 ^ clkbuf_0_clk/X (sky130_fd_sc_hd__clkbuf_16)
     4    0.04                           clknet_0_clk (net)
                  0.10    0.00    0.33 ^ clkbuf_2_0__f_clk/A (sky130_fd_sc_hd__clkbuf_16)
                  0.08    0.23    0.56 ^ clkbuf_2_0__f_clk/X (sky130_fd_sc_hd__clkbuf_16)
     9    0.03                           clknet_2_0__leaf_clk (net)
                  0.08    0.00    0.56 ^ _254_/CLK (sky130_fd_sc_hd__dfrtp_1)
                  0.15    0.67    1.24 ^ _254_/Q (sky130_fd_sc_hd__dfrtp_1)
     2    0.01                           net18 (net)
                  0.15    0.00    1.24 ^ output18/A (sky130_fd_sc_hd__clkbuf_4)
                  0.18    0.35    1.59 ^ output18/X (sky130_fd_sc_hd__clkbuf_4)
     1    0.03                           rx_data[7] (net)
                  0.18    0.00    1.59 ^ rx_data[7] (out)
                                  1.59   data arrival time

                          0.00    0.00   clock clk (rise edge)
                          0.00    0.00   clock network delay (propagated)
                          0.25    0.25   clock uncertainty
                          0.00    0.25   clock reconvergence pessimism
                         -4.00   -3.75   output external delay
                                 -3.75   data required time
-----------------------------------------------------------------------------
                                 -3.75   data required time
                                 -1.59   data arrival time
-----------------------------------------------------------------------------
                                  5.34   slack (MET)


Startpoint: _252_ (rising edge-triggered flip-flop clocked by clk)
Endpoint: rx_data[5] (output port clocked by clk)
Path Group: clk
Path Type: min
Corner: Slowest

Fanout     Cap    Slew   Delay    Time   Description
-----------------------------------------------------------------------------
                          0.00    0.00   clock clk (rise edge)
                          0.00    0.00   clock source latency
                  0.12    0.07    0.07 ^ clk (in)
     1    0.01                           clk (net)
                  0.12    0.00    0.07 ^ clkbuf_0_clk/A (sky130_fd_sc_hd__clkbuf_16)
                  0.10    0.26    0.33 ^ clkbuf_0_clk/X (sky130_fd_sc_hd__clkbuf_16)
     4    0.04                           clknet_0_clk (net)
                  0.10    0.00    0.33 ^ clkbuf_2_0__f_clk/A (sky130_fd_sc_hd__clkbuf_16)
                  0.08    0.23    0.56 ^ clkbuf_2_0__f_clk/X (sky130_fd_sc_hd__clkbuf_16)
     9    0.03                           clknet_2_0__leaf_clk (net)
                  0.08    0.00    0.56 ^ _252_/CLK (sky130_fd_sc_hd__dfrtp_1)
                  0.19    0.70    1.27 ^ _252_/Q (sky130_fd_sc_hd__dfrtp_1)
     2    0.01                           net16 (net)
                  0.19    0.00    1.27 ^ output16/A (sky130_fd_sc_hd__clkbuf_4)
                  0.18    0.36    1.63 ^ output16/X (sky130_fd_sc_hd__clkbuf_4)
     1    0.03                           rx_data[5] (net)
                  0.18    0.00    1.63 ^ rx_data[5] (out)
                                  1.63   data arrival time

                          0.00    0.00   clock clk (rise edge)
                          0.00    0.00   clock network delay (propagated)
                          0.25    0.25   clock uncertainty
                          0.00    0.25   clock reconvergence pessimism
                         -4.00   -3.75   output external delay
                                 -3.75   data required time
-----------------------------------------------------------------------------
                                 -3.75   data required time
                                 -1.63   data arrival time
-----------------------------------------------------------------------------
                                  5.38   slack (MET)



======================= Typical Corner ===================================

Startpoint: _248_ (rising edge-triggered flip-flop clocked by clk)
Endpoint: _248_ (rising edge-triggered flip-flop clocked by clk)
Path Group: clk
Path Type: min
Corner: Typical

Fanout     Cap    Slew   Delay    Time   Description
-----------------------------------------------------------------------------
                          0.00    0.00   clock clk (rise edge)
                          0.00    0.00   clock source latency
                  0.07    0.05    0.05 ^ clk (in)
     1    0.01                           clk (net)
                  0.07    0.00    0.05 ^ clkbuf_0_clk/A (sky130_fd_sc_hd__clkbuf_16)
                  0.06    0.15    0.19 ^ clkbuf_0_clk/X (sky130_fd_sc_hd__clkbuf_16)
     4    0.04                           clknet_0_clk (net)
                  0.06    0.00    0.19 ^ clkbuf_2_1__f_clk/A (sky130_fd_sc_hd__clkbuf_16)
                  0.05    0.13    0.32 ^ clkbuf_2_1__f_clk/X (sky130_fd_sc_hd__clkbuf_16)
     9    0.03                           clknet_2_1__leaf_clk (net)
                  0.05    0.00    0.32 ^ _248_/CLK (sky130_fd_sc_hd__dfrtp_1)
                  0.09    0.34    0.67 ^ _248_/Q (sky130_fd_sc_hd__dfrtp_1)
     2    0.01                           net12 (net)
                  0.09    0.00    0.67 ^ _143_/A1 (sky130_fd_sc_hd__mux2_1)
                  0.04    0.13    0.80 ^ _143_/X (sky130_fd_sc_hd__mux2_1)
     1    0.00                           _079_ (net)
                  0.04    0.00    0.80 ^ _144_/A (sky130_fd_sc_hd__clkbuf_1)
                  0.04    0.07    0.87 ^ _144_/X (sky130_fd_sc_hd__clkbuf_1)
     1    0.00                           _042_ (net)
                  0.04    0.00    0.87 ^ _248_/D (sky130_fd_sc_hd__dfrtp_1)
                                  0.87   data arrival time

                          0.00    0.00   clock clk (rise edge)
                          0.00    0.00   clock source latency
                  0.07    0.05    0.05 ^ clk (in)
     1    0.01                           clk (net)
                  0.07    0.00    0.05 ^ clkbuf_0_clk/A (sky130_fd_sc_hd__clkbuf_16)
                  0.06    0.16    0.21 ^ clkbuf_0_clk/X (sky130_fd_sc_hd__clkbuf_16)
     4    0.04                           clknet_0_clk (net)
                  0.06    0.00    0.21 ^ clkbuf_2_1__f_clk/A (sky130_fd_sc_hd__clkbuf_16)
                  0.05    0.14    0.36 ^ clkbuf_2_1__f_clk/X (sky130_fd_sc_hd__clkbuf_16)
     9    0.03                           clknet_2_1__leaf_clk (net)
                  0.05    0.00    0.36 ^ _248_/CLK (sky130_fd_sc_hd__dfrtp_1)
                          0.25    0.61   clock uncertainty
                         -0.03    0.57   clock reconvergence pessimism
                         -0.03    0.54   library hold time
                                  0.54   data required time
-----------------------------------------------------------------------------
                                  0.54   data required time
                                 -0.87   data arrival time
-----------------------------------------------------------------------------
                                  0.33   slack (MET)


Startpoint: _240_ (rising edge-triggered flip-flop clocked by clk)
Endpoint: _240_ (rising edge-triggered flip-flop clocked by clk)
Path Group: clk
Path Type: min
Corner: Typical

Fanout     Cap    Slew   Delay    Time   Description
-----------------------------------------------------------------------------
                          0.00    0.00   clock clk (rise edge)
                          0.00    0.00   clock source latency
                  0.07    0.05    0.05 ^ clk (in)
     1    0.01                           clk (net)
                  0.07    0.00    0.05 ^ clkbuf_0_clk/A (sky130_fd_sc_hd__clkbuf_16)
                  0.06    0.15    0.19 ^ clkbuf_0_clk/X (sky130_fd_sc_hd__clkbuf_16)
     4    0.04                           clknet_0_clk (net)
                  0.06    0.00    0.19 ^ clkbuf_2_0__f_clk/A (sky130_fd_sc_hd__clkbuf_16)
                  0.05    0.13    0.33 ^ clkbuf_2_0__f_clk/X (sky130_fd_sc_hd__clkbuf_16)
     9    0.03                           clknet_2_0__leaf_clk (net)
                  0.05    0.00    0.33 ^ _240_/CLK (sky130_fd_sc_hd__dfrtp_4)
                  0.13    0.45    0.77 ^ _240_/Q (sky130_fd_sc_hd__dfrtp_4)
    10    0.04                           rx_inst.bit_count[1] (net)
                  0.13    0.00    0.77 ^ _156_/B2 (sky130_fd_sc_hd__a22o_1)
                  0.04    0.13    0.90 ^ _156_/X (sky130_fd_sc_hd__a22o_1)
     1    0.00                           _038_ (net)
                  0.04    0.00    0.90 ^ _240_/D (sky130_fd_sc_hd__dfrtp_4)
                                  0.90   data arrival time

                          0.00    0.00   clock clk (rise edge)
                          0.00    0.00   clock source latency
                  0.07    0.05    0.05 ^ clk (in)
     1    0.01                           clk (net)
                  0.07    0.00    0.05 ^ clkbuf_0_clk/A (sky130_fd_sc_hd__clkbuf_16)
                  0.06    0.16    0.21 ^ clkbuf_0_clk/X (sky130_fd_sc_hd__clkbuf_16)
     4    0.04                           clknet_0_clk (net)
                  0.06    0.00    0.21 ^ clkbuf_2_0__f_clk/A (sky130_fd_sc_hd__clkbuf_16)
                  0.05    0.15    0.36 ^ clkbuf_2_0__f_clk/X (sky130_fd_sc_hd__clkbuf_16)
     9    0.03                           clknet_2_0__leaf_clk (net)
                  0.05    0.00    0.36 ^ _240_/CLK (sky130_fd_sc_hd__dfrtp_4)
                          0.25    0.61   clock uncertainty
                         -0.03    0.58   clock reconvergence pessimism
                         -0.03    0.54   library hold time
                                  0.54   data required time
-----------------------------------------------------------------------------
                                  0.54   data required time
                                 -0.90   data arrival time
-----------------------------------------------------------------------------
                                  0.36   slack (MET)


Startpoint: _243_ (rising edge-triggered flip-flop clocked by clk)
Endpoint: _237_ (rising edge-triggered flip-flop clocked by clk)
Path Group: clk
Path Type: min
Corner: Typical

Fanout     Cap    Slew   Delay    Time   Description
-----------------------------------------------------------------------------
                          0.00    0.00   clock clk (rise edge)
                          0.00    0.00   clock source latency
                  0.07    0.05    0.05 ^ clk (in)
     1    0.01                           clk (net)
                  0.07    0.00    0.05 ^ clkbuf_0_clk/A (sky130_fd_sc_hd__clkbuf_16)
                  0.06    0.15    0.19 ^ clkbuf_0_clk/X (sky130_fd_sc_hd__clkbuf_16)
     4    0.04                           clknet_0_clk (net)
                  0.06    0.00    0.19 ^ clkbuf_2_3__f_clk/A (sky130_fd_sc_hd__clkbuf_16)
                  0.05    0.13    0.33 ^ clkbuf_2_3__f_clk/X (sky130_fd_sc_hd__clkbuf_16)
     9    0.03                           clknet_2_3__leaf_clk (net)
                  0.05    0.00    0.33 ^ _243_/CLK (sky130_fd_sc_hd__dfrtp_4)
                  0.10    0.42    0.75 ^ _243_/Q (sky130_fd_sc_hd__dfrtp_4)
     8    0.02                           tx_inst.state[1] (net)
                  0.10    0.00    0.75 ^ _181_/A1 (sky130_fd_sc_hd__a311o_1)
                  0.05    0.15    0.90 ^ _181_/X (sky130_fd_sc_hd__a311o_1)
     1    0.00                           _114_ (net)
                  0.05    0.00    0.90 ^ _237_/D (sky130_fd_sc_hd__dfstp_1)
                                  0.90   data arrival time

                          0.00    0.00   clock clk (rise edge)
                          0.00    0.00   clock source latency
                  0.07    0.05    0.05 ^ clk (in)
     1    0.01                           clk (net)
                  0.07    0.00    0.05 ^ clkbuf_0_clk/A (sky130_fd_sc_hd__clkbuf_16)
                  0.06    0.16    0.21 ^ clkbuf_0_clk/X (sky130_fd_sc_hd__clkbuf_16)
     4    0.04                           clknet_0_clk (net)
                  0.06    0.00    0.21 ^ clkbuf_2_3__f_clk/A (sky130_fd_sc_hd__clkbuf_16)
                  0.05    0.15    0.36 ^ clkbuf_2_3__f_clk/X (sky130_fd_sc_hd__clkbuf_16)
     9    0.03                           clknet_2_3__leaf_clk (net)
                  0.05    0.00    0.36 ^ _237_/CLK (sky130_fd_sc_hd__dfstp_1)
                          0.25    0.61   clock uncertainty
                         -0.03    0.58   clock reconvergence pessimism
                         -0.04    0.54   library hold time
                                  0.54   data required time
-----------------------------------------------------------------------------
                                  0.54   data required time
                                 -0.90   data arrival time
-----------------------------------------------------------------------------
                                  0.36   slack (MET)


Startpoint: _231_ (rising edge-triggered flip-flop clocked by clk)
Endpoint: _239_ (rising edge-triggered flip-flop clocked by clk)
Path Group: clk
Path Type: min
Corner: Typical

Fanout     Cap    Slew   Delay    Time   Description
-----------------------------------------------------------------------------
                          0.00    0.00   clock clk (rise edge)
                          0.00    0.00   clock source latency
                  0.07    0.05    0.05 ^ clk (in)
     1    0.01                           clk (net)
                  0.07    0.00    0.05 ^ clkbuf_0_clk/A (sky130_fd_sc_hd__clkbuf_16)
                  0.06    0.15    0.19 ^ clkbuf_0_clk/X (sky130_fd_sc_hd__clkbuf_16)
     4    0.04                           clknet_0_clk (net)
                  0.06    0.00    0.19 ^ clkbuf_2_0__f_clk/A (sky130_fd_sc_hd__clkbuf_16)
                  0.05    0.13    0.33 ^ clkbuf_2_0__f_clk/X (sky130_fd_sc_hd__clkbuf_16)
     9    0.03                           clknet_2_0__leaf_clk (net)
                  0.05    0.00    0.33 ^ _231_/CLK (sky130_fd_sc_hd__dfrtp_2)
                  0.11    0.38    0.70 ^ _231_/Q (sky130_fd_sc_hd__dfrtp_2)
     6    0.02                           rx_inst.state[1] (net)
                  0.11    0.00    0.70 ^ _157_/A0 (sky130_fd_sc_hd__mux2_1)
                  0.05    0.13    0.84 ^ _157_/X (sky130_fd_sc_hd__mux2_1)
     1    0.00                           _087_ (net)
                  0.05    0.00    0.84 ^ _158_/A (sky130_fd_sc_hd__clkbuf_1)
                  0.04    0.08    0.91 ^ _158_/X (sky130_fd_sc_hd__clkbuf_1)
     1    0.00                           _037_ (net)
                  0.04    0.00    0.91 ^ _239_/D (sky130_fd_sc_hd__dfrtp_1)
                                  0.91   data arrival time

                          0.00    0.00   clock clk (rise edge)
                          0.00    0.00   clock source latency
                  0.07    0.05    0.05 ^ clk (in)
     1    0.01                           clk (net)
                  0.07    0.00    0.05 ^ clkbuf_0_clk/A (sky130_fd_sc_hd__clkbuf_16)
                  0.06    0.16    0.21 ^ clkbuf_0_clk/X (sky130_fd_sc_hd__clkbuf_16)
     4    0.04                           clknet_0_clk (net)
                  0.06    0.00    0.21 ^ clkbuf_2_0__f_clk/A (sky130_fd_sc_hd__clkbuf_16)
                  0.05    0.15    0.36 ^ clkbuf_2_0__f_clk/X (sky130_fd_sc_hd__clkbuf_16)
     9    0.03                           clknet_2_0__leaf_clk (net)
                  0.05    0.00    0.36 ^ _239_/CLK (sky130_fd_sc_hd__dfrtp_1)
                          0.25    0.61   clock uncertainty
                         -0.03    0.58   clock reconvergence pessimism
                         -0.03    0.54   library hold time
                                  0.54   data required time
-----------------------------------------------------------------------------
                                  0.54   data required time
                                 -0.91   data arrival time
-----------------------------------------------------------------------------
                                  0.37   slack (MET)


Startpoint: _235_ (rising edge-triggered flip-flop clocked by clk)
Endpoint: _235_ (rising edge-triggered flip-flop clocked by clk)
Path Group: clk
Path Type: min
Corner: Typical

Fanout     Cap    Slew   Delay    Time   Description
-----------------------------------------------------------------------------
                          0.00    0.00   clock clk (rise edge)
                          0.00    0.00   clock source latency
                  0.07    0.05    0.05 ^ clk (in)
     1    0.01                           clk (net)
                  0.07    0.00    0.05 ^ clkbuf_0_clk/A (sky130_fd_sc_hd__clkbuf_16)
                  0.06    0.15    0.19 ^ clkbuf_0_clk/X (sky130_fd_sc_hd__clkbuf_16)
     4    0.04                           clknet_0_clk (net)
                  0.06    0.00    0.19 ^ clkbuf_2_3__f_clk/A (sky130_fd_sc_hd__clkbuf_16)
                  0.05    0.13    0.33 ^ clkbuf_2_3__f_clk/X (sky130_fd_sc_hd__clkbuf_16)
     9    0.03                           clknet_2_3__leaf_clk (net)
                  0.05    0.00    0.33 ^ _235_/CLK (sky130_fd_sc_hd__dfrtp_4)
                  0.10    0.42    0.75 ^ _235_/Q (sky130_fd_sc_hd__dfrtp_4)
     7    0.02                           tx_inst.bit_count[1] (net)
                  0.10    0.00    0.75 ^ _165_/A1 (sky130_fd_sc_hd__a21bo_1)
                  0.04    0.11    0.86 ^ _165_/X (sky130_fd_sc_hd__a21bo_1)
     1    0.00                           _092_ (net)
                  0.04    0.00    0.86 ^ _167_/A2 (sky130_fd_sc_hd__a21oi_1)
                  0.03    0.05    0.91 v _167_/Y (sky130_fd_sc_hd__a21oi_1)
     1    0.00                           _034_ (net)
                  0.03    0.00    0.91 v _235_/D (sky130_fd_sc_hd__dfrtp_4)
                                  0.91   data arrival time

                          0.00    0.00   clock clk (rise edge)
                          0.00    0.00   clock source latency
                  0.07    0.05    0.05 ^ clk (in)
     1    0.01                           clk (net)
                  0.07    0.00    0.05 ^ clkbuf_0_clk/A (sky130_fd_sc_hd__clkbuf_16)
                  0.06    0.16    0.21 ^ clkbuf_0_clk/X (sky130_fd_sc_hd__clkbuf_16)
     4    0.04                           clknet_0_clk (net)
                  0.06    0.00    0.21 ^ clkbuf_2_3__f_clk/A (sky130_fd_sc_hd__clkbuf_16)
                  0.05    0.15    0.36 ^ clkbuf_2_3__f_clk/X (sky130_fd_sc_hd__clkbuf_16)
     9    0.03                           clknet_2_3__leaf_clk (net)
                  0.05    0.00    0.36 ^ _235_/CLK (sky130_fd_sc_hd__dfrtp_4)
                          0.25    0.61   clock uncertainty
                         -0.03    0.58   clock reconvergence pessimism
                         -0.04    0.54   library hold time
                                  0.54   data required time
-----------------------------------------------------------------------------
                                  0.54   data required time
                                 -0.91   data arrival time
-----------------------------------------------------------------------------
                                  0.37   slack (MET)


Startpoint: _240_ (rising edge-triggered flip-flop clocked by clk)
Endpoint: _254_ (rising edge-triggered flip-flop clocked by clk)
Path Group: clk
Path Type: min
Corner: Typical

Fanout     Cap    Slew   Delay    Time   Description
-----------------------------------------------------------------------------
                          0.00    0.00   clock clk (rise edge)
                          0.00    0.00   clock source latency
                  0.07    0.05    0.05 ^ clk (in)
     1    0.01                           clk (net)
                  0.07    0.00    0.05 ^ clkbuf_0_clk/A (sky130_fd_sc_hd__clkbuf_16)
                  0.06    0.15    0.19 ^ clkbuf_0_clk/X (sky130_fd_sc_hd__clkbuf_16)
     4    0.04                           clknet_0_clk (net)
                  0.06    0.00    0.19 ^ clkbuf_2_0__f_clk/A (sky130_fd_sc_hd__clkbuf_16)
                  0.05    0.13    0.33 ^ clkbuf_2_0__f_clk/X (sky130_fd_sc_hd__clkbuf_16)
     9    0.03                           clknet_2_0__leaf_clk (net)
                  0.05    0.00    0.33 ^ _240_/CLK (sky130_fd_sc_hd__dfrtp_4)
                  0.13    0.45    0.77 ^ _240_/Q (sky130_fd_sc_hd__dfrtp_4)
    10    0.04                           rx_inst.bit_count[1] (net)
                  0.13    0.00    0.77 ^ _124_/A1 (sky130_fd_sc_hd__a41o_1)
                  0.04    0.15    0.93 ^ _124_/X (sky130_fd_sc_hd__a41o_1)
     1    0.00                           _048_ (net)
                  0.04    0.00    0.93 ^ _254_/D (sky130_fd_sc_hd__dfrtp_1)
                                  0.93   data arrival time

                          0.00    0.00   clock clk (rise edge)
                          0.00    0.00   clock source latency
                  0.07    0.05    0.05 ^ clk (in)
     1    0.01                           clk (net)
                  0.07    0.00    0.05 ^ clkbuf_0_clk/A (sky130_fd_sc_hd__clkbuf_16)
                  0.06    0.16    0.21 ^ clkbuf_0_clk/X (sky130_fd_sc_hd__clkbuf_16)
     4    0.04                           clknet_0_clk (net)
                  0.06    0.00    0.21 ^ clkbuf_2_0__f_clk/A (sky130_fd_sc_hd__clkbuf_16)
                  0.05    0.15    0.36 ^ clkbuf_2_0__f_clk/X (sky130_fd_sc_hd__clkbuf_16)
     9    0.03                           clknet_2_0__leaf_clk (net)
                  0.05    0.00    0.36 ^ _254_/CLK (sky130_fd_sc_hd__dfrtp_1)
                          0.25    0.61   clock uncertainty
                         -0.03    0.58   clock reconvergence pessimism
                         -0.03    0.54   library hold time
                                  0.54   data required time
-----------------------------------------------------------------------------
                                  0.54   data required time
                                 -0.93   data arrival time
-----------------------------------------------------------------------------
                                  0.38   slack (MET)


Startpoint: _237_ (rising edge-triggered flip-flop clocked by clk)
Endpoint: _232_ (rising edge-triggered flip-flop clocked by clk)
Path Group: clk
Path Type: min
Corner: Typical

Fanout     Cap    Slew   Delay    Time   Description
-----------------------------------------------------------------------------
                          0.00    0.00   clock clk (rise edge)
                          0.00    0.00   clock source latency
                  0.07    0.05    0.05 ^ clk (in)
     1    0.01                           clk (net)
                  0.07    0.00    0.05 ^ clkbuf_0_clk/A (sky130_fd_sc_hd__clkbuf_16)
                  0.06    0.15    0.19 ^ clkbuf_0_clk/X (sky130_fd_sc_hd__clkbuf_16)
     4    0.04                           clknet_0_clk (net)
                  0.06    0.00    0.19 ^ clkbuf_2_3__f_clk/A (sky130_fd_sc_hd__clkbuf_16)
                  0.05    0.13    0.33 ^ clkbuf_2_3__f_clk/X (sky130_fd_sc_hd__clkbuf_16)
     9    0.03                           clknet_2_3__leaf_clk (net)
                  0.05    0.00    0.33 ^ _237_/CLK (sky130_fd_sc_hd__dfstp_1)
                  0.04    0.34    0.66 v _237_/Q (sky130_fd_sc_hd__dfstp_1)
     2    0.00                           rx_inst.rx (net)
                  0.04    0.00    0.66 v _116_/A (sky130_fd_sc_hd__buf_2)
                  0.09    0.17    0.83 v _116_/X (sky130_fd_sc_hd__buf_2)
    10    0.04                           _058_ (net)
                  0.09    0.00    0.83 v _182_/B (sky130_fd_sc_hd__nor2_1)
                  0.07    0.09    0.93 ^ _182_/Y (sky130_fd_sc_hd__nor2_1)
     1    0.00                           _001_ (net)
                  0.07    0.00    0.93 ^ _232_/D (sky130_fd_sc_hd__dfrtp_1)
                                  0.93   data arrival time

                          0.00    0.00   clock clk (rise edge)
                          0.00    0.00   clock source latency
                  0.07    0.05    0.05 ^ clk (in)
     1    0.01                           clk (net)
                  0.07    0.00    0.05 ^ clkbuf_0_clk/A (sky130_fd_sc_hd__clkbuf_16)
                  0.06    0.16    0.21 ^ clkbuf_0_clk/X (sky130_fd_sc_hd__clkbuf_16)
     4    0.04                           clknet_0_clk (net)
                  0.06    0.00    0.21 ^ clkbuf_2_2__f_clk/A (sky130_fd_sc_hd__clkbuf_16)
                  0.04    0.14    0.35 ^ clkbuf_2_2__f_clk/X (sky130_fd_sc_hd__clkbuf_16)
     6    0.02                           clknet_2_2__leaf_clk (net)
                  0.04    0.00    0.35 ^ _232_/CLK (sky130_fd_sc_hd__dfrtp_1)
                          0.25    0.60   clock uncertainty
                         -0.02    0.58   clock reconvergence pessimism
                         -0.04    0.54   library hold time
                                  0.54   data required time
-----------------------------------------------------------------------------
                                  0.54   data required time
                                 -0.93   data arrival time
-----------------------------------------------------------------------------
                                  0.39   slack (MET)


Startpoint: _237_ (rising edge-triggered flip-flop clocked by clk)
Endpoint: _230_ (rising edge-triggered flip-flop clocked by clk)
Path Group: clk
Path Type: min
Corner: Typical

Fanout     Cap    Slew   Delay    Time   Description
-----------------------------------------------------------------------------
                          0.00    0.00   clock clk (rise edge)
                          0.00    0.00   clock source latency
                  0.07    0.05    0.05 ^ clk (in)
     1    0.01                           clk (net)
                  0.07    0.00    0.05 ^ clkbuf_0_clk/A (sky130_fd_sc_hd__clkbuf_16)
                  0.06    0.15    0.19 ^ clkbuf_0_clk/X (sky130_fd_sc_hd__clkbuf_16)
     4    0.04                           clknet_0_clk (net)
                  0.06    0.00    0.19 ^ clkbuf_2_3__f_clk/A (sky130_fd_sc_hd__clkbuf_16)
                  0.05    0.13    0.33 ^ clkbuf_2_3__f_clk/X (sky130_fd_sc_hd__clkbuf_16)
     9    0.03                           clknet_2_3__leaf_clk (net)
                  0.05    0.00    0.33 ^ _237_/CLK (sky130_fd_sc_hd__dfstp_1)
                  0.04    0.34    0.66 v _237_/Q (sky130_fd_sc_hd__dfstp_1)
     2    0.00                           rx_inst.rx (net)
                  0.04    0.00    0.66 v _116_/A (sky130_fd_sc_hd__buf_2)
                  0.09    0.17    0.83 v _116_/X (sky130_fd_sc_hd__buf_2)
    10    0.04                           _058_ (net)
                  0.09    0.00    0.83 v _149_/B1 (sky130_fd_sc_hd__o21a_1)
                  0.05    0.13    0.96 v _149_/X (sky130_fd_sc_hd__o21a_1)
     2    0.01                           _000_ (net)
                  0.05    0.00    0.96 v _230_/D (sky130_fd_sc_hd__dfstp_1)
                                  0.96   data arrival time

                          0.00    0.00   clock clk (rise edge)
                          0.00    0.00   clock source latency
                  0.07    0.05    0.05 ^ clk (in)
     1    0.01                           clk (net)
                  0.07    0.00    0.05 ^ clkbuf_0_clk/A (sky130_fd_sc_hd__clkbuf_16)
                  0.06    0.16    0.21 ^ clkbuf_0_clk/X (sky130_fd_sc_hd__clkbuf_16)
     4    0.04                           clknet_0_clk (net)
                  0.06    0.00    0.21 ^ clkbuf_2_2__f_clk/A (sky130_fd_sc_hd__clkbuf_16)
                  0.04    0.14    0.35 ^ clkbuf_2_2__f_clk/X (sky130_fd_sc_hd__clkbuf_16)
     6    0.02                           clknet_2_2__leaf_clk (net)
                  0.04    0.00    0.35 ^ _230_/CLK (sky130_fd_sc_hd__dfstp_1)
                          0.25    0.60   clock uncertainty
                         -0.02    0.58   clock reconvergence pessimism
                         -0.02    0.57   library hold time
                                  0.57   data required time
-----------------------------------------------------------------------------
                                  0.57   data required time
                                 -0.96   data arrival time
-----------------------------------------------------------------------------
                                  0.40   slack (MET)


Startpoint: _236_ (rising edge-triggered flip-flop clocked by clk)
Endpoint: _245_ (rising edge-triggered flip-flop clocked by clk)
Path Group: clk
Path Type: min
Corner: Typical

Fanout     Cap    Slew   Delay    Time   Description
-----------------------------------------------------------------------------
                          0.00    0.00   clock clk (rise edge)
                          0.00    0.00   clock source latency
                  0.07    0.05    0.05 ^ clk (in)
     1    0.01                           clk (net)
                  0.07    0.00    0.05 ^ clkbuf_0_clk/A (sky130_fd_sc_hd__clkbuf_16)
                  0.06    0.15    0.19 ^ clkbuf_0_clk/X (sky130_fd_sc_hd__clkbuf_16)
     4    0.04                           clknet_0_clk (net)
                  0.06    0.00    0.19 ^ clkbuf_2_3__f_clk/A (sky130_fd_sc_hd__clkbuf_16)
                  0.05    0.13    0.33 ^ clkbuf_2_3__f_clk/X (sky130_fd_sc_hd__clkbuf_16)
     9    0.03                           clknet_2_3__leaf_clk (net)
                  0.05    0.00    0.33 ^ _236_/CLK (sky130_fd_sc_hd__dfrtp_1)
                  0.08    0.38    0.71 v _236_/Q (sky130_fd_sc_hd__dfrtp_1)
     5    0.01                           tx_inst.bit_count[2] (net)
                  0.08    0.00    0.71 v _183_/A (sky130_fd_sc_hd__and4_1)
                  0.03    0.15    0.86 v _183_/X (sky130_fd_sc_hd__and4_1)
     1    0.00                           _101_ (net)
                  0.03    0.00    0.86 v _184_/A (sky130_fd_sc_hd__clkbuf_1)
                  0.03    0.08    0.93 v _184_/X (sky130_fd_sc_hd__clkbuf_1)
     1    0.00                           _003_ (net)
                  0.03    0.00    0.93 v _245_/D (sky130_fd_sc_hd__dfrtp_1)
                                  0.93   data arrival time

                          0.00    0.00   clock clk (rise edge)
                          0.00    0.00   clock source latency
                  0.07    0.05    0.05 ^ clk (in)
     1    0.01                           clk (net)
                  0.07    0.00    0.05 ^ clkbuf_0_clk/A (sky130_fd_sc_hd__clkbuf_16)
                  0.06    0.16    0.21 ^ clkbuf_0_clk/X (sky130_fd_sc_hd__clkbuf_16)
     4    0.04                           clknet_0_clk (net)
                  0.06    0.00    0.21 ^ clkbuf_2_3__f_clk/A (sky130_fd_sc_hd__clkbuf_16)
                  0.05    0.15    0.36 ^ clkbuf_2_3__f_clk/X (sky130_fd_sc_hd__clkbuf_16)
     9    0.03                           clknet_2_3__leaf_clk (net)
                  0.05    0.00    0.36 ^ _245_/CLK (sky130_fd_sc_hd__dfrtp_1)
                          0.25    0.61   clock uncertainty
                         -0.03    0.58   clock reconvergence pessimism
                         -0.04    0.54   library hold time
                                  0.54   data required time
-----------------------------------------------------------------------------
                                  0.54   data required time
                                 -0.93   data arrival time
-----------------------------------------------------------------------------
                                  0.40   slack (MET)


Startpoint: _239_ (rising edge-triggered flip-flop clocked by clk)
Endpoint: _252_ (rising edge-triggered flip-flop clocked by clk)
Path Group: clk
Path Type: min
Corner: Typical

Fanout     Cap    Slew   Delay    Time   Description
-----------------------------------------------------------------------------
                          0.00    0.00   clock clk (rise edge)
                          0.00    0.00   clock source latency
                  0.07    0.05    0.05 ^ clk (in)
     1    0.01                           clk (net)
                  0.07    0.00    0.05 ^ clkbuf_0_clk/A (sky130_fd_sc_hd__clkbuf_16)
                  0.06    0.15    0.19 ^ clkbuf_0_clk/X (sky130_fd_sc_hd__clkbuf_16)
     4    0.04                           clknet_0_clk (net)
                  0.06    0.00    0.19 ^ clkbuf_2_0__f_clk/A (sky130_fd_sc_hd__clkbuf_16)
                  0.05    0.13    0.33 ^ clkbuf_2_0__f_clk/X (sky130_fd_sc_hd__clkbuf_16)
     9    0.03                           clknet_2_0__leaf_clk (net)
                  0.05    0.00    0.33 ^ _239_/CLK (sky130_fd_sc_hd__dfrtp_1)
                  0.06    0.36    0.68 v _239_/Q (sky130_fd_sc_hd__dfrtp_1)
     2    0.01                           rx_inst.bit_count[0] (net)
                  0.06    0.00    0.68 v _130_/A (sky130_fd_sc_hd__inv_2)
                  0.05    0.06    0.74 ^ _130_/Y (sky130_fd_sc_hd__inv_2)
     3    0.01                           _070_ (net)
                  0.05    0.00    0.74 ^ _131_/A2 (sky130_fd_sc_hd__o31a_1)
                  0.05    0.12    0.86 ^ _131_/X (sky130_fd_sc_hd__o31a_1)
     1    0.00                           _071_ (net)
                  0.05    0.00    0.86 ^ _132_/B1 (sky130_fd_sc_hd__a41o_1)
                  0.04    0.08    0.94 ^ _132_/X (sky130_fd_sc_hd__a41o_1)
     1    0.00                           _046_ (net)
                  0.04    0.00    0.94 ^ _252_/D (sky130_fd_sc_hd__dfrtp_1)
                                  0.94   data arrival time

                          0.00    0.00   clock clk (rise edge)
                          0.00    0.00   clock source latency
                  0.07    0.05    0.05 ^ clk (in)
     1    0.01                           clk (net)
                  0.07    0.00    0.05 ^ clkbuf_0_clk/A (sky130_fd_sc_hd__clkbuf_16)
                  0.06    0.16    0.21 ^ clkbuf_0_clk/X (sky130_fd_sc_hd__clkbuf_16)
     4    0.04                           clknet_0_clk (net)
                  0.06    0.00    0.21 ^ clkbuf_2_0__f_clk/A (sky130_fd_sc_hd__clkbuf_16)
                  0.05    0.15    0.36 ^ clkbuf_2_0__f_clk/X (sky130_fd_sc_hd__clkbuf_16)
     9    0.03                           clknet_2_0__leaf_clk (net)
                  0.05    0.00    0.36 ^ _252_/CLK (sky130_fd_sc_hd__dfrtp_1)
                          0.25    0.61   clock uncertainty
                         -0.03    0.58   clock reconvergence pessimism
                         -0.03    0.54   library hold time
                                  0.54   data required time
-----------------------------------------------------------------------------
                                  0.54   data required time
                                 -0.94   data arrival time
-----------------------------------------------------------------------------
                                  0.40   slack (MET)


Startpoint: _231_ (rising edge-triggered flip-flop clocked by clk)
Endpoint: _241_ (rising edge-triggered flip-flop clocked by clk)
Path Group: clk
Path Type: min
Corner: Typical

Fanout     Cap    Slew   Delay    Time   Description
-----------------------------------------------------------------------------
                          0.00    0.00   clock clk (rise edge)
                          0.00    0.00   clock source latency
                  0.07    0.05    0.05 ^ clk (in)
     1    0.01                           clk (net)
                  0.07    0.00    0.05 ^ clkbuf_0_clk/A (sky130_fd_sc_hd__clkbuf_16)
                  0.06    0.15    0.19 ^ clkbuf_0_clk/X (sky130_fd_sc_hd__clkbuf_16)
     4    0.04                           clknet_0_clk (net)
                  0.06    0.00    0.19 ^ clkbuf_2_0__f_clk/A (sky130_fd_sc_hd__clkbuf_16)
                  0.05    0.13    0.33 ^ clkbuf_2_0__f_clk/X (sky130_fd_sc_hd__clkbuf_16)
     9    0.03                           clknet_2_0__leaf_clk (net)
                  0.05    0.00    0.33 ^ _231_/CLK (sky130_fd_sc_hd__dfrtp_2)
                  0.11    0.38    0.70 ^ _231_/Q (sky130_fd_sc_hd__dfrtp_2)
     6    0.02                           rx_inst.state[1] (net)
                  0.11    0.00    0.70 ^ _151_/A (sky130_fd_sc_hd__or2b_1)
                  0.07    0.13    0.83 ^ _151_/X (sky130_fd_sc_hd__or2b_1)
     2    0.01                           _083_ (net)
                  0.07    0.00    0.83 ^ _152_/B1 (sky130_fd_sc_hd__a22o_1)
                  0.05    0.12    0.95 ^ _152_/X (sky130_fd_sc_hd__a22o_1)
     1    0.00                           _039_ (net)
                  0.05    0.00    0.95 ^ _241_/D (sky130_fd_sc_hd__dfrtp_4)
                                  0.95   data arrival time

                          0.00    0.00   clock clk (rise edge)
                          0.00    0.00   clock source latency
                  0.07    0.05    0.05 ^ clk (in)
     1    0.01                           clk (net)
                  0.07    0.00    0.05 ^ clkbuf_0_clk/A (sky130_fd_sc_hd__clkbuf_16)
                  0.06    0.16    0.21 ^ clkbuf_0_clk/X (sky130_fd_sc_hd__clkbuf_16)
     4    0.04                           clknet_0_clk (net)
                  0.06    0.00    0.21 ^ clkbuf_2_0__f_clk/A (sky130_fd_sc_hd__clkbuf_16)
                  0.05    0.15    0.36 ^ clkbuf_2_0__f_clk/X (sky130_fd_sc_hd__clkbuf_16)
     9    0.03                           clknet_2_0__leaf_clk (net)
                  0.05    0.00    0.36 ^ _241_/CLK (sky130_fd_sc_hd__dfrtp_4)
                          0.25    0.61   clock uncertainty
                         -0.03    0.58   clock reconvergence pessimism
                         -0.03    0.54   library hold time
                                  0.54   data required time
-----------------------------------------------------------------------------
                                  0.54   data required time
                                 -0.95   data arrival time
-----------------------------------------------------------------------------
                                  0.41   slack (MET)


Startpoint: _245_ (rising edge-triggered flip-flop clocked by clk)
Endpoint: _242_ (rising edge-triggered flip-flop clocked by clk)
Path Group: clk
Path Type: min
Corner: Typical

Fanout     Cap    Slew   Delay    Time   Description
-----------------------------------------------------------------------------
                          0.00    0.00   clock clk (rise edge)
                          0.00    0.00   clock source latency
                  0.07    0.05    0.05 ^ clk (in)
     1    0.01                           clk (net)
                  0.07    0.00    0.05 ^ clkbuf_0_clk/A (sky130_fd_sc_hd__clkbuf_16)
                  0.06    0.15    0.19 ^ clkbuf_0_clk/X (sky130_fd_sc_hd__clkbuf_16)
     4    0.04                           clknet_0_clk (net)
                  0.06    0.00    0.19 ^ clkbuf_2_3__f_clk/A (sky130_fd_sc_hd__clkbuf_16)
                  0.05    0.13    0.33 ^ clkbuf_2_3__f_clk/X (sky130_fd_sc_hd__clkbuf_16)
     9    0.03                           clknet_2_3__leaf_clk (net)
                  0.05    0.00    0.33 ^ _245_/CLK (sky130_fd_sc_hd__dfrtp_1)
                  0.05    0.30    0.63 ^ _245_/Q (sky130_fd_sc_hd__dfrtp_1)
     1    0.00                           tx_inst.state[3] (net)
                  0.05    0.00    0.63 ^ hold5/A (sky130_fd_sc_hd__clkdlybuf4s25_1)
                  0.13    0.29    0.92 ^ hold5/X (sky130_fd_sc_hd__clkdlybuf4s25_1)
     3    0.01                           net25 (net)
                  0.13    0.00    0.92 ^ _171_/B1 (sky130_fd_sc_hd__a21o_1)
                  0.04    0.09    1.02 ^ _171_/X (sky130_fd_sc_hd__a21o_1)
     1    0.00                           _006_ (net)
                  0.04    0.00    1.02 ^ _242_/D (sky130_fd_sc_hd__dfstp_1)
                                  1.02   data arrival time

                          0.00    0.00   clock clk (rise edge)
                          0.00    0.00   clock source latency
                  0.07    0.05    0.05 ^ clk (in)
     1    0.01                           clk (net)
                  0.07    0.00    0.05 ^ clkbuf_0_clk/A (sky130_fd_sc_hd__clkbuf_16)
                  0.06    0.16    0.21 ^ clkbuf_0_clk/X (sky130_fd_sc_hd__clkbuf_16)
     4    0.04                           clknet_0_clk (net)
                  0.06    0.00    0.21 ^ clkbuf_2_3__f_clk/A (sky130_fd_sc_hd__clkbuf_16)
                  0.05    0.15    0.36 ^ clkbuf_2_3__f_clk/X (sky130_fd_sc_hd__clkbuf_16)
     9    0.03                           clknet_2_3__leaf_clk (net)
                  0.05    0.00    0.36 ^ _242_/CLK (sky130_fd_sc_hd__dfstp_1)
                          0.25    0.61   clock uncertainty
                         -0.03    0.58   clock reconvergence pessimism
                         -0.03    0.54   library hold time
                                  0.54   data required time
-----------------------------------------------------------------------------
                                  0.54   data required time
                                 -1.02   data arrival time
-----------------------------------------------------------------------------
                                  0.48   slack (MET)


Startpoint: _239_ (rising edge-triggered flip-flop clocked by clk)
Endpoint: _250_ (rising edge-triggered flip-flop clocked by clk)
Path Group: clk
Path Type: min
Corner: Typical

Fanout     Cap    Slew   Delay    Time   Description
-----------------------------------------------------------------------------
                          0.00    0.00   clock clk (rise edge)
                          0.00    0.00   clock source latency
                  0.07    0.05    0.05 ^ clk (in)
     1    0.01                           clk (net)
                  0.07    0.00    0.05 ^ clkbuf_0_clk/A (sky130_fd_sc_hd__clkbuf_16)
                  0.06    0.15    0.19 ^ clkbuf_0_clk/X (sky130_fd_sc_hd__clkbuf_16)
     4    0.04                           clknet_0_clk (net)
                  0.06    0.00    0.19 ^ clkbuf_2_0__f_clk/A (sky130_fd_sc_hd__clkbuf_16)
                  0.05    0.13    0.33 ^ clkbuf_2_0__f_clk/X (sky130_fd_sc_hd__clkbuf_16)
     9    0.03                           clknet_2_0__leaf_clk (net)
                  0.05    0.00    0.33 ^ _239_/CLK (sky130_fd_sc_hd__dfrtp_1)
                  0.06    0.36    0.68 v _239_/Q (sky130_fd_sc_hd__dfrtp_1)
     2    0.01                           rx_inst.bit_count[0] (net)
                  0.06    0.00    0.68 v _130_/A (sky130_fd_sc_hd__inv_2)
                  0.05    0.06    0.74 ^ _130_/Y (sky130_fd_sc_hd__inv_2)
     3    0.01                           _070_ (net)
                  0.05    0.00    0.74 ^ _136_/C (sky130_fd_sc_hd__or4_1)
                  0.07    0.11    0.86 ^ _136_/X (sky130_fd_sc_hd__or4_1)
     1    0.01                           _074_ (net)
                  0.07    0.00    0.86 ^ _137_/S (sky130_fd_sc_hd__mux2_1)
                  0.04    0.12    0.98 ^ _137_/X (sky130_fd_sc_hd__mux2_1)
     1    0.00                           _075_ (net)
                  0.04    0.00    0.98 ^ _138_/A (sky130_fd_sc_hd__clkbuf_1)
                  0.04    0.07    1.06 ^ _138_/X (sky130_fd_sc_hd__clkbuf_1)
     1    0.00                           _044_ (net)
                  0.04    0.00    1.06 ^ _250_/D (sky130_fd_sc_hd__dfrtp_1)
                                  1.06   data arrival time

                          0.00    0.00   clock clk (rise edge)
                          0.00    0.00   clock source latency
                  0.07    0.05    0.05 ^ clk (in)
     1    0.01                           clk (net)
                  0.07    0.00    0.05 ^ clkbuf_0_clk/A (sky130_fd_sc_hd__clkbuf_16)
                  0.06    0.16    0.21 ^ clkbuf_0_clk/X (sky130_fd_sc_hd__clkbuf_16)
     4    0.04                           clknet_0_clk (net)
                  0.06    0.00    0.21 ^ clkbuf_2_0__f_clk/A (sky130_fd_sc_hd__clkbuf_16)
                  0.05    0.15    0.36 ^ clkbuf_2_0__f_clk/X (sky130_fd_sc_hd__clkbuf_16)
     9    0.03                           clknet_2_0__leaf_clk (net)
                  0.05    0.00    0.36 ^ _250_/CLK (sky130_fd_sc_hd__dfrtp_1)
                          0.25    0.61   clock uncertainty
                         -0.03    0.58   clock reconvergence pessimism
                         -0.03    0.54   library hold time
                                  0.54   data required time
-----------------------------------------------------------------------------
                                  0.54   data required time
                                 -1.06   data arrival time
-----------------------------------------------------------------------------
                                  0.51   slack (MET)


Startpoint: _241_ (rising edge-triggered flip-flop clocked by clk)
Endpoint: _249_ (rising edge-triggered flip-flop clocked by clk)
Path Group: clk
Path Type: min
Corner: Typical

Fanout     Cap    Slew   Delay    Time   Description
-----------------------------------------------------------------------------
                          0.00    0.00   clock clk (rise edge)
                          0.00    0.00   clock source latency
                  0.07    0.05    0.05 ^ clk (in)
     1    0.01                           clk (net)
                  0.07    0.00    0.05 ^ clkbuf_0_clk/A (sky130_fd_sc_hd__clkbuf_16)
                  0.06    0.15    0.19 ^ clkbuf_0_clk/X (sky130_fd_sc_hd__clkbuf_16)
     4    0.04                           clknet_0_clk (net)
                  0.06    0.00    0.19 ^ clkbuf_2_0__f_clk/A (sky130_fd_sc_hd__clkbuf_16)
                  0.05    0.13    0.33 ^ clkbuf_2_0__f_clk/X (sky130_fd_sc_hd__clkbuf_16)
     9    0.03                           clknet_2_0__leaf_clk (net)
                  0.05    0.00    0.33 ^ _241_/CLK (sky130_fd_sc_hd__dfrtp_4)
                  0.11    0.44    0.76 ^ _241_/Q (sky130_fd_sc_hd__dfrtp_4)
     9    0.03                           rx_inst.bit_count[2] (net)
                  0.11    0.00    0.76 ^ _139_/A (sky130_fd_sc_hd__or4_1)
                  0.06    0.13    0.89 ^ _139_/X (sky130_fd_sc_hd__or4_1)
     1    0.00                           _076_ (net)
                  0.06    0.00    0.89 ^ _140_/S (sky130_fd_sc_hd__mux2_1)
                  0.04    0.12    1.01 ^ _140_/X (sky130_fd_sc_hd__mux2_1)
     1    0.00                           _077_ (net)
                  0.04    0.00    1.01 ^ _141_/A (sky130_fd_sc_hd__clkbuf_1)
                  0.04    0.07    1.08 ^ _141_/X (sky130_fd_sc_hd__clkbuf_1)
     1    0.00                           _043_ (net)
                  0.04    0.00    1.08 ^ _249_/D (sky130_fd_sc_hd__dfrtp_1)
                                  1.08   data arrival time

                          0.00    0.00   clock clk (rise edge)
                          0.00    0.00   clock source latency
                  0.07    0.05    0.05 ^ clk (in)
     1    0.01                           clk (net)
                  0.07    0.00    0.05 ^ clkbuf_0_clk/A (sky130_fd_sc_hd__clkbuf_16)
                  0.06    0.16    0.21 ^ clkbuf_0_clk/X (sky130_fd_sc_hd__clkbuf_16)
     4    0.04                           clknet_0_clk (net)
                  0.06    0.00    0.21 ^ clkbuf_2_0__f_clk/A (sky130_fd_sc_hd__clkbuf_16)
                  0.05    0.15    0.36 ^ clkbuf_2_0__f_clk/X (sky130_fd_sc_hd__clkbuf_16)
     9    0.03                           clknet_2_0__leaf_clk (net)
                  0.05    0.00    0.36 ^ _249_/CLK (sky130_fd_sc_hd__dfrtp_1)
                          0.25    0.61   clock uncertainty
                         -0.03    0.58   clock reconvergence pessimism
                         -0.03    0.54   library hold time
                                  0.54   data required time
-----------------------------------------------------------------------------
                                  0.54   data required time
                                 -1.08   data arrival time
-----------------------------------------------------------------------------
                                  0.54   slack (MET)


Startpoint: _240_ (rising edge-triggered flip-flop clocked by clk)
Endpoint: _251_ (rising edge-triggered flip-flop clocked by clk)
Path Group: clk
Path Type: min
Corner: Typical

Fanout     Cap    Slew   Delay    Time   Description
-----------------------------------------------------------------------------
                          0.00    0.00   clock clk (rise edge)
                          0.00    0.00   clock source latency
                  0.07    0.05    0.05 ^ clk (in)
     1    0.01                           clk (net)
                  0.07    0.00    0.05 ^ clkbuf_0_clk/A (sky130_fd_sc_hd__clkbuf_16)
                  0.06    0.15    0.19 ^ clkbuf_0_clk/X (sky130_fd_sc_hd__clkbuf_16)
     4    0.04                           clknet_0_clk (net)
                  0.06    0.00    0.19 ^ clkbuf_2_0__f_clk/A (sky130_fd_sc_hd__clkbuf_16)
                  0.05    0.13    0.33 ^ clkbuf_2_0__f_clk/X (sky130_fd_sc_hd__clkbuf_16)
     9    0.03                           clknet_2_0__leaf_clk (net)
                  0.05    0.00    0.33 ^ _240_/CLK (sky130_fd_sc_hd__dfrtp_4)
                  0.13    0.45    0.77 ^ _240_/Q (sky130_fd_sc_hd__dfrtp_4)
    10    0.04                           rx_inst.bit_count[1] (net)
                  0.13    0.00    0.77 ^ _133_/A (sky130_fd_sc_hd__or3_1)
                  0.08    0.15    0.92 ^ _133_/X (sky130_fd_sc_hd__or3_1)
     1    0.01                           _072_ (net)
                  0.08    0.00    0.92 ^ _134_/S (sky130_fd_sc_hd__mux2_1)
                  0.04    0.13    1.05 ^ _134_/X (sky130_fd_sc_hd__mux2_1)
     1    0.00                           _073_ (net)
                  0.04    0.00    1.05 ^ _135_/A (sky130_fd_sc_hd__clkbuf_1)
                  0.04    0.07    1.12 ^ _135_/X (sky130_fd_sc_hd__clkbuf_1)
     1    0.00                           _045_ (net)
                  0.04    0.00    1.12 ^ _251_/D (sky130_fd_sc_hd__dfrtp_1)
                                  1.12   data arrival time

                          0.00    0.00   clock clk (rise edge)
                          0.00    0.00   clock source latency
                  0.07    0.05    0.05 ^ clk (in)
     1    0.01                           clk (net)
                  0.07    0.00    0.05 ^ clkbuf_0_clk/A (sky130_fd_sc_hd__clkbuf_16)
                  0.06    0.16    0.21 ^ clkbuf_0_clk/X (sky130_fd_sc_hd__clkbuf_16)
     4    0.04                           clknet_0_clk (net)
                  0.06    0.00    0.21 ^ clkbuf_2_2__f_clk/A (sky130_fd_sc_hd__clkbuf_16)
                  0.04    0.14    0.35 ^ clkbuf_2_2__f_clk/X (sky130_fd_sc_hd__clkbuf_16)
     6    0.02                           clknet_2_2__leaf_clk (net)
                  0.04    0.00    0.35 ^ _251_/CLK (sky130_fd_sc_hd__dfrtp_1)
                          0.25    0.60   clock uncertainty
                         -0.02    0.58   clock reconvergence pessimism
                         -0.03    0.55   library hold time
                                  0.55   data required time
-----------------------------------------------------------------------------
                                  0.55   data required time
                                 -1.12   data arrival time
-----------------------------------------------------------------------------
                                  0.57   slack (MET)


Startpoint: _232_ (rising edge-triggered flip-flop clocked by clk)
Endpoint: _253_ (rising edge-triggered flip-flop clocked by clk)
Path Group: clk
Path Type: min
Corner: Typical

Fanout     Cap    Slew   Delay    Time   Description
-----------------------------------------------------------------------------
                          0.00    0.00   clock clk (rise edge)
                          0.00    0.00   clock source latency
                  0.07    0.05    0.05 ^ clk (in)
     1    0.01                           clk (net)
                  0.07    0.00    0.05 ^ clkbuf_0_clk/A (sky130_fd_sc_hd__clkbuf_16)
                  0.06    0.15    0.19 ^ clkbuf_0_clk/X (sky130_fd_sc_hd__clkbuf_16)
     4    0.04                           clknet_0_clk (net)
                  0.06    0.00    0.19 ^ clkbuf_2_2__f_clk/A (sky130_fd_sc_hd__clkbuf_16)
                  0.04    0.13    0.32 ^ clkbuf_2_2__f_clk/X (sky130_fd_sc_hd__clkbuf_16)
     6    0.02                           clknet_2_2__leaf_clk (net)
                  0.04    0.00    0.32 ^ _232_/CLK (sky130_fd_sc_hd__dfrtp_1)
                  0.13    0.37    0.68 ^ _232_/Q (sky130_fd_sc_hd__dfrtp_1)
     4    0.01                           rx_inst.state[2] (net)
                  0.13    0.00    0.68 ^ _126_/B (sky130_fd_sc_hd__or4b_1)
                  0.10    0.16    0.85 ^ _126_/X (sky130_fd_sc_hd__or4b_1)
     3    0.01                           _067_ (net)
                  0.10    0.00    0.85 ^ _127_/C (sky130_fd_sc_hd__or3_1)
                  0.09    0.14    0.99 ^ _127_/X (sky130_fd_sc_hd__or3_1)
     1    0.01                           _068_ (net)
                  0.09    0.00    0.99 ^ _128_/S (sky130_fd_sc_hd__mux2_1)
                  0.04    0.13    1.11 ^ _128_/X (sky130_fd_sc_hd__mux2_1)
     1    0.00                           _069_ (net)
                  0.04    0.00    1.11 ^ _129_/A (sky130_fd_sc_hd__clkbuf_1)
                  0.05    0.08    1.19 ^ _129_/X (sky130_fd_sc_hd__clkbuf_1)
     1    0.00                           _047_ (net)
                  0.05    0.00    1.19 ^ _253_/D (sky130_fd_sc_hd__dfrtp_1)
                                  1.19   data arrival time

                          0.00    0.00   clock clk (rise edge)
                          0.00    0.00   clock source latency
                  0.07    0.05    0.05 ^ clk (in)
     1    0.01                           clk (net)
                  0.07    0.00    0.05 ^ clkbuf_0_clk/A (sky130_fd_sc_hd__clkbuf_16)
                  0.06    0.16    0.21 ^ clkbuf_0_clk/X (sky130_fd_sc_hd__clkbuf_16)
     4    0.04                           clknet_0_clk (net)
                  0.06    0.00    0.21 ^ clkbuf_2_3__f_clk/A (sky130_fd_sc_hd__clkbuf_16)
                  0.05    0.15    0.36 ^ clkbuf_2_3__f_clk/X (sky130_fd_sc_hd__clkbuf_16)
     9    0.03                           clknet_2_3__leaf_clk (net)
                  0.05    0.00    0.36 ^ _253_/CLK (sky130_fd_sc_hd__dfrtp_1)
                          0.25    0.61   clock uncertainty
                         -0.02    0.59   clock reconvergence pessimism
                         -0.03    0.56   library hold time
                                  0.56   data required time
-----------------------------------------------------------------------------
                                  0.56   data required time
                                 -1.19   data arrival time
-----------------------------------------------------------------------------
                                  0.64   slack (MET)


Startpoint: _232_ (rising edge-triggered flip-flop clocked by clk)
Endpoint: _247_ (rising edge-triggered flip-flop clocked by clk)
Path Group: clk
Path Type: min
Corner: Typical

Fanout     Cap    Slew   Delay    Time   Description
-----------------------------------------------------------------------------
                          0.00    0.00   clock clk (rise edge)
                          0.00    0.00   clock source latency
                  0.07    0.05    0.05 ^ clk (in)
     1    0.01                           clk (net)
                  0.07    0.00    0.05 ^ clkbuf_0_clk/A (sky130_fd_sc_hd__clkbuf_16)
                  0.06    0.15    0.19 ^ clkbuf_0_clk/X (sky130_fd_sc_hd__clkbuf_16)
     4    0.04                           clknet_0_clk (net)
                  0.06    0.00    0.19 ^ clkbuf_2_2__f_clk/A (sky130_fd_sc_hd__clkbuf_16)
                  0.04    0.13    0.32 ^ clkbuf_2_2__f_clk/X (sky130_fd_sc_hd__clkbuf_16)
     6    0.02                           clknet_2_2__leaf_clk (net)
                  0.04    0.00    0.32 ^ _232_/CLK (sky130_fd_sc_hd__dfrtp_1)
                  0.13    0.37    0.68 ^ _232_/Q (sky130_fd_sc_hd__dfrtp_1)
     4    0.01                           rx_inst.state[2] (net)
                  0.13    0.00    0.68 ^ _119_/B (sky130_fd_sc_hd__or3_2)
                  0.10    0.18    0.86 ^ _119_/X (sky130_fd_sc_hd__or3_2)
     6    0.02                           _061_ (net)
                  0.10    0.00    0.87 ^ _145_/A (sky130_fd_sc_hd__nor2_1)
                  0.04    0.07    0.94 v _145_/Y (sky130_fd_sc_hd__nor2_1)
     1    0.01                           _080_ (net)
                  0.04    0.00    0.94 v _146_/S (sky130_fd_sc_hd__mux2_1)
                  0.04    0.18    1.11 ^ _146_/X (sky130_fd_sc_hd__mux2_1)
     1    0.00                           _081_ (net)
                  0.04    0.00    1.11 ^ _147_/A (sky130_fd_sc_hd__clkbuf_1)
                  0.04    0.07    1.19 ^ _147_/X (sky130_fd_sc_hd__clkbuf_1)
     1    0.00                           _041_ (net)
                  0.04    0.00    1.19 ^ _247_/D (sky130_fd_sc_hd__dfrtp_1)
                                  1.19   data arrival time

                          0.00    0.00   clock clk (rise edge)
                          0.00    0.00   clock source latency
                  0.07    0.05    0.05 ^ clk (in)
     1    0.01                           clk (net)
                  0.07    0.00    0.05 ^ clkbuf_0_clk/A (sky130_fd_sc_hd__clkbuf_16)
                  0.06    0.16    0.21 ^ clkbuf_0_clk/X (sky130_fd_sc_hd__clkbuf_16)
     4    0.04                           clknet_0_clk (net)
                  0.06    0.00    0.21 ^ clkbuf_2_2__f_clk/A (sky130_fd_sc_hd__clkbuf_16)
                  0.04    0.14    0.35 ^ clkbuf_2_2__f_clk/X (sky130_fd_sc_hd__clkbuf_16)
     6    0.02                           clknet_2_2__leaf_clk (net)
                  0.04    0.00    0.35 ^ _247_/CLK (sky130_fd_sc_hd__dfrtp_1)
                          0.25    0.60   clock uncertainty
                         -0.03    0.57   clock reconvergence pessimism
                         -0.03    0.54   library hold time
                                  0.54   data required time
-----------------------------------------------------------------------------
                                  0.54   data required time
                                 -1.19   data arrival time
-----------------------------------------------------------------------------
                                  0.65   slack (MET)


Startpoint: _242_ (rising edge-triggered flip-flop clocked by clk)
Endpoint: _261_ (rising edge-triggered flip-flop clocked by clk)
Path Group: clk
Path Type: min
Corner: Typical

Fanout     Cap    Slew   Delay    Time   Description
-----------------------------------------------------------------------------
                          0.00    0.00   clock clk (rise edge)
                          0.00    0.00   clock source latency
                  0.07    0.05    0.05 ^ clk (in)
     1    0.01                           clk (net)
                  0.07    0.00    0.05 ^ clkbuf_0_clk/A (sky130_fd_sc_hd__clkbuf_16)
                  0.06    0.15    0.19 ^ clkbuf_0_clk/X (sky130_fd_sc_hd__clkbuf_16)
     4    0.04                           clknet_0_clk (net)
                  0.06    0.00    0.19 ^ clkbuf_2_3__f_clk/A (sky130_fd_sc_hd__clkbuf_16)
                  0.05    0.13    0.33 ^ clkbuf_2_3__f_clk/X (sky130_fd_sc_hd__clkbuf_16)
     9    0.03                           clknet_2_3__leaf_clk (net)
                  0.05    0.00    0.33 ^ _242_/CLK (sky130_fd_sc_hd__dfstp_1)
                  0.05    0.35    0.68 v _242_/Q (sky130_fd_sc_hd__dfstp_1)
     3    0.01                           tx_inst.state[0] (net)
                  0.05    0.00    0.68 v _212_/A (sky130_fd_sc_hd__and3_1)
                  0.03    0.13    0.81 v _212_/X (sky130_fd_sc_hd__and3_1)
     1    0.00                           _104_ (net)
                  0.03    0.00    0.81 v _213_/A (sky130_fd_sc_hd__clkbuf_4)
                  0.09    0.17    0.98 v _213_/X (sky130_fd_sc_hd__clkbuf_4)
     8    0.04                           _105_ (net)
                  0.09    0.00    0.99 v _226_/S (sky130_fd_sc_hd__mux2_1)
                  0.04    0.20    1.18 ^ _226_/X (sky130_fd_sc_hd__mux2_1)
     1    0.00                           _112_ (net)
                  0.04    0.00    1.18 ^ _227_/A (sky130_fd_sc_hd__clkbuf_1)
                  0.04    0.07    1.25 ^ _227_/X (sky130_fd_sc_hd__clkbuf_1)
     1    0.00                           _055_ (net)
                  0.04    0.00    1.25 ^ _261_/D (sky130_fd_sc_hd__dfxtp_1)
                                  1.25   data arrival time

                          0.00    0.00   clock clk (rise edge)
                          0.00    0.00   clock source latency
                  0.07    0.05    0.05 ^ clk (in)
     1    0.01                           clk (net)
                  0.07    0.00    0.05 ^ clkbuf_0_clk/A (sky130_fd_sc_hd__clkbuf_16)
                  0.06    0.16    0.21 ^ clkbuf_0_clk/X (sky130_fd_sc_hd__clkbuf_16)
     4    0.04                           clknet_0_clk (net)
                  0.06    0.00    0.21 ^ clkbuf_2_1__f_clk/A (sky130_fd_sc_hd__clkbuf_16)
                  0.05    0.14    0.36 ^ clkbuf_2_1__f_clk/X (sky130_fd_sc_hd__clkbuf_16)
     9    0.03                           clknet_2_1__leaf_clk (net)
                  0.05    0.00    0.36 ^ _261_/CLK (sky130_fd_sc_hd__dfxtp_1)
                          0.25    0.61   clock uncertainty
                         -0.02    0.59   clock reconvergence pessimism
                         -0.03    0.56   library hold time
                                  0.56   data required time
-----------------------------------------------------------------------------
                                  0.56   data required time
                                 -1.25   data arrival time
-----------------------------------------------------------------------------
                                  0.69   slack (MET)


Startpoint: _242_ (rising edge-triggered flip-flop clocked by clk)
Endpoint: _256_ (rising edge-triggered flip-flop clocked by clk)
Path Group: clk
Path Type: min
Corner: Typical

Fanout     Cap    Slew   Delay    Time   Description
-----------------------------------------------------------------------------
                          0.00    0.00   clock clk (rise edge)
                          0.00    0.00   clock source latency
                  0.07    0.05    0.05 ^ clk (in)
     1    0.01                           clk (net)
                  0.07    0.00    0.05 ^ clkbuf_0_clk/A (sky130_fd_sc_hd__clkbuf_16)
                  0.06    0.15    0.19 ^ clkbuf_0_clk/X (sky130_fd_sc_hd__clkbuf_16)
     4    0.04                           clknet_0_clk (net)
                  0.06    0.00    0.19 ^ clkbuf_2_3__f_clk/A (sky130_fd_sc_hd__clkbuf_16)
                  0.05    0.13    0.33 ^ clkbuf_2_3__f_clk/X (sky130_fd_sc_hd__clkbuf_16)
     9    0.03                           clknet_2_3__leaf_clk (net)
                  0.05    0.00    0.33 ^ _242_/CLK (sky130_fd_sc_hd__dfstp_1)
                  0.05    0.35    0.68 v _242_/Q (sky130_fd_sc_hd__dfstp_1)
     3    0.01                           tx_inst.state[0] (net)
                  0.05    0.00    0.68 v _212_/A (sky130_fd_sc_hd__and3_1)
                  0.03    0.13    0.81 v _212_/X (sky130_fd_sc_hd__and3_1)
     1    0.00                           _104_ (net)
                  0.03    0.00    0.81 v _213_/A (sky130_fd_sc_hd__clkbuf_4)
                  0.09    0.17    0.98 v _213_/X (sky130_fd_sc_hd__clkbuf_4)
     8    0.04                           _105_ (net)
                  0.09    0.00    0.99 v _216_/S (sky130_fd_sc_hd__mux2_1)
                  0.04    0.20    1.18 ^ _216_/X (sky130_fd_sc_hd__mux2_1)
     1    0.00                           _107_ (net)
                  0.04    0.00    1.18 ^ _217_/A (sky130_fd_sc_hd__clkbuf_1)
                  0.04    0.07    1.26 ^ _217_/X (sky130_fd_sc_hd__clkbuf_1)
     1    0.00                           _050_ (net)
                  0.04    0.00    1.26 ^ _256_/D (sky130_fd_sc_hd__dfxtp_1)
                                  1.26   data arrival time

                          0.00    0.00   clock clk (rise edge)
                          0.00    0.00   clock source latency
                  0.07    0.05    0.05 ^ clk (in)
     1    0.01                           clk (net)
                  0.07    0.00    0.05 ^ clkbuf_0_clk/A (sky130_fd_sc_hd__clkbuf_16)
                  0.06    0.16    0.21 ^ clkbuf_0_clk/X (sky130_fd_sc_hd__clkbuf_16)
     4    0.04                           clknet_0_clk (net)
                  0.06    0.00    0.21 ^ clkbuf_2_1__f_clk/A (sky130_fd_sc_hd__clkbuf_16)
                  0.05    0.14    0.36 ^ clkbuf_2_1__f_clk/X (sky130_fd_sc_hd__clkbuf_16)
     9    0.03                           clknet_2_1__leaf_clk (net)
                  0.05    0.00    0.36 ^ _256_/CLK (sky130_fd_sc_hd__dfxtp_1)
                          0.25    0.61   clock uncertainty
                         -0.02    0.59   clock reconvergence pessimism
                         -0.03    0.56   library hold time
                                  0.56   data required time
-----------------------------------------------------------------------------
                                  0.56   data required time
                                 -1.26   data arrival time
-----------------------------------------------------------------------------
                                  0.70   slack (MET)


Startpoint: _242_ (rising edge-triggered flip-flop clocked by clk)
Endpoint: _255_ (rising edge-triggered flip-flop clocked by clk)
Path Group: clk
Path Type: min
Corner: Typical

Fanout     Cap    Slew   Delay    Time   Description
-----------------------------------------------------------------------------
                          0.00    0.00   clock clk (rise edge)
                          0.00    0.00   clock source latency
                  0.07    0.05    0.05 ^ clk (in)
     1    0.01                           clk (net)
                  0.07    0.00    0.05 ^ clkbuf_0_clk/A (sky130_fd_sc_hd__clkbuf_16)
                  0.06    0.15    0.19 ^ clkbuf_0_clk/X (sky130_fd_sc_hd__clkbuf_16)
     4    0.04                           clknet_0_clk (net)
                  0.06    0.00    0.19 ^ clkbuf_2_3__f_clk/A (sky130_fd_sc_hd__clkbuf_16)
                  0.05    0.13    0.33 ^ clkbuf_2_3__f_clk/X (sky130_fd_sc_hd__clkbuf_16)
     9    0.03                           clknet_2_3__leaf_clk (net)
                  0.05    0.00    0.33 ^ _242_/CLK (sky130_fd_sc_hd__dfstp_1)
                  0.05    0.35    0.68 v _242_/Q (sky130_fd_sc_hd__dfstp_1)
     3    0.01                           tx_inst.state[0] (net)
                  0.05    0.00    0.68 v _212_/A (sky130_fd_sc_hd__and3_1)
                  0.03    0.13    0.81 v _212_/X (sky130_fd_sc_hd__and3_1)
     1    0.00                           _104_ (net)
                  0.03    0.00    0.81 v _213_/A (sky130_fd_sc_hd__clkbuf_4)
                  0.09    0.17    0.98 v _213_/X (sky130_fd_sc_hd__clkbuf_4)
     8    0.04                           _105_ (net)
                  0.09    0.00    0.99 v _214_/S (sky130_fd_sc_hd__mux2_1)
                  0.04    0.20    1.19 ^ _214_/X (sky130_fd_sc_hd__mux2_1)
     1    0.00                           _106_ (net)
                  0.04    0.00    1.19 ^ _215_/A (sky130_fd_sc_hd__clkbuf_1)
                  0.04    0.07    1.26 ^ _215_/X (sky130_fd_sc_hd__clkbuf_1)
     1    0.00                           _049_ (net)
                  0.04    0.00    1.26 ^ _255_/D (sky130_fd_sc_hd__dfxtp_1)
                                  1.26   data arrival time

                          0.00    0.00   clock clk (rise edge)
                          0.00    0.00   clock source latency
                  0.07    0.05    0.05 ^ clk (in)
     1    0.01                           clk (net)
                  0.07    0.00    0.05 ^ clkbuf_0_clk/A (sky130_fd_sc_hd__clkbuf_16)
                  0.06    0.16    0.21 ^ clkbuf_0_clk/X (sky130_fd_sc_hd__clkbuf_16)
     4    0.04                           clknet_0_clk (net)
                  0.06    0.00    0.21 ^ clkbuf_2_1__f_clk/A (sky130_fd_sc_hd__clkbuf_16)
                  0.05    0.14    0.36 ^ clkbuf_2_1__f_clk/X (sky130_fd_sc_hd__clkbuf_16)
     9    0.03                           clknet_2_1__leaf_clk (net)
                  0.05    0.00    0.36 ^ _255_/CLK (sky130_fd_sc_hd__dfxtp_1)
                          0.25    0.61   clock uncertainty
                         -0.02    0.59   clock reconvergence pessimism
                         -0.03    0.56   library hold time
                                  0.56   data required time
-----------------------------------------------------------------------------
                                  0.56   data required time
                                 -1.26   data arrival time
-----------------------------------------------------------------------------
                                  0.70   slack (MET)


Startpoint: _242_ (rising edge-triggered flip-flop clocked by clk)
Endpoint: _258_ (rising edge-triggered flip-flop clocked by clk)
Path Group: clk
Path Type: min
Corner: Typical

Fanout     Cap    Slew   Delay    Time   Description
-----------------------------------------------------------------------------
                          0.00    0.00   clock clk (rise edge)
                          0.00    0.00   clock source latency
                  0.07    0.05    0.05 ^ clk (in)
     1    0.01                           clk (net)
                  0.07    0.00    0.05 ^ clkbuf_0_clk/A (sky130_fd_sc_hd__clkbuf_16)
                  0.06    0.15    0.19 ^ clkbuf_0_clk/X (sky130_fd_sc_hd__clkbuf_16)
     4    0.04                           clknet_0_clk (net)
                  0.06    0.00    0.19 ^ clkbuf_2_3__f_clk/A (sky130_fd_sc_hd__clkbuf_16)
                  0.05    0.13    0.33 ^ clkbuf_2_3__f_clk/X (sky130_fd_sc_hd__clkbuf_16)
     9    0.03                           clknet_2_3__leaf_clk (net)
                  0.05    0.00    0.33 ^ _242_/CLK (sky130_fd_sc_hd__dfstp_1)
                  0.05    0.35    0.68 v _242_/Q (sky130_fd_sc_hd__dfstp_1)
     3    0.01                           tx_inst.state[0] (net)
                  0.05    0.00    0.68 v _212_/A (sky130_fd_sc_hd__and3_1)
                  0.03    0.13    0.81 v _212_/X (sky130_fd_sc_hd__and3_1)
     1    0.00                           _104_ (net)
                  0.03    0.00    0.81 v _213_/A (sky130_fd_sc_hd__clkbuf_4)
                  0.09    0.17    0.98 v _213_/X (sky130_fd_sc_hd__clkbuf_4)
     8    0.04                           _105_ (net)
                  0.09    0.00    0.99 v _220_/S (sky130_fd_sc_hd__mux2_1)
                  0.04    0.20    1.18 ^ _220_/X (sky130_fd_sc_hd__mux2_1)
     1    0.00                           _109_ (net)
                  0.04    0.00    1.18 ^ _221_/A (sky130_fd_sc_hd__clkbuf_1)
                  0.04    0.07    1.26 ^ _221_/X (sky130_fd_sc_hd__clkbuf_1)
     1    0.00                           _052_ (net)
                  0.04    0.00    1.26 ^ _258_/D (sky130_fd_sc_hd__dfxtp_1)
                                  1.26   data arrival time

                          0.00    0.00   clock clk (rise edge)
                          0.00    0.00   clock source latency
                  0.07    0.05    0.05 ^ clk (in)
     1    0.01                           clk (net)
                  0.07    0.00    0.05 ^ clkbuf_0_clk/A (sky130_fd_sc_hd__clkbuf_16)
                  0.06    0.16    0.21 ^ clkbuf_0_clk/X (sky130_fd_sc_hd__clkbuf_16)
     4    0.04                           clknet_0_clk (net)
                  0.06    0.00    0.21 ^ clkbuf_2_1__f_clk/A (sky130_fd_sc_hd__clkbuf_16)
                  0.05    0.14    0.36 ^ clkbuf_2_1__f_clk/X (sky130_fd_sc_hd__clkbuf_16)
     9    0.03                           clknet_2_1__leaf_clk (net)
                  0.05    0.00    0.36 ^ _258_/CLK (sky130_fd_sc_hd__dfxtp_1)
                          0.25    0.61   clock uncertainty
                         -0.02    0.59   clock reconvergence pessimism
                         -0.03    0.56   library hold time
                                  0.56   data required time
-----------------------------------------------------------------------------
                                  0.56   data required time
                                 -1.26   data arrival time
-----------------------------------------------------------------------------
                                  0.70   slack (MET)


Startpoint: _242_ (rising edge-triggered flip-flop clocked by clk)
Endpoint: _259_ (rising edge-triggered flip-flop clocked by clk)
Path Group: clk
Path Type: min
Corner: Typical

Fanout     Cap    Slew   Delay    Time   Description
-----------------------------------------------------------------------------
                          0.00    0.00   clock clk (rise edge)
                          0.00    0.00   clock source latency
                  0.07    0.05    0.05 ^ clk (in)
     1    0.01                           clk (net)
                  0.07    0.00    0.05 ^ clkbuf_0_clk/A (sky130_fd_sc_hd__clkbuf_16)
                  0.06    0.15    0.19 ^ clkbuf_0_clk/X (sky130_fd_sc_hd__clkbuf_16)
     4    0.04                           clknet_0_clk (net)
                  0.06    0.00    0.19 ^ clkbuf_2_3__f_clk/A (sky130_fd_sc_hd__clkbuf_16)
                  0.05    0.13    0.33 ^ clkbuf_2_3__f_clk/X (sky130_fd_sc_hd__clkbuf_16)
     9    0.03                           clknet_2_3__leaf_clk (net)
                  0.05    0.00    0.33 ^ _242_/CLK (sky130_fd_sc_hd__dfstp_1)
                  0.05    0.35    0.68 v _242_/Q (sky130_fd_sc_hd__dfstp_1)
     3    0.01                           tx_inst.state[0] (net)
                  0.05    0.00    0.68 v _212_/A (sky130_fd_sc_hd__and3_1)
                  0.03    0.13    0.81 v _212_/X (sky130_fd_sc_hd__and3_1)
     1    0.00                           _104_ (net)
                  0.03    0.00    0.81 v _213_/A (sky130_fd_sc_hd__clkbuf_4)
                  0.09    0.17    0.98 v _213_/X (sky130_fd_sc_hd__clkbuf_4)
     8    0.04                           _105_ (net)
                  0.09    0.00    0.99 v _222_/S (sky130_fd_sc_hd__mux2_1)
                  0.04    0.20    1.19 ^ _222_/X (sky130_fd_sc_hd__mux2_1)
     1    0.00                           _110_ (net)
                  0.04    0.00    1.19 ^ _223_/A (sky130_fd_sc_hd__clkbuf_1)
                  0.04    0.07    1.26 ^ _223_/X (sky130_fd_sc_hd__clkbuf_1)
     1    0.00                           _053_ (net)
                  0.04    0.00    1.26 ^ _259_/D (sky130_fd_sc_hd__dfxtp_1)
                                  1.26   data arrival time

                          0.00    0.00   clock clk (rise edge)
                          0.00    0.00   clock source latency
                  0.07    0.05    0.05 ^ clk (in)
     1    0.01                           clk (net)
                  0.07    0.00    0.05 ^ clkbuf_0_clk/A (sky130_fd_sc_hd__clkbuf_16)
                  0.06    0.16    0.21 ^ clkbuf_0_clk/X (sky130_fd_sc_hd__clkbuf_16)
     4    0.04                           clknet_0_clk (net)
                  0.06    0.00    0.21 ^ clkbuf_2_1__f_clk/A (sky130_fd_sc_hd__clkbuf_16)
                  0.05    0.14    0.36 ^ clkbuf_2_1__f_clk/X (sky130_fd_sc_hd__clkbuf_16)
     9    0.03                           clknet_2_1__leaf_clk (net)
                  0.05    0.00    0.36 ^ _259_/CLK (sky130_fd_sc_hd__dfxtp_1)
                          0.25    0.61   clock uncertainty
                         -0.02    0.59   clock reconvergence pessimism
                         -0.03    0.56   library hold time
                                  0.56   data required time
-----------------------------------------------------------------------------
                                  0.56   data required time
                                 -1.26   data arrival time
-----------------------------------------------------------------------------
                                  0.70   slack (MET)


Startpoint: _242_ (rising edge-triggered flip-flop clocked by clk)
Endpoint: _262_ (rising edge-triggered flip-flop clocked by clk)
Path Group: clk
Path Type: min
Corner: Typical

Fanout     Cap    Slew   Delay    Time   Description
-----------------------------------------------------------------------------
                          0.00    0.00   clock clk (rise edge)
                          0.00    0.00   clock source latency
                  0.07    0.05    0.05 ^ clk (in)
     1    0.01                           clk (net)
                  0.07    0.00    0.05 ^ clkbuf_0_clk/A (sky130_fd_sc_hd__clkbuf_16)
                  0.06    0.15    0.19 ^ clkbuf_0_clk/X (sky130_fd_sc_hd__clkbuf_16)
     4    0.04                           clknet_0_clk (net)
                  0.06    0.00    0.19 ^ clkbuf_2_3__f_clk/A (sky130_fd_sc_hd__clkbuf_16)
                  0.05    0.13    0.33 ^ clkbuf_2_3__f_clk/X (sky130_fd_sc_hd__clkbuf_16)
     9    0.03                           clknet_2_3__leaf_clk (net)
                  0.05    0.00    0.33 ^ _242_/CLK (sky130_fd_sc_hd__dfstp_1)
                  0.05    0.35    0.68 v _242_/Q (sky130_fd_sc_hd__dfstp_1)
     3    0.01                           tx_inst.state[0] (net)
                  0.05    0.00    0.68 v _212_/A (sky130_fd_sc_hd__and3_1)
                  0.03    0.13    0.81 v _212_/X (sky130_fd_sc_hd__and3_1)
     1    0.00                           _104_ (net)
                  0.03    0.00    0.81 v _213_/A (sky130_fd_sc_hd__clkbuf_4)
                  0.09    0.17    0.98 v _213_/X (sky130_fd_sc_hd__clkbuf_4)
     8    0.04                           _105_ (net)
                  0.09    0.00    0.99 v _228_/S (sky130_fd_sc_hd__mux2_1)
                  0.05    0.20    1.19 ^ _228_/X (sky130_fd_sc_hd__mux2_1)
     1    0.00                           _113_ (net)
                  0.05    0.00    1.19 ^ _229_/A (sky130_fd_sc_hd__clkbuf_1)
                  0.04    0.07    1.26 ^ _229_/X (sky130_fd_sc_hd__clkbuf_1)
     1    0.00                           _056_ (net)
                  0.04    0.00    1.26 ^ _262_/D (sky130_fd_sc_hd__dfxtp_1)
                                  1.26   data arrival time

                          0.00    0.00   clock clk (rise edge)
                          0.00    0.00   clock source latency
                  0.07    0.05    0.05 ^ clk (in)
     1    0.01                           clk (net)
                  0.07    0.00    0.05 ^ clkbuf_0_clk/A (sky130_fd_sc_hd__clkbuf_16)
                  0.06    0.16    0.21 ^ clkbuf_0_clk/X (sky130_fd_sc_hd__clkbuf_16)
     4    0.04                           clknet_0_clk (net)
                  0.06    0.00    0.21 ^ clkbuf_2_1__f_clk/A (sky130_fd_sc_hd__clkbuf_16)
                  0.05    0.14    0.36 ^ clkbuf_2_1__f_clk/X (sky130_fd_sc_hd__clkbuf_16)
     9    0.03                           clknet_2_1__leaf_clk (net)
                  0.05    0.00    0.36 ^ _262_/CLK (sky130_fd_sc_hd__dfxtp_1)
                          0.25    0.61   clock uncertainty
                         -0.02    0.59   clock reconvergence pessimism
                         -0.03    0.56   library hold time
                                  0.56   data required time
-----------------------------------------------------------------------------
                                  0.56   data required time
                                 -1.26   data arrival time
-----------------------------------------------------------------------------
                                  0.70   slack (MET)


Startpoint: _242_ (rising edge-triggered flip-flop clocked by clk)
Endpoint: _260_ (rising edge-triggered flip-flop clocked by clk)
Path Group: clk
Path Type: min
Corner: Typical

Fanout     Cap    Slew   Delay    Time   Description
-----------------------------------------------------------------------------
                          0.00    0.00   clock clk (rise edge)
                          0.00    0.00   clock source latency
                  0.07    0.05    0.05 ^ clk (in)
     1    0.01                           clk (net)
                  0.07    0.00    0.05 ^ clkbuf_0_clk/A (sky130_fd_sc_hd__clkbuf_16)
                  0.06    0.15    0.19 ^ clkbuf_0_clk/X (sky130_fd_sc_hd__clkbuf_16)
     4    0.04                           clknet_0_clk (net)
                  0.06    0.00    0.19 ^ clkbuf_2_3__f_clk/A (sky130_fd_sc_hd__clkbuf_16)
                  0.05    0.13    0.33 ^ clkbuf_2_3__f_clk/X (sky130_fd_sc_hd__clkbuf_16)
     9    0.03                           clknet_2_3__leaf_clk (net)
                  0.05    0.00    0.33 ^ _242_/CLK (sky130_fd_sc_hd__dfstp_1)
                  0.05    0.35    0.68 v _242_/Q (sky130_fd_sc_hd__dfstp_1)
     3    0.01                           tx_inst.state[0] (net)
                  0.05    0.00    0.68 v _212_/A (sky130_fd_sc_hd__and3_1)
                  0.03    0.13    0.81 v _212_/X (sky130_fd_sc_hd__and3_1)
     1    0.00                           _104_ (net)
                  0.03    0.00    0.81 v _213_/A (sky130_fd_sc_hd__clkbuf_4)
                  0.09    0.17    0.98 v _213_/X (sky130_fd_sc_hd__clkbuf_4)
     8    0.04                           _105_ (net)
                  0.09    0.00    0.99 v _224_/S (sky130_fd_sc_hd__mux2_1)
                  0.05    0.20    1.19 ^ _224_/X (sky130_fd_sc_hd__mux2_1)
     1    0.00                           _111_ (net)
                  0.05    0.00    1.19 ^ _225_/A (sky130_fd_sc_hd__clkbuf_1)
                  0.04    0.07    1.26 ^ _225_/X (sky130_fd_sc_hd__clkbuf_1)
     1    0.00                           _054_ (net)
                  0.04    0.00    1.26 ^ _260_/D (sky130_fd_sc_hd__dfxtp_1)
                                  1.26   data arrival time

                          0.00    0.00   clock clk (rise edge)
                          0.00    0.00   clock source latency
                  0.07    0.05    0.05 ^ clk (in)
     1    0.01                           clk (net)
                  0.07    0.00    0.05 ^ clkbuf_0_clk/A (sky130_fd_sc_hd__clkbuf_16)
                  0.06    0.16    0.21 ^ clkbuf_0_clk/X (sky130_fd_sc_hd__clkbuf_16)
     4    0.04                           clknet_0_clk (net)
                  0.06    0.00    0.21 ^ clkbuf_2_1__f_clk/A (sky130_fd_sc_hd__clkbuf_16)
                  0.05    0.14    0.36 ^ clkbuf_2_1__f_clk/X (sky130_fd_sc_hd__clkbuf_16)
     9    0.03                           clknet_2_1__leaf_clk (net)
                  0.05    0.00    0.36 ^ _260_/CLK (sky130_fd_sc_hd__dfxtp_1)
                          0.25    0.61   clock uncertainty
                         -0.02    0.59   clock reconvergence pessimism
                         -0.03    0.56   library hold time
                                  0.56   data required time
-----------------------------------------------------------------------------
                                  0.56   data required time
                                 -1.26   data arrival time
-----------------------------------------------------------------------------
                                  0.70   slack (MET)


Startpoint: _242_ (rising edge-triggered flip-flop clocked by clk)
Endpoint: _257_ (rising edge-triggered flip-flop clocked by clk)
Path Group: clk
Path Type: min
Corner: Typical

Fanout     Cap    Slew   Delay    Time   Description
-----------------------------------------------------------------------------
                          0.00    0.00   clock clk (rise edge)
                          0.00    0.00   clock source latency
                  0.07    0.05    0.05 ^ clk (in)
     1    0.01                           clk (net)
                  0.07    0.00    0.05 ^ clkbuf_0_clk/A (sky130_fd_sc_hd__clkbuf_16)
                  0.06    0.15    0.19 ^ clkbuf_0_clk/X (sky130_fd_sc_hd__clkbuf_16)
     4    0.04                           clknet_0_clk (net)
                  0.06    0.00    0.19 ^ clkbuf_2_3__f_clk/A (sky130_fd_sc_hd__clkbuf_16)
                  0.05    0.13    0.33 ^ clkbuf_2_3__f_clk/X (sky130_fd_sc_hd__clkbuf_16)
     9    0.03                           clknet_2_3__leaf_clk (net)
                  0.05    0.00    0.33 ^ _242_/CLK (sky130_fd_sc_hd__dfstp_1)
                  0.05    0.35    0.68 v _242_/Q (sky130_fd_sc_hd__dfstp_1)
     3    0.01                           tx_inst.state[0] (net)
                  0.05    0.00    0.68 v _212_/A (sky130_fd_sc_hd__and3_1)
                  0.03    0.13    0.81 v _212_/X (sky130_fd_sc_hd__and3_1)
     1    0.00                           _104_ (net)
                  0.03    0.00    0.81 v _213_/A (sky130_fd_sc_hd__clkbuf_4)
                  0.09    0.17    0.98 v _213_/X (sky130_fd_sc_hd__clkbuf_4)
     8    0.04                           _105_ (net)
                  0.09    0.00    0.99 v _218_/S (sky130_fd_sc_hd__mux2_1)
                  0.04    0.20    1.18 ^ _218_/X (sky130_fd_sc_hd__mux2_1)
     1    0.00                           _108_ (net)
                  0.04    0.00    1.18 ^ _219_/A (sky130_fd_sc_hd__clkbuf_1)
                  0.05    0.08    1.26 ^ _219_/X (sky130_fd_sc_hd__clkbuf_1)
     1    0.00                           _051_ (net)
                  0.05    0.00    1.26 ^ _257_/D (sky130_fd_sc_hd__dfxtp_1)
                                  1.26   data arrival time

                          0.00    0.00   clock clk (rise edge)
                          0.00    0.00   clock source latency
                  0.07    0.05    0.05 ^ clk (in)
     1    0.01                           clk (net)
                  0.07    0.00    0.05 ^ clkbuf_0_clk/A (sky130_fd_sc_hd__clkbuf_16)
                  0.06    0.16    0.21 ^ clkbuf_0_clk/X (sky130_fd_sc_hd__clkbuf_16)
     4    0.04                           clknet_0_clk (net)
                  0.06    0.00    0.21 ^ clkbuf_2_1__f_clk/A (sky130_fd_sc_hd__clkbuf_16)
                  0.05    0.14    0.36 ^ clkbuf_2_1__f_clk/X (sky130_fd_sc_hd__clkbuf_16)
     9    0.03                           clknet_2_1__leaf_clk (net)
                  0.05    0.00    0.36 ^ _257_/CLK (sky130_fd_sc_hd__dfxtp_1)
                          0.25    0.61   clock uncertainty
                         -0.02    0.59   clock reconvergence pessimism
                         -0.03    0.56   library hold time
                                  0.56   data required time
-----------------------------------------------------------------------------
                                  0.56   data required time
                                 -1.26   data arrival time
-----------------------------------------------------------------------------
                                  0.70   slack (MET)


Startpoint: _238_ (rising edge-triggered flip-flop clocked by clk)
Endpoint: _238_ (rising edge-triggered flip-flop clocked by clk)
Path Group: clk
Path Type: min
Corner: Typical

Fanout     Cap    Slew   Delay    Time   Description
-----------------------------------------------------------------------------
                          0.00    0.00   clock clk (rise edge)
                          0.00    0.00   clock source latency
                  0.07    0.05    0.05 ^ clk (in)
     1    0.01                           clk (net)
                  0.07    0.00    0.05 ^ clkbuf_0_clk/A (sky130_fd_sc_hd__clkbuf_16)
                  0.06    0.15    0.19 ^ clkbuf_0_clk/X (sky130_fd_sc_hd__clkbuf_16)
     4    0.04                           clknet_0_clk (net)
                  0.06    0.00    0.19 ^ clkbuf_2_2__f_clk/A (sky130_fd_sc_hd__clkbuf_16)
                  0.04    0.13    0.32 ^ clkbuf_2_2__f_clk/X (sky130_fd_sc_hd__clkbuf_16)
     6    0.02                           clknet_2_2__leaf_clk (net)
                  0.04    0.00    0.32 ^ _238_/CLK (sky130_fd_sc_hd__dfrtp_1)
                  0.08    0.33    0.65 ^ _238_/Q (sky130_fd_sc_hd__dfrtp_1)
     2    0.01                           net20 (net)
                  0.08    0.00    0.65 ^ _160_/A1 (sky130_fd_sc_hd__a21o_1)
                  0.03    0.10    0.75 ^ _160_/X (sky130_fd_sc_hd__a21o_1)
     1    0.00                           _036_ (net)
                  0.03    0.00    0.75 ^ hold6/A (sky130_fd_sc_hd__dlygate4sd3_1)
                  0.05    0.50    1.25 ^ hold6/X (sky130_fd_sc_hd__dlygate4sd3_1)
     1    0.00                           net26 (net)
                  0.05    0.00    1.25 ^ _238_/D (sky130_fd_sc_hd__dfrtp_1)
                                  1.25   data arrival time

                          0.00    0.00   clock clk (rise edge)
                          0.00    0.00   clock source latency
                  0.07    0.05    0.05 ^ clk (in)
     1    0.01                           clk (net)
                  0.07    0.00    0.05 ^ clkbuf_0_clk/A (sky130_fd_sc_hd__clkbuf_16)
                  0.06    0.16    0.21 ^ clkbuf_0_clk/X (sky130_fd_sc_hd__clkbuf_16)
     4    0.04                           clknet_0_clk (net)
                  0.06    0.00    0.21 ^ clkbuf_2_2__f_clk/A (sky130_fd_sc_hd__clkbuf_16)
                  0.04    0.14    0.35 ^ clkbuf_2_2__f_clk/X (sky130_fd_sc_hd__clkbuf_16)
     6    0.02                           clknet_2_2__leaf_clk (net)
                  0.04    0.00    0.35 ^ _238_/CLK (sky130_fd_sc_hd__dfrtp_1)
                          0.25    0.60   clock uncertainty
                         -0.03    0.57   clock reconvergence pessimism
                         -0.04    0.53   library hold time
                                  0.53   data required time
-----------------------------------------------------------------------------
                                  0.53   data required time
                                 -1.25   data arrival time
-----------------------------------------------------------------------------
                                  0.72   slack (MET)


Startpoint: _231_ (rising edge-triggered flip-flop clocked by clk)
Endpoint: _231_ (rising edge-triggered flip-flop clocked by clk)
Path Group: clk
Path Type: min
Corner: Typical

Fanout     Cap    Slew   Delay    Time   Description
-----------------------------------------------------------------------------
                          0.00    0.00   clock clk (rise edge)
                          0.00    0.00   clock source latency
                  0.07    0.05    0.05 ^ clk (in)
     1    0.01                           clk (net)
                  0.07    0.00    0.05 ^ clkbuf_0_clk/A (sky130_fd_sc_hd__clkbuf_16)
                  0.06    0.15    0.19 ^ clkbuf_0_clk/X (sky130_fd_sc_hd__clkbuf_16)
     4    0.04                           clknet_0_clk (net)
                  0.06    0.00    0.19 ^ clkbuf_2_0__f_clk/A (sky130_fd_sc_hd__clkbuf_16)
                  0.05    0.13    0.33 ^ clkbuf_2_0__f_clk/X (sky130_fd_sc_hd__clkbuf_16)
     9    0.03                           clknet_2_0__leaf_clk (net)
                  0.05    0.00    0.33 ^ _231_/CLK (sky130_fd_sc_hd__dfrtp_2)
                  0.11    0.38    0.70 ^ _231_/Q (sky130_fd_sc_hd__dfrtp_2)
     6    0.02                           rx_inst.state[1] (net)
                  0.11    0.00    0.70 ^ _172_/A1 (sky130_fd_sc_hd__a21o_1)
                  0.03    0.11    0.81 ^ _172_/X (sky130_fd_sc_hd__a21o_1)
     1    0.00                           _004_ (net)
                  0.03    0.00    0.81 ^ hold4/A (sky130_fd_sc_hd__dlygate4sd3_1)
                  0.05    0.50    1.31 ^ hold4/X (sky130_fd_sc_hd__dlygate4sd3_1)
     1    0.00                           net24 (net)
                  0.05    0.00    1.31 ^ _231_/D (sky130_fd_sc_hd__dfrtp_2)
                                  1.31   data arrival time

                          0.00    0.00   clock clk (rise edge)
                          0.00    0.00   clock source latency
                  0.07    0.05    0.05 ^ clk (in)
     1    0.01                           clk (net)
                  0.07    0.00    0.05 ^ clkbuf_0_clk/A (sky130_fd_sc_hd__clkbuf_16)
                  0.06    0.16    0.21 ^ clkbuf_0_clk/X (sky130_fd_sc_hd__clkbuf_16)
     4    0.04                           clknet_0_clk (net)
                  0.06    0.00    0.21 ^ clkbuf_2_0__f_clk/A (sky130_fd_sc_hd__clkbuf_16)
                  0.05    0.15    0.36 ^ clkbuf_2_0__f_clk/X (sky130_fd_sc_hd__clkbuf_16)
     9    0.03                           clknet_2_0__leaf_clk (net)
                  0.05    0.00    0.36 ^ _231_/CLK (sky130_fd_sc_hd__dfrtp_2)
                          0.25    0.61   clock uncertainty
                         -0.03    0.58   clock reconvergence pessimism
                         -0.04    0.54   library hold time
                                  0.54   data required time
-----------------------------------------------------------------------------
                                  0.54   data required time
                                 -1.31   data arrival time
-----------------------------------------------------------------------------
                                  0.77   slack (MET)


Startpoint: _233_ (rising edge-triggered flip-flop clocked by clk)
Endpoint: _233_ (rising edge-triggered flip-flop clocked by clk)
Path Group: clk
Path Type: min
Corner: Typical

Fanout     Cap    Slew   Delay    Time   Description
-----------------------------------------------------------------------------
                          0.00    0.00   clock clk (rise edge)
                          0.00    0.00   clock source latency
                  0.07    0.05    0.05 ^ clk (in)
     1    0.01                           clk (net)
                  0.07    0.00    0.05 ^ clkbuf_0_clk/A (sky130_fd_sc_hd__clkbuf_16)
                  0.06    0.15    0.19 ^ clkbuf_0_clk/X (sky130_fd_sc_hd__clkbuf_16)
     4    0.04                           clknet_0_clk (net)
                  0.06    0.00    0.19 ^ clkbuf_2_2__f_clk/A (sky130_fd_sc_hd__clkbuf_16)
                  0.04    0.13    0.32 ^ clkbuf_2_2__f_clk/X (sky130_fd_sc_hd__clkbuf_16)
     6    0.02                           clknet_2_2__leaf_clk (net)
                  0.04    0.00    0.32 ^ _233_/CLK (sky130_fd_sc_hd__dfrtp_1)
                  0.14    0.37    0.69 ^ _233_/Q (sky130_fd_sc_hd__dfrtp_1)
     5    0.01                           rx_inst.state[3] (net)
                  0.14    0.00    0.69 ^ _175_/B2 (sky130_fd_sc_hd__a32o_1)
                  0.04    0.12    0.81 ^ _175_/X (sky130_fd_sc_hd__a32o_1)
     1    0.00                           _005_ (net)
                  0.04    0.00    0.81 ^ hold18/A (sky130_fd_sc_hd__dlygate4sd3_1)
                  0.05    0.51    1.32 ^ hold18/X (sky130_fd_sc_hd__dlygate4sd3_1)
     1    0.00                           net38 (net)
                  0.05    0.00    1.32 ^ _233_/D (sky130_fd_sc_hd__dfrtp_1)
                                  1.32   data arrival time

                          0.00    0.00   clock clk (rise edge)
                          0.00    0.00   clock source latency
                  0.07    0.05    0.05 ^ clk (in)
     1    0.01                           clk (net)
                  0.07    0.00    0.05 ^ clkbuf_0_clk/A (sky130_fd_sc_hd__clkbuf_16)
                  0.06    0.16    0.21 ^ clkbuf_0_clk/X (sky130_fd_sc_hd__clkbuf_16)
     4    0.04                           clknet_0_clk (net)
                  0.06    0.00    0.21 ^ clkbuf_2_2__f_clk/A (sky130_fd_sc_hd__clkbuf_16)
                  0.04    0.14    0.35 ^ clkbuf_2_2__f_clk/X (sky130_fd_sc_hd__clkbuf_16)
     6    0.02                           clknet_2_2__leaf_clk (net)
                  0.04    0.00    0.35 ^ _233_/CLK (sky130_fd_sc_hd__dfrtp_1)
                          0.25    0.60   clock uncertainty
                         -0.03    0.57   clock reconvergence pessimism
                         -0.04    0.53   library hold time
                                  0.53   data required time
-----------------------------------------------------------------------------
                                  0.53   data required time
                                 -1.32   data arrival time
-----------------------------------------------------------------------------
                                  0.79   slack (MET)


Startpoint: _242_ (rising edge-triggered flip-flop clocked by clk)
Endpoint: _244_ (rising edge-triggered flip-flop clocked by clk)
Path Group: clk
Path Type: min
Corner: Typical

Fanout     Cap    Slew   Delay    Time   Description
-----------------------------------------------------------------------------
                          0.00    0.00   clock clk (rise edge)
                          0.00    0.00   clock source latency
                  0.07    0.05    0.05 ^ clk (in)
     1    0.01                           clk (net)
                  0.07    0.00    0.05 ^ clkbuf_0_clk/A (sky130_fd_sc_hd__clkbuf_16)
                  0.06    0.15    0.19 ^ clkbuf_0_clk/X (sky130_fd_sc_hd__clkbuf_16)
     4    0.04                           clknet_0_clk (net)
                  0.06    0.00    0.19 ^ clkbuf_2_3__f_clk/A (sky130_fd_sc_hd__clkbuf_16)
                  0.05    0.13    0.33 ^ clkbuf_2_3__f_clk/X (sky130_fd_sc_hd__clkbuf_16)
     9    0.03                           clknet_2_3__leaf_clk (net)
                  0.05    0.00    0.33 ^ _242_/CLK (sky130_fd_sc_hd__dfstp_1)
                  0.05    0.35    0.68 v _242_/Q (sky130_fd_sc_hd__dfstp_1)
     3    0.01                           tx_inst.state[0] (net)
                  0.05    0.00    0.68 v hold7/A (sky130_fd_sc_hd__dlygate4sd3_1)
                  0.08    0.55    1.23 v hold7/X (sky130_fd_sc_hd__dlygate4sd3_1)
     2    0.01                           net27 (net)
                  0.08    0.00    1.23 v _159_/A (sky130_fd_sc_hd__inv_2)
                  0.05    0.07    1.30 ^ _159_/Y (sky130_fd_sc_hd__inv_2)
     2    0.01                           _088_ (net)
                  0.05    0.00    1.30 ^ _176_/A (sky130_fd_sc_hd__nor2_1)
                  0.02    0.04    1.34 v _176_/Y (sky130_fd_sc_hd__nor2_1)
     1    0.00                           _002_ (net)
                  0.02    0.00    1.34 v _244_/D (sky130_fd_sc_hd__dfrtp_1)
                                  1.34   data arrival time

                          0.00    0.00   clock clk (rise edge)
                          0.00    0.00   clock source latency
                  0.07    0.05    0.05 ^ clk (in)
     1    0.01                           clk (net)
                  0.07    0.00    0.05 ^ clkbuf_0_clk/A (sky130_fd_sc_hd__clkbuf_16)
                  0.06    0.16    0.21 ^ clkbuf_0_clk/X (sky130_fd_sc_hd__clkbuf_16)
     4    0.04                           clknet_0_clk (net)
                  0.06    0.00    0.21 ^ clkbuf_2_3__f_clk/A (sky130_fd_sc_hd__clkbuf_16)
                  0.05    0.15    0.36 ^ clkbuf_2_3__f_clk/X (sky130_fd_sc_hd__clkbuf_16)
     9    0.03                           clknet_2_3__leaf_clk (net)
                  0.05    0.00    0.36 ^ _244_/CLK (sky130_fd_sc_hd__dfrtp_1)
                          0.25    0.61   clock uncertainty
                         -0.03    0.58   clock reconvergence pessimism
                         -0.04    0.54   library hold time
                                  0.54   data required time
-----------------------------------------------------------------------------
                                  0.54   data required time
                                 -1.34   data arrival time
-----------------------------------------------------------------------------
                                  0.80   slack (MET)


Startpoint: _243_ (rising edge-triggered flip-flop clocked by clk)
Endpoint: _243_ (rising edge-triggered flip-flop clocked by clk)
Path Group: clk
Path Type: min
Corner: Typical

Fanout     Cap    Slew   Delay    Time   Description
-----------------------------------------------------------------------------
                          0.00    0.00   clock clk (rise edge)
                          0.00    0.00   clock source latency
                  0.07    0.05    0.05 ^ clk (in)
     1    0.01                           clk (net)
                  0.07    0.00    0.05 ^ clkbuf_0_clk/A (sky130_fd_sc_hd__clkbuf_16)
                  0.06    0.15    0.19 ^ clkbuf_0_clk/X (sky130_fd_sc_hd__clkbuf_16)
     4    0.04                           clknet_0_clk (net)
                  0.06    0.00    0.19 ^ clkbuf_2_3__f_clk/A (sky130_fd_sc_hd__clkbuf_16)
                  0.05    0.13    0.33 ^ clkbuf_2_3__f_clk/X (sky130_fd_sc_hd__clkbuf_16)
     9    0.03                           clknet_2_3__leaf_clk (net)
                  0.05    0.00    0.33 ^ _243_/CLK (sky130_fd_sc_hd__dfrtp_4)
                  0.10    0.42    0.75 ^ _243_/Q (sky130_fd_sc_hd__dfrtp_4)
     8    0.02                           tx_inst.state[1] (net)
                  0.10    0.00    0.75 ^ _173_/A1 (sky130_fd_sc_hd__a21o_1)
                  0.03    0.11    0.86 ^ _173_/X (sky130_fd_sc_hd__a21o_1)
     1    0.00                           _007_ (net)
                  0.03    0.00    0.86 ^ hold2/A (sky130_fd_sc_hd__dlygate4sd3_1)
                  0.05    0.50    1.36 ^ hold2/X (sky130_fd_sc_hd__dlygate4sd3_1)
     1    0.00                           net22 (net)
                  0.05    0.00    1.36 ^ _243_/D (sky130_fd_sc_hd__dfrtp_4)
                                  1.36   data arrival time

                          0.00    0.00   clock clk (rise edge)
                          0.00    0.00   clock source latency
                  0.07    0.05    0.05 ^ clk (in)
     1    0.01                           clk (net)
                  0.07    0.00    0.05 ^ clkbuf_0_clk/A (sky130_fd_sc_hd__clkbuf_16)
                  0.06    0.16    0.21 ^ clkbuf_0_clk/X (sky130_fd_sc_hd__clkbuf_16)
     4    0.04                           clknet_0_clk (net)
                  0.06    0.00    0.21 ^ clkbuf_2_3__f_clk/A (sky130_fd_sc_hd__clkbuf_16)
                  0.05    0.15    0.36 ^ clkbuf_2_3__f_clk/X (sky130_fd_sc_hd__clkbuf_16)
     9    0.03                           clknet_2_3__leaf_clk (net)
                  0.05    0.00    0.36 ^ _243_/CLK (sky130_fd_sc_hd__dfrtp_4)
                          0.25    0.61   clock uncertainty
                         -0.03    0.58   clock reconvergence pessimism
                         -0.04    0.54   library hold time
                                  0.54   data required time
-----------------------------------------------------------------------------
                                  0.54   data required time
                                 -1.36   data arrival time
-----------------------------------------------------------------------------
                                  0.82   slack (MET)


Startpoint: _233_ (rising edge-triggered flip-flop clocked by clk)
Endpoint: _246_ (rising edge-triggered flip-flop clocked by clk)
Path Group: clk
Path Type: min
Corner: Typical

Fanout     Cap    Slew   Delay    Time   Description
-----------------------------------------------------------------------------
                          0.00    0.00   clock clk (rise edge)
                          0.00    0.00   clock source latency
                  0.07    0.05    0.05 ^ clk (in)
     1    0.01                           clk (net)
                  0.07    0.00    0.05 ^ clkbuf_0_clk/A (sky130_fd_sc_hd__clkbuf_16)
                  0.06    0.15    0.19 ^ clkbuf_0_clk/X (sky130_fd_sc_hd__clkbuf_16)
     4    0.04                           clknet_0_clk (net)
                  0.06    0.00    0.19 ^ clkbuf_2_2__f_clk/A (sky130_fd_sc_hd__clkbuf_16)
                  0.04    0.13    0.32 ^ clkbuf_2_2__f_clk/X (sky130_fd_sc_hd__clkbuf_16)
     6    0.02                           clknet_2_2__leaf_clk (net)
                  0.04    0.00    0.32 ^ _233_/CLK (sky130_fd_sc_hd__dfrtp_1)
                  0.14    0.37    0.69 ^ _233_/Q (sky130_fd_sc_hd__dfrtp_1)
     5    0.01                           rx_inst.state[3] (net)
                  0.14    0.00    0.69 ^ _150_/A1 (sky130_fd_sc_hd__o22a_1)
                  0.05    0.16    0.85 ^ _150_/X (sky130_fd_sc_hd__o22a_1)
     1    0.00                           _040_ (net)
                  0.05    0.00    0.85 ^ hold10/A (sky130_fd_sc_hd__dlygate4sd3_1)
                  0.07    0.53    1.38 ^ hold10/X (sky130_fd_sc_hd__dlygate4sd3_1)
     1    0.00                           net30 (net)
                  0.07    0.00    1.38 ^ _246_/D (sky130_fd_sc_hd__dfrtp_1)
                                  1.38   data arrival time

                          0.00    0.00   clock clk (rise edge)
                          0.00    0.00   clock source latency
                  0.07    0.05    0.05 ^ clk (in)
     1    0.01                           clk (net)
                  0.07    0.00    0.05 ^ clkbuf_0_clk/A (sky130_fd_sc_hd__clkbuf_16)
                  0.06    0.16    0.21 ^ clkbuf_0_clk/X (sky130_fd_sc_hd__clkbuf_16)
     4    0.04                           clknet_0_clk (net)
                  0.06    0.00    0.21 ^ clkbuf_2_0__f_clk/A (sky130_fd_sc_hd__clkbuf_16)
                  0.05    0.15    0.36 ^ clkbuf_2_0__f_clk/X (sky130_fd_sc_hd__clkbuf_16)
     9    0.03                           clknet_2_0__leaf_clk (net)
                  0.05    0.00    0.36 ^ _246_/CLK (sky130_fd_sc_hd__dfrtp_1)
                          0.25    0.61   clock uncertainty
                         -0.02    0.59   clock reconvergence pessimism
                         -0.04    0.55   library hold time
                                  0.55   data required time
-----------------------------------------------------------------------------
                                  0.55   data required time
                                 -1.38   data arrival time
-----------------------------------------------------------------------------
                                  0.83   slack (MET)


Startpoint: _235_ (rising edge-triggered flip-flop clocked by clk)
Endpoint: _236_ (rising edge-triggered flip-flop clocked by clk)
Path Group: clk
Path Type: min
Corner: Typical

Fanout     Cap    Slew   Delay    Time   Description
-----------------------------------------------------------------------------
                          0.00    0.00   clock clk (rise edge)
                          0.00    0.00   clock source latency
                  0.07    0.05    0.05 ^ clk (in)
     1    0.01                           clk (net)
                  0.07    0.00    0.05 ^ clkbuf_0_clk/A (sky130_fd_sc_hd__clkbuf_16)
                  0.06    0.15    0.19 ^ clkbuf_0_clk/X (sky130_fd_sc_hd__clkbuf_16)
     4    0.04                           clknet_0_clk (net)
                  0.06    0.00    0.19 ^ clkbuf_2_3__f_clk/A (sky130_fd_sc_hd__clkbuf_16)
                  0.05    0.13    0.33 ^ clkbuf_2_3__f_clk/X (sky130_fd_sc_hd__clkbuf_16)
     9    0.03                           clknet_2_3__leaf_clk (net)
                  0.05    0.00    0.33 ^ _235_/CLK (sky130_fd_sc_hd__dfrtp_4)
                  0.10    0.42    0.75 ^ _235_/Q (sky130_fd_sc_hd__dfrtp_4)
     7    0.02                           tx_inst.bit_count[1] (net)
                  0.10    0.00    0.75 ^ _162_/A1 (sky130_fd_sc_hd__a32o_1)
                  0.04    0.15    0.89 ^ _162_/X (sky130_fd_sc_hd__a32o_1)
     1    0.00                           _035_ (net)
                  0.04    0.00    0.89 ^ hold15/A (sky130_fd_sc_hd__dlygate4sd3_1)
                  0.05    0.50    1.40 ^ hold15/X (sky130_fd_sc_hd__dlygate4sd3_1)
     1    0.00                           net35 (net)
                  0.05    0.00    1.40 ^ _236_/D (sky130_fd_sc_hd__dfrtp_1)
                                  1.40   data arrival time

                          0.00    0.00   clock clk (rise edge)
                          0.00    0.00   clock source latency
                  0.07    0.05    0.05 ^ clk (in)
     1    0.01                           clk (net)
                  0.07    0.00    0.05 ^ clkbuf_0_clk/A (sky130_fd_sc_hd__clkbuf_16)
                  0.06    0.16    0.21 ^ clkbuf_0_clk/X (sky130_fd_sc_hd__clkbuf_16)
     4    0.04                           clknet_0_clk (net)
                  0.06    0.00    0.21 ^ clkbuf_2_3__f_clk/A (sky130_fd_sc_hd__clkbuf_16)
                  0.05    0.15    0.36 ^ clkbuf_2_3__f_clk/X (sky130_fd_sc_hd__clkbuf_16)
     9    0.03                           clknet_2_3__leaf_clk (net)
                  0.05    0.00    0.36 ^ _236_/CLK (sky130_fd_sc_hd__dfrtp_1)
                          0.25    0.61   clock uncertainty
                         -0.03    0.58   clock reconvergence pessimism
                         -0.04    0.54   library hold time
                                  0.54   data required time
-----------------------------------------------------------------------------
                                  0.54   data required time
                                 -1.40   data arrival time
-----------------------------------------------------------------------------
                                  0.86   slack (MET)


Startpoint: _243_ (rising edge-triggered flip-flop clocked by clk)
Endpoint: _234_ (rising edge-triggered flip-flop clocked by clk)
Path Group: clk
Path Type: min
Corner: Typical

Fanout     Cap    Slew   Delay    Time   Description
-----------------------------------------------------------------------------
                          0.00    0.00   clock clk (rise edge)
                          0.00    0.00   clock source latency
                  0.07    0.05    0.05 ^ clk (in)
     1    0.01                           clk (net)
                  0.07    0.00    0.05 ^ clkbuf_0_clk/A (sky130_fd_sc_hd__clkbuf_16)
                  0.06    0.15    0.19 ^ clkbuf_0_clk/X (sky130_fd_sc_hd__clkbuf_16)
     4    0.04                           clknet_0_clk (net)
                  0.06    0.00    0.19 ^ clkbuf_2_3__f_clk/A (sky130_fd_sc_hd__clkbuf_16)
                  0.05    0.13    0.33 ^ clkbuf_2_3__f_clk/X (sky130_fd_sc_hd__clkbuf_16)
     9    0.03                           clknet_2_3__leaf_clk (net)
                  0.05    0.00    0.33 ^ _243_/CLK (sky130_fd_sc_hd__dfrtp_4)
                  0.10    0.42    0.75 ^ _243_/Q (sky130_fd_sc_hd__dfrtp_4)
     8    0.02                           tx_inst.state[1] (net)
                  0.10    0.00    0.75 ^ _168_/B (sky130_fd_sc_hd__nor2_1)
                  0.04    0.05    0.80 v _168_/Y (sky130_fd_sc_hd__nor2_1)
     1    0.00                           _094_ (net)
                  0.04    0.00    0.80 v _169_/B1 (sky130_fd_sc_hd__a21oi_1)
                  0.08    0.09    0.90 ^ _169_/Y (sky130_fd_sc_hd__a21oi_1)
     1    0.00                           _033_ (net)
                  0.08    0.00    0.90 ^ hold28/A (sky130_fd_sc_hd__dlygate4sd3_1)
                  0.05    0.51    1.41 ^ hold28/X (sky130_fd_sc_hd__dlygate4sd3_1)
     1    0.00                           net48 (net)
                  0.05    0.00    1.41 ^ _234_/D (sky130_fd_sc_hd__dfrtp_4)
                                  1.41   data arrival time

                          0.00    0.00   clock clk (rise edge)
                          0.00    0.00   clock source latency
                  0.07    0.05    0.05 ^ clk (in)
     1    0.01                           clk (net)
                  0.07    0.00    0.05 ^ clkbuf_0_clk/A (sky130_fd_sc_hd__clkbuf_16)
                  0.06    0.16    0.21 ^ clkbuf_0_clk/X (sky130_fd_sc_hd__clkbuf_16)
     4    0.04                           clknet_0_clk (net)
                  0.06    0.00    0.21 ^ clkbuf_2_3__f_clk/A (sky130_fd_sc_hd__clkbuf_16)
                  0.05    0.15    0.36 ^ clkbuf_2_3__f_clk/X (sky130_fd_sc_hd__clkbuf_16)
     9    0.03                           clknet_2_3__leaf_clk (net)
                  0.05    0.00    0.36 ^ _234_/CLK (sky130_fd_sc_hd__dfrtp_4)
                          0.25    0.61   clock uncertainty
                         -0.03    0.58   clock reconvergence pessimism
                         -0.04    0.54   library hold time
                                  0.54   data required time
-----------------------------------------------------------------------------
                                  0.54   data required time
                                 -1.41   data arrival time
-----------------------------------------------------------------------------
                                  0.87   slack (MET)


Startpoint: reset (input port clocked by clk)
Endpoint: _253_ (removal check against rising-edge clock clk)
Path Group: asynchronous
Path Type: min
Corner: Typical

Fanout     Cap    Slew   Delay    Time   Description
-----------------------------------------------------------------------------
                          0.00    0.00   clock clk (rise edge)
                          0.00    0.00   clock network delay (propagated)
                          4.00    4.00 v input external delay
                  0.01    0.01    4.01 v reset (in)
     1    0.00                           reset (net)
                  0.01    0.00    4.01 v input1/A (sky130_fd_sc_hd__clkbuf_4)
                  0.09    0.17    4.17 v input1/X (sky130_fd_sc_hd__clkbuf_4)
     7    0.04                           net1 (net)
                  0.09    0.00    4.18 v _210_/A (sky130_fd_sc_hd__inv_2)
                  0.04    0.06    4.24 ^ _210_/Y (sky130_fd_sc_hd__inv_2)
     1    0.00                           _031_ (net)
                  0.04    0.00    4.24 ^ _253_/RESET_B (sky130_fd_sc_hd__dfrtp_1)
                                  4.24   data arrival time

                          0.00    0.00   clock clk (rise edge)
                          0.00    0.00   clock source latency
                  0.07    0.05    0.05 ^ clk (in)
     1    0.01                           clk (net)
                  0.07    0.00    0.05 ^ clkbuf_0_clk/A (sky130_fd_sc_hd__clkbuf_16)
                  0.06    0.16    0.21 ^ clkbuf_0_clk/X (sky130_fd_sc_hd__clkbuf_16)
     4    0.04                           clknet_0_clk (net)
                  0.06    0.00    0.21 ^ clkbuf_2_3__f_clk/A (sky130_fd_sc_hd__clkbuf_16)
                  0.05    0.15    0.36 ^ clkbuf_2_3__f_clk/X (sky130_fd_sc_hd__clkbuf_16)
     9    0.03                           clknet_2_3__leaf_clk (net)
                  0.05    0.00    0.36 ^ _253_/CLK (sky130_fd_sc_hd__dfrtp_1)
                          0.25    0.61   clock uncertainty
                          0.00    0.61   clock reconvergence pessimism
                          0.32    0.93   library removal time
                                  0.93   data required time
-----------------------------------------------------------------------------
                                  0.93   data required time
                                 -4.24   data arrival time
-----------------------------------------------------------------------------
                                  3.31   slack (MET)


Startpoint: reset (input port clocked by clk)
Endpoint: _252_ (removal check against rising-edge clock clk)
Path Group: asynchronous
Path Type: min
Corner: Typical

Fanout     Cap    Slew   Delay    Time   Description
-----------------------------------------------------------------------------
                          0.00    0.00   clock clk (rise edge)
                          0.00    0.00   clock network delay (propagated)
                          4.00    4.00 v input external delay
                  0.01    0.01    4.01 v reset (in)
     1    0.00                           reset (net)
                  0.01    0.00    4.01 v input1/A (sky130_fd_sc_hd__clkbuf_4)
                  0.09    0.17    4.17 v input1/X (sky130_fd_sc_hd__clkbuf_4)
     7    0.04                           net1 (net)
                  0.09    0.00    4.18 v _209_/A (sky130_fd_sc_hd__inv_2)
                  0.04    0.06    4.24 ^ _209_/Y (sky130_fd_sc_hd__inv_2)
     1    0.00                           _030_ (net)
                  0.04    0.00    4.24 ^ _252_/RESET_B (sky130_fd_sc_hd__dfrtp_1)
                                  4.24   data arrival time

                          0.00    0.00   clock clk (rise edge)
                          0.00    0.00   clock source latency
                  0.07    0.05    0.05 ^ clk (in)
     1    0.01                           clk (net)
                  0.07    0.00    0.05 ^ clkbuf_0_clk/A (sky130_fd_sc_hd__clkbuf_16)
                  0.06    0.16    0.21 ^ clkbuf_0_clk/X (sky130_fd_sc_hd__clkbuf_16)
     4    0.04                           clknet_0_clk (net)
                  0.06    0.00    0.21 ^ clkbuf_2_0__f_clk/A (sky130_fd_sc_hd__clkbuf_16)
                  0.05    0.15    0.36 ^ clkbuf_2_0__f_clk/X (sky130_fd_sc_hd__clkbuf_16)
     9    0.03                           clknet_2_0__leaf_clk (net)
                  0.05    0.00    0.36 ^ _252_/CLK (sky130_fd_sc_hd__dfrtp_1)
                          0.25    0.61   clock uncertainty
                          0.00    0.61   clock reconvergence pessimism
                          0.32    0.93   library removal time
                                  0.93   data required time
-----------------------------------------------------------------------------
                                  0.93   data required time
                                 -4.24   data arrival time
-----------------------------------------------------------------------------
                                  3.31   slack (MET)


Startpoint: reset (input port clocked by clk)
Endpoint: _254_ (removal check against rising-edge clock clk)
Path Group: asynchronous
Path Type: min
Corner: Typical

Fanout     Cap    Slew   Delay    Time   Description
-----------------------------------------------------------------------------
                          0.00    0.00   clock clk (rise edge)
                          0.00    0.00   clock network delay (propagated)
                          4.00    4.00 v input external delay
                  0.01    0.01    4.01 v reset (in)
     1    0.00                           reset (net)
                  0.01    0.00    4.01 v input1/A (sky130_fd_sc_hd__clkbuf_4)
                  0.09    0.17    4.17 v input1/X (sky130_fd_sc_hd__clkbuf_4)
     7    0.04                           net1 (net)
                  0.09    0.00    4.18 v _211_/A (sky130_fd_sc_hd__inv_2)
                  0.04    0.06    4.24 ^ _211_/Y (sky130_fd_sc_hd__inv_2)
     1    0.01                           _032_ (net)
                  0.04    0.00    4.24 ^ _254_/RESET_B (sky130_fd_sc_hd__dfrtp_1)
                                  4.24   data arrival time

                          0.00    0.00   clock clk (rise edge)
                          0.00    0.00   clock source latency
                  0.07    0.05    0.05 ^ clk (in)
     1    0.01                           clk (net)
                  0.07    0.00    0.05 ^ clkbuf_0_clk/A (sky130_fd_sc_hd__clkbuf_16)
                  0.06    0.16    0.21 ^ clkbuf_0_clk/X (sky130_fd_sc_hd__clkbuf_16)
     4    0.04                           clknet_0_clk (net)
                  0.06    0.00    0.21 ^ clkbuf_2_0__f_clk/A (sky130_fd_sc_hd__clkbuf_16)
                  0.05    0.15    0.36 ^ clkbuf_2_0__f_clk/X (sky130_fd_sc_hd__clkbuf_16)
     9    0.03                           clknet_2_0__leaf_clk (net)
                  0.05    0.00    0.36 ^ _254_/CLK (sky130_fd_sc_hd__dfrtp_1)
                          0.25    0.61   clock uncertainty
                          0.00    0.61   clock reconvergence pessimism
                          0.32    0.93   library removal time
                                  0.93   data required time
-----------------------------------------------------------------------------
                                  0.93   data required time
                                 -4.24   data arrival time
-----------------------------------------------------------------------------
                                  3.31   slack (MET)


Startpoint: reset (input port clocked by clk)
Endpoint: _251_ (removal check against rising-edge clock clk)
Path Group: asynchronous
Path Type: min
Corner: Typical

Fanout     Cap    Slew   Delay    Time   Description
-----------------------------------------------------------------------------
                          0.00    0.00   clock clk (rise edge)
                          0.00    0.00   clock network delay (propagated)
                          4.00    4.00 v input external delay
                  0.01    0.01    4.01 v reset (in)
     1    0.00                           reset (net)
                  0.01    0.00    4.01 v input1/A (sky130_fd_sc_hd__clkbuf_4)
                  0.09    0.17    4.17 v input1/X (sky130_fd_sc_hd__clkbuf_4)
     7    0.04                           net1 (net)
                  0.09    0.00    4.18 v _208_/A (sky130_fd_sc_hd__inv_2)
                  0.04    0.06    4.24 ^ _208_/Y (sky130_fd_sc_hd__inv_2)
     1    0.01                           _029_ (net)
                  0.04    0.00    4.24 ^ _251_/RESET_B (sky130_fd_sc_hd__dfrtp_1)
                                  4.24   data arrival time

                          0.00    0.00   clock clk (rise edge)
                          0.00    0.00   clock source latency
                  0.07    0.05    0.05 ^ clk (in)
     1    0.01                           clk (net)
                  0.07    0.00    0.05 ^ clkbuf_0_clk/A (sky130_fd_sc_hd__clkbuf_16)
                  0.06    0.16    0.21 ^ clkbuf_0_clk/X (sky130_fd_sc_hd__clkbuf_16)
     4    0.04                           clknet_0_clk (net)
                  0.06    0.00    0.21 ^ clkbuf_2_2__f_clk/A (sky130_fd_sc_hd__clkbuf_16)
                  0.04    0.14    0.35 ^ clkbuf_2_2__f_clk/X (sky130_fd_sc_hd__clkbuf_16)
     6    0.02                           clknet_2_2__leaf_clk (net)
                  0.04    0.00    0.35 ^ _251_/CLK (sky130_fd_sc_hd__dfrtp_1)
                          0.25    0.60   clock uncertainty
                          0.00    0.60   clock reconvergence pessimism
                          0.32    0.92   library removal time
                                  0.92   data required time
-----------------------------------------------------------------------------
                                  0.92   data required time
                                 -4.24   data arrival time
-----------------------------------------------------------------------------
                                  3.32   slack (MET)


Startpoint: reset (input port clocked by clk)
Endpoint: _230_ (removal check against rising-edge clock clk)
Path Group: asynchronous
Path Type: min
Corner: Typical

Fanout     Cap    Slew   Delay    Time   Description
-----------------------------------------------------------------------------
                          0.00    0.00   clock clk (rise edge)
                          0.00    0.00   clock network delay (propagated)
                          4.00    4.00 v input external delay
                  0.01    0.01    4.01 v reset (in)
     1    0.00                           reset (net)
                  0.01    0.00    4.01 v input1/A (sky130_fd_sc_hd__clkbuf_4)
                  0.09    0.17    4.17 v input1/X (sky130_fd_sc_hd__clkbuf_4)
     7    0.04                           net1 (net)
                  0.09    0.00    4.18 v _185_/A (sky130_fd_sc_hd__inv_2)
                  0.05    0.07    4.25 ^ _185_/Y (sky130_fd_sc_hd__inv_2)
     2    0.01                           _008_ (net)
                  0.05    0.00    4.25 ^ _230_/SET_B (sky130_fd_sc_hd__dfstp_1)
                                  4.25   data arrival time

                          0.00    0.00   clock clk (rise edge)
                          0.00    0.00   clock source latency
                  0.07    0.05    0.05 ^ clk (in)
     1    0.01                           clk (net)
                  0.07    0.00    0.05 ^ clkbuf_0_clk/A (sky130_fd_sc_hd__clkbuf_16)
                  0.06    0.16    0.21 ^ clkbuf_0_clk/X (sky130_fd_sc_hd__clkbuf_16)
     4    0.04                           clknet_0_clk (net)
                  0.06    0.00    0.21 ^ clkbuf_2_2__f_clk/A (sky130_fd_sc_hd__clkbuf_16)
                  0.04    0.14    0.35 ^ clkbuf_2_2__f_clk/X (sky130_fd_sc_hd__clkbuf_16)
     6    0.02                           clknet_2_2__leaf_clk (net)
                  0.04    0.00    0.35 ^ _230_/CLK (sky130_fd_sc_hd__dfstp_1)
                          0.25    0.60   clock uncertainty
                          0.00    0.60   clock reconvergence pessimism
                          0.15    0.76   library removal time
                                  0.76   data required time
-----------------------------------------------------------------------------
                                  0.76   data required time
                                 -4.25   data arrival time
-----------------------------------------------------------------------------
                                  3.49   slack (MET)


Startpoint: reset (input port clocked by clk)
Endpoint: _250_ (removal check against rising-edge clock clk)
Path Group: asynchronous
Path Type: min
Corner: Typical

Fanout     Cap    Slew   Delay    Time   Description
-----------------------------------------------------------------------------
                          0.00    0.00   clock clk (rise edge)
                          0.00    0.00   clock network delay (propagated)
                          4.00    4.00 v input external delay
                  0.01    0.01    4.01 v reset (in)
     1    0.00                           reset (net)
                  0.01    0.00    4.01 v input1/A (sky130_fd_sc_hd__clkbuf_4)
                  0.09    0.17    4.17 v input1/X (sky130_fd_sc_hd__clkbuf_4)
     7    0.04                           net1 (net)
                  0.09    0.00    4.18 v _197_/A (sky130_fd_sc_hd__buf_4)
                  0.09    0.21    4.38 v _197_/X (sky130_fd_sc_hd__buf_4)
    10    0.06                           _103_ (net)
                  0.09    0.00    4.38 v _207_/A (sky130_fd_sc_hd__inv_2)
                  0.03    0.06    4.44 ^ _207_/Y (sky130_fd_sc_hd__inv_2)
     1    0.00                           _028_ (net)
                  0.03    0.00    4.44 ^ _250_/RESET_B (sky130_fd_sc_hd__dfrtp_1)
                                  4.44   data arrival time

                          0.00    0.00   clock clk (rise edge)
                          0.00    0.00   clock source latency
                  0.07    0.05    0.05 ^ clk (in)
     1    0.01                           clk (net)
                  0.07    0.00    0.05 ^ clkbuf_0_clk/A (sky130_fd_sc_hd__clkbuf_16)
                  0.06    0.16    0.21 ^ clkbuf_0_clk/X (sky130_fd_sc_hd__clkbuf_16)
     4    0.04                           clknet_0_clk (net)
                  0.06    0.00    0.21 ^ clkbuf_2_0__f_clk/A (sky130_fd_sc_hd__clkbuf_16)
                  0.05    0.15    0.36 ^ clkbuf_2_0__f_clk/X (sky130_fd_sc_hd__clkbuf_16)
     9    0.03                           clknet_2_0__leaf_clk (net)
                  0.05    0.00    0.36 ^ _250_/CLK (sky130_fd_sc_hd__dfrtp_1)
                          0.25    0.61   clock uncertainty
                          0.00    0.61   clock reconvergence pessimism
                          0.32    0.93   library removal time
                                  0.93   data required time
-----------------------------------------------------------------------------
                                  0.93   data required time
                                 -4.44   data arrival time
-----------------------------------------------------------------------------
                                  3.51   slack (MET)


Startpoint: reset (input port clocked by clk)
Endpoint: _249_ (removal check against rising-edge clock clk)
Path Group: asynchronous
Path Type: min
Corner: Typical

Fanout     Cap    Slew   Delay    Time   Description
-----------------------------------------------------------------------------
                          0.00    0.00   clock clk (rise edge)
                          0.00    0.00   clock network delay (propagated)
                          4.00    4.00 v input external delay
                  0.01    0.01    4.01 v reset (in)
     1    0.00                           reset (net)
                  0.01    0.00    4.01 v input1/A (sky130_fd_sc_hd__clkbuf_4)
                  0.09    0.17    4.17 v input1/X (sky130_fd_sc_hd__clkbuf_4)
     7    0.04                           net1 (net)
                  0.09    0.00    4.18 v _197_/A (sky130_fd_sc_hd__buf_4)
                  0.09    0.21    4.38 v _197_/X (sky130_fd_sc_hd__buf_4)
    10    0.06                           _103_ (net)
                  0.09    0.00    4.38 v _206_/A (sky130_fd_sc_hd__inv_2)
                  0.03    0.06    4.44 ^ _206_/Y (sky130_fd_sc_hd__inv_2)
     1    0.00                           _027_ (net)
                  0.03    0.00    4.44 ^ _249_/RESET_B (sky130_fd_sc_hd__dfrtp_1)
                                  4.44   data arrival time

                          0.00    0.00   clock clk (rise edge)
                          0.00    0.00   clock source latency
                  0.07    0.05    0.05 ^ clk (in)
     1    0.01                           clk (net)
                  0.07    0.00    0.05 ^ clkbuf_0_clk/A (sky130_fd_sc_hd__clkbuf_16)
                  0.06    0.16    0.21 ^ clkbuf_0_clk/X (sky130_fd_sc_hd__clkbuf_16)
     4    0.04                           clknet_0_clk (net)
                  0.06    0.00    0.21 ^ clkbuf_2_0__f_clk/A (sky130_fd_sc_hd__clkbuf_16)
                  0.05    0.15    0.36 ^ clkbuf_2_0__f_clk/X (sky130_fd_sc_hd__clkbuf_16)
     9    0.03                           clknet_2_0__leaf_clk (net)
                  0.05    0.00    0.36 ^ _249_/CLK (sky130_fd_sc_hd__dfrtp_1)
                          0.25    0.61   clock uncertainty
                          0.00    0.61   clock reconvergence pessimism
                          0.32    0.93   library removal time
                                  0.93   data required time
-----------------------------------------------------------------------------
                                  0.93   data required time
                                 -4.44   data arrival time
-----------------------------------------------------------------------------
                                  3.51   slack (MET)


Startpoint: reset (input port clocked by clk)
Endpoint: _241_ (removal check against rising-edge clock clk)
Path Group: asynchronous
Path Type: min
Corner: Typical

Fanout     Cap    Slew   Delay    Time   Description
-----------------------------------------------------------------------------
                          0.00    0.00   clock clk (rise edge)
                          0.00    0.00   clock network delay (propagated)
                          4.00    4.00 v input external delay
                  0.01    0.01    4.01 v reset (in)
     1    0.00                           reset (net)
                  0.01    0.00    4.01 v input1/A (sky130_fd_sc_hd__clkbuf_4)
                  0.09    0.17    4.17 v input1/X (sky130_fd_sc_hd__clkbuf_4)
     7    0.04                           net1 (net)
                  0.09    0.00    4.18 v _197_/A (sky130_fd_sc_hd__buf_4)
                  0.09    0.21    4.38 v _197_/X (sky130_fd_sc_hd__buf_4)
    10    0.06                           _103_ (net)
                  0.09    0.00    4.38 v _198_/A (sky130_fd_sc_hd__inv_2)
                  0.04    0.06    4.44 ^ _198_/Y (sky130_fd_sc_hd__inv_2)
     1    0.00                           _019_ (net)
                  0.04    0.00    4.44 ^ _241_/RESET_B (sky130_fd_sc_hd__dfrtp_4)
                                  4.44   data arrival time

                          0.00    0.00   clock clk (rise edge)
                          0.00    0.00   clock source latency
                  0.07    0.05    0.05 ^ clk (in)
     1    0.01                           clk (net)
                  0.07    0.00    0.05 ^ clkbuf_0_clk/A (sky130_fd_sc_hd__clkbuf_16)
                  0.06    0.16    0.21 ^ clkbuf_0_clk/X (sky130_fd_sc_hd__clkbuf_16)
     4    0.04                           clknet_0_clk (net)
                  0.06    0.00    0.21 ^ clkbuf_2_0__f_clk/A (sky130_fd_sc_hd__clkbuf_16)
                  0.05    0.15    0.36 ^ clkbuf_2_0__f_clk/X (sky130_fd_sc_hd__clkbuf_16)
     9    0.03                           clknet_2_0__leaf_clk (net)
                  0.05    0.00    0.36 ^ _241_/CLK (sky130_fd_sc_hd__dfrtp_4)
                          0.25    0.61   clock uncertainty
                          0.00    0.61   clock reconvergence pessimism
                          0.32    0.93   library removal time
                                  0.93   data required time
-----------------------------------------------------------------------------
                                  0.93   data required time
                                 -4.44   data arrival time
-----------------------------------------------------------------------------
                                  3.51   slack (MET)


Startpoint: reset (input port clocked by clk)
Endpoint: _245_ (removal check against rising-edge clock clk)
Path Group: asynchronous
Path Type: min
Corner: Typical

Fanout     Cap    Slew   Delay    Time   Description
-----------------------------------------------------------------------------
                          0.00    0.00   clock clk (rise edge)
                          0.00    0.00   clock network delay (propagated)
                          4.00    4.00 v input external delay
                  0.01    0.01    4.01 v reset (in)
     1    0.00                           reset (net)
                  0.01    0.00    4.01 v input1/A (sky130_fd_sc_hd__clkbuf_4)
                  0.09    0.17    4.17 v input1/X (sky130_fd_sc_hd__clkbuf_4)
     7    0.04                           net1 (net)
                  0.09    0.00    4.18 v _197_/A (sky130_fd_sc_hd__buf_4)
                  0.09    0.21    4.38 v _197_/X (sky130_fd_sc_hd__buf_4)
    10    0.06                           _103_ (net)
                  0.09    0.00    4.39 v _202_/A (sky130_fd_sc_hd__inv_2)
                  0.03    0.06    4.44 ^ _202_/Y (sky130_fd_sc_hd__inv_2)
     1    0.00                           _023_ (net)
                  0.03    0.00    4.44 ^ _245_/RESET_B (sky130_fd_sc_hd__dfrtp_1)
                                  4.44   data arrival time

                          0.00    0.00   clock clk (rise edge)
                          0.00    0.00   clock source latency
                  0.07    0.05    0.05 ^ clk (in)
     1    0.01                           clk (net)
                  0.07    0.00    0.05 ^ clkbuf_0_clk/A (sky130_fd_sc_hd__clkbuf_16)
                  0.06    0.16    0.21 ^ clkbuf_0_clk/X (sky130_fd_sc_hd__clkbuf_16)
     4    0.04                           clknet_0_clk (net)
                  0.06    0.00    0.21 ^ clkbuf_2_3__f_clk/A (sky130_fd_sc_hd__clkbuf_16)
                  0.05    0.15    0.36 ^ clkbuf_2_3__f_clk/X (sky130_fd_sc_hd__clkbuf_16)
     9    0.03                           clknet_2_3__leaf_clk (net)
                  0.05    0.00    0.36 ^ _245_/CLK (sky130_fd_sc_hd__dfrtp_1)
                          0.25    0.61   clock uncertainty
                          0.00    0.61   clock reconvergence pessimism
                          0.32    0.93   library removal time
                                  0.93   data required time
-----------------------------------------------------------------------------
                                  0.93   data required time
                                 -4.44   data arrival time
-----------------------------------------------------------------------------
                                  3.51   slack (MET)


Startpoint: reset (input port clocked by clk)
Endpoint: _236_ (removal check against rising-edge clock clk)
Path Group: asynchronous
Path Type: min
Corner: Typical

Fanout     Cap    Slew   Delay    Time   Description
-----------------------------------------------------------------------------
                          0.00    0.00   clock clk (rise edge)
                          0.00    0.00   clock network delay (propagated)
                          4.00    4.00 v input external delay
                  0.01    0.01    4.01 v reset (in)
     1    0.00                           reset (net)
                  0.01    0.00    4.01 v input1/A (sky130_fd_sc_hd__clkbuf_4)
                  0.09    0.17    4.17 v input1/X (sky130_fd_sc_hd__clkbuf_4)
     7    0.04                           net1 (net)
                  0.09    0.00    4.18 v _186_/A (sky130_fd_sc_hd__buf_4)
                  0.09    0.21    4.38 v _186_/X (sky130_fd_sc_hd__buf_4)
    10    0.06                           _102_ (net)
                  0.09    0.00    4.38 v _192_/A (sky130_fd_sc_hd__inv_2)
                  0.04    0.06    4.44 ^ _192_/Y (sky130_fd_sc_hd__inv_2)
     1    0.00                           _014_ (net)
                  0.04    0.00    4.44 ^ _236_/RESET_B (sky130_fd_sc_hd__dfrtp_1)
                                  4.44   data arrival time

                          0.00    0.00   clock clk (rise edge)
                          0.00    0.00   clock source latency
                  0.07    0.05    0.05 ^ clk (in)
     1    0.01                           clk (net)
                  0.07    0.00    0.05 ^ clkbuf_0_clk/A (sky130_fd_sc_hd__clkbuf_16)
                  0.06    0.16    0.21 ^ clkbuf_0_clk/X (sky130_fd_sc_hd__clkbuf_16)
     4    0.04                           clknet_0_clk (net)
                  0.06    0.00    0.21 ^ clkbuf_2_3__f_clk/A (sky130_fd_sc_hd__clkbuf_16)
                  0.05    0.15    0.36 ^ clkbuf_2_3__f_clk/X (sky130_fd_sc_hd__clkbuf_16)
     9    0.03                           clknet_2_3__leaf_clk (net)
                  0.05    0.00    0.36 ^ _236_/CLK (sky130_fd_sc_hd__dfrtp_1)
                          0.25    0.61   clock uncertainty
                          0.00    0.61   clock reconvergence pessimism
                          0.32    0.93   library removal time
                                  0.93   data required time
-----------------------------------------------------------------------------
                                  0.93   data required time
                                 -4.44   data arrival time
-----------------------------------------------------------------------------
                                  3.51   slack (MET)


Startpoint: reset (input port clocked by clk)
Endpoint: _243_ (removal check against rising-edge clock clk)
Path Group: asynchronous
Path Type: min
Corner: Typical

Fanout     Cap    Slew   Delay    Time   Description
-----------------------------------------------------------------------------
                          0.00    0.00   clock clk (rise edge)
                          0.00    0.00   clock network delay (propagated)
                          4.00    4.00 v input external delay
                  0.01    0.01    4.01 v reset (in)
     1    0.00                           reset (net)
                  0.01    0.00    4.01 v input1/A (sky130_fd_sc_hd__clkbuf_4)
                  0.09    0.17    4.17 v input1/X (sky130_fd_sc_hd__clkbuf_4)
     7    0.04                           net1 (net)
                  0.09    0.00    4.18 v _197_/A (sky130_fd_sc_hd__buf_4)
                  0.09    0.21    4.38 v _197_/X (sky130_fd_sc_hd__buf_4)
    10    0.06                           _103_ (net)
                  0.09    0.00    4.39 v _200_/A (sky130_fd_sc_hd__inv_2)
                  0.03    0.06    4.44 ^ _200_/Y (sky130_fd_sc_hd__inv_2)
     1    0.00                           _021_ (net)
                  0.03    0.00    4.44 ^ _243_/RESET_B (sky130_fd_sc_hd__dfrtp_4)
                                  4.44   data arrival time

                          0.00    0.00   clock clk (rise edge)
                          0.00    0.00   clock source latency
                  0.07    0.05    0.05 ^ clk (in)
     1    0.01                           clk (net)
                  0.07    0.00    0.05 ^ clkbuf_0_clk/A (sky130_fd_sc_hd__clkbuf_16)
                  0.06    0.16    0.21 ^ clkbuf_0_clk/X (sky130_fd_sc_hd__clkbuf_16)
     4    0.04                           clknet_0_clk (net)
                  0.06    0.00    0.21 ^ clkbuf_2_3__f_clk/A (sky130_fd_sc_hd__clkbuf_16)
                  0.05    0.15    0.36 ^ clkbuf_2_3__f_clk/X (sky130_fd_sc_hd__clkbuf_16)
     9    0.03                           clknet_2_3__leaf_clk (net)
                  0.05    0.00    0.36 ^ _243_/CLK (sky130_fd_sc_hd__dfrtp_4)
                          0.25    0.61   clock uncertainty
                          0.00    0.61   clock reconvergence pessimism
                          0.32    0.93   library removal time
                                  0.93   data required time
-----------------------------------------------------------------------------
                                  0.93   data required time
                                 -4.44   data arrival time
-----------------------------------------------------------------------------
                                  3.51   slack (MET)


Startpoint: reset (input port clocked by clk)
Endpoint: _248_ (removal check against rising-edge clock clk)
Path Group: asynchronous
Path Type: min
Corner: Typical

Fanout     Cap    Slew   Delay    Time   Description
-----------------------------------------------------------------------------
                          0.00    0.00   clock clk (rise edge)
                          0.00    0.00   clock network delay (propagated)
                          4.00    4.00 v input external delay
                  0.01    0.01    4.01 v reset (in)
     1    0.00                           reset (net)
                  0.01    0.00    4.01 v input1/A (sky130_fd_sc_hd__clkbuf_4)
                  0.09    0.17    4.17 v input1/X (sky130_fd_sc_hd__clkbuf_4)
     7    0.04                           net1 (net)
                  0.09    0.00    4.18 v _197_/A (sky130_fd_sc_hd__buf_4)
                  0.09    0.21    4.38 v _197_/X (sky130_fd_sc_hd__buf_4)
    10    0.06                           _103_ (net)
                  0.09    0.00    4.38 v _205_/A (sky130_fd_sc_hd__inv_2)
                  0.03    0.06    4.44 ^ _205_/Y (sky130_fd_sc_hd__inv_2)
     1    0.00                           _026_ (net)
                  0.03    0.00    4.44 ^ _248_/RESET_B (sky130_fd_sc_hd__dfrtp_1)
                                  4.44   data arrival time

                          0.00    0.00   clock clk (rise edge)
                          0.00    0.00   clock source latency
                  0.07    0.05    0.05 ^ clk (in)
     1    0.01                           clk (net)
                  0.07    0.00    0.05 ^ clkbuf_0_clk/A (sky130_fd_sc_hd__clkbuf_16)
                  0.06    0.16    0.21 ^ clkbuf_0_clk/X (sky130_fd_sc_hd__clkbuf_16)
     4    0.04                           clknet_0_clk (net)
                  0.06    0.00    0.21 ^ clkbuf_2_1__f_clk/A (sky130_fd_sc_hd__clkbuf_16)
                  0.05    0.14    0.36 ^ clkbuf_2_1__f_clk/X (sky130_fd_sc_hd__clkbuf_16)
     9    0.03                           clknet_2_1__leaf_clk (net)
                  0.05    0.00    0.36 ^ _248_/CLK (sky130_fd_sc_hd__dfrtp_1)
                          0.25    0.61   clock uncertainty
                          0.00    0.61   clock reconvergence pessimism
                          0.32    0.93   library removal time
                                  0.93   data required time
-----------------------------------------------------------------------------
                                  0.93   data required time
                                 -4.44   data arrival time
-----------------------------------------------------------------------------
                                  3.51   slack (MET)


Startpoint: reset (input port clocked by clk)
Endpoint: _240_ (removal check against rising-edge clock clk)
Path Group: asynchronous
Path Type: min
Corner: Typical

Fanout     Cap    Slew   Delay    Time   Description
-----------------------------------------------------------------------------
                          0.00    0.00   clock clk (rise edge)
                          0.00    0.00   clock network delay (propagated)
                          4.00    4.00 v input external delay
                  0.01    0.01    4.01 v reset (in)
     1    0.00                           reset (net)
                  0.01    0.00    4.01 v input1/A (sky130_fd_sc_hd__clkbuf_4)
                  0.09    0.17    4.17 v input1/X (sky130_fd_sc_hd__clkbuf_4)
     7    0.04                           net1 (net)
                  0.09    0.00    4.18 v _186_/A (sky130_fd_sc_hd__buf_4)
                  0.09    0.21    4.38 v _186_/X (sky130_fd_sc_hd__buf_4)
    10    0.06                           _102_ (net)
                  0.09    0.00    4.39 v _196_/A (sky130_fd_sc_hd__inv_2)
                  0.03    0.06    4.44 ^ _196_/Y (sky130_fd_sc_hd__inv_2)
     1    0.00                           _018_ (net)
                  0.03    0.00    4.44 ^ _240_/RESET_B (sky130_fd_sc_hd__dfrtp_4)
                                  4.44   data arrival time

                          0.00    0.00   clock clk (rise edge)
                          0.00    0.00   clock source latency
                  0.07    0.05    0.05 ^ clk (in)
     1    0.01                           clk (net)
                  0.07    0.00    0.05 ^ clkbuf_0_clk/A (sky130_fd_sc_hd__clkbuf_16)
                  0.06    0.16    0.21 ^ clkbuf_0_clk/X (sky130_fd_sc_hd__clkbuf_16)
     4    0.04                           clknet_0_clk (net)
                  0.06    0.00    0.21 ^ clkbuf_2_0__f_clk/A (sky130_fd_sc_hd__clkbuf_16)
                  0.05    0.15    0.36 ^ clkbuf_2_0__f_clk/X (sky130_fd_sc_hd__clkbuf_16)
     9    0.03                           clknet_2_0__leaf_clk (net)
                  0.05    0.00    0.36 ^ _240_/CLK (sky130_fd_sc_hd__dfrtp_4)
                          0.25    0.61   clock uncertainty
                          0.00    0.61   clock reconvergence pessimism
                          0.32    0.93   library removal time
                                  0.93   data required time
-----------------------------------------------------------------------------
                                  0.93   data required time
                                 -4.44   data arrival time
-----------------------------------------------------------------------------
                                  3.51   slack (MET)


Startpoint: reset (input port clocked by clk)
Endpoint: _239_ (removal check against rising-edge clock clk)
Path Group: asynchronous
Path Type: min
Corner: Typical

Fanout     Cap    Slew   Delay    Time   Description
-----------------------------------------------------------------------------
                          0.00    0.00   clock clk (rise edge)
                          0.00    0.00   clock network delay (propagated)
                          4.00    4.00 v input external delay
                  0.01    0.01    4.01 v reset (in)
     1    0.00                           reset (net)
                  0.01    0.00    4.01 v input1/A (sky130_fd_sc_hd__clkbuf_4)
                  0.09    0.17    4.17 v input1/X (sky130_fd_sc_hd__clkbuf_4)
     7    0.04                           net1 (net)
                  0.09    0.00    4.18 v _186_/A (sky130_fd_sc_hd__buf_4)
                  0.09    0.21    4.38 v _186_/X (sky130_fd_sc_hd__buf_4)
    10    0.06                           _102_ (net)
                  0.09    0.00    4.39 v _195_/A (sky130_fd_sc_hd__inv_2)
                  0.04    0.06    4.44 ^ _195_/Y (sky130_fd_sc_hd__inv_2)
     1    0.00                           _017_ (net)
                  0.04    0.00    4.44 ^ _239_/RESET_B (sky130_fd_sc_hd__dfrtp_1)
                                  4.44   data arrival time

                          0.00    0.00   clock clk (rise edge)
                          0.00    0.00   clock source latency
                  0.07    0.05    0.05 ^ clk (in)
     1    0.01                           clk (net)
                  0.07    0.00    0.05 ^ clkbuf_0_clk/A (sky130_fd_sc_hd__clkbuf_16)
                  0.06    0.16    0.21 ^ clkbuf_0_clk/X (sky130_fd_sc_hd__clkbuf_16)
     4    0.04                           clknet_0_clk (net)
                  0.06    0.00    0.21 ^ clkbuf_2_0__f_clk/A (sky130_fd_sc_hd__clkbuf_16)
                  0.05    0.15    0.36 ^ clkbuf_2_0__f_clk/X (sky130_fd_sc_hd__clkbuf_16)
     9    0.03                           clknet_2_0__leaf_clk (net)
                  0.05    0.00    0.36 ^ _239_/CLK (sky130_fd_sc_hd__dfrtp_1)
                          0.25    0.61   clock uncertainty
                          0.00    0.61   clock reconvergence pessimism
                          0.32    0.93   library removal time
                                  0.93   data required time
-----------------------------------------------------------------------------
                                  0.93   data required time
                                 -4.44   data arrival time
-----------------------------------------------------------------------------
                                  3.51   slack (MET)


Startpoint: reset (input port clocked by clk)
Endpoint: _234_ (removal check against rising-edge clock clk)
Path Group: asynchronous
Path Type: min
Corner: Typical

Fanout     Cap    Slew   Delay    Time   Description
-----------------------------------------------------------------------------
                          0.00    0.00   clock clk (rise edge)
                          0.00    0.00   clock network delay (propagated)
                          4.00    4.00 v input external delay
                  0.01    0.01    4.01 v reset (in)
     1    0.00                           reset (net)
                  0.01    0.00    4.01 v input1/A (sky130_fd_sc_hd__clkbuf_4)
                  0.09    0.17    4.17 v input1/X (sky130_fd_sc_hd__clkbuf_4)
     7    0.04                           net1 (net)
                  0.09    0.00    4.18 v _186_/A (sky130_fd_sc_hd__buf_4)
                  0.09    0.21    4.38 v _186_/X (sky130_fd_sc_hd__buf_4)
    10    0.06                           _102_ (net)
                  0.09    0.00    4.39 v _190_/A (sky130_fd_sc_hd__inv_2)
                  0.04    0.06    4.44 ^ _190_/Y (sky130_fd_sc_hd__inv_2)
     1    0.00                           _012_ (net)
                  0.04    0.00    4.44 ^ _234_/RESET_B (sky130_fd_sc_hd__dfrtp_4)
                                  4.44   data arrival time

                          0.00    0.00   clock clk (rise edge)
                          0.00    0.00   clock source latency
                  0.07    0.05    0.05 ^ clk (in)
     1    0.01                           clk (net)
                  0.07    0.00    0.05 ^ clkbuf_0_clk/A (sky130_fd_sc_hd__clkbuf_16)
                  0.06    0.16    0.21 ^ clkbuf_0_clk/X (sky130_fd_sc_hd__clkbuf_16)
     4    0.04                           clknet_0_clk (net)
                  0.06    0.00    0.21 ^ clkbuf_2_3__f_clk/A (sky130_fd_sc_hd__clkbuf_16)
                  0.05    0.15    0.36 ^ clkbuf_2_3__f_clk/X (sky130_fd_sc_hd__clkbuf_16)
     9    0.03                           clknet_2_3__leaf_clk (net)
                  0.05    0.00    0.36 ^ _234_/CLK (sky130_fd_sc_hd__dfrtp_4)
                          0.25    0.61   clock uncertainty
                          0.00    0.61   clock reconvergence pessimism
                          0.32    0.93   library removal time
                                  0.93   data required time
-----------------------------------------------------------------------------
                                  0.93   data required time
                                 -4.44   data arrival time
-----------------------------------------------------------------------------
                                  3.51   slack (MET)


Startpoint: reset (input port clocked by clk)
Endpoint: _246_ (removal check against rising-edge clock clk)
Path Group: asynchronous
Path Type: min
Corner: Typical

Fanout     Cap    Slew   Delay    Time   Description
-----------------------------------------------------------------------------
                          0.00    0.00   clock clk (rise edge)
                          0.00    0.00   clock network delay (propagated)
                          4.00    4.00 v input external delay
                  0.01    0.01    4.01 v reset (in)
     1    0.00                           reset (net)
                  0.01    0.00    4.01 v input1/A (sky130_fd_sc_hd__clkbuf_4)
                  0.09    0.17    4.17 v input1/X (sky130_fd_sc_hd__clkbuf_4)
     7    0.04                           net1 (net)
                  0.09    0.00    4.18 v _197_/A (sky130_fd_sc_hd__buf_4)
                  0.09    0.21    4.38 v _197_/X (sky130_fd_sc_hd__buf_4)
    10    0.06                           _103_ (net)
                  0.09    0.00    4.38 v _203_/A (sky130_fd_sc_hd__inv_2)
                  0.04    0.06    4.44 ^ _203_/Y (sky130_fd_sc_hd__inv_2)
     1    0.00                           _024_ (net)
                  0.04    0.00    4.44 ^ _246_/RESET_B (sky130_fd_sc_hd__dfrtp_1)
                                  4.44   data arrival time

                          0.00    0.00   clock clk (rise edge)
                          0.00    0.00   clock source latency
                  0.07    0.05    0.05 ^ clk (in)
     1    0.01                           clk (net)
                  0.07    0.00    0.05 ^ clkbuf_0_clk/A (sky130_fd_sc_hd__clkbuf_16)
                  0.06    0.16    0.21 ^ clkbuf_0_clk/X (sky130_fd_sc_hd__clkbuf_16)
     4    0.04                           clknet_0_clk (net)
                  0.06    0.00    0.21 ^ clkbuf_2_0__f_clk/A (sky130_fd_sc_hd__clkbuf_16)
                  0.05    0.15    0.36 ^ clkbuf_2_0__f_clk/X (sky130_fd_sc_hd__clkbuf_16)
     9    0.03                           clknet_2_0__leaf_clk (net)
                  0.05    0.00    0.36 ^ _246_/CLK (sky130_fd_sc_hd__dfrtp_1)
                          0.25    0.61   clock uncertainty
                          0.00    0.61   clock reconvergence pessimism
                          0.32    0.93   library removal time
                                  0.93   data required time
-----------------------------------------------------------------------------
                                  0.93   data required time
                                 -4.44   data arrival time
-----------------------------------------------------------------------------
                                  3.51   slack (MET)


Startpoint: reset (input port clocked by clk)
Endpoint: _244_ (removal check against rising-edge clock clk)
Path Group: asynchronous
Path Type: min
Corner: Typical

Fanout     Cap    Slew   Delay    Time   Description
-----------------------------------------------------------------------------
                          0.00    0.00   clock clk (rise edge)
                          0.00    0.00   clock network delay (propagated)
                          4.00    4.00 v input external delay
                  0.01    0.01    4.01 v reset (in)
     1    0.00                           reset (net)
                  0.01    0.00    4.01 v input1/A (sky130_fd_sc_hd__clkbuf_4)
                  0.09    0.17    4.17 v input1/X (sky130_fd_sc_hd__clkbuf_4)
     7    0.04                           net1 (net)
                  0.09    0.00    4.18 v _197_/A (sky130_fd_sc_hd__buf_4)
                  0.09    0.21    4.38 v _197_/X (sky130_fd_sc_hd__buf_4)
    10    0.06                           _103_ (net)
                  0.09    0.00    4.39 v _201_/A (sky130_fd_sc_hd__inv_2)
                  0.04    0.06    4.44 ^ _201_/Y (sky130_fd_sc_hd__inv_2)
     1    0.00                           _022_ (net)
                  0.04    0.00    4.44 ^ _244_/RESET_B (sky130_fd_sc_hd__dfrtp_1)
                                  4.44   data arrival time

                          0.00    0.00   clock clk (rise edge)
                          0.00    0.00   clock source latency
                  0.07    0.05    0.05 ^ clk (in)
     1    0.01                           clk (net)
                  0.07    0.00    0.05 ^ clkbuf_0_clk/A (sky130_fd_sc_hd__clkbuf_16)
                  0.06    0.16    0.21 ^ clkbuf_0_clk/X (sky130_fd_sc_hd__clkbuf_16)
     4    0.04                           clknet_0_clk (net)
                  0.06    0.00    0.21 ^ clkbuf_2_3__f_clk/A (sky130_fd_sc_hd__clkbuf_16)
                  0.05    0.15    0.36 ^ clkbuf_2_3__f_clk/X (sky130_fd_sc_hd__clkbuf_16)
     9    0.03                           clknet_2_3__leaf_clk (net)
                  0.05    0.00    0.36 ^ _244_/CLK (sky130_fd_sc_hd__dfrtp_1)
                          0.25    0.61   clock uncertainty
                          0.00    0.61   clock reconvergence pessimism
                          0.32    0.93   library removal time
                                  0.93   data required time
-----------------------------------------------------------------------------
                                  0.93   data required time
                                 -4.44   data arrival time
-----------------------------------------------------------------------------
                                  3.52   slack (MET)


Startpoint: reset (input port clocked by clk)
Endpoint: _231_ (removal check against rising-edge clock clk)
Path Group: asynchronous
Path Type: min
Corner: Typical

Fanout     Cap    Slew   Delay    Time   Description
-----------------------------------------------------------------------------
                          0.00    0.00   clock clk (rise edge)
                          0.00    0.00   clock network delay (propagated)
                          4.00    4.00 v input external delay
                  0.01    0.01    4.01 v reset (in)
     1    0.00                           reset (net)
                  0.01    0.00    4.01 v input1/A (sky130_fd_sc_hd__clkbuf_4)
                  0.09    0.17    4.17 v input1/X (sky130_fd_sc_hd__clkbuf_4)
     7    0.04                           net1 (net)
                  0.09    0.00    4.18 v _186_/A (sky130_fd_sc_hd__buf_4)
                  0.09    0.21    4.38 v _186_/X (sky130_fd_sc_hd__buf_4)
    10    0.06                           _102_ (net)
                  0.09    0.00    4.39 v _187_/A (sky130_fd_sc_hd__inv_2)
                  0.04    0.06    4.45 ^ _187_/Y (sky130_fd_sc_hd__inv_2)
     1    0.00                           _009_ (net)
                  0.04    0.00    4.45 ^ _231_/RESET_B (sky130_fd_sc_hd__dfrtp_2)
                                  4.45   data arrival time

                          0.00    0.00   clock clk (rise edge)
                          0.00    0.00   clock source latency
                  0.07    0.05    0.05 ^ clk (in)
     1    0.01                           clk (net)
                  0.07    0.00    0.05 ^ clkbuf_0_clk/A (sky130_fd_sc_hd__clkbuf_16)
                  0.06    0.16    0.21 ^ clkbuf_0_clk/X (sky130_fd_sc_hd__clkbuf_16)
     4    0.04                           clknet_0_clk (net)
                  0.06    0.00    0.21 ^ clkbuf_2_0__f_clk/A (sky130_fd_sc_hd__clkbuf_16)
                  0.05    0.15    0.36 ^ clkbuf_2_0__f_clk/X (sky130_fd_sc_hd__clkbuf_16)
     9    0.03                           clknet_2_0__leaf_clk (net)
                  0.05    0.00    0.36 ^ _231_/CLK (sky130_fd_sc_hd__dfrtp_2)
                          0.25    0.61   clock uncertainty
                          0.00    0.61   clock reconvergence pessimism
                          0.32    0.93   library removal time
                                  0.93   data required time
-----------------------------------------------------------------------------
                                  0.93   data required time
                                 -4.45   data arrival time
-----------------------------------------------------------------------------
                                  3.52   slack (MET)


Startpoint: reset (input port clocked by clk)
Endpoint: _235_ (removal check against rising-edge clock clk)
Path Group: asynchronous
Path Type: min
Corner: Typical

Fanout     Cap    Slew   Delay    Time   Description
-----------------------------------------------------------------------------
                          0.00    0.00   clock clk (rise edge)
                          0.00    0.00   clock network delay (propagated)
                          4.00    4.00 v input external delay
                  0.01    0.01    4.01 v reset (in)
     1    0.00                           reset (net)
                  0.01    0.00    4.01 v input1/A (sky130_fd_sc_hd__clkbuf_4)
                  0.09    0.17    4.17 v input1/X (sky130_fd_sc_hd__clkbuf_4)
     7    0.04                           net1 (net)
                  0.09    0.00    4.18 v _186_/A (sky130_fd_sc_hd__buf_4)
                  0.09    0.21    4.38 v _186_/X (sky130_fd_sc_hd__buf_4)
    10    0.06                           _102_ (net)
                  0.09    0.00    4.39 v _191_/A (sky130_fd_sc_hd__inv_2)
                  0.04    0.06    4.45 ^ _191_/Y (sky130_fd_sc_hd__inv_2)
     1    0.01                           _013_ (net)
                  0.04    0.00    4.45 ^ _235_/RESET_B (sky130_fd_sc_hd__dfrtp_4)
                                  4.45   data arrival time

                          0.00    0.00   clock clk (rise edge)
                          0.00    0.00   clock source latency
                  0.07    0.05    0.05 ^ clk (in)
     1    0.01                           clk (net)
                  0.07    0.00    0.05 ^ clkbuf_0_clk/A (sky130_fd_sc_hd__clkbuf_16)
                  0.06    0.16    0.21 ^ clkbuf_0_clk/X (sky130_fd_sc_hd__clkbuf_16)
     4    0.04                           clknet_0_clk (net)
                  0.06    0.00    0.21 ^ clkbuf_2_3__f_clk/A (sky130_fd_sc_hd__clkbuf_16)
                  0.05    0.15    0.36 ^ clkbuf_2_3__f_clk/X (sky130_fd_sc_hd__clkbuf_16)
     9    0.03                           clknet_2_3__leaf_clk (net)
                  0.05    0.00    0.36 ^ _235_/CLK (sky130_fd_sc_hd__dfrtp_4)
                          0.25    0.61   clock uncertainty
                          0.00    0.61   clock reconvergence pessimism
                          0.32    0.93   library removal time
                                  0.93   data required time
-----------------------------------------------------------------------------
                                  0.93   data required time
                                 -4.45   data arrival time
-----------------------------------------------------------------------------
                                  3.52   slack (MET)


Startpoint: reset (input port clocked by clk)
Endpoint: _238_ (removal check against rising-edge clock clk)
Path Group: asynchronous
Path Type: min
Corner: Typical

Fanout     Cap    Slew   Delay    Time   Description
-----------------------------------------------------------------------------
                          0.00    0.00   clock clk (rise edge)
                          0.00    0.00   clock network delay (propagated)
                          4.00    4.00 v input external delay
                  0.01    0.01    4.01 v reset (in)
     1    0.00                           reset (net)
                  0.01    0.00    4.01 v input1/A (sky130_fd_sc_hd__clkbuf_4)
                  0.09    0.17    4.17 v input1/X (sky130_fd_sc_hd__clkbuf_4)
     7    0.04                           net1 (net)
                  0.09    0.00    4.18 v _186_/A (sky130_fd_sc_hd__buf_4)
                  0.09    0.21    4.38 v _186_/X (sky130_fd_sc_hd__buf_4)
    10    0.06                           _102_ (net)
                  0.09    0.00    4.39 v _194_/A (sky130_fd_sc_hd__inv_2)
                  0.03    0.06    4.44 ^ _194_/Y (sky130_fd_sc_hd__inv_2)
     1    0.00                           _016_ (net)
                  0.03    0.00    4.44 ^ _238_/RESET_B (sky130_fd_sc_hd__dfrtp_1)
                                  4.44   data arrival time

                          0.00    0.00   clock clk (rise edge)
                          0.00    0.00   clock source latency
                  0.07    0.05    0.05 ^ clk (in)
     1    0.01                           clk (net)
                  0.07    0.00    0.05 ^ clkbuf_0_clk/A (sky130_fd_sc_hd__clkbuf_16)
                  0.06    0.16    0.21 ^ clkbuf_0_clk/X (sky130_fd_sc_hd__clkbuf_16)
     4    0.04                           clknet_0_clk (net)
                  0.06    0.00    0.21 ^ clkbuf_2_2__f_clk/A (sky130_fd_sc_hd__clkbuf_16)
                  0.04    0.14    0.35 ^ clkbuf_2_2__f_clk/X (sky130_fd_sc_hd__clkbuf_16)
     6    0.02                           clknet_2_2__leaf_clk (net)
                  0.04    0.00    0.35 ^ _238_/CLK (sky130_fd_sc_hd__dfrtp_1)
                          0.25    0.60   clock uncertainty
                          0.00    0.60   clock reconvergence pessimism
                          0.32    0.92   library removal time
                                  0.92   data required time
-----------------------------------------------------------------------------
                                  0.92   data required time
                                 -4.44   data arrival time
-----------------------------------------------------------------------------
                                  3.52   slack (MET)


Startpoint: reset (input port clocked by clk)
Endpoint: _247_ (removal check against rising-edge clock clk)
Path Group: asynchronous
Path Type: min
Corner: Typical

Fanout     Cap    Slew   Delay    Time   Description
-----------------------------------------------------------------------------
                          0.00    0.00   clock clk (rise edge)
                          0.00    0.00   clock network delay (propagated)
                          4.00    4.00 v input external delay
                  0.01    0.01    4.01 v reset (in)
     1    0.00                           reset (net)
                  0.01    0.00    4.01 v input1/A (sky130_fd_sc_hd__clkbuf_4)
                  0.09    0.17    4.17 v input1/X (sky130_fd_sc_hd__clkbuf_4)
     7    0.04                           net1 (net)
                  0.09    0.00    4.18 v _197_/A (sky130_fd_sc_hd__buf_4)
                  0.09    0.21    4.38 v _197_/X (sky130_fd_sc_hd__buf_4)
    10    0.06                           _103_ (net)
                  0.09    0.00    4.39 v _204_/A (sky130_fd_sc_hd__inv_2)
                  0.04    0.06    4.44 ^ _204_/Y (sky130_fd_sc_hd__inv_2)
     1    0.00                           _025_ (net)
                  0.04    0.00    4.44 ^ _247_/RESET_B (sky130_fd_sc_hd__dfrtp_1)
                                  4.44   data arrival time

                          0.00    0.00   clock clk (rise edge)
                          0.00    0.00   clock source latency
                  0.07    0.05    0.05 ^ clk (in)
     1    0.01                           clk (net)
                  0.07    0.00    0.05 ^ clkbuf_0_clk/A (sky130_fd_sc_hd__clkbuf_16)
                  0.06    0.16    0.21 ^ clkbuf_0_clk/X (sky130_fd_sc_hd__clkbuf_16)
     4    0.04                           clknet_0_clk (net)
                  0.06    0.00    0.21 ^ clkbuf_2_2__f_clk/A (sky130_fd_sc_hd__clkbuf_16)
                  0.04    0.14    0.35 ^ clkbuf_2_2__f_clk/X (sky130_fd_sc_hd__clkbuf_16)
     6    0.02                           clknet_2_2__leaf_clk (net)
                  0.04    0.00    0.35 ^ _247_/CLK (sky130_fd_sc_hd__dfrtp_1)
                          0.25    0.60   clock uncertainty
                          0.00    0.60   clock reconvergence pessimism
                          0.32    0.92   library removal time
                                  0.92   data required time
-----------------------------------------------------------------------------
                                  0.92   data required time
                                 -4.44   data arrival time
-----------------------------------------------------------------------------
                                  3.52   slack (MET)


Startpoint: reset (input port clocked by clk)
Endpoint: _232_ (removal check against rising-edge clock clk)
Path Group: asynchronous
Path Type: min
Corner: Typical

Fanout     Cap    Slew   Delay    Time   Description
-----------------------------------------------------------------------------
                          0.00    0.00   clock clk (rise edge)
                          0.00    0.00   clock network delay (propagated)
                          4.00    4.00 v input external delay
                  0.01    0.01    4.01 v reset (in)
     1    0.00                           reset (net)
                  0.01    0.00    4.01 v input1/A (sky130_fd_sc_hd__clkbuf_4)
                  0.09    0.17    4.17 v input1/X (sky130_fd_sc_hd__clkbuf_4)
     7    0.04                           net1 (net)
                  0.09    0.00    4.18 v _186_/A (sky130_fd_sc_hd__buf_4)
                  0.09    0.21    4.38 v _186_/X (sky130_fd_sc_hd__buf_4)
    10    0.06                           _102_ (net)
                  0.09    0.00    4.39 v _188_/A (sky130_fd_sc_hd__inv_2)
                  0.03    0.06    4.44 ^ _188_/Y (sky130_fd_sc_hd__inv_2)
     1    0.00                           _010_ (net)
                  0.03    0.00    4.44 ^ _232_/RESET_B (sky130_fd_sc_hd__dfrtp_1)
                                  4.44   data arrival time

                          0.00    0.00   clock clk (rise edge)
                          0.00    0.00   clock source latency
                  0.07    0.05    0.05 ^ clk (in)
     1    0.01                           clk (net)
                  0.07    0.00    0.05 ^ clkbuf_0_clk/A (sky130_fd_sc_hd__clkbuf_16)
                  0.06    0.16    0.21 ^ clkbuf_0_clk/X (sky130_fd_sc_hd__clkbuf_16)
     4    0.04                           clknet_0_clk (net)
                  0.06    0.00    0.21 ^ clkbuf_2_2__f_clk/A (sky130_fd_sc_hd__clkbuf_16)
                  0.04    0.14    0.35 ^ clkbuf_2_2__f_clk/X (sky130_fd_sc_hd__clkbuf_16)
     6    0.02                           clknet_2_2__leaf_clk (net)
                  0.04    0.00    0.35 ^ _232_/CLK (sky130_fd_sc_hd__dfrtp_1)
                          0.25    0.60   clock uncertainty
                          0.00    0.60   clock reconvergence pessimism
                          0.32    0.92   library removal time
                                  0.92   data required time
-----------------------------------------------------------------------------
                                  0.92   data required time
                                 -4.44   data arrival time
-----------------------------------------------------------------------------
                                  3.52   slack (MET)


Startpoint: reset (input port clocked by clk)
Endpoint: _233_ (removal check against rising-edge clock clk)
Path Group: asynchronous
Path Type: min
Corner: Typical

Fanout     Cap    Slew   Delay    Time   Description
-----------------------------------------------------------------------------
                          0.00    0.00   clock clk (rise edge)
                          0.00    0.00   clock network delay (propagated)
                          4.00    4.00 v input external delay
                  0.01    0.01    4.01 v reset (in)
     1    0.00                           reset (net)
                  0.01    0.00    4.01 v input1/A (sky130_fd_sc_hd__clkbuf_4)
                  0.09    0.17    4.17 v input1/X (sky130_fd_sc_hd__clkbuf_4)
     7    0.04                           net1 (net)
                  0.09    0.00    4.18 v _186_/A (sky130_fd_sc_hd__buf_4)
                  0.09    0.21    4.38 v _186_/X (sky130_fd_sc_hd__buf_4)
    10    0.06                           _102_ (net)
                  0.09    0.00    4.39 v _189_/A (sky130_fd_sc_hd__inv_2)
                  0.04    0.06    4.45 ^ _189_/Y (sky130_fd_sc_hd__inv_2)
     1    0.00                           _011_ (net)
                  0.04    0.00    4.45 ^ _233_/RESET_B (sky130_fd_sc_hd__dfrtp_1)
                                  4.45   data arrival time

                          0.00    0.00   clock clk (rise edge)
                          0.00    0.00   clock source latency
                  0.07    0.05    0.05 ^ clk (in)
     1    0.01                           clk (net)
                  0.07    0.00    0.05 ^ clkbuf_0_clk/A (sky130_fd_sc_hd__clkbuf_16)
                  0.06    0.16    0.21 ^ clkbuf_0_clk/X (sky130_fd_sc_hd__clkbuf_16)
     4    0.04                           clknet_0_clk (net)
                  0.06    0.00    0.21 ^ clkbuf_2_2__f_clk/A (sky130_fd_sc_hd__clkbuf_16)
                  0.04    0.14    0.35 ^ clkbuf_2_2__f_clk/X (sky130_fd_sc_hd__clkbuf_16)
     6    0.02                           clknet_2_2__leaf_clk (net)
                  0.04    0.00    0.35 ^ _233_/CLK (sky130_fd_sc_hd__dfrtp_1)
                          0.25    0.60   clock uncertainty
                          0.00    0.60   clock reconvergence pessimism
                          0.32    0.92   library removal time
                                  0.92   data required time
-----------------------------------------------------------------------------
                                  0.92   data required time
                                 -4.45   data arrival time
-----------------------------------------------------------------------------
                                  3.53   slack (MET)


Startpoint: reset (input port clocked by clk)
Endpoint: _242_ (removal check against rising-edge clock clk)
Path Group: asynchronous
Path Type: min
Corner: Typical

Fanout     Cap    Slew   Delay    Time   Description
-----------------------------------------------------------------------------
                          0.00    0.00   clock clk (rise edge)
                          0.00    0.00   clock network delay (propagated)
                          4.00    4.00 v input external delay
                  0.01    0.01    4.01 v reset (in)
     1    0.00                           reset (net)
                  0.01    0.00    4.01 v input1/A (sky130_fd_sc_hd__clkbuf_4)
                  0.09    0.17    4.17 v input1/X (sky130_fd_sc_hd__clkbuf_4)
     7    0.04                           net1 (net)
                  0.09    0.00    4.18 v _197_/A (sky130_fd_sc_hd__buf_4)
                  0.09    0.21    4.38 v _197_/X (sky130_fd_sc_hd__buf_4)
    10    0.06                           _103_ (net)
                  0.09    0.00    4.39 v _199_/A (sky130_fd_sc_hd__inv_2)
                  0.03    0.06    4.44 ^ _199_/Y (sky130_fd_sc_hd__inv_2)
     1    0.00                           _020_ (net)
                  0.03    0.00    4.44 ^ _242_/SET_B (sky130_fd_sc_hd__dfstp_1)
                                  4.44   data arrival time

                          0.00    0.00   clock clk (rise edge)
                          0.00    0.00   clock source latency
                  0.07    0.05    0.05 ^ clk (in)
     1    0.01                           clk (net)
                  0.07    0.00    0.05 ^ clkbuf_0_clk/A (sky130_fd_sc_hd__clkbuf_16)
                  0.06    0.16    0.21 ^ clkbuf_0_clk/X (sky130_fd_sc_hd__clkbuf_16)
     4    0.04                           clknet_0_clk (net)
                  0.06    0.00    0.21 ^ clkbuf_2_3__f_clk/A (sky130_fd_sc_hd__clkbuf_16)
                  0.05    0.15    0.36 ^ clkbuf_2_3__f_clk/X (sky130_fd_sc_hd__clkbuf_16)
     9    0.03                           clknet_2_3__leaf_clk (net)
                  0.05    0.00    0.36 ^ _242_/CLK (sky130_fd_sc_hd__dfstp_1)
                          0.25    0.61   clock uncertainty
                          0.00    0.61   clock reconvergence pessimism
                          0.16    0.77   library removal time
                                  0.77   data required time
-----------------------------------------------------------------------------
                                  0.77   data required time
                                 -4.44   data arrival time
-----------------------------------------------------------------------------
                                  3.67   slack (MET)


Startpoint: reset (input port clocked by clk)
Endpoint: _237_ (removal check against rising-edge clock clk)
Path Group: asynchronous
Path Type: min
Corner: Typical

Fanout     Cap    Slew   Delay    Time   Description
-----------------------------------------------------------------------------
                          0.00    0.00   clock clk (rise edge)
                          0.00    0.00   clock network delay (propagated)
                          4.00    4.00 v input external delay
                  0.01    0.01    4.01 v reset (in)
     1    0.00                           reset (net)
                  0.01    0.00    4.01 v input1/A (sky130_fd_sc_hd__clkbuf_4)
                  0.09    0.17    4.17 v input1/X (sky130_fd_sc_hd__clkbuf_4)
     7    0.04                           net1 (net)
                  0.09    0.00    4.18 v _186_/A (sky130_fd_sc_hd__buf_4)
                  0.09    0.21    4.38 v _186_/X (sky130_fd_sc_hd__buf_4)
    10    0.06                           _102_ (net)
                  0.09    0.00    4.39 v _193_/A (sky130_fd_sc_hd__inv_2)
                  0.03    0.06    4.44 ^ _193_/Y (sky130_fd_sc_hd__inv_2)
     1    0.00                           _015_ (net)
                  0.03    0.00    4.44 ^ _237_/SET_B (sky130_fd_sc_hd__dfstp_1)
                                  4.44   data arrival time

                          0.00    0.00   clock clk (rise edge)
                          0.00    0.00   clock source latency
                  0.07    0.05    0.05 ^ clk (in)
     1    0.01                           clk (net)
                  0.07    0.00    0.05 ^ clkbuf_0_clk/A (sky130_fd_sc_hd__clkbuf_16)
                  0.06    0.16    0.21 ^ clkbuf_0_clk/X (sky130_fd_sc_hd__clkbuf_16)
     4    0.04                           clknet_0_clk (net)
                  0.06    0.00    0.21 ^ clkbuf_2_3__f_clk/A (sky130_fd_sc_hd__clkbuf_16)
                  0.05    0.15    0.36 ^ clkbuf_2_3__f_clk/X (sky130_fd_sc_hd__clkbuf_16)
     9    0.03                           clknet_2_3__leaf_clk (net)
                  0.05    0.00    0.36 ^ _237_/CLK (sky130_fd_sc_hd__dfstp_1)
                          0.25    0.61   clock uncertainty
                          0.00    0.61   clock reconvergence pessimism
                          0.16    0.77   library removal time
                                  0.77   data required time
-----------------------------------------------------------------------------
                                  0.77   data required time
                                 -4.44   data arrival time
-----------------------------------------------------------------------------
                                  3.67   slack (MET)


Startpoint: _251_ (rising edge-triggered flip-flop clocked by clk)
Endpoint: rx_data[4] (output port clocked by clk)
Path Group: clk
Path Type: min
Corner: Typical

Fanout     Cap    Slew   Delay    Time   Description
-----------------------------------------------------------------------------
                          0.00    0.00   clock clk (rise edge)
                          0.00    0.00   clock source latency
                  0.07    0.05    0.05 ^ clk (in)
     1    0.01                           clk (net)
                  0.07    0.00    0.05 ^ clkbuf_0_clk/A (sky130_fd_sc_hd__clkbuf_16)
                  0.06    0.15    0.19 ^ clkbuf_0_clk/X (sky130_fd_sc_hd__clkbuf_16)
     4    0.04                           clknet_0_clk (net)
                  0.06    0.00    0.19 ^ clkbuf_2_2__f_clk/A (sky130_fd_sc_hd__clkbuf_16)
                  0.04    0.13    0.32 ^ clkbuf_2_2__f_clk/X (sky130_fd_sc_hd__clkbuf_16)
     6    0.02                           clknet_2_2__leaf_clk (net)
                  0.04    0.00    0.32 ^ _251_/CLK (sky130_fd_sc_hd__dfrtp_1)
                  0.07    0.32    0.64 ^ _251_/Q (sky130_fd_sc_hd__dfrtp_1)
     2    0.01                           net15 (net)
                  0.07    0.00    0.64 ^ output15/A (sky130_fd_sc_hd__clkbuf_4)
                  0.11    0.18    0.82 ^ output15/X (sky130_fd_sc_hd__clkbuf_4)
     1    0.03                           rx_data[4] (net)
                  0.11    0.00    0.82 ^ rx_data[4] (out)
                                  0.82   data arrival time

                          0.00    0.00   clock clk (rise edge)
                          0.00    0.00   clock network delay (propagated)
                          0.25    0.25   clock uncertainty
                          0.00    0.25   clock reconvergence pessimism
                         -4.00   -3.75   output external delay
                                 -3.75   data required time
-----------------------------------------------------------------------------
                                 -3.75   data required time
                                 -0.82   data arrival time
-----------------------------------------------------------------------------
                                  4.57   slack (MET)


Startpoint: _250_ (rising edge-triggered flip-flop clocked by clk)
Endpoint: rx_data[3] (output port clocked by clk)
Path Group: clk
Path Type: min
Corner: Typical

Fanout     Cap    Slew   Delay    Time   Description
-----------------------------------------------------------------------------
                          0.00    0.00   clock clk (rise edge)
                          0.00    0.00   clock source latency
                  0.07    0.05    0.05 ^ clk (in)
     1    0.01                           clk (net)
                  0.07    0.00    0.05 ^ clkbuf_0_clk/A (sky130_fd_sc_hd__clkbuf_16)
                  0.06    0.15    0.19 ^ clkbuf_0_clk/X (sky130_fd_sc_hd__clkbuf_16)
     4    0.04                           clknet_0_clk (net)
                  0.06    0.00    0.19 ^ clkbuf_2_0__f_clk/A (sky130_fd_sc_hd__clkbuf_16)
                  0.05    0.13    0.33 ^ clkbuf_2_0__f_clk/X (sky130_fd_sc_hd__clkbuf_16)
     9    0.03                           clknet_2_0__leaf_clk (net)
                  0.05    0.00    0.33 ^ _250_/CLK (sky130_fd_sc_hd__dfrtp_1)
                  0.07    0.32    0.65 ^ _250_/Q (sky130_fd_sc_hd__dfrtp_1)
     2    0.01                           net14 (net)
                  0.07    0.00    0.65 ^ output14/A (sky130_fd_sc_hd__clkbuf_4)
                  0.11    0.18    0.83 ^ output14/X (sky130_fd_sc_hd__clkbuf_4)
     1    0.03                           rx_data[3] (net)
                  0.11    0.00    0.83 ^ rx_data[3] (out)
                                  0.83   data arrival time

                          0.00    0.00   clock clk (rise edge)
                          0.00    0.00   clock network delay (propagated)
                          0.25    0.25   clock uncertainty
                          0.00    0.25   clock reconvergence pessimism
                         -4.00   -3.75   output external delay
                                 -3.75   data required time
-----------------------------------------------------------------------------
                                 -3.75   data required time
                                 -0.83   data arrival time
-----------------------------------------------------------------------------
                                  4.58   slack (MET)


Startpoint: _253_ (rising edge-triggered flip-flop clocked by clk)
Endpoint: rx_data[6] (output port clocked by clk)
Path Group: clk
Path Type: min
Corner: Typical

Fanout     Cap    Slew   Delay    Time   Description
-----------------------------------------------------------------------------
                          0.00    0.00   clock clk (rise edge)
                          0.00    0.00   clock source latency
                  0.07    0.05    0.05 ^ clk (in)
     1    0.01                           clk (net)
                  0.07    0.00    0.05 ^ clkbuf_0_clk/A (sky130_fd_sc_hd__clkbuf_16)
                  0.06    0.15    0.19 ^ clkbuf_0_clk/X (sky130_fd_sc_hd__clkbuf_16)
     4    0.04                           clknet_0_clk (net)
                  0.06    0.00    0.19 ^ clkbuf_2_3__f_clk/A (sky130_fd_sc_hd__clkbuf_16)
                  0.05    0.13    0.33 ^ clkbuf_2_3__f_clk/X (sky130_fd_sc_hd__clkbuf_16)
     9    0.03                           clknet_2_3__leaf_clk (net)
                  0.05    0.00    0.33 ^ _253_/CLK (sky130_fd_sc_hd__dfrtp_1)
                  0.07    0.32    0.65 ^ _253_/Q (sky130_fd_sc_hd__dfrtp_1)
     2    0.01                           net17 (net)
                  0.07    0.00    0.65 ^ output17/A (sky130_fd_sc_hd__clkbuf_4)
                  0.11    0.18    0.84 ^ output17/X (sky130_fd_sc_hd__clkbuf_4)
     1    0.03                           rx_data[6] (net)
                  0.11    0.00    0.84 ^ rx_data[6] (out)
                                  0.84   data arrival time

                          0.00    0.00   clock clk (rise edge)
                          0.00    0.00   clock network delay (propagated)
                          0.25    0.25   clock uncertainty
                          0.00    0.25   clock reconvergence pessimism
                         -4.00   -3.75   output external delay
                                 -3.75   data required time
-----------------------------------------------------------------------------
                                 -3.75   data required time
                                 -0.84   data arrival time
-----------------------------------------------------------------------------
                                  4.59   slack (MET)


Startpoint: _249_ (rising edge-triggered flip-flop clocked by clk)
Endpoint: rx_data[2] (output port clocked by clk)
Path Group: clk
Path Type: min
Corner: Typical

Fanout     Cap    Slew   Delay    Time   Description
-----------------------------------------------------------------------------
                          0.00    0.00   clock clk (rise edge)
                          0.00    0.00   clock source latency
                  0.07    0.05    0.05 ^ clk (in)
     1    0.01                           clk (net)
                  0.07    0.00    0.05 ^ clkbuf_0_clk/A (sky130_fd_sc_hd__clkbuf_16)
                  0.06    0.15    0.19 ^ clkbuf_0_clk/X (sky130_fd_sc_hd__clkbuf_16)
     4    0.04                           clknet_0_clk (net)
                  0.06    0.00    0.19 ^ clkbuf_2_0__f_clk/A (sky130_fd_sc_hd__clkbuf_16)
                  0.05    0.13    0.33 ^ clkbuf_2_0__f_clk/X (sky130_fd_sc_hd__clkbuf_16)
     9    0.03                           clknet_2_0__leaf_clk (net)
                  0.05    0.00    0.33 ^ _249_/CLK (sky130_fd_sc_hd__dfrtp_1)
                  0.07    0.32    0.65 ^ _249_/Q (sky130_fd_sc_hd__dfrtp_1)
     2    0.01                           net13 (net)
                  0.07    0.00    0.65 ^ output13/A (sky130_fd_sc_hd__clkbuf_4)
                  0.11    0.19    0.84 ^ output13/X (sky130_fd_sc_hd__clkbuf_4)
     1    0.03                           rx_data[2] (net)
                  0.11    0.00    0.84 ^ rx_data[2] (out)
                                  0.84   data arrival time

                          0.00    0.00   clock clk (rise edge)
                          0.00    0.00   clock network delay (propagated)
                          0.25    0.25   clock uncertainty
                          0.00    0.25   clock reconvergence pessimism
                         -4.00   -3.75   output external delay
                                 -3.75   data required time
-----------------------------------------------------------------------------
                                 -3.75   data required time
                                 -0.84   data arrival time
-----------------------------------------------------------------------------
                                  4.59   slack (MET)


Startpoint: _238_ (rising edge-triggered flip-flop clocked by clk)
Endpoint: tx_done (output port clocked by clk)
Path Group: clk
Path Type: min
Corner: Typical

Fanout     Cap    Slew   Delay    Time   Description
-----------------------------------------------------------------------------
                          0.00    0.00   clock clk (rise edge)
                          0.00    0.00   clock source latency
                  0.07    0.05    0.05 ^ clk (in)
     1    0.01                           clk (net)
                  0.07    0.00    0.05 ^ clkbuf_0_clk/A (sky130_fd_sc_hd__clkbuf_16)
                  0.06    0.15    0.19 ^ clkbuf_0_clk/X (sky130_fd_sc_hd__clkbuf_16)
     4    0.04                           clknet_0_clk (net)
                  0.06    0.00    0.19 ^ clkbuf_2_2__f_clk/A (sky130_fd_sc_hd__clkbuf_16)
                  0.04    0.13    0.32 ^ clkbuf_2_2__f_clk/X (sky130_fd_sc_hd__clkbuf_16)
     6    0.02                           clknet_2_2__leaf_clk (net)
                  0.04    0.00    0.32 ^ _238_/CLK (sky130_fd_sc_hd__dfrtp_1)
                  0.08    0.33    0.65 ^ _238_/Q (sky130_fd_sc_hd__dfrtp_1)
     2    0.01                           net20 (net)
                  0.08    0.00    0.65 ^ output20/A (sky130_fd_sc_hd__buf_2)
                  0.17    0.20    0.85 ^ output20/X (sky130_fd_sc_hd__buf_2)
     1    0.03                           tx_done (net)
                  0.17    0.00    0.85 ^ tx_done (out)
                                  0.85   data arrival time

                          0.00    0.00   clock clk (rise edge)
                          0.00    0.00   clock network delay (propagated)
                          0.25    0.25   clock uncertainty
                          0.00    0.25   clock reconvergence pessimism
                         -4.00   -3.75   output external delay
                                 -3.75   data required time
-----------------------------------------------------------------------------
                                 -3.75   data required time
                                 -0.85   data arrival time
-----------------------------------------------------------------------------
                                  4.60   slack (MET)


Startpoint: _247_ (rising edge-triggered flip-flop clocked by clk)
Endpoint: rx_data[0] (output port clocked by clk)
Path Group: clk
Path Type: min
Corner: Typical

Fanout     Cap    Slew   Delay    Time   Description
-----------------------------------------------------------------------------
                          0.00    0.00   clock clk (rise edge)
                          0.00    0.00   clock source latency
                  0.07    0.05    0.05 ^ clk (in)
     1    0.01                           clk (net)
                  0.07    0.00    0.05 ^ clkbuf_0_clk/A (sky130_fd_sc_hd__clkbuf_16)
                  0.06    0.15    0.19 ^ clkbuf_0_clk/X (sky130_fd_sc_hd__clkbuf_16)
     4    0.04                           clknet_0_clk (net)
                  0.06    0.00    0.19 ^ clkbuf_2_2__f_clk/A (sky130_fd_sc_hd__clkbuf_16)
                  0.04    0.13    0.32 ^ clkbuf_2_2__f_clk/X (sky130_fd_sc_hd__clkbuf_16)
     6    0.02                           clknet_2_2__leaf_clk (net)
                  0.04    0.00    0.32 ^ _247_/CLK (sky130_fd_sc_hd__dfrtp_1)
                  0.09    0.34    0.66 ^ _247_/Q (sky130_fd_sc_hd__dfrtp_1)
     2    0.01                           net11 (net)
                  0.09    0.00    0.66 ^ output11/A (sky130_fd_sc_hd__clkbuf_4)
                  0.11    0.19    0.85 ^ output11/X (sky130_fd_sc_hd__clkbuf_4)
     1    0.03                           rx_data[0] (net)
                  0.11    0.00    0.85 ^ rx_data[0] (out)
                                  0.85   data arrival time

                          0.00    0.00   clock clk (rise edge)
                          0.00    0.00   clock network delay (propagated)
                          0.25    0.25   clock uncertainty
                          0.00    0.25   clock reconvergence pessimism
                         -4.00   -3.75   output external delay
                                 -3.75   data required time
-----------------------------------------------------------------------------
                                 -3.75   data required time
                                 -0.85   data arrival time
-----------------------------------------------------------------------------
                                  4.60   slack (MET)


Startpoint: _246_ (rising edge-triggered flip-flop clocked by clk)
Endpoint: rx_done (output port clocked by clk)
Path Group: clk
Path Type: min
Corner: Typical

Fanout     Cap    Slew   Delay    Time   Description
-----------------------------------------------------------------------------
                          0.00    0.00   clock clk (rise edge)
                          0.00    0.00   clock source latency
                  0.07    0.05    0.05 ^ clk (in)
     1    0.01                           clk (net)
                  0.07    0.00    0.05 ^ clkbuf_0_clk/A (sky130_fd_sc_hd__clkbuf_16)
                  0.06    0.15    0.19 ^ clkbuf_0_clk/X (sky130_fd_sc_hd__clkbuf_16)
     4    0.04                           clknet_0_clk (net)
                  0.06    0.00    0.19 ^ clkbuf_2_0__f_clk/A (sky130_fd_sc_hd__clkbuf_16)
                  0.05    0.13    0.33 ^ clkbuf_2_0__f_clk/X (sky130_fd_sc_hd__clkbuf_16)
     9    0.03                           clknet_2_0__leaf_clk (net)
                  0.05    0.00    0.33 ^ _246_/CLK (sky130_fd_sc_hd__dfrtp_1)
                  0.09    0.34    0.66 ^ _246_/Q (sky130_fd_sc_hd__dfrtp_1)
     2    0.01                           net19 (net)
                  0.09    0.00    0.66 ^ output19/A (sky130_fd_sc_hd__clkbuf_4)
                  0.11    0.19    0.85 ^ output19/X (sky130_fd_sc_hd__clkbuf_4)
     1    0.03                           rx_done (net)
                  0.11    0.00    0.85 ^ rx_done (out)
                                  0.85   data arrival time

                          0.00    0.00   clock clk (rise edge)
                          0.00    0.00   clock network delay (propagated)
                          0.25    0.25   clock uncertainty
                          0.00    0.25   clock reconvergence pessimism
                         -4.00   -3.75   output external delay
                                 -3.75   data required time
-----------------------------------------------------------------------------
                                 -3.75   data required time
                                 -0.85   data arrival time
-----------------------------------------------------------------------------
                                  4.60   slack (MET)


Startpoint: _248_ (rising edge-triggered flip-flop clocked by clk)
Endpoint: rx_data[1] (output port clocked by clk)
Path Group: clk
Path Type: min
Corner: Typical

Fanout     Cap    Slew   Delay    Time   Description
-----------------------------------------------------------------------------
                          0.00    0.00   clock clk (rise edge)
                          0.00    0.00   clock source latency
                  0.07    0.05    0.05 ^ clk (in)
     1    0.01                           clk (net)
                  0.07    0.00    0.05 ^ clkbuf_0_clk/A (sky130_fd_sc_hd__clkbuf_16)
                  0.06    0.15    0.19 ^ clkbuf_0_clk/X (sky130_fd_sc_hd__clkbuf_16)
     4    0.04                           clknet_0_clk (net)
                  0.06    0.00    0.19 ^ clkbuf_2_1__f_clk/A (sky130_fd_sc_hd__clkbuf_16)
                  0.05    0.13    0.32 ^ clkbuf_2_1__f_clk/X (sky130_fd_sc_hd__clkbuf_16)
     9    0.03                           clknet_2_1__leaf_clk (net)
                  0.05    0.00    0.32 ^ _248_/CLK (sky130_fd_sc_hd__dfrtp_1)
                  0.09    0.34    0.67 ^ _248_/Q (sky130_fd_sc_hd__dfrtp_1)
     2    0.01                           net12 (net)
                  0.09    0.00    0.67 ^ output12/A (sky130_fd_sc_hd__clkbuf_4)
                  0.11    0.19    0.86 ^ output12/X (sky130_fd_sc_hd__clkbuf_4)
     1    0.03                           rx_data[1] (net)
                  0.11    0.00    0.86 ^ rx_data[1] (out)
                                  0.86   data arrival time

                          0.00    0.00   clock clk (rise edge)
                          0.00    0.00   clock network delay (propagated)
                          0.25    0.25   clock uncertainty
                          0.00    0.25   clock reconvergence pessimism
                         -4.00   -3.75   output external delay
                                 -3.75   data required time
-----------------------------------------------------------------------------
                                 -3.75   data required time
                                 -0.86   data arrival time
-----------------------------------------------------------------------------
                                  4.61   slack (MET)


Startpoint: _254_ (rising edge-triggered flip-flop clocked by clk)
Endpoint: rx_data[7] (output port clocked by clk)
Path Group: clk
Path Type: min
Corner: Typical

Fanout     Cap    Slew   Delay    Time   Description
-----------------------------------------------------------------------------
                          0.00    0.00   clock clk (rise edge)
                          0.00    0.00   clock source latency
                  0.07    0.05    0.05 ^ clk (in)
     1    0.01                           clk (net)
                  0.07    0.00    0.05 ^ clkbuf_0_clk/A (sky130_fd_sc_hd__clkbuf_16)
                  0.06    0.15    0.19 ^ clkbuf_0_clk/X (sky130_fd_sc_hd__clkbuf_16)
     4    0.04                           clknet_0_clk (net)
                  0.06    0.00    0.19 ^ clkbuf_2_0__f_clk/A (sky130_fd_sc_hd__clkbuf_16)
                  0.05    0.13    0.33 ^ clkbuf_2_0__f_clk/X (sky130_fd_sc_hd__clkbuf_16)
     9    0.03                           clknet_2_0__leaf_clk (net)
                  0.05    0.00    0.33 ^ _254_/CLK (sky130_fd_sc_hd__dfrtp_1)
                  0.09    0.34    0.67 ^ _254_/Q (sky130_fd_sc_hd__dfrtp_1)
     2    0.01                           net18 (net)
                  0.09    0.00    0.67 ^ output18/A (sky130_fd_sc_hd__clkbuf_4)
                  0.11    0.19    0.86 ^ output18/X (sky130_fd_sc_hd__clkbuf_4)
     1    0.03                           rx_data[7] (net)
                  0.11    0.00    0.86 ^ rx_data[7] (out)
                                  0.86   data arrival time

                          0.00    0.00   clock clk (rise edge)
                          0.00    0.00   clock network delay (propagated)
                          0.25    0.25   clock uncertainty
                          0.00    0.25   clock reconvergence pessimism
                         -4.00   -3.75   output external delay
                                 -3.75   data required time
-----------------------------------------------------------------------------
                                 -3.75   data required time
                                 -0.86   data arrival time
-----------------------------------------------------------------------------
                                  4.61   slack (MET)


Startpoint: _252_ (rising edge-triggered flip-flop clocked by clk)
Endpoint: rx_data[5] (output port clocked by clk)
Path Group: clk
Path Type: min
Corner: Typical

Fanout     Cap    Slew   Delay    Time   Description
-----------------------------------------------------------------------------
                          0.00    0.00   clock clk (rise edge)
                          0.00    0.00   clock source latency
                  0.07    0.05    0.05 ^ clk (in)
     1    0.01                           clk (net)
                  0.07    0.00    0.05 ^ clkbuf_0_clk/A (sky130_fd_sc_hd__clkbuf_16)
                  0.06    0.15    0.19 ^ clkbuf_0_clk/X (sky130_fd_sc_hd__clkbuf_16)
     4    0.04                           clknet_0_clk (net)
                  0.06    0.00    0.19 ^ clkbuf_2_0__f_clk/A (sky130_fd_sc_hd__clkbuf_16)
                  0.05    0.13    0.33 ^ clkbuf_2_0__f_clk/X (sky130_fd_sc_hd__clkbuf_16)
     9    0.03                           clknet_2_0__leaf_clk (net)
                  0.05    0.00    0.33 ^ _252_/CLK (sky130_fd_sc_hd__dfrtp_1)
                  0.12    0.36    0.68 ^ _252_/Q (sky130_fd_sc_hd__dfrtp_1)
     2    0.01                           net16 (net)
                  0.12    0.00    0.68 ^ output16/A (sky130_fd_sc_hd__clkbuf_4)
                  0.11    0.20    0.89 ^ output16/X (sky130_fd_sc_hd__clkbuf_4)
     1    0.03                           rx_data[5] (net)
                  0.11    0.00    0.89 ^ rx_data[5] (out)
                                  0.89   data arrival time

                          0.00    0.00   clock clk (rise edge)
                          0.00    0.00   clock network delay (propagated)
                          0.25    0.25   clock uncertainty
                          0.00    0.25   clock reconvergence pessimism
                         -4.00   -3.75   output external delay
                                 -3.75   data required time
-----------------------------------------------------------------------------
                                 -3.75   data required time
                                 -0.89   data arrival time
-----------------------------------------------------------------------------
                                  4.64   slack (MET)



