
===========================================================================
report_checks -path_delay min (Hold)
============================================================================
======================= Typical Corner ===================================

Startpoint: _244_ (rising edge-triggered flip-flop clocked by clk)
Endpoint: _243_ (rising edge-triggered flip-flop clocked by clk)
Path Group: clk
Path Type: min

Fanout     Cap    Slew   Delay    Time   Description
-----------------------------------------------------------------------------
                  0.15    0.00    0.00   clock clk (rise edge)
                          0.00    0.00   clock network delay (ideal)
                  0.15    0.00    0.00 ^ _244_/CLK (sky130_fd_sc_hd__dfrtp_2)
                  0.05    0.36    0.36 ^ _244_/Q (sky130_fd_sc_hd__dfrtp_2)
     2    0.00                           tx_inst.state[2] (net)
                  0.05    0.00    0.36 ^ _173_/B1 (sky130_fd_sc_hd__a21o_2)
                  0.02    0.07    0.43 ^ _173_/X (sky130_fd_sc_hd__a21o_2)
     1    0.00                           _007_ (net)
                  0.02    0.00    0.43 ^ _243_/D (sky130_fd_sc_hd__dfrtp_2)
                                  0.43   data arrival time

                  0.15    0.00    0.00   clock clk (rise edge)
                          0.00    0.00   clock network delay (ideal)
                          0.25    0.25   clock uncertainty
                          0.00    0.25   clock reconvergence pessimism
                                  0.25 ^ _243_/CLK (sky130_fd_sc_hd__dfrtp_2)
                         -0.02    0.23   library hold time
                                  0.23   data required time
-----------------------------------------------------------------------------
                                  0.23   data required time
                                 -0.43   data arrival time
-----------------------------------------------------------------------------
                                  0.19   slack (MET)


Startpoint: _232_ (rising edge-triggered flip-flop clocked by clk)
Endpoint: _231_ (rising edge-triggered flip-flop clocked by clk)
Path Group: clk
Path Type: min

Fanout     Cap    Slew   Delay    Time   Description
-----------------------------------------------------------------------------
                  0.15    0.00    0.00   clock clk (rise edge)
                          0.00    0.00   clock network delay (ideal)
                  0.15    0.00    0.00 ^ _232_/CLK (sky130_fd_sc_hd__dfrtp_2)
                  0.06    0.37    0.37 ^ _232_/Q (sky130_fd_sc_hd__dfrtp_2)
     4    0.01                           rx_inst.state[2] (net)
                  0.06    0.00    0.37 ^ _172_/B1 (sky130_fd_sc_hd__a21o_2)
                  0.02    0.08    0.45 ^ _172_/X (sky130_fd_sc_hd__a21o_2)
     1    0.00                           _004_ (net)
                  0.02    0.00    0.45 ^ _231_/D (sky130_fd_sc_hd__dfrtp_2)
                                  0.45   data arrival time

                  0.15    0.00    0.00   clock clk (rise edge)
                          0.00    0.00   clock network delay (ideal)
                          0.25    0.25   clock uncertainty
                          0.00    0.25   clock reconvergence pessimism
                                  0.25 ^ _231_/CLK (sky130_fd_sc_hd__dfrtp_2)
                         -0.02    0.23   library hold time
                                  0.23   data required time
-----------------------------------------------------------------------------
                                  0.23   data required time
                                 -0.45   data arrival time
-----------------------------------------------------------------------------
                                  0.21   slack (MET)


Startpoint: _245_ (rising edge-triggered flip-flop clocked by clk)
Endpoint: _238_ (rising edge-triggered flip-flop clocked by clk)
Path Group: clk
Path Type: min

Fanout     Cap    Slew   Delay    Time   Description
-----------------------------------------------------------------------------
                  0.15    0.00    0.00   clock clk (rise edge)
                          0.00    0.00   clock network delay (ideal)
                  0.15    0.00    0.00 ^ _245_/CLK (sky130_fd_sc_hd__dfrtp_2)
                  0.06    0.37    0.37 ^ _245_/Q (sky130_fd_sc_hd__dfrtp_2)
     3    0.01                           tx_inst.state[3] (net)
                  0.06    0.00    0.37 ^ _160_/B1 (sky130_fd_sc_hd__a21o_2)
                  0.02    0.08    0.45 ^ _160_/X (sky130_fd_sc_hd__a21o_2)
     1    0.00                           _036_ (net)
                  0.02    0.00    0.45 ^ _238_/D (sky130_fd_sc_hd__dfrtp_2)
                                  0.45   data arrival time

                  0.15    0.00    0.00   clock clk (rise edge)
                          0.00    0.00   clock network delay (ideal)
                          0.25    0.25   clock uncertainty
                          0.00    0.25   clock reconvergence pessimism
                                  0.25 ^ _238_/CLK (sky130_fd_sc_hd__dfrtp_2)
                         -0.02    0.23   library hold time
                                  0.23   data required time
-----------------------------------------------------------------------------
                                  0.23   data required time
                                 -0.45   data arrival time
-----------------------------------------------------------------------------
                                  0.21   slack (MET)


Startpoint: _245_ (rising edge-triggered flip-flop clocked by clk)
Endpoint: _242_ (rising edge-triggered flip-flop clocked by clk)
Path Group: clk
Path Type: min

Fanout     Cap    Slew   Delay    Time   Description
-----------------------------------------------------------------------------
                  0.15    0.00    0.00   clock clk (rise edge)
                          0.00    0.00   clock network delay (ideal)
                  0.15    0.00    0.00 ^ _245_/CLK (sky130_fd_sc_hd__dfrtp_2)
                  0.06    0.37    0.37 ^ _245_/Q (sky130_fd_sc_hd__dfrtp_2)
     3    0.01                           tx_inst.state[3] (net)
                  0.06    0.00    0.37 ^ _171_/B1 (sky130_fd_sc_hd__a21o_2)
                  0.03    0.08    0.45 ^ _171_/X (sky130_fd_sc_hd__a21o_2)
     1    0.00                           _006_ (net)
                  0.03    0.00    0.45 ^ _242_/D (sky130_fd_sc_hd__dfstp_2)
                                  0.45   data arrival time

                  0.15    0.00    0.00   clock clk (rise edge)
                          0.00    0.00   clock network delay (ideal)
                          0.25    0.25   clock uncertainty
                          0.00    0.25   clock reconvergence pessimism
                                  0.25 ^ _242_/CLK (sky130_fd_sc_hd__dfstp_2)
                         -0.02    0.23   library hold time
                                  0.23   data required time
-----------------------------------------------------------------------------
                                  0.23   data required time
                                 -0.45   data arrival time
-----------------------------------------------------------------------------
                                  0.22   slack (MET)


Startpoint: _230_ (rising edge-triggered flip-flop clocked by clk)
Endpoint: _232_ (rising edge-triggered flip-flop clocked by clk)
Path Group: clk
Path Type: min

Fanout     Cap    Slew   Delay    Time   Description
-----------------------------------------------------------------------------
                  0.15    0.00    0.00   clock clk (rise edge)
                          0.00    0.00   clock network delay (ideal)
                  0.15    0.00    0.00 ^ _230_/CLK (sky130_fd_sc_hd__dfstp_2)
                  0.04    0.39    0.39 v _230_/Q (sky130_fd_sc_hd__dfstp_2)
     4    0.01                           rx_inst.state[0] (net)
                  0.04    0.00    0.39 v _148_/A (sky130_fd_sc_hd__inv_2)
                  0.04    0.05    0.43 ^ _148_/Y (sky130_fd_sc_hd__inv_2)
     2    0.01                           _082_ (net)
                  0.04    0.00    0.43 ^ _182_/A (sky130_fd_sc_hd__nor2_2)
                  0.02    0.03    0.46 v _182_/Y (sky130_fd_sc_hd__nor2_2)
     1    0.00                           _001_ (net)
                  0.02    0.00    0.46 v _232_/D (sky130_fd_sc_hd__dfrtp_2)
                                  0.46   data arrival time

                  0.15    0.00    0.00   clock clk (rise edge)
                          0.00    0.00   clock network delay (ideal)
                          0.25    0.25   clock uncertainty
                          0.00    0.25   clock reconvergence pessimism
                                  0.25 ^ _232_/CLK (sky130_fd_sc_hd__dfrtp_2)
                         -0.01    0.24   library hold time
                                  0.24   data required time
-----------------------------------------------------------------------------
                                  0.24   data required time
                                 -0.46   data arrival time
-----------------------------------------------------------------------------
                                  0.22   slack (MET)


Startpoint: _242_ (rising edge-triggered flip-flop clocked by clk)
Endpoint: _244_ (rising edge-triggered flip-flop clocked by clk)
Path Group: clk
Path Type: min

Fanout     Cap    Slew   Delay    Time   Description
-----------------------------------------------------------------------------
                  0.15    0.00    0.00   clock clk (rise edge)
                          0.00    0.00   clock network delay (ideal)
                  0.15    0.00    0.00 ^ _242_/CLK (sky130_fd_sc_hd__dfstp_2)
                  0.04    0.39    0.39 v _242_/Q (sky130_fd_sc_hd__dfstp_2)
     4    0.01                           tx_inst.state[0] (net)
                  0.04    0.00    0.39 v _159_/A (sky130_fd_sc_hd__inv_2)
                  0.04    0.05    0.44 ^ _159_/Y (sky130_fd_sc_hd__inv_2)
     2    0.01                           _088_ (net)
                  0.04    0.00    0.44 ^ _176_/A (sky130_fd_sc_hd__nor2_2)
                  0.01    0.03    0.47 v _176_/Y (sky130_fd_sc_hd__nor2_2)
     1    0.00                           _002_ (net)
                  0.01    0.00    0.47 v _244_/D (sky130_fd_sc_hd__dfrtp_2)
                                  0.47   data arrival time

                  0.15    0.00    0.00   clock clk (rise edge)
                          0.00    0.00   clock network delay (ideal)
                          0.25    0.25   clock uncertainty
                          0.00    0.25   clock reconvergence pessimism
                                  0.25 ^ _244_/CLK (sky130_fd_sc_hd__dfrtp_2)
                         -0.01    0.24   library hold time
                                  0.24   data required time
-----------------------------------------------------------------------------
                                  0.24   data required time
                                 -0.47   data arrival time
-----------------------------------------------------------------------------
                                  0.22   slack (MET)


Startpoint: _245_ (rising edge-triggered flip-flop clocked by clk)
Endpoint: _237_ (rising edge-triggered flip-flop clocked by clk)
Path Group: clk
Path Type: min

Fanout     Cap    Slew   Delay    Time   Description
-----------------------------------------------------------------------------
                  0.15    0.00    0.00   clock clk (rise edge)
                          0.00    0.00   clock network delay (ideal)
                  0.15    0.00    0.00 ^ _245_/CLK (sky130_fd_sc_hd__dfrtp_2)
                  0.06    0.37    0.37 ^ _245_/Q (sky130_fd_sc_hd__dfrtp_2)
     3    0.01                           tx_inst.state[3] (net)
                  0.06    0.00    0.37 ^ _181_/C1 (sky130_fd_sc_hd__a311o_2)
                  0.03    0.09    0.46 ^ _181_/X (sky130_fd_sc_hd__a311o_2)
     1    0.00                           _114_ (net)
                  0.03    0.00    0.46 ^ _237_/D (sky130_fd_sc_hd__dfstp_2)
                                  0.46   data arrival time

                  0.15    0.00    0.00   clock clk (rise edge)
                          0.00    0.00   clock network delay (ideal)
                          0.25    0.25   clock uncertainty
                          0.00    0.25   clock reconvergence pessimism
                                  0.25 ^ _237_/CLK (sky130_fd_sc_hd__dfstp_2)
                         -0.02    0.23   library hold time
                                  0.23   data required time
-----------------------------------------------------------------------------
                                  0.23   data required time
                                 -0.46   data arrival time
-----------------------------------------------------------------------------
                                  0.23   slack (MET)


Startpoint: _233_ (rising edge-triggered flip-flop clocked by clk)
Endpoint: _233_ (rising edge-triggered flip-flop clocked by clk)
Path Group: clk
Path Type: min

Fanout     Cap    Slew   Delay    Time   Description
-----------------------------------------------------------------------------
                  0.15    0.00    0.00   clock clk (rise edge)
                          0.00    0.00   clock network delay (ideal)
                  0.15    0.00    0.00 ^ _233_/CLK (sky130_fd_sc_hd__dfrtp_2)
                  0.07    0.38    0.38 ^ _233_/Q (sky130_fd_sc_hd__dfrtp_2)
     5    0.01                           rx_inst.state[3] (net)
                  0.07    0.00    0.38 ^ _175_/B2 (sky130_fd_sc_hd__a32o_2)
                  0.04    0.11    0.49 ^ _175_/X (sky130_fd_sc_hd__a32o_2)
     1    0.00                           _005_ (net)
                  0.04    0.00    0.49 ^ _233_/D (sky130_fd_sc_hd__dfrtp_2)
                                  0.49   data arrival time

                  0.15    0.00    0.00   clock clk (rise edge)
                          0.00    0.00   clock network delay (ideal)
                          0.25    0.25   clock uncertainty
                          0.00    0.25   clock reconvergence pessimism
                                  0.25 ^ _233_/CLK (sky130_fd_sc_hd__dfrtp_2)
                         -0.02    0.23   library hold time
                                  0.23   data required time
-----------------------------------------------------------------------------
                                  0.23   data required time
                                 -0.49   data arrival time
-----------------------------------------------------------------------------
                                  0.26   slack (MET)


Startpoint: _236_ (rising edge-triggered flip-flop clocked by clk)
Endpoint: _236_ (rising edge-triggered flip-flop clocked by clk)
Path Group: clk
Path Type: min

Fanout     Cap    Slew   Delay    Time   Description
-----------------------------------------------------------------------------
                  0.15    0.00    0.00   clock clk (rise edge)
                          0.00    0.00   clock network delay (ideal)
                  0.15    0.00    0.00 ^ _236_/CLK (sky130_fd_sc_hd__dfrtp_2)
                  0.08    0.39    0.39 ^ _236_/Q (sky130_fd_sc_hd__dfrtp_2)
     5    0.01                           tx_inst.bit_count[2] (net)
                  0.08    0.00    0.39 ^ _162_/B2 (sky130_fd_sc_hd__a32o_2)
                  0.04    0.11    0.50 ^ _162_/X (sky130_fd_sc_hd__a32o_2)
     1    0.00                           _035_ (net)
                  0.04    0.00    0.50 ^ _236_/D (sky130_fd_sc_hd__dfrtp_2)
                                  0.50   data arrival time

                  0.15    0.00    0.00   clock clk (rise edge)
                          0.00    0.00   clock network delay (ideal)
                          0.25    0.25   clock uncertainty
                          0.00    0.25   clock reconvergence pessimism
                                  0.25 ^ _236_/CLK (sky130_fd_sc_hd__dfrtp_2)
                         -0.02    0.23   library hold time
                                  0.23   data required time
-----------------------------------------------------------------------------
                                  0.23   data required time
                                 -0.50   data arrival time
-----------------------------------------------------------------------------
                                  0.27   slack (MET)


Startpoint: _257_ (rising edge-triggered flip-flop clocked by clk)
Endpoint: _257_ (rising edge-triggered flip-flop clocked by clk)
Path Group: clk
Path Type: min

Fanout     Cap    Slew   Delay    Time   Description
-----------------------------------------------------------------------------
                  0.15    0.00    0.00   clock clk (rise edge)
                          0.00    0.00   clock network delay (ideal)
                  0.15    0.00    0.00 ^ _257_/CLK (sky130_fd_sc_hd__dfxtp_2)
                  0.04    0.33    0.33 ^ _257_/Q (sky130_fd_sc_hd__dfxtp_2)
     2    0.00                           tx_inst.data_reg[2] (net)
                  0.04    0.00    0.33 ^ _218_/A0 (sky130_fd_sc_hd__mux2_2)
                  0.03    0.12    0.45 ^ _218_/X (sky130_fd_sc_hd__mux2_2)
     1    0.00                           _108_ (net)
                  0.03    0.00    0.45 ^ _219_/A (sky130_fd_sc_hd__buf_1)
                  0.03    0.06    0.51 ^ _219_/X (sky130_fd_sc_hd__buf_1)
     1    0.00                           _051_ (net)
                  0.03    0.00    0.51 ^ _257_/D (sky130_fd_sc_hd__dfxtp_2)
                                  0.51   data arrival time

                  0.15    0.00    0.00   clock clk (rise edge)
                          0.00    0.00   clock network delay (ideal)
                          0.25    0.25   clock uncertainty
                          0.00    0.25   clock reconvergence pessimism
                                  0.25 ^ _257_/CLK (sky130_fd_sc_hd__dfxtp_2)
                         -0.01    0.24   library hold time
                                  0.24   data required time
-----------------------------------------------------------------------------
                                  0.24   data required time
                                 -0.51   data arrival time
-----------------------------------------------------------------------------
                                  0.28   slack (MET)


Startpoint: _261_ (rising edge-triggered flip-flop clocked by clk)
Endpoint: _261_ (rising edge-triggered flip-flop clocked by clk)
Path Group: clk
Path Type: min

Fanout     Cap    Slew   Delay    Time   Description
-----------------------------------------------------------------------------
                  0.15    0.00    0.00   clock clk (rise edge)
                          0.00    0.00   clock network delay (ideal)
                  0.15    0.00    0.00 ^ _261_/CLK (sky130_fd_sc_hd__dfxtp_2)
                  0.04    0.33    0.33 ^ _261_/Q (sky130_fd_sc_hd__dfxtp_2)
     2    0.00                           tx_inst.data_reg[6] (net)
                  0.04    0.00    0.33 ^ _226_/A0 (sky130_fd_sc_hd__mux2_2)
                  0.03    0.12    0.45 ^ _226_/X (sky130_fd_sc_hd__mux2_2)
     1    0.00                           _112_ (net)
                  0.03    0.00    0.45 ^ _227_/A (sky130_fd_sc_hd__buf_1)
                  0.03    0.06    0.51 ^ _227_/X (sky130_fd_sc_hd__buf_1)
     1    0.00                           _055_ (net)
                  0.03    0.00    0.51 ^ _261_/D (sky130_fd_sc_hd__dfxtp_2)
                                  0.51   data arrival time

                  0.15    0.00    0.00   clock clk (rise edge)
                          0.00    0.00   clock network delay (ideal)
                          0.25    0.25   clock uncertainty
                          0.00    0.25   clock reconvergence pessimism
                                  0.25 ^ _261_/CLK (sky130_fd_sc_hd__dfxtp_2)
                         -0.01    0.24   library hold time
                                  0.24   data required time
-----------------------------------------------------------------------------
                                  0.24   data required time
                                 -0.51   data arrival time
-----------------------------------------------------------------------------
                                  0.28   slack (MET)


Startpoint: _258_ (rising edge-triggered flip-flop clocked by clk)
Endpoint: _258_ (rising edge-triggered flip-flop clocked by clk)
Path Group: clk
Path Type: min

Fanout     Cap    Slew   Delay    Time   Description
-----------------------------------------------------------------------------
                  0.15    0.00    0.00   clock clk (rise edge)
                          0.00    0.00   clock network delay (ideal)
                  0.15    0.00    0.00 ^ _258_/CLK (sky130_fd_sc_hd__dfxtp_2)
                  0.04    0.33    0.33 ^ _258_/Q (sky130_fd_sc_hd__dfxtp_2)
     2    0.00                           tx_inst.data_reg[3] (net)
                  0.04    0.00    0.33 ^ _220_/A0 (sky130_fd_sc_hd__mux2_2)
                  0.03    0.12    0.45 ^ _220_/X (sky130_fd_sc_hd__mux2_2)
     1    0.00                           _109_ (net)
                  0.03    0.00    0.45 ^ _221_/A (sky130_fd_sc_hd__buf_1)
                  0.03    0.06    0.51 ^ _221_/X (sky130_fd_sc_hd__buf_1)
     1    0.00                           _052_ (net)
                  0.03    0.00    0.51 ^ _258_/D (sky130_fd_sc_hd__dfxtp_2)
                                  0.51   data arrival time

                  0.15    0.00    0.00   clock clk (rise edge)
                          0.00    0.00   clock network delay (ideal)
                          0.25    0.25   clock uncertainty
                          0.00    0.25   clock reconvergence pessimism
                                  0.25 ^ _258_/CLK (sky130_fd_sc_hd__dfxtp_2)
                         -0.01    0.24   library hold time
                                  0.24   data required time
-----------------------------------------------------------------------------
                                  0.24   data required time
                                 -0.51   data arrival time
-----------------------------------------------------------------------------
                                  0.28   slack (MET)


Startpoint: _262_ (rising edge-triggered flip-flop clocked by clk)
Endpoint: _262_ (rising edge-triggered flip-flop clocked by clk)
Path Group: clk
Path Type: min

Fanout     Cap    Slew   Delay    Time   Description
-----------------------------------------------------------------------------
                  0.15    0.00    0.00   clock clk (rise edge)
                          0.00    0.00   clock network delay (ideal)
                  0.15    0.00    0.00 ^ _262_/CLK (sky130_fd_sc_hd__dfxtp_2)
                  0.04    0.33    0.33 ^ _262_/Q (sky130_fd_sc_hd__dfxtp_2)
     2    0.00                           tx_inst.data_reg[7] (net)
                  0.04    0.00    0.33 ^ _228_/A0 (sky130_fd_sc_hd__mux2_2)
                  0.03    0.12    0.45 ^ _228_/X (sky130_fd_sc_hd__mux2_2)
     1    0.00                           _113_ (net)
                  0.03    0.00    0.45 ^ _229_/A (sky130_fd_sc_hd__buf_1)
                  0.03    0.06    0.51 ^ _229_/X (sky130_fd_sc_hd__buf_1)
     1    0.00                           _056_ (net)
                  0.03    0.00    0.51 ^ _262_/D (sky130_fd_sc_hd__dfxtp_2)
                                  0.51   data arrival time

                  0.15    0.00    0.00   clock clk (rise edge)
                          0.00    0.00   clock network delay (ideal)
                          0.25    0.25   clock uncertainty
                          0.00    0.25   clock reconvergence pessimism
                                  0.25 ^ _262_/CLK (sky130_fd_sc_hd__dfxtp_2)
                         -0.01    0.24   library hold time
                                  0.24   data required time
-----------------------------------------------------------------------------
                                  0.24   data required time
                                 -0.51   data arrival time
-----------------------------------------------------------------------------
                                  0.28   slack (MET)


Startpoint: _256_ (rising edge-triggered flip-flop clocked by clk)
Endpoint: _256_ (rising edge-triggered flip-flop clocked by clk)
Path Group: clk
Path Type: min

Fanout     Cap    Slew   Delay    Time   Description
-----------------------------------------------------------------------------
                  0.15    0.00    0.00   clock clk (rise edge)
                          0.00    0.00   clock network delay (ideal)
                  0.15    0.00    0.00 ^ _256_/CLK (sky130_fd_sc_hd__dfxtp_2)
                  0.04    0.33    0.33 ^ _256_/Q (sky130_fd_sc_hd__dfxtp_2)
     2    0.00                           tx_inst.data_reg[1] (net)
                  0.04    0.00    0.33 ^ _216_/A0 (sky130_fd_sc_hd__mux2_2)
                  0.03    0.12    0.45 ^ _216_/X (sky130_fd_sc_hd__mux2_2)
     1    0.00                           _107_ (net)
                  0.03    0.00    0.45 ^ _217_/A (sky130_fd_sc_hd__buf_1)
                  0.03    0.06    0.51 ^ _217_/X (sky130_fd_sc_hd__buf_1)
     1    0.00                           _050_ (net)
                  0.03    0.00    0.51 ^ _256_/D (sky130_fd_sc_hd__dfxtp_2)
                                  0.51   data arrival time

                  0.15    0.00    0.00   clock clk (rise edge)
                          0.00    0.00   clock network delay (ideal)
                          0.25    0.25   clock uncertainty
                          0.00    0.25   clock reconvergence pessimism
                                  0.25 ^ _256_/CLK (sky130_fd_sc_hd__dfxtp_2)
                         -0.01    0.24   library hold time
                                  0.24   data required time
-----------------------------------------------------------------------------
                                  0.24   data required time
                                 -0.51   data arrival time
-----------------------------------------------------------------------------
                                  0.28   slack (MET)


Startpoint: _260_ (rising edge-triggered flip-flop clocked by clk)
Endpoint: _260_ (rising edge-triggered flip-flop clocked by clk)
Path Group: clk
Path Type: min

Fanout     Cap    Slew   Delay    Time   Description
-----------------------------------------------------------------------------
                  0.15    0.00    0.00   clock clk (rise edge)
                          0.00    0.00   clock network delay (ideal)
                  0.15    0.00    0.00 ^ _260_/CLK (sky130_fd_sc_hd__dfxtp_2)
                  0.04    0.33    0.33 ^ _260_/Q (sky130_fd_sc_hd__dfxtp_2)
     2    0.00                           tx_inst.data_reg[5] (net)
                  0.04    0.00    0.33 ^ _224_/A0 (sky130_fd_sc_hd__mux2_2)
                  0.03    0.12    0.45 ^ _224_/X (sky130_fd_sc_hd__mux2_2)
     1    0.00                           _111_ (net)
                  0.03    0.00    0.45 ^ _225_/A (sky130_fd_sc_hd__buf_1)
                  0.03    0.06    0.51 ^ _225_/X (sky130_fd_sc_hd__buf_1)
     1    0.00                           _054_ (net)
                  0.03    0.00    0.51 ^ _260_/D (sky130_fd_sc_hd__dfxtp_2)
                                  0.51   data arrival time

                  0.15    0.00    0.00   clock clk (rise edge)
                          0.00    0.00   clock network delay (ideal)
                          0.25    0.25   clock uncertainty
                          0.00    0.25   clock reconvergence pessimism
                                  0.25 ^ _260_/CLK (sky130_fd_sc_hd__dfxtp_2)
                         -0.01    0.24   library hold time
                                  0.24   data required time
-----------------------------------------------------------------------------
                                  0.24   data required time
                                 -0.51   data arrival time
-----------------------------------------------------------------------------
                                  0.28   slack (MET)


Startpoint: _255_ (rising edge-triggered flip-flop clocked by clk)
Endpoint: _255_ (rising edge-triggered flip-flop clocked by clk)
Path Group: clk
Path Type: min

Fanout     Cap    Slew   Delay    Time   Description
-----------------------------------------------------------------------------
                  0.15    0.00    0.00   clock clk (rise edge)
                          0.00    0.00   clock network delay (ideal)
                  0.15    0.00    0.00 ^ _255_/CLK (sky130_fd_sc_hd__dfxtp_2)
                  0.04    0.33    0.33 ^ _255_/Q (sky130_fd_sc_hd__dfxtp_2)
     2    0.00                           tx_inst.data_reg[0] (net)
                  0.04    0.00    0.33 ^ _214_/A0 (sky130_fd_sc_hd__mux2_2)
                  0.03    0.12    0.45 ^ _214_/X (sky130_fd_sc_hd__mux2_2)
     1    0.00                           _106_ (net)
                  0.03    0.00    0.45 ^ _215_/A (sky130_fd_sc_hd__buf_1)
                  0.03    0.06    0.51 ^ _215_/X (sky130_fd_sc_hd__buf_1)
     1    0.00                           _049_ (net)
                  0.03    0.00    0.51 ^ _255_/D (sky130_fd_sc_hd__dfxtp_2)
                                  0.51   data arrival time

                  0.15    0.00    0.00   clock clk (rise edge)
                          0.00    0.00   clock network delay (ideal)
                          0.25    0.25   clock uncertainty
                          0.00    0.25   clock reconvergence pessimism
                                  0.25 ^ _255_/CLK (sky130_fd_sc_hd__dfxtp_2)
                         -0.01    0.24   library hold time
                                  0.24   data required time
-----------------------------------------------------------------------------
                                  0.24   data required time
                                 -0.51   data arrival time
-----------------------------------------------------------------------------
                                  0.28   slack (MET)


Startpoint: _259_ (rising edge-triggered flip-flop clocked by clk)
Endpoint: _259_ (rising edge-triggered flip-flop clocked by clk)
Path Group: clk
Path Type: min

Fanout     Cap    Slew   Delay    Time   Description
-----------------------------------------------------------------------------
                  0.15    0.00    0.00   clock clk (rise edge)
                          0.00    0.00   clock network delay (ideal)
                  0.15    0.00    0.00 ^ _259_/CLK (sky130_fd_sc_hd__dfxtp_2)
                  0.04    0.33    0.33 ^ _259_/Q (sky130_fd_sc_hd__dfxtp_2)
     2    0.00                           tx_inst.data_reg[4] (net)
                  0.04    0.00    0.33 ^ _222_/A0 (sky130_fd_sc_hd__mux2_2)
                  0.03    0.12    0.45 ^ _222_/X (sky130_fd_sc_hd__mux2_2)
     1    0.00                           _110_ (net)
                  0.03    0.00    0.45 ^ _223_/A (sky130_fd_sc_hd__buf_1)
                  0.03    0.06    0.51 ^ _223_/X (sky130_fd_sc_hd__buf_1)
     1    0.00                           _053_ (net)
                  0.03    0.00    0.51 ^ _259_/D (sky130_fd_sc_hd__dfxtp_2)
                                  0.51   data arrival time

                  0.15    0.00    0.00   clock clk (rise edge)
                          0.00    0.00   clock network delay (ideal)
                          0.25    0.25   clock uncertainty
                          0.00    0.25   clock reconvergence pessimism
                                  0.25 ^ _259_/CLK (sky130_fd_sc_hd__dfxtp_2)
                         -0.01    0.24   library hold time
                                  0.24   data required time
-----------------------------------------------------------------------------
                                  0.24   data required time
                                 -0.51   data arrival time
-----------------------------------------------------------------------------
                                  0.28   slack (MET)


Startpoint: _233_ (rising edge-triggered flip-flop clocked by clk)
Endpoint: _230_ (rising edge-triggered flip-flop clocked by clk)
Path Group: clk
Path Type: min

Fanout     Cap    Slew   Delay    Time   Description
-----------------------------------------------------------------------------
                  0.15    0.00    0.00   clock clk (rise edge)
                          0.00    0.00   clock network delay (ideal)
                  0.15    0.00    0.00 ^ _233_/CLK (sky130_fd_sc_hd__dfrtp_2)
                  0.07    0.38    0.38 ^ _233_/Q (sky130_fd_sc_hd__dfrtp_2)
     5    0.01                           rx_inst.state[3] (net)
                  0.07    0.00    0.38 ^ _149_/A1 (sky130_fd_sc_hd__o21a_2)
                  0.04    0.13    0.51 ^ _149_/X (sky130_fd_sc_hd__o21a_2)
     2    0.00                           _000_ (net)
                  0.04    0.00    0.51 ^ _230_/D (sky130_fd_sc_hd__dfstp_2)
                                  0.51   data arrival time

                  0.15    0.00    0.00   clock clk (rise edge)
                          0.00    0.00   clock network delay (ideal)
                          0.25    0.25   clock uncertainty
                          0.00    0.25   clock reconvergence pessimism
                                  0.25 ^ _230_/CLK (sky130_fd_sc_hd__dfstp_2)
                         -0.02    0.23   library hold time
                                  0.23   data required time
-----------------------------------------------------------------------------
                                  0.23   data required time
                                 -0.51   data arrival time
-----------------------------------------------------------------------------
                                  0.28   slack (MET)


Startpoint: _233_ (rising edge-triggered flip-flop clocked by clk)
Endpoint: _246_ (rising edge-triggered flip-flop clocked by clk)
Path Group: clk
Path Type: min

Fanout     Cap    Slew   Delay    Time   Description
-----------------------------------------------------------------------------
                  0.15    0.00    0.00   clock clk (rise edge)
                          0.00    0.00   clock network delay (ideal)
                  0.15    0.00    0.00 ^ _233_/CLK (sky130_fd_sc_hd__dfrtp_2)
                  0.07    0.38    0.38 ^ _233_/Q (sky130_fd_sc_hd__dfrtp_2)
     5    0.01                           rx_inst.state[3] (net)
                  0.07    0.00    0.38 ^ _150_/A1 (sky130_fd_sc_hd__o22a_2)
                  0.03    0.13    0.52 ^ _150_/X (sky130_fd_sc_hd__o22a_2)
     1    0.00                           _040_ (net)
                  0.03    0.00    0.52 ^ _246_/D (sky130_fd_sc_hd__dfrtp_2)
                                  0.52   data arrival time

                  0.15    0.00    0.00   clock clk (rise edge)
                          0.00    0.00   clock network delay (ideal)
                          0.25    0.25   clock uncertainty
                          0.00    0.25   clock reconvergence pessimism
                                  0.25 ^ _246_/CLK (sky130_fd_sc_hd__dfrtp_2)
                         -0.02    0.23   library hold time
                                  0.23   data required time
-----------------------------------------------------------------------------
                                  0.23   data required time
                                 -0.52   data arrival time
-----------------------------------------------------------------------------
                                  0.28   slack (MET)


Startpoint: _234_ (rising edge-triggered flip-flop clocked by clk)
Endpoint: _234_ (rising edge-triggered flip-flop clocked by clk)
Path Group: clk
Path Type: min

Fanout     Cap    Slew   Delay    Time   Description
-----------------------------------------------------------------------------
                  0.15    0.00    0.00   clock clk (rise edge)
                          0.00    0.00   clock network delay (ideal)
                  0.15    0.00    0.00 ^ _234_/CLK (sky130_fd_sc_hd__dfrtp_2)
                  0.19    0.47    0.47 ^ _234_/Q (sky130_fd_sc_hd__dfrtp_2)
     9    0.04                           tx_inst.bit_count[0] (net)
                  0.19    0.00    0.47 ^ _169_/A1 (sky130_fd_sc_hd__a21oi_2)
                  0.03    0.06    0.53 v _169_/Y (sky130_fd_sc_hd__a21oi_2)
     1    0.00                           _033_ (net)
                  0.03    0.00    0.53 v _234_/D (sky130_fd_sc_hd__dfrtp_2)
                                  0.53   data arrival time

                  0.15    0.00    0.00   clock clk (rise edge)
                          0.00    0.00   clock network delay (ideal)
                          0.25    0.25   clock uncertainty
                          0.00    0.25   clock reconvergence pessimism
                                  0.25 ^ _234_/CLK (sky130_fd_sc_hd__dfrtp_2)
                         -0.01    0.24   library hold time
                                  0.24   data required time
-----------------------------------------------------------------------------
                                  0.24   data required time
                                 -0.53   data arrival time
-----------------------------------------------------------------------------
                                  0.29   slack (MET)


Startpoint: _231_ (rising edge-triggered flip-flop clocked by clk)
Endpoint: _240_ (rising edge-triggered flip-flop clocked by clk)
Path Group: clk
Path Type: min

Fanout     Cap    Slew   Delay    Time   Description
-----------------------------------------------------------------------------
                  0.15    0.00    0.00   clock clk (rise edge)
                          0.00    0.00   clock network delay (ideal)
                  0.15    0.00    0.00 ^ _231_/CLK (sky130_fd_sc_hd__dfrtp_2)
                  0.11    0.41    0.41 ^ _231_/Q (sky130_fd_sc_hd__dfrtp_2)
     7    0.02                           rx_inst.state[1] (net)
                  0.11    0.00    0.41 ^ _156_/A1 (sky130_fd_sc_hd__a22o_2)
                  0.03    0.13    0.54 ^ _156_/X (sky130_fd_sc_hd__a22o_2)
     1    0.00                           _038_ (net)
                  0.03    0.00    0.54 ^ _240_/D (sky130_fd_sc_hd__dfrtp_2)
                                  0.54   data arrival time

                  0.15    0.00    0.00   clock clk (rise edge)
                          0.00    0.00   clock network delay (ideal)
                          0.25    0.25   clock uncertainty
                          0.00    0.25   clock reconvergence pessimism
                                  0.25 ^ _240_/CLK (sky130_fd_sc_hd__dfrtp_2)
                         -0.02    0.23   library hold time
                                  0.23   data required time
-----------------------------------------------------------------------------
                                  0.23   data required time
                                 -0.54   data arrival time
-----------------------------------------------------------------------------
                                  0.31   slack (MET)


Startpoint: _231_ (rising edge-triggered flip-flop clocked by clk)
Endpoint: _241_ (rising edge-triggered flip-flop clocked by clk)
Path Group: clk
Path Type: min

Fanout     Cap    Slew   Delay    Time   Description
-----------------------------------------------------------------------------
                  0.15    0.00    0.00   clock clk (rise edge)
                          0.00    0.00   clock network delay (ideal)
                  0.15    0.00    0.00 ^ _231_/CLK (sky130_fd_sc_hd__dfrtp_2)
                  0.11    0.41    0.41 ^ _231_/Q (sky130_fd_sc_hd__dfrtp_2)
     7    0.02                           rx_inst.state[1] (net)
                  0.11    0.00    0.41 ^ _152_/A1 (sky130_fd_sc_hd__a22o_2)
                  0.03    0.13    0.54 ^ _152_/X (sky130_fd_sc_hd__a22o_2)
     1    0.00                           _039_ (net)
                  0.03    0.00    0.54 ^ _241_/D (sky130_fd_sc_hd__dfrtp_2)
                                  0.54   data arrival time

                  0.15    0.00    0.00   clock clk (rise edge)
                          0.00    0.00   clock network delay (ideal)
                          0.25    0.25   clock uncertainty
                          0.00    0.25   clock reconvergence pessimism
                                  0.25 ^ _241_/CLK (sky130_fd_sc_hd__dfrtp_2)
                         -0.02    0.23   library hold time
                                  0.23   data required time
-----------------------------------------------------------------------------
                                  0.23   data required time
                                 -0.54   data arrival time
-----------------------------------------------------------------------------
                                  0.31   slack (MET)


Startpoint: _235_ (rising edge-triggered flip-flop clocked by clk)
Endpoint: _235_ (rising edge-triggered flip-flop clocked by clk)
Path Group: clk
Path Type: min

Fanout     Cap    Slew   Delay    Time   Description
-----------------------------------------------------------------------------
                  0.15    0.00    0.00   clock clk (rise edge)
                          0.00    0.00   clock network delay (ideal)
                  0.15    0.00    0.00 ^ _235_/CLK (sky130_fd_sc_hd__dfrtp_2)
                  0.12    0.42    0.42 ^ _235_/Q (sky130_fd_sc_hd__dfrtp_2)
     7    0.02                           tx_inst.bit_count[1] (net)
                  0.12    0.00    0.42 ^ _166_/B1 (sky130_fd_sc_hd__a21oi_2)
                  0.04    0.04    0.47 v _166_/Y (sky130_fd_sc_hd__a21oi_2)
     1    0.00                           _093_ (net)
                  0.04    0.00    0.47 v _167_/B1 (sky130_fd_sc_hd__a21oi_2)
                  0.06    0.08    0.54 ^ _167_/Y (sky130_fd_sc_hd__a21oi_2)
     1    0.00                           _034_ (net)
                  0.06    0.00    0.54 ^ _235_/D (sky130_fd_sc_hd__dfrtp_2)
                                  0.54   data arrival time

                  0.15    0.00    0.00   clock clk (rise edge)
                          0.00    0.00   clock network delay (ideal)
                          0.25    0.25   clock uncertainty
                          0.00    0.25   clock reconvergence pessimism
                                  0.25 ^ _235_/CLK (sky130_fd_sc_hd__dfrtp_2)
                         -0.02    0.23   library hold time
                                  0.23   data required time
-----------------------------------------------------------------------------
                                  0.23   data required time
                                 -0.54   data arrival time
-----------------------------------------------------------------------------
                                  0.32   slack (MET)


Startpoint: _240_ (rising edge-triggered flip-flop clocked by clk)
Endpoint: _254_ (rising edge-triggered flip-flop clocked by clk)
Path Group: clk
Path Type: min

Fanout     Cap    Slew   Delay    Time   Description
-----------------------------------------------------------------------------
                  0.15    0.00    0.00   clock clk (rise edge)
                          0.00    0.00   clock network delay (ideal)
                  0.15    0.00    0.00 ^ _240_/CLK (sky130_fd_sc_hd__dfrtp_2)
                  0.15    0.44    0.44 ^ _240_/Q (sky130_fd_sc_hd__dfrtp_2)
    10    0.03                           rx_inst.bit_count[1] (net)
                  0.15    0.00    0.44 ^ _124_/A1 (sky130_fd_sc_hd__a41o_2)
                  0.03    0.18    0.62 ^ _124_/X (sky130_fd_sc_hd__a41o_2)
     1    0.00                           _048_ (net)
                  0.03    0.00    0.62 ^ _254_/D (sky130_fd_sc_hd__dfrtp_2)
                                  0.62   data arrival time

                  0.15    0.00    0.00   clock clk (rise edge)
                          0.00    0.00   clock network delay (ideal)
                          0.25    0.25   clock uncertainty
                          0.00    0.25   clock reconvergence pessimism
                                  0.25 ^ _254_/CLK (sky130_fd_sc_hd__dfrtp_2)
                         -0.02    0.23   library hold time
                                  0.23   data required time
-----------------------------------------------------------------------------
                                  0.23   data required time
                                 -0.62   data arrival time
-----------------------------------------------------------------------------
                                  0.39   slack (MET)


Startpoint: _231_ (rising edge-triggered flip-flop clocked by clk)
Endpoint: _239_ (rising edge-triggered flip-flop clocked by clk)
Path Group: clk
Path Type: min

Fanout     Cap    Slew   Delay    Time   Description
-----------------------------------------------------------------------------
                  0.15    0.00    0.00   clock clk (rise edge)
                          0.00    0.00   clock network delay (ideal)
                  0.15    0.00    0.00 ^ _231_/CLK (sky130_fd_sc_hd__dfrtp_2)
                  0.11    0.41    0.41 ^ _231_/Q (sky130_fd_sc_hd__dfrtp_2)
     7    0.02                           rx_inst.state[1] (net)
                  0.11    0.00    0.41 ^ _157_/A0 (sky130_fd_sc_hd__mux2_2)
                  0.03    0.14    0.55 ^ _157_/X (sky130_fd_sc_hd__mux2_2)
     1    0.00                           _087_ (net)
                  0.03    0.00    0.55 ^ _158_/A (sky130_fd_sc_hd__buf_1)
                  0.04    0.07    0.62 ^ _158_/X (sky130_fd_sc_hd__buf_1)
     1    0.00                           _037_ (net)
                  0.04    0.00    0.62 ^ _239_/D (sky130_fd_sc_hd__dfrtp_2)
                                  0.62   data arrival time

                  0.15    0.00    0.00   clock clk (rise edge)
                          0.00    0.00   clock network delay (ideal)
                          0.25    0.25   clock uncertainty
                          0.00    0.25   clock reconvergence pessimism
                                  0.25 ^ _239_/CLK (sky130_fd_sc_hd__dfrtp_2)
                         -0.02    0.23   library hold time
                                  0.23   data required time
-----------------------------------------------------------------------------
                                  0.23   data required time
                                 -0.62   data arrival time
-----------------------------------------------------------------------------
                                  0.39   slack (MET)


Startpoint: _236_ (rising edge-triggered flip-flop clocked by clk)
Endpoint: _245_ (rising edge-triggered flip-flop clocked by clk)
Path Group: clk
Path Type: min

Fanout     Cap    Slew   Delay    Time   Description
-----------------------------------------------------------------------------
                  0.15    0.00    0.00   clock clk (rise edge)
                          0.00    0.00   clock network delay (ideal)
                  0.15    0.00    0.00 ^ _236_/CLK (sky130_fd_sc_hd__dfrtp_2)
                  0.08    0.39    0.39 ^ _236_/Q (sky130_fd_sc_hd__dfrtp_2)
     5    0.01                           tx_inst.bit_count[2] (net)
                  0.08    0.00    0.39 ^ _183_/A (sky130_fd_sc_hd__and4_2)
                  0.05    0.18    0.57 ^ _183_/X (sky130_fd_sc_hd__and4_2)
     1    0.00                           _101_ (net)
                  0.05    0.00    0.57 ^ _184_/A (sky130_fd_sc_hd__buf_1)
                  0.04    0.07    0.64 ^ _184_/X (sky130_fd_sc_hd__buf_1)
     1    0.00                           _003_ (net)
                  0.04    0.00    0.64 ^ _245_/D (sky130_fd_sc_hd__dfrtp_2)
                                  0.64   data arrival time

                  0.15    0.00    0.00   clock clk (rise edge)
                          0.00    0.00   clock network delay (ideal)
                          0.25    0.25   clock uncertainty
                          0.00    0.25   clock reconvergence pessimism
                                  0.25 ^ _245_/CLK (sky130_fd_sc_hd__dfrtp_2)
                         -0.02    0.23   library hold time
                                  0.23   data required time
-----------------------------------------------------------------------------
                                  0.23   data required time
                                 -0.64   data arrival time
-----------------------------------------------------------------------------
                                  0.41   slack (MET)


Startpoint: _239_ (rising edge-triggered flip-flop clocked by clk)
Endpoint: _252_ (rising edge-triggered flip-flop clocked by clk)
Path Group: clk
Path Type: min

Fanout     Cap    Slew   Delay    Time   Description
-----------------------------------------------------------------------------
                  0.15    0.00    0.00   clock clk (rise edge)
                          0.00    0.00   clock network delay (ideal)
                  0.15    0.00    0.00 ^ _239_/CLK (sky130_fd_sc_hd__dfrtp_2)
                  0.05    0.41    0.41 v _239_/Q (sky130_fd_sc_hd__dfrtp_2)
     2    0.01                           rx_inst.bit_count[0] (net)
                  0.05    0.00    0.41 v _130_/A (sky130_fd_sc_hd__inv_2)
                  0.04    0.05    0.46 ^ _130_/Y (sky130_fd_sc_hd__inv_2)
     3    0.01                           _070_ (net)
                  0.04    0.00    0.46 ^ _131_/A2 (sky130_fd_sc_hd__o31a_2)
                  0.03    0.12    0.57 ^ _131_/X (sky130_fd_sc_hd__o31a_2)
     1    0.00                           _071_ (net)
                  0.03    0.00    0.57 ^ _132_/B1 (sky130_fd_sc_hd__a41o_2)
                  0.03    0.07    0.65 ^ _132_/X (sky130_fd_sc_hd__a41o_2)
     1    0.00                           _046_ (net)
                  0.03    0.00    0.65 ^ _252_/D (sky130_fd_sc_hd__dfrtp_2)
                                  0.65   data arrival time

                  0.15    0.00    0.00   clock clk (rise edge)
                          0.00    0.00   clock network delay (ideal)
                          0.25    0.25   clock uncertainty
                          0.00    0.25   clock reconvergence pessimism
                                  0.25 ^ _252_/CLK (sky130_fd_sc_hd__dfrtp_2)
                         -0.02    0.23   library hold time
                                  0.23   data required time
-----------------------------------------------------------------------------
                                  0.23   data required time
                                 -0.65   data arrival time
-----------------------------------------------------------------------------
                                  0.41   slack (MET)


Startpoint: _248_ (rising edge-triggered flip-flop clocked by clk)
Endpoint: _248_ (rising edge-triggered flip-flop clocked by clk)
Path Group: clk
Path Type: min

Fanout     Cap    Slew   Delay    Time   Description
-----------------------------------------------------------------------------
                  0.15    0.00    0.00   clock clk (rise edge)
                          0.00    0.00   clock network delay (ideal)
                  0.15    0.00    0.00 ^ _248_/CLK (sky130_fd_sc_hd__dfrtp_2)
                  0.18    0.47    0.47 ^ _248_/Q (sky130_fd_sc_hd__dfrtp_2)
     2    0.04                           rx_data[1] (net)
                  0.18    0.00    0.47 ^ _143_/A1 (sky130_fd_sc_hd__mux2_2)
                  0.03    0.16    0.63 ^ _143_/X (sky130_fd_sc_hd__mux2_2)
     1    0.00                           _079_ (net)
                  0.03    0.00    0.63 ^ _144_/A (sky130_fd_sc_hd__buf_1)
                  0.04    0.07    0.70 ^ _144_/X (sky130_fd_sc_hd__buf_1)
     1    0.00                           _042_ (net)
                  0.04    0.00    0.70 ^ _248_/D (sky130_fd_sc_hd__dfrtp_2)
                                  0.70   data arrival time

                  0.15    0.00    0.00   clock clk (rise edge)
                          0.00    0.00   clock network delay (ideal)
                          0.25    0.25   clock uncertainty
                          0.00    0.25   clock reconvergence pessimism
                                  0.25 ^ _248_/CLK (sky130_fd_sc_hd__dfrtp_2)
                         -0.02    0.23   library hold time
                                  0.23   data required time
-----------------------------------------------------------------------------
                                  0.23   data required time
                                 -0.70   data arrival time
-----------------------------------------------------------------------------
                                  0.47   slack (MET)


Startpoint: _249_ (rising edge-triggered flip-flop clocked by clk)
Endpoint: _249_ (rising edge-triggered flip-flop clocked by clk)
Path Group: clk
Path Type: min

Fanout     Cap    Slew   Delay    Time   Description
-----------------------------------------------------------------------------
                  0.15    0.00    0.00   clock clk (rise edge)
                          0.00    0.00   clock network delay (ideal)
                  0.15    0.00    0.00 ^ _249_/CLK (sky130_fd_sc_hd__dfrtp_2)
                  0.18    0.47    0.47 ^ _249_/Q (sky130_fd_sc_hd__dfrtp_2)
     2    0.04                           rx_data[2] (net)
                  0.18    0.00    0.47 ^ _140_/A1 (sky130_fd_sc_hd__mux2_2)
                  0.03    0.16    0.63 ^ _140_/X (sky130_fd_sc_hd__mux2_2)
     1    0.00                           _077_ (net)
                  0.03    0.00    0.63 ^ _141_/A (sky130_fd_sc_hd__buf_1)
                  0.04    0.07    0.70 ^ _141_/X (sky130_fd_sc_hd__buf_1)
     1    0.00                           _043_ (net)
                  0.04    0.00    0.70 ^ _249_/D (sky130_fd_sc_hd__dfrtp_2)
                                  0.70   data arrival time

                  0.15    0.00    0.00   clock clk (rise edge)
                          0.00    0.00   clock network delay (ideal)
                          0.25    0.25   clock uncertainty
                          0.00    0.25   clock reconvergence pessimism
                                  0.25 ^ _249_/CLK (sky130_fd_sc_hd__dfrtp_2)
                         -0.02    0.23   library hold time
                                  0.23   data required time
-----------------------------------------------------------------------------
                                  0.23   data required time
                                 -0.70   data arrival time
-----------------------------------------------------------------------------
                                  0.47   slack (MET)


Startpoint: _250_ (rising edge-triggered flip-flop clocked by clk)
Endpoint: _250_ (rising edge-triggered flip-flop clocked by clk)
Path Group: clk
Path Type: min

Fanout     Cap    Slew   Delay    Time   Description
-----------------------------------------------------------------------------
                  0.15    0.00    0.00   clock clk (rise edge)
                          0.00    0.00   clock network delay (ideal)
                  0.15    0.00    0.00 ^ _250_/CLK (sky130_fd_sc_hd__dfrtp_2)
                  0.18    0.47    0.47 ^ _250_/Q (sky130_fd_sc_hd__dfrtp_2)
     2    0.04                           rx_data[3] (net)
                  0.18    0.00    0.47 ^ _137_/A1 (sky130_fd_sc_hd__mux2_2)
                  0.03    0.16    0.63 ^ _137_/X (sky130_fd_sc_hd__mux2_2)
     1    0.00                           _075_ (net)
                  0.03    0.00    0.63 ^ _138_/A (sky130_fd_sc_hd__buf_1)
                  0.04    0.07    0.70 ^ _138_/X (sky130_fd_sc_hd__buf_1)
     1    0.00                           _044_ (net)
                  0.04    0.00    0.70 ^ _250_/D (sky130_fd_sc_hd__dfrtp_2)
                                  0.70   data arrival time

                  0.15    0.00    0.00   clock clk (rise edge)
                          0.00    0.00   clock network delay (ideal)
                          0.25    0.25   clock uncertainty
                          0.00    0.25   clock reconvergence pessimism
                                  0.25 ^ _250_/CLK (sky130_fd_sc_hd__dfrtp_2)
                         -0.02    0.23   library hold time
                                  0.23   data required time
-----------------------------------------------------------------------------
                                  0.23   data required time
                                 -0.70   data arrival time
-----------------------------------------------------------------------------
                                  0.47   slack (MET)


Startpoint: _251_ (rising edge-triggered flip-flop clocked by clk)
Endpoint: _251_ (rising edge-triggered flip-flop clocked by clk)
Path Group: clk
Path Type: min

Fanout     Cap    Slew   Delay    Time   Description
-----------------------------------------------------------------------------
                  0.15    0.00    0.00   clock clk (rise edge)
                          0.00    0.00   clock network delay (ideal)
                  0.15    0.00    0.00 ^ _251_/CLK (sky130_fd_sc_hd__dfrtp_2)
                  0.18    0.47    0.47 ^ _251_/Q (sky130_fd_sc_hd__dfrtp_2)
     2    0.04                           rx_data[4] (net)
                  0.18    0.00    0.47 ^ _134_/A1 (sky130_fd_sc_hd__mux2_2)
                  0.03    0.16    0.63 ^ _134_/X (sky130_fd_sc_hd__mux2_2)
     1    0.00                           _073_ (net)
                  0.03    0.00    0.63 ^ _135_/A (sky130_fd_sc_hd__buf_1)
                  0.04    0.07    0.70 ^ _135_/X (sky130_fd_sc_hd__buf_1)
     1    0.00                           _045_ (net)
                  0.04    0.00    0.70 ^ _251_/D (sky130_fd_sc_hd__dfrtp_2)
                                  0.70   data arrival time

                  0.15    0.00    0.00   clock clk (rise edge)
                          0.00    0.00   clock network delay (ideal)
                          0.25    0.25   clock uncertainty
                          0.00    0.25   clock reconvergence pessimism
                                  0.25 ^ _251_/CLK (sky130_fd_sc_hd__dfrtp_2)
                         -0.02    0.23   library hold time
                                  0.23   data required time
-----------------------------------------------------------------------------
                                  0.23   data required time
                                 -0.70   data arrival time
-----------------------------------------------------------------------------
                                  0.47   slack (MET)


Startpoint: _253_ (rising edge-triggered flip-flop clocked by clk)
Endpoint: _253_ (rising edge-triggered flip-flop clocked by clk)
Path Group: clk
Path Type: min

Fanout     Cap    Slew   Delay    Time   Description
-----------------------------------------------------------------------------
                  0.15    0.00    0.00   clock clk (rise edge)
                          0.00    0.00   clock network delay (ideal)
                  0.15    0.00    0.00 ^ _253_/CLK (sky130_fd_sc_hd__dfrtp_2)
                  0.18    0.47    0.47 ^ _253_/Q (sky130_fd_sc_hd__dfrtp_2)
     2    0.04                           rx_data[6] (net)
                  0.18    0.00    0.47 ^ _128_/A1 (sky130_fd_sc_hd__mux2_2)
                  0.03    0.16    0.63 ^ _128_/X (sky130_fd_sc_hd__mux2_2)
     1    0.00                           _069_ (net)
                  0.03    0.00    0.63 ^ _129_/A (sky130_fd_sc_hd__buf_1)
                  0.04    0.07    0.70 ^ _129_/X (sky130_fd_sc_hd__buf_1)
     1    0.00                           _047_ (net)
                  0.04    0.00    0.70 ^ _253_/D (sky130_fd_sc_hd__dfrtp_2)
                                  0.70   data arrival time

                  0.15    0.00    0.00   clock clk (rise edge)
                          0.00    0.00   clock network delay (ideal)
                          0.25    0.25   clock uncertainty
                          0.00    0.25   clock reconvergence pessimism
                                  0.25 ^ _253_/CLK (sky130_fd_sc_hd__dfrtp_2)
                         -0.02    0.23   library hold time
                                  0.23   data required time
-----------------------------------------------------------------------------
                                  0.23   data required time
                                 -0.70   data arrival time
-----------------------------------------------------------------------------
                                  0.47   slack (MET)


Startpoint: _247_ (rising edge-triggered flip-flop clocked by clk)
Endpoint: _247_ (rising edge-triggered flip-flop clocked by clk)
Path Group: clk
Path Type: min

Fanout     Cap    Slew   Delay    Time   Description
-----------------------------------------------------------------------------
                  0.15    0.00    0.00   clock clk (rise edge)
                          0.00    0.00   clock network delay (ideal)
                  0.15    0.00    0.00 ^ _247_/CLK (sky130_fd_sc_hd__dfrtp_2)
                  0.18    0.47    0.47 ^ _247_/Q (sky130_fd_sc_hd__dfrtp_2)
     2    0.04                           rx_data[0] (net)
                  0.18    0.00    0.47 ^ _146_/A0 (sky130_fd_sc_hd__mux2_2)
                  0.03    0.16    0.63 ^ _146_/X (sky130_fd_sc_hd__mux2_2)
     1    0.00                           _081_ (net)
                  0.03    0.00    0.63 ^ _147_/A (sky130_fd_sc_hd__buf_1)
                  0.04    0.07    0.70 ^ _147_/X (sky130_fd_sc_hd__buf_1)
     1    0.00                           _041_ (net)
                  0.04    0.00    0.70 ^ _247_/D (sky130_fd_sc_hd__dfrtp_2)
                                  0.70   data arrival time

                  0.15    0.00    0.00   clock clk (rise edge)
                          0.00    0.00   clock network delay (ideal)
                          0.25    0.25   clock uncertainty
                          0.00    0.25   clock reconvergence pessimism
                                  0.25 ^ _247_/CLK (sky130_fd_sc_hd__dfrtp_2)
                         -0.02    0.23   library hold time
                                  0.23   data required time
-----------------------------------------------------------------------------
                                  0.23   data required time
                                 -0.70   data arrival time
-----------------------------------------------------------------------------
                                  0.47   slack (MET)


Startpoint: reset (input port clocked by clk)
Endpoint: _251_ (removal check against rising-edge clock clk)
Path Group: asynchronous
Path Type: min

Fanout     Cap    Slew   Delay    Time   Description
-----------------------------------------------------------------------------
                  0.15    0.00    0.00   clock clk (rise edge)
                          0.00    0.00   clock network delay (ideal)
                          4.00    4.00 v input external delay
                  0.06    0.04    4.04 v reset (in)
     7    0.03                           reset (net)
                  0.06    0.00    4.04 v _208_/A (sky130_fd_sc_hd__inv_2)
                  0.03    0.05    4.08 ^ _208_/Y (sky130_fd_sc_hd__inv_2)
     1    0.00                           _029_ (net)
                  0.03    0.00    4.08 ^ _251_/RESET_B (sky130_fd_sc_hd__dfrtp_2)
                                  4.08   data arrival time

                  0.15    0.00    0.00   clock clk (rise edge)
                          0.00    0.00   clock network delay (ideal)
                          0.25    0.25   clock uncertainty
                          0.00    0.25   clock reconvergence pessimism
                                  0.25 ^ _251_/CLK (sky130_fd_sc_hd__dfrtp_2)
                          0.34    0.59   library removal time
                                  0.59   data required time
-----------------------------------------------------------------------------
                                  0.59   data required time
                                 -4.08   data arrival time
-----------------------------------------------------------------------------
                                  3.49   slack (MET)


Startpoint: reset (input port clocked by clk)
Endpoint: _252_ (removal check against rising-edge clock clk)
Path Group: asynchronous
Path Type: min

Fanout     Cap    Slew   Delay    Time   Description
-----------------------------------------------------------------------------
                  0.15    0.00    0.00   clock clk (rise edge)
                          0.00    0.00   clock network delay (ideal)
                          4.00    4.00 v input external delay
                  0.06    0.04    4.04 v reset (in)
     7    0.03                           reset (net)
                  0.06    0.00    4.04 v _209_/A (sky130_fd_sc_hd__inv_2)
                  0.03    0.05    4.08 ^ _209_/Y (sky130_fd_sc_hd__inv_2)
     1    0.00                           _030_ (net)
                  0.03    0.00    4.08 ^ _252_/RESET_B (sky130_fd_sc_hd__dfrtp_2)
                                  4.08   data arrival time

                  0.15    0.00    0.00   clock clk (rise edge)
                          0.00    0.00   clock network delay (ideal)
                          0.25    0.25   clock uncertainty
                          0.00    0.25   clock reconvergence pessimism
                                  0.25 ^ _252_/CLK (sky130_fd_sc_hd__dfrtp_2)
                          0.34    0.59   library removal time
                                  0.59   data required time
-----------------------------------------------------------------------------
                                  0.59   data required time
                                 -4.08   data arrival time
-----------------------------------------------------------------------------
                                  3.49   slack (MET)


Startpoint: reset (input port clocked by clk)
Endpoint: _253_ (removal check against rising-edge clock clk)
Path Group: asynchronous
Path Type: min

Fanout     Cap    Slew   Delay    Time   Description
-----------------------------------------------------------------------------
                  0.15    0.00    0.00   clock clk (rise edge)
                          0.00    0.00   clock network delay (ideal)
                          4.00    4.00 v input external delay
                  0.06    0.04    4.04 v reset (in)
     7    0.03                           reset (net)
                  0.06    0.00    4.04 v _210_/A (sky130_fd_sc_hd__inv_2)
                  0.03    0.05    4.08 ^ _210_/Y (sky130_fd_sc_hd__inv_2)
     1    0.00                           _031_ (net)
                  0.03    0.00    4.08 ^ _253_/RESET_B (sky130_fd_sc_hd__dfrtp_2)
                                  4.08   data arrival time

                  0.15    0.00    0.00   clock clk (rise edge)
                          0.00    0.00   clock network delay (ideal)
                          0.25    0.25   clock uncertainty
                          0.00    0.25   clock reconvergence pessimism
                                  0.25 ^ _253_/CLK (sky130_fd_sc_hd__dfrtp_2)
                          0.34    0.59   library removal time
                                  0.59   data required time
-----------------------------------------------------------------------------
                                  0.59   data required time
                                 -4.08   data arrival time
-----------------------------------------------------------------------------
                                  3.49   slack (MET)


Startpoint: reset (input port clocked by clk)
Endpoint: _254_ (removal check against rising-edge clock clk)
Path Group: asynchronous
Path Type: min

Fanout     Cap    Slew   Delay    Time   Description
-----------------------------------------------------------------------------
                  0.15    0.00    0.00   clock clk (rise edge)
                          0.00    0.00   clock network delay (ideal)
                          4.00    4.00 v input external delay
                  0.06    0.04    4.04 v reset (in)
     7    0.03                           reset (net)
                  0.06    0.00    4.04 v _211_/A (sky130_fd_sc_hd__inv_2)
                  0.03    0.05    4.08 ^ _211_/Y (sky130_fd_sc_hd__inv_2)
     1    0.00                           _032_ (net)
                  0.03    0.00    4.08 ^ _254_/RESET_B (sky130_fd_sc_hd__dfrtp_2)
                                  4.08   data arrival time

                  0.15    0.00    0.00   clock clk (rise edge)
                          0.00    0.00   clock network delay (ideal)
                          0.25    0.25   clock uncertainty
                          0.00    0.25   clock reconvergence pessimism
                                  0.25 ^ _254_/CLK (sky130_fd_sc_hd__dfrtp_2)
                          0.34    0.59   library removal time
                                  0.59   data required time
-----------------------------------------------------------------------------
                                  0.59   data required time
                                 -4.08   data arrival time
-----------------------------------------------------------------------------
                                  3.49   slack (MET)


Startpoint: reset (input port clocked by clk)
Endpoint: _230_ (removal check against rising-edge clock clk)
Path Group: asynchronous
Path Type: min

Fanout     Cap    Slew   Delay    Time   Description
-----------------------------------------------------------------------------
                  0.15    0.00    0.00   clock clk (rise edge)
                          0.00    0.00   clock network delay (ideal)
                          4.00    4.00 v input external delay
                  0.06    0.04    4.04 v reset (in)
     7    0.03                           reset (net)
                  0.06    0.00    4.04 v _185_/A (sky130_fd_sc_hd__inv_2)
                  0.03    0.05    4.09 ^ _185_/Y (sky130_fd_sc_hd__inv_2)
     2    0.01                           _008_ (net)
                  0.03    0.00    4.09 ^ _230_/SET_B (sky130_fd_sc_hd__dfstp_2)
                                  4.09   data arrival time

                  0.15    0.00    0.00   clock clk (rise edge)
                          0.00    0.00   clock network delay (ideal)
                          0.25    0.25   clock uncertainty
                          0.00    0.25   clock reconvergence pessimism
                                  0.25 ^ _230_/CLK (sky130_fd_sc_hd__dfstp_2)
                          0.19    0.44   library removal time
                                  0.44   data required time
-----------------------------------------------------------------------------
                                  0.44   data required time
                                 -4.09   data arrival time
-----------------------------------------------------------------------------
                                  3.65   slack (MET)


Startpoint: reset (input port clocked by clk)
Endpoint: _231_ (removal check against rising-edge clock clk)
Path Group: asynchronous
Path Type: min

Fanout     Cap    Slew   Delay    Time   Description
-----------------------------------------------------------------------------
                  0.15    0.00    0.00   clock clk (rise edge)
                          0.00    0.00   clock network delay (ideal)
                          4.00    4.00 v input external delay
                  0.06    0.04    4.04 v reset (in)
     7    0.03                           reset (net)
                  0.06    0.00    4.04 v _186_/A (sky130_fd_sc_hd__buf_1)
                  0.25    0.25    4.29 v _186_/X (sky130_fd_sc_hd__buf_1)
    10    0.04                           _102_ (net)
                  0.25    0.00    4.29 v _187_/A (sky130_fd_sc_hd__inv_2)
                  0.06    0.09    4.38 ^ _187_/Y (sky130_fd_sc_hd__inv_2)
     1    0.00                           _009_ (net)
                  0.06    0.00    4.38 ^ _231_/RESET_B (sky130_fd_sc_hd__dfrtp_2)
                                  4.38   data arrival time

                  0.15    0.00    0.00   clock clk (rise edge)
                          0.00    0.00   clock network delay (ideal)
                          0.25    0.25   clock uncertainty
                          0.00    0.25   clock reconvergence pessimism
                                  0.25 ^ _231_/CLK (sky130_fd_sc_hd__dfrtp_2)
                          0.35    0.60   library removal time
                                  0.60   data required time
-----------------------------------------------------------------------------
                                  0.60   data required time
                                 -4.38   data arrival time
-----------------------------------------------------------------------------
                                  3.78   slack (MET)


Startpoint: reset (input port clocked by clk)
Endpoint: _232_ (removal check against rising-edge clock clk)
Path Group: asynchronous
Path Type: min

Fanout     Cap    Slew   Delay    Time   Description
-----------------------------------------------------------------------------
                  0.15    0.00    0.00   clock clk (rise edge)
                          0.00    0.00   clock network delay (ideal)
                          4.00    4.00 v input external delay
                  0.06    0.04    4.04 v reset (in)
     7    0.03                           reset (net)
                  0.06    0.00    4.04 v _186_/A (sky130_fd_sc_hd__buf_1)
                  0.25    0.25    4.29 v _186_/X (sky130_fd_sc_hd__buf_1)
    10    0.04                           _102_ (net)
                  0.25    0.00    4.29 v _188_/A (sky130_fd_sc_hd__inv_2)
                  0.06    0.09    4.38 ^ _188_/Y (sky130_fd_sc_hd__inv_2)
     1    0.00                           _010_ (net)
                  0.06    0.00    4.38 ^ _232_/RESET_B (sky130_fd_sc_hd__dfrtp_2)
                                  4.38   data arrival time

                  0.15    0.00    0.00   clock clk (rise edge)
                          0.00    0.00   clock network delay (ideal)
                          0.25    0.25   clock uncertainty
                          0.00    0.25   clock reconvergence pessimism
                                  0.25 ^ _232_/CLK (sky130_fd_sc_hd__dfrtp_2)
                          0.35    0.60   library removal time
                                  0.60   data required time
-----------------------------------------------------------------------------
                                  0.60   data required time
                                 -4.38   data arrival time
-----------------------------------------------------------------------------
                                  3.78   slack (MET)


Startpoint: reset (input port clocked by clk)
Endpoint: _233_ (removal check against rising-edge clock clk)
Path Group: asynchronous
Path Type: min

Fanout     Cap    Slew   Delay    Time   Description
-----------------------------------------------------------------------------
                  0.15    0.00    0.00   clock clk (rise edge)
                          0.00    0.00   clock network delay (ideal)
                          4.00    4.00 v input external delay
                  0.06    0.04    4.04 v reset (in)
     7    0.03                           reset (net)
                  0.06    0.00    4.04 v _186_/A (sky130_fd_sc_hd__buf_1)
                  0.25    0.25    4.29 v _186_/X (sky130_fd_sc_hd__buf_1)
    10    0.04                           _102_ (net)
                  0.25    0.00    4.29 v _189_/A (sky130_fd_sc_hd__inv_2)
                  0.06    0.09    4.38 ^ _189_/Y (sky130_fd_sc_hd__inv_2)
     1    0.00                           _011_ (net)
                  0.06    0.00    4.38 ^ _233_/RESET_B (sky130_fd_sc_hd__dfrtp_2)
                                  4.38   data arrival time

                  0.15    0.00    0.00   clock clk (rise edge)
                          0.00    0.00   clock network delay (ideal)
                          0.25    0.25   clock uncertainty
                          0.00    0.25   clock reconvergence pessimism
                                  0.25 ^ _233_/CLK (sky130_fd_sc_hd__dfrtp_2)
                          0.35    0.60   library removal time
                                  0.60   data required time
-----------------------------------------------------------------------------
                                  0.60   data required time
                                 -4.38   data arrival time
-----------------------------------------------------------------------------
                                  3.78   slack (MET)


Startpoint: reset (input port clocked by clk)
Endpoint: _234_ (removal check against rising-edge clock clk)
Path Group: asynchronous
Path Type: min

Fanout     Cap    Slew   Delay    Time   Description
-----------------------------------------------------------------------------
                  0.15    0.00    0.00   clock clk (rise edge)
                          0.00    0.00   clock network delay (ideal)
                          4.00    4.00 v input external delay
                  0.06    0.04    4.04 v reset (in)
     7    0.03                           reset (net)
                  0.06    0.00    4.04 v _186_/A (sky130_fd_sc_hd__buf_1)
                  0.25    0.25    4.29 v _186_/X (sky130_fd_sc_hd__buf_1)
    10    0.04                           _102_ (net)
                  0.25    0.00    4.29 v _190_/A (sky130_fd_sc_hd__inv_2)
                  0.06    0.09    4.38 ^ _190_/Y (sky130_fd_sc_hd__inv_2)
     1    0.00                           _012_ (net)
                  0.06    0.00    4.38 ^ _234_/RESET_B (sky130_fd_sc_hd__dfrtp_2)
                                  4.38   data arrival time

                  0.15    0.00    0.00   clock clk (rise edge)
                          0.00    0.00   clock network delay (ideal)
                          0.25    0.25   clock uncertainty
                          0.00    0.25   clock reconvergence pessimism
                                  0.25 ^ _234_/CLK (sky130_fd_sc_hd__dfrtp_2)
                          0.35    0.60   library removal time
                                  0.60   data required time
-----------------------------------------------------------------------------
                                  0.60   data required time
                                 -4.38   data arrival time
-----------------------------------------------------------------------------
                                  3.78   slack (MET)


Startpoint: reset (input port clocked by clk)
Endpoint: _235_ (removal check against rising-edge clock clk)
Path Group: asynchronous
Path Type: min

Fanout     Cap    Slew   Delay    Time   Description
-----------------------------------------------------------------------------
                  0.15    0.00    0.00   clock clk (rise edge)
                          0.00    0.00   clock network delay (ideal)
                          4.00    4.00 v input external delay
                  0.06    0.04    4.04 v reset (in)
     7    0.03                           reset (net)
                  0.06    0.00    4.04 v _186_/A (sky130_fd_sc_hd__buf_1)
                  0.25    0.25    4.29 v _186_/X (sky130_fd_sc_hd__buf_1)
    10    0.04                           _102_ (net)
                  0.25    0.00    4.29 v _191_/A (sky130_fd_sc_hd__inv_2)
                  0.06    0.09    4.38 ^ _191_/Y (sky130_fd_sc_hd__inv_2)
     1    0.00                           _013_ (net)
                  0.06    0.00    4.38 ^ _235_/RESET_B (sky130_fd_sc_hd__dfrtp_2)
                                  4.38   data arrival time

                  0.15    0.00    0.00   clock clk (rise edge)
                          0.00    0.00   clock network delay (ideal)
                          0.25    0.25   clock uncertainty
                          0.00    0.25   clock reconvergence pessimism
                                  0.25 ^ _235_/CLK (sky130_fd_sc_hd__dfrtp_2)
                          0.35    0.60   library removal time
                                  0.60   data required time
-----------------------------------------------------------------------------
                                  0.60   data required time
                                 -4.38   data arrival time
-----------------------------------------------------------------------------
                                  3.78   slack (MET)


Startpoint: reset (input port clocked by clk)
Endpoint: _236_ (removal check against rising-edge clock clk)
Path Group: asynchronous
Path Type: min

Fanout     Cap    Slew   Delay    Time   Description
-----------------------------------------------------------------------------
                  0.15    0.00    0.00   clock clk (rise edge)
                          0.00    0.00   clock network delay (ideal)
                          4.00    4.00 v input external delay
                  0.06    0.04    4.04 v reset (in)
     7    0.03                           reset (net)
                  0.06    0.00    4.04 v _186_/A (sky130_fd_sc_hd__buf_1)
                  0.25    0.25    4.29 v _186_/X (sky130_fd_sc_hd__buf_1)
    10    0.04                           _102_ (net)
                  0.25    0.00    4.29 v _192_/A (sky130_fd_sc_hd__inv_2)
                  0.06    0.09    4.38 ^ _192_/Y (sky130_fd_sc_hd__inv_2)
     1    0.00                           _014_ (net)
                  0.06    0.00    4.38 ^ _236_/RESET_B (sky130_fd_sc_hd__dfrtp_2)
                                  4.38   data arrival time

                  0.15    0.00    0.00   clock clk (rise edge)
                          0.00    0.00   clock network delay (ideal)
                          0.25    0.25   clock uncertainty
                          0.00    0.25   clock reconvergence pessimism
                                  0.25 ^ _236_/CLK (sky130_fd_sc_hd__dfrtp_2)
                          0.35    0.60   library removal time
                                  0.60   data required time
-----------------------------------------------------------------------------
                                  0.60   data required time
                                 -4.38   data arrival time
-----------------------------------------------------------------------------
                                  3.78   slack (MET)


Startpoint: reset (input port clocked by clk)
Endpoint: _238_ (removal check against rising-edge clock clk)
Path Group: asynchronous
Path Type: min

Fanout     Cap    Slew   Delay    Time   Description
-----------------------------------------------------------------------------
                  0.15    0.00    0.00   clock clk (rise edge)
                          0.00    0.00   clock network delay (ideal)
                          4.00    4.00 v input external delay
                  0.06    0.04    4.04 v reset (in)
     7    0.03                           reset (net)
                  0.06    0.00    4.04 v _186_/A (sky130_fd_sc_hd__buf_1)
                  0.25    0.25    4.29 v _186_/X (sky130_fd_sc_hd__buf_1)
    10    0.04                           _102_ (net)
                  0.25    0.00    4.29 v _194_/A (sky130_fd_sc_hd__inv_2)
                  0.06    0.09    4.38 ^ _194_/Y (sky130_fd_sc_hd__inv_2)
     1    0.00                           _016_ (net)
                  0.06    0.00    4.38 ^ _238_/RESET_B (sky130_fd_sc_hd__dfrtp_2)
                                  4.38   data arrival time

                  0.15    0.00    0.00   clock clk (rise edge)
                          0.00    0.00   clock network delay (ideal)
                          0.25    0.25   clock uncertainty
                          0.00    0.25   clock reconvergence pessimism
                                  0.25 ^ _238_/CLK (sky130_fd_sc_hd__dfrtp_2)
                          0.35    0.60   library removal time
                                  0.60   data required time
-----------------------------------------------------------------------------
                                  0.60   data required time
                                 -4.38   data arrival time
-----------------------------------------------------------------------------
                                  3.78   slack (MET)


Startpoint: reset (input port clocked by clk)
Endpoint: _239_ (removal check against rising-edge clock clk)
Path Group: asynchronous
Path Type: min

Fanout     Cap    Slew   Delay    Time   Description
-----------------------------------------------------------------------------
                  0.15    0.00    0.00   clock clk (rise edge)
                          0.00    0.00   clock network delay (ideal)
                          4.00    4.00 v input external delay
                  0.06    0.04    4.04 v reset (in)
     7    0.03                           reset (net)
                  0.06    0.00    4.04 v _186_/A (sky130_fd_sc_hd__buf_1)
                  0.25    0.25    4.29 v _186_/X (sky130_fd_sc_hd__buf_1)
    10    0.04                           _102_ (net)
                  0.25    0.00    4.29 v _195_/A (sky130_fd_sc_hd__inv_2)
                  0.06    0.09    4.38 ^ _195_/Y (sky130_fd_sc_hd__inv_2)
     1    0.00                           _017_ (net)
                  0.06    0.00    4.38 ^ _239_/RESET_B (sky130_fd_sc_hd__dfrtp_2)
                                  4.38   data arrival time

                  0.15    0.00    0.00   clock clk (rise edge)
                          0.00    0.00   clock network delay (ideal)
                          0.25    0.25   clock uncertainty
                          0.00    0.25   clock reconvergence pessimism
                                  0.25 ^ _239_/CLK (sky130_fd_sc_hd__dfrtp_2)
                          0.35    0.60   library removal time
                                  0.60   data required time
-----------------------------------------------------------------------------
                                  0.60   data required time
                                 -4.38   data arrival time
-----------------------------------------------------------------------------
                                  3.78   slack (MET)


Startpoint: reset (input port clocked by clk)
Endpoint: _240_ (removal check against rising-edge clock clk)
Path Group: asynchronous
Path Type: min

Fanout     Cap    Slew   Delay    Time   Description
-----------------------------------------------------------------------------
                  0.15    0.00    0.00   clock clk (rise edge)
                          0.00    0.00   clock network delay (ideal)
                          4.00    4.00 v input external delay
                  0.06    0.04    4.04 v reset (in)
     7    0.03                           reset (net)
                  0.06    0.00    4.04 v _186_/A (sky130_fd_sc_hd__buf_1)
                  0.25    0.25    4.29 v _186_/X (sky130_fd_sc_hd__buf_1)
    10    0.04                           _102_ (net)
                  0.25    0.00    4.29 v _196_/A (sky130_fd_sc_hd__inv_2)
                  0.06    0.09    4.38 ^ _196_/Y (sky130_fd_sc_hd__inv_2)
     1    0.00                           _018_ (net)
                  0.06    0.00    4.38 ^ _240_/RESET_B (sky130_fd_sc_hd__dfrtp_2)
                                  4.38   data arrival time

                  0.15    0.00    0.00   clock clk (rise edge)
                          0.00    0.00   clock network delay (ideal)
                          0.25    0.25   clock uncertainty
                          0.00    0.25   clock reconvergence pessimism
                                  0.25 ^ _240_/CLK (sky130_fd_sc_hd__dfrtp_2)
                          0.35    0.60   library removal time
                                  0.60   data required time
-----------------------------------------------------------------------------
                                  0.60   data required time
                                 -4.38   data arrival time
-----------------------------------------------------------------------------
                                  3.78   slack (MET)


Startpoint: reset (input port clocked by clk)
Endpoint: _241_ (removal check against rising-edge clock clk)
Path Group: asynchronous
Path Type: min

Fanout     Cap    Slew   Delay    Time   Description
-----------------------------------------------------------------------------
                  0.15    0.00    0.00   clock clk (rise edge)
                          0.00    0.00   clock network delay (ideal)
                          4.00    4.00 v input external delay
                  0.06    0.04    4.04 v reset (in)
     7    0.03                           reset (net)
                  0.06    0.00    4.04 v _197_/A (sky130_fd_sc_hd__buf_1)
                  0.25    0.25    4.29 v _197_/X (sky130_fd_sc_hd__buf_1)
    10    0.04                           _103_ (net)
                  0.25    0.00    4.29 v _198_/A (sky130_fd_sc_hd__inv_2)
                  0.06    0.09    4.38 ^ _198_/Y (sky130_fd_sc_hd__inv_2)
     1    0.00                           _019_ (net)
                  0.06    0.00    4.38 ^ _241_/RESET_B (sky130_fd_sc_hd__dfrtp_2)
                                  4.38   data arrival time

                  0.15    0.00    0.00   clock clk (rise edge)
                          0.00    0.00   clock network delay (ideal)
                          0.25    0.25   clock uncertainty
                          0.00    0.25   clock reconvergence pessimism
                                  0.25 ^ _241_/CLK (sky130_fd_sc_hd__dfrtp_2)
                          0.35    0.60   library removal time
                                  0.60   data required time
-----------------------------------------------------------------------------
                                  0.60   data required time
                                 -4.38   data arrival time
-----------------------------------------------------------------------------
                                  3.78   slack (MET)


Startpoint: reset (input port clocked by clk)
Endpoint: _243_ (removal check against rising-edge clock clk)
Path Group: asynchronous
Path Type: min

Fanout     Cap    Slew   Delay    Time   Description
-----------------------------------------------------------------------------
                  0.15    0.00    0.00   clock clk (rise edge)
                          0.00    0.00   clock network delay (ideal)
                          4.00    4.00 v input external delay
                  0.06    0.04    4.04 v reset (in)
     7    0.03                           reset (net)
                  0.06    0.00    4.04 v _197_/A (sky130_fd_sc_hd__buf_1)
                  0.25    0.25    4.29 v _197_/X (sky130_fd_sc_hd__buf_1)
    10    0.04                           _103_ (net)
                  0.25    0.00    4.29 v _200_/A (sky130_fd_sc_hd__inv_2)
                  0.06    0.09    4.38 ^ _200_/Y (sky130_fd_sc_hd__inv_2)
     1    0.00                           _021_ (net)
                  0.06    0.00    4.38 ^ _243_/RESET_B (sky130_fd_sc_hd__dfrtp_2)
                                  4.38   data arrival time

                  0.15    0.00    0.00   clock clk (rise edge)
                          0.00    0.00   clock network delay (ideal)
                          0.25    0.25   clock uncertainty
                          0.00    0.25   clock reconvergence pessimism
                                  0.25 ^ _243_/CLK (sky130_fd_sc_hd__dfrtp_2)
                          0.35    0.60   library removal time
                                  0.60   data required time
-----------------------------------------------------------------------------
                                  0.60   data required time
                                 -4.38   data arrival time
-----------------------------------------------------------------------------
                                  3.78   slack (MET)


Startpoint: reset (input port clocked by clk)
Endpoint: _244_ (removal check against rising-edge clock clk)
Path Group: asynchronous
Path Type: min

Fanout     Cap    Slew   Delay    Time   Description
-----------------------------------------------------------------------------
                  0.15    0.00    0.00   clock clk (rise edge)
                          0.00    0.00   clock network delay (ideal)
                          4.00    4.00 v input external delay
                  0.06    0.04    4.04 v reset (in)
     7    0.03                           reset (net)
                  0.06    0.00    4.04 v _197_/A (sky130_fd_sc_hd__buf_1)
                  0.25    0.25    4.29 v _197_/X (sky130_fd_sc_hd__buf_1)
    10    0.04                           _103_ (net)
                  0.25    0.00    4.29 v _201_/A (sky130_fd_sc_hd__inv_2)
                  0.06    0.09    4.38 ^ _201_/Y (sky130_fd_sc_hd__inv_2)
     1    0.00                           _022_ (net)
                  0.06    0.00    4.38 ^ _244_/RESET_B (sky130_fd_sc_hd__dfrtp_2)
                                  4.38   data arrival time

                  0.15    0.00    0.00   clock clk (rise edge)
                          0.00    0.00   clock network delay (ideal)
                          0.25    0.25   clock uncertainty
                          0.00    0.25   clock reconvergence pessimism
                                  0.25 ^ _244_/CLK (sky130_fd_sc_hd__dfrtp_2)
                          0.35    0.60   library removal time
                                  0.60   data required time
-----------------------------------------------------------------------------
                                  0.60   data required time
                                 -4.38   data arrival time
-----------------------------------------------------------------------------
                                  3.78   slack (MET)


Startpoint: reset (input port clocked by clk)
Endpoint: _245_ (removal check against rising-edge clock clk)
Path Group: asynchronous
Path Type: min

Fanout     Cap    Slew   Delay    Time   Description
-----------------------------------------------------------------------------
                  0.15    0.00    0.00   clock clk (rise edge)
                          0.00    0.00   clock network delay (ideal)
                          4.00    4.00 v input external delay
                  0.06    0.04    4.04 v reset (in)
     7    0.03                           reset (net)
                  0.06    0.00    4.04 v _197_/A (sky130_fd_sc_hd__buf_1)
                  0.25    0.25    4.29 v _197_/X (sky130_fd_sc_hd__buf_1)
    10    0.04                           _103_ (net)
                  0.25    0.00    4.29 v _202_/A (sky130_fd_sc_hd__inv_2)
                  0.06    0.09    4.38 ^ _202_/Y (sky130_fd_sc_hd__inv_2)
     1    0.00                           _023_ (net)
                  0.06    0.00    4.38 ^ _245_/RESET_B (sky130_fd_sc_hd__dfrtp_2)
                                  4.38   data arrival time

                  0.15    0.00    0.00   clock clk (rise edge)
                          0.00    0.00   clock network delay (ideal)
                          0.25    0.25   clock uncertainty
                          0.00    0.25   clock reconvergence pessimism
                                  0.25 ^ _245_/CLK (sky130_fd_sc_hd__dfrtp_2)
                          0.35    0.60   library removal time
                                  0.60   data required time
-----------------------------------------------------------------------------
                                  0.60   data required time
                                 -4.38   data arrival time
-----------------------------------------------------------------------------
                                  3.78   slack (MET)


Startpoint: reset (input port clocked by clk)
Endpoint: _246_ (removal check against rising-edge clock clk)
Path Group: asynchronous
Path Type: min

Fanout     Cap    Slew   Delay    Time   Description
-----------------------------------------------------------------------------
                  0.15    0.00    0.00   clock clk (rise edge)
                          0.00    0.00   clock network delay (ideal)
                          4.00    4.00 v input external delay
                  0.06    0.04    4.04 v reset (in)
     7    0.03                           reset (net)
                  0.06    0.00    4.04 v _197_/A (sky130_fd_sc_hd__buf_1)
                  0.25    0.25    4.29 v _197_/X (sky130_fd_sc_hd__buf_1)
    10    0.04                           _103_ (net)
                  0.25    0.00    4.29 v _203_/A (sky130_fd_sc_hd__inv_2)
                  0.06    0.09    4.38 ^ _203_/Y (sky130_fd_sc_hd__inv_2)
     1    0.00                           _024_ (net)
                  0.06    0.00    4.38 ^ _246_/RESET_B (sky130_fd_sc_hd__dfrtp_2)
                                  4.38   data arrival time

                  0.15    0.00    0.00   clock clk (rise edge)
                          0.00    0.00   clock network delay (ideal)
                          0.25    0.25   clock uncertainty
                          0.00    0.25   clock reconvergence pessimism
                                  0.25 ^ _246_/CLK (sky130_fd_sc_hd__dfrtp_2)
                          0.35    0.60   library removal time
                                  0.60   data required time
-----------------------------------------------------------------------------
                                  0.60   data required time
                                 -4.38   data arrival time
-----------------------------------------------------------------------------
                                  3.78   slack (MET)


Startpoint: reset (input port clocked by clk)
Endpoint: _247_ (removal check against rising-edge clock clk)
Path Group: asynchronous
Path Type: min

Fanout     Cap    Slew   Delay    Time   Description
-----------------------------------------------------------------------------
                  0.15    0.00    0.00   clock clk (rise edge)
                          0.00    0.00   clock network delay (ideal)
                          4.00    4.00 v input external delay
                  0.06    0.04    4.04 v reset (in)
     7    0.03                           reset (net)
                  0.06    0.00    4.04 v _197_/A (sky130_fd_sc_hd__buf_1)
                  0.25    0.25    4.29 v _197_/X (sky130_fd_sc_hd__buf_1)
    10    0.04                           _103_ (net)
                  0.25    0.00    4.29 v _204_/A (sky130_fd_sc_hd__inv_2)
                  0.06    0.09    4.38 ^ _204_/Y (sky130_fd_sc_hd__inv_2)
     1    0.00                           _025_ (net)
                  0.06    0.00    4.38 ^ _247_/RESET_B (sky130_fd_sc_hd__dfrtp_2)
                                  4.38   data arrival time

                  0.15    0.00    0.00   clock clk (rise edge)
                          0.00    0.00   clock network delay (ideal)
                          0.25    0.25   clock uncertainty
                          0.00    0.25   clock reconvergence pessimism
                                  0.25 ^ _247_/CLK (sky130_fd_sc_hd__dfrtp_2)
                          0.35    0.60   library removal time
                                  0.60   data required time
-----------------------------------------------------------------------------
                                  0.60   data required time
                                 -4.38   data arrival time
-----------------------------------------------------------------------------
                                  3.78   slack (MET)


Startpoint: reset (input port clocked by clk)
Endpoint: _248_ (removal check against rising-edge clock clk)
Path Group: asynchronous
Path Type: min

Fanout     Cap    Slew   Delay    Time   Description
-----------------------------------------------------------------------------
                  0.15    0.00    0.00   clock clk (rise edge)
                          0.00    0.00   clock network delay (ideal)
                          4.00    4.00 v input external delay
                  0.06    0.04    4.04 v reset (in)
     7    0.03                           reset (net)
                  0.06    0.00    4.04 v _197_/A (sky130_fd_sc_hd__buf_1)
                  0.25    0.25    4.29 v _197_/X (sky130_fd_sc_hd__buf_1)
    10    0.04                           _103_ (net)
                  0.25    0.00    4.29 v _205_/A (sky130_fd_sc_hd__inv_2)
                  0.06    0.09    4.38 ^ _205_/Y (sky130_fd_sc_hd__inv_2)
     1    0.00                           _026_ (net)
                  0.06    0.00    4.38 ^ _248_/RESET_B (sky130_fd_sc_hd__dfrtp_2)
                                  4.38   data arrival time

                  0.15    0.00    0.00   clock clk (rise edge)
                          0.00    0.00   clock network delay (ideal)
                          0.25    0.25   clock uncertainty
                          0.00    0.25   clock reconvergence pessimism
                                  0.25 ^ _248_/CLK (sky130_fd_sc_hd__dfrtp_2)
                          0.35    0.60   library removal time
                                  0.60   data required time
-----------------------------------------------------------------------------
                                  0.60   data required time
                                 -4.38   data arrival time
-----------------------------------------------------------------------------
                                  3.78   slack (MET)


Startpoint: reset (input port clocked by clk)
Endpoint: _249_ (removal check against rising-edge clock clk)
Path Group: asynchronous
Path Type: min

Fanout     Cap    Slew   Delay    Time   Description
-----------------------------------------------------------------------------
                  0.15    0.00    0.00   clock clk (rise edge)
                          0.00    0.00   clock network delay (ideal)
                          4.00    4.00 v input external delay
                  0.06    0.04    4.04 v reset (in)
     7    0.03                           reset (net)
                  0.06    0.00    4.04 v _197_/A (sky130_fd_sc_hd__buf_1)
                  0.25    0.25    4.29 v _197_/X (sky130_fd_sc_hd__buf_1)
    10    0.04                           _103_ (net)
                  0.25    0.00    4.29 v _206_/A (sky130_fd_sc_hd__inv_2)
                  0.06    0.09    4.38 ^ _206_/Y (sky130_fd_sc_hd__inv_2)
     1    0.00                           _027_ (net)
                  0.06    0.00    4.38 ^ _249_/RESET_B (sky130_fd_sc_hd__dfrtp_2)
                                  4.38   data arrival time

                  0.15    0.00    0.00   clock clk (rise edge)
                          0.00    0.00   clock network delay (ideal)
                          0.25    0.25   clock uncertainty
                          0.00    0.25   clock reconvergence pessimism
                                  0.25 ^ _249_/CLK (sky130_fd_sc_hd__dfrtp_2)
                          0.35    0.60   library removal time
                                  0.60   data required time
-----------------------------------------------------------------------------
                                  0.60   data required time
                                 -4.38   data arrival time
-----------------------------------------------------------------------------
                                  3.78   slack (MET)


Startpoint: reset (input port clocked by clk)
Endpoint: _250_ (removal check against rising-edge clock clk)
Path Group: asynchronous
Path Type: min

Fanout     Cap    Slew   Delay    Time   Description
-----------------------------------------------------------------------------
                  0.15    0.00    0.00   clock clk (rise edge)
                          0.00    0.00   clock network delay (ideal)
                          4.00    4.00 v input external delay
                  0.06    0.04    4.04 v reset (in)
     7    0.03                           reset (net)
                  0.06    0.00    4.04 v _197_/A (sky130_fd_sc_hd__buf_1)
                  0.25    0.25    4.29 v _197_/X (sky130_fd_sc_hd__buf_1)
    10    0.04                           _103_ (net)
                  0.25    0.00    4.29 v _207_/A (sky130_fd_sc_hd__inv_2)
                  0.06    0.09    4.38 ^ _207_/Y (sky130_fd_sc_hd__inv_2)
     1    0.00                           _028_ (net)
                  0.06    0.00    4.38 ^ _250_/RESET_B (sky130_fd_sc_hd__dfrtp_2)
                                  4.38   data arrival time

                  0.15    0.00    0.00   clock clk (rise edge)
                          0.00    0.00   clock network delay (ideal)
                          0.25    0.25   clock uncertainty
                          0.00    0.25   clock reconvergence pessimism
                                  0.25 ^ _250_/CLK (sky130_fd_sc_hd__dfrtp_2)
                          0.35    0.60   library removal time
                                  0.60   data required time
-----------------------------------------------------------------------------
                                  0.60   data required time
                                 -4.38   data arrival time
-----------------------------------------------------------------------------
                                  3.78   slack (MET)


Startpoint: reset (input port clocked by clk)
Endpoint: _237_ (removal check against rising-edge clock clk)
Path Group: asynchronous
Path Type: min

Fanout     Cap    Slew   Delay    Time   Description
-----------------------------------------------------------------------------
                  0.15    0.00    0.00   clock clk (rise edge)
                          0.00    0.00   clock network delay (ideal)
                          4.00    4.00 v input external delay
                  0.06    0.04    4.04 v reset (in)
     7    0.03                           reset (net)
                  0.06    0.00    4.04 v _186_/A (sky130_fd_sc_hd__buf_1)
                  0.25    0.25    4.29 v _186_/X (sky130_fd_sc_hd__buf_1)
    10    0.04                           _102_ (net)
                  0.25    0.00    4.29 v _193_/A (sky130_fd_sc_hd__inv_2)
                  0.06    0.09    4.38 ^ _193_/Y (sky130_fd_sc_hd__inv_2)
     1    0.00                           _015_ (net)
                  0.06    0.00    4.38 ^ _237_/SET_B (sky130_fd_sc_hd__dfstp_2)
                                  4.38   data arrival time

                  0.15    0.00    0.00   clock clk (rise edge)
                          0.00    0.00   clock network delay (ideal)
                          0.25    0.25   clock uncertainty
                          0.00    0.25   clock reconvergence pessimism
                                  0.25 ^ _237_/CLK (sky130_fd_sc_hd__dfstp_2)
                          0.18    0.43   library removal time
                                  0.43   data required time
-----------------------------------------------------------------------------
                                  0.43   data required time
                                 -4.38   data arrival time
-----------------------------------------------------------------------------
                                  3.95   slack (MET)


Startpoint: reset (input port clocked by clk)
Endpoint: _242_ (removal check against rising-edge clock clk)
Path Group: asynchronous
Path Type: min

Fanout     Cap    Slew   Delay    Time   Description
-----------------------------------------------------------------------------
                  0.15    0.00    0.00   clock clk (rise edge)
                          0.00    0.00   clock network delay (ideal)
                          4.00    4.00 v input external delay
                  0.06    0.04    4.04 v reset (in)
     7    0.03                           reset (net)
                  0.06    0.00    4.04 v _197_/A (sky130_fd_sc_hd__buf_1)
                  0.25    0.25    4.29 v _197_/X (sky130_fd_sc_hd__buf_1)
    10    0.04                           _103_ (net)
                  0.25    0.00    4.29 v _199_/A (sky130_fd_sc_hd__inv_2)
                  0.06    0.09    4.38 ^ _199_/Y (sky130_fd_sc_hd__inv_2)
     1    0.00                           _020_ (net)
                  0.06    0.00    4.38 ^ _242_/SET_B (sky130_fd_sc_hd__dfstp_2)
                                  4.38   data arrival time

                  0.15    0.00    0.00   clock clk (rise edge)
                          0.00    0.00   clock network delay (ideal)
                          0.25    0.25   clock uncertainty
                          0.00    0.25   clock reconvergence pessimism
                                  0.25 ^ _242_/CLK (sky130_fd_sc_hd__dfstp_2)
                          0.18    0.43   library removal time
                                  0.43   data required time
-----------------------------------------------------------------------------
                                  0.43   data required time
                                 -4.38   data arrival time
-----------------------------------------------------------------------------
                                  3.95   slack (MET)


Startpoint: _248_ (rising edge-triggered flip-flop clocked by clk)
Endpoint: rx_data[1] (output port clocked by clk)
Path Group: clk
Path Type: min

Fanout     Cap    Slew   Delay    Time   Description
-----------------------------------------------------------------------------
                  0.15    0.00    0.00   clock clk (rise edge)
                          0.00    0.00   clock network delay (ideal)
                  0.15    0.00    0.00 ^ _248_/CLK (sky130_fd_sc_hd__dfrtp_2)
                  0.18    0.47    0.47 ^ _248_/Q (sky130_fd_sc_hd__dfrtp_2)
     2    0.04                           rx_data[1] (net)
                  0.18    0.00    0.47 ^ rx_data[1] (out)
                                  0.47   data arrival time

                  0.15    0.00    0.00   clock clk (rise edge)
                          0.00    0.00   clock network delay (ideal)
                          0.25    0.25   clock uncertainty
                          0.00    0.25   clock reconvergence pessimism
                         -4.00   -3.75   output external delay
                                 -3.75   data required time
-----------------------------------------------------------------------------
                                 -3.75   data required time
                                 -0.47   data arrival time
-----------------------------------------------------------------------------
                                  4.22   slack (MET)


Startpoint: _249_ (rising edge-triggered flip-flop clocked by clk)
Endpoint: rx_data[2] (output port clocked by clk)
Path Group: clk
Path Type: min

Fanout     Cap    Slew   Delay    Time   Description
-----------------------------------------------------------------------------
                  0.15    0.00    0.00   clock clk (rise edge)
                          0.00    0.00   clock network delay (ideal)
                  0.15    0.00    0.00 ^ _249_/CLK (sky130_fd_sc_hd__dfrtp_2)
                  0.18    0.47    0.47 ^ _249_/Q (sky130_fd_sc_hd__dfrtp_2)
     2    0.04                           rx_data[2] (net)
                  0.18    0.00    0.47 ^ rx_data[2] (out)
                                  0.47   data arrival time

                  0.15    0.00    0.00   clock clk (rise edge)
                          0.00    0.00   clock network delay (ideal)
                          0.25    0.25   clock uncertainty
                          0.00    0.25   clock reconvergence pessimism
                         -4.00   -3.75   output external delay
                                 -3.75   data required time
-----------------------------------------------------------------------------
                                 -3.75   data required time
                                 -0.47   data arrival time
-----------------------------------------------------------------------------
                                  4.22   slack (MET)


Startpoint: _250_ (rising edge-triggered flip-flop clocked by clk)
Endpoint: rx_data[3] (output port clocked by clk)
Path Group: clk
Path Type: min

Fanout     Cap    Slew   Delay    Time   Description
-----------------------------------------------------------------------------
                  0.15    0.00    0.00   clock clk (rise edge)
                          0.00    0.00   clock network delay (ideal)
                  0.15    0.00    0.00 ^ _250_/CLK (sky130_fd_sc_hd__dfrtp_2)
                  0.18    0.47    0.47 ^ _250_/Q (sky130_fd_sc_hd__dfrtp_2)
     2    0.04                           rx_data[3] (net)
                  0.18    0.00    0.47 ^ rx_data[3] (out)
                                  0.47   data arrival time

                  0.15    0.00    0.00   clock clk (rise edge)
                          0.00    0.00   clock network delay (ideal)
                          0.25    0.25   clock uncertainty
                          0.00    0.25   clock reconvergence pessimism
                         -4.00   -3.75   output external delay
                                 -3.75   data required time
-----------------------------------------------------------------------------
                                 -3.75   data required time
                                 -0.47   data arrival time
-----------------------------------------------------------------------------
                                  4.22   slack (MET)


Startpoint: _251_ (rising edge-triggered flip-flop clocked by clk)
Endpoint: rx_data[4] (output port clocked by clk)
Path Group: clk
Path Type: min

Fanout     Cap    Slew   Delay    Time   Description
-----------------------------------------------------------------------------
                  0.15    0.00    0.00   clock clk (rise edge)
                          0.00    0.00   clock network delay (ideal)
                  0.15    0.00    0.00 ^ _251_/CLK (sky130_fd_sc_hd__dfrtp_2)
                  0.18    0.47    0.47 ^ _251_/Q (sky130_fd_sc_hd__dfrtp_2)
     2    0.04                           rx_data[4] (net)
                  0.18    0.00    0.47 ^ rx_data[4] (out)
                                  0.47   data arrival time

                  0.15    0.00    0.00   clock clk (rise edge)
                          0.00    0.00   clock network delay (ideal)
                          0.25    0.25   clock uncertainty
                          0.00    0.25   clock reconvergence pessimism
                         -4.00   -3.75   output external delay
                                 -3.75   data required time
-----------------------------------------------------------------------------
                                 -3.75   data required time
                                 -0.47   data arrival time
-----------------------------------------------------------------------------
                                  4.22   slack (MET)


Startpoint: _253_ (rising edge-triggered flip-flop clocked by clk)
Endpoint: rx_data[6] (output port clocked by clk)
Path Group: clk
Path Type: min

Fanout     Cap    Slew   Delay    Time   Description
-----------------------------------------------------------------------------
                  0.15    0.00    0.00   clock clk (rise edge)
                          0.00    0.00   clock network delay (ideal)
                  0.15    0.00    0.00 ^ _253_/CLK (sky130_fd_sc_hd__dfrtp_2)
                  0.18    0.47    0.47 ^ _253_/Q (sky130_fd_sc_hd__dfrtp_2)
     2    0.04                           rx_data[6] (net)
                  0.18    0.00    0.47 ^ rx_data[6] (out)
                                  0.47   data arrival time

                  0.15    0.00    0.00   clock clk (rise edge)
                          0.00    0.00   clock network delay (ideal)
                          0.25    0.25   clock uncertainty
                          0.00    0.25   clock reconvergence pessimism
                         -4.00   -3.75   output external delay
                                 -3.75   data required time
-----------------------------------------------------------------------------
                                 -3.75   data required time
                                 -0.47   data arrival time
-----------------------------------------------------------------------------
                                  4.22   slack (MET)


Startpoint: _247_ (rising edge-triggered flip-flop clocked by clk)
Endpoint: rx_data[0] (output port clocked by clk)
Path Group: clk
Path Type: min

Fanout     Cap    Slew   Delay    Time   Description
-----------------------------------------------------------------------------
                  0.15    0.00    0.00   clock clk (rise edge)
                          0.00    0.00   clock network delay (ideal)
                  0.15    0.00    0.00 ^ _247_/CLK (sky130_fd_sc_hd__dfrtp_2)
                  0.18    0.47    0.47 ^ _247_/Q (sky130_fd_sc_hd__dfrtp_2)
     2    0.04                           rx_data[0] (net)
                  0.18    0.00    0.47 ^ rx_data[0] (out)
                                  0.47   data arrival time

                  0.15    0.00    0.00   clock clk (rise edge)
                          0.00    0.00   clock network delay (ideal)
                          0.25    0.25   clock uncertainty
                          0.00    0.25   clock reconvergence pessimism
                         -4.00   -3.75   output external delay
                                 -3.75   data required time
-----------------------------------------------------------------------------
                                 -3.75   data required time
                                 -0.47   data arrival time
-----------------------------------------------------------------------------
                                  4.22   slack (MET)


Startpoint: _252_ (rising edge-triggered flip-flop clocked by clk)
Endpoint: rx_data[5] (output port clocked by clk)
Path Group: clk
Path Type: min

Fanout     Cap    Slew   Delay    Time   Description
-----------------------------------------------------------------------------
                  0.15    0.00    0.00   clock clk (rise edge)
                          0.00    0.00   clock network delay (ideal)
                  0.15    0.00    0.00 ^ _252_/CLK (sky130_fd_sc_hd__dfrtp_2)
                  0.18    0.47    0.47 ^ _252_/Q (sky130_fd_sc_hd__dfrtp_2)
     2    0.04                           rx_data[5] (net)
                  0.18    0.00    0.47 ^ rx_data[5] (out)
                                  0.47   data arrival time

                  0.15    0.00    0.00   clock clk (rise edge)
                          0.00    0.00   clock network delay (ideal)
                          0.25    0.25   clock uncertainty
                          0.00    0.25   clock reconvergence pessimism
                         -4.00   -3.75   output external delay
                                 -3.75   data required time
-----------------------------------------------------------------------------
                                 -3.75   data required time
                                 -0.47   data arrival time
-----------------------------------------------------------------------------
                                  4.22   slack (MET)


Startpoint: _238_ (rising edge-triggered flip-flop clocked by clk)
Endpoint: tx_done (output port clocked by clk)
Path Group: clk
Path Type: min

Fanout     Cap    Slew   Delay    Time   Description
-----------------------------------------------------------------------------
                  0.15    0.00    0.00   clock clk (rise edge)
                          0.00    0.00   clock network delay (ideal)
                  0.15    0.00    0.00 ^ _238_/CLK (sky130_fd_sc_hd__dfrtp_2)
                  0.18    0.47    0.47 ^ _238_/Q (sky130_fd_sc_hd__dfrtp_2)
     2    0.04                           tx_done (net)
                  0.18    0.00    0.47 ^ tx_done (out)
                                  0.47   data arrival time

                  0.15    0.00    0.00   clock clk (rise edge)
                          0.00    0.00   clock network delay (ideal)
                          0.25    0.25   clock uncertainty
                          0.00    0.25   clock reconvergence pessimism
                         -4.00   -3.75   output external delay
                                 -3.75   data required time
-----------------------------------------------------------------------------
                                 -3.75   data required time
                                 -0.47   data arrival time
-----------------------------------------------------------------------------
                                  4.22   slack (MET)


Startpoint: _246_ (rising edge-triggered flip-flop clocked by clk)
Endpoint: rx_done (output port clocked by clk)
Path Group: clk
Path Type: min

Fanout     Cap    Slew   Delay    Time   Description
-----------------------------------------------------------------------------
                  0.15    0.00    0.00   clock clk (rise edge)
                          0.00    0.00   clock network delay (ideal)
                  0.15    0.00    0.00 ^ _246_/CLK (sky130_fd_sc_hd__dfrtp_2)
                  0.18    0.47    0.47 ^ _246_/Q (sky130_fd_sc_hd__dfrtp_2)
     2    0.04                           rx_done (net)
                  0.18    0.00    0.47 ^ rx_done (out)
                                  0.47   data arrival time

                  0.15    0.00    0.00   clock clk (rise edge)
                          0.00    0.00   clock network delay (ideal)
                          0.25    0.25   clock uncertainty
                          0.00    0.25   clock reconvergence pessimism
                         -4.00   -3.75   output external delay
                                 -3.75   data required time
-----------------------------------------------------------------------------
                                 -3.75   data required time
                                 -0.47   data arrival time
-----------------------------------------------------------------------------
                                  4.22   slack (MET)


Startpoint: _254_ (rising edge-triggered flip-flop clocked by clk)
Endpoint: rx_data[7] (output port clocked by clk)
Path Group: clk
Path Type: min

Fanout     Cap    Slew   Delay    Time   Description
-----------------------------------------------------------------------------
                  0.15    0.00    0.00   clock clk (rise edge)
                          0.00    0.00   clock network delay (ideal)
                  0.15    0.00    0.00 ^ _254_/CLK (sky130_fd_sc_hd__dfrtp_2)
                  0.18    0.47    0.47 ^ _254_/Q (sky130_fd_sc_hd__dfrtp_2)
     2    0.04                           rx_data[7] (net)
                  0.18    0.00    0.47 ^ rx_data[7] (out)
                                  0.47   data arrival time

                  0.15    0.00    0.00   clock clk (rise edge)
                          0.00    0.00   clock network delay (ideal)
                          0.25    0.25   clock uncertainty
                          0.00    0.25   clock reconvergence pessimism
                         -4.00   -3.75   output external delay
                                 -3.75   data required time
-----------------------------------------------------------------------------
                                 -3.75   data required time
                                 -0.47   data arrival time
-----------------------------------------------------------------------------
                                  4.22   slack (MET)



