
===========================================================================
report_checks -unconstrained
===========================================================================
======================= Typical Corner ===================================

Startpoint: RN (input port clocked by clk)
Endpoint: _13678_ (recovery check against rising-edge clock clk)
Path Group: asynchronous
Path Type: max

Fanout     Cap    Slew   Delay    Time   Description
-----------------------------------------------------------------------------
                          0.00    0.00   clock clk (rise edge)
                          0.00    0.00   clock network delay (propagated)
                          4.00    4.00 v input external delay
                  0.02    0.01    4.01 v RN (in)
     1    0.01                           RN (net)
                  0.02    0.00    4.01 v input1/A (sky130_fd_sc_hd__buf_2)
                  0.05    0.14    4.15 v input1/X (sky130_fd_sc_hd__buf_2)
     5    0.01                           net1 (net)
                  0.05    0.00    4.15 v _06396_/A (sky130_fd_sc_hd__buf_4)
                  0.05    0.16    4.31 v _06396_/X (sky130_fd_sc_hd__buf_4)
    10    0.02                           _01831_ (net)
                  0.05    0.00    4.31 v _12026_/A (sky130_fd_sc_hd__buf_4)
                  0.08    0.20    4.51 v _12026_/X (sky130_fd_sc_hd__buf_4)
    10    0.06                           _05954_ (net)
                  0.08    0.00    4.51 v _12028_/A (sky130_fd_sc_hd__inv_2)
                  0.04    0.06    4.58 ^ _12028_/Y (sky130_fd_sc_hd__inv_2)
     1    0.00                           _00054_ (net)
                  0.04    0.00    4.58 ^ _13678_/RESET_B (sky130_fd_sc_hd__dfrtp_4)
                                  4.58   data arrival time

                         20.00   20.00   clock clk (rise edge)
                          0.00   20.00   clock source latency
                  0.04    0.03   20.03 ^ clk (in)
     1    0.01                           clk (net)
                  0.04    0.00   20.03 ^ clkbuf_0_clk/A (sky130_fd_sc_hd__clkbuf_16)
                  0.06    0.13   20.16 ^ clkbuf_0_clk/X (sky130_fd_sc_hd__clkbuf_16)
     8    0.03                           clknet_0_clk (net)
                  0.06    0.00   20.16 ^ clkbuf_3_7_0_clk/A (sky130_fd_sc_hd__clkbuf_8)
                  0.05    0.12   20.28 ^ clkbuf_3_7_0_clk/X (sky130_fd_sc_hd__clkbuf_8)
     2    0.02                           clknet_3_7_0_clk (net)
                  0.05    0.00   20.28 ^ clkbuf_4_14__f_clk/A (sky130_fd_sc_hd__clkbuf_16)
                  0.08    0.15   20.43 ^ clkbuf_4_14__f_clk/X (sky130_fd_sc_hd__clkbuf_16)
     8    0.06                           clknet_4_14__leaf_clk (net)
                  0.08    0.00   20.43 ^ clkbuf_leaf_102_clk/A (sky130_fd_sc_hd__clkbuf_16)
                  0.03    0.12   20.55 ^ clkbuf_leaf_102_clk/X (sky130_fd_sc_hd__clkbuf_16)
     4    0.01                           clknet_leaf_102_clk (net)
                  0.03    0.00   20.55 ^ _13678_/CLK (sky130_fd_sc_hd__dfrtp_4)
                         -0.25   20.30   clock uncertainty
                          0.00   20.30   clock reconvergence pessimism
                          0.22   20.51   library recovery time
                                 20.51   data required time
-----------------------------------------------------------------------------
                                 20.51   data required time
                                 -4.58   data arrival time
-----------------------------------------------------------------------------
                                 15.93   slack (MET)


Startpoint: _13589_ (rising edge-triggered flip-flop clocked by clk)
Endpoint: _13655_ (rising edge-triggered flip-flop clocked by clk)
Path Group: clk
Path Type: max

Fanout     Cap    Slew   Delay    Time   Description
-----------------------------------------------------------------------------
                          0.00    0.00   clock clk (rise edge)
                          0.00    0.00   clock source latency
                  0.04    0.03    0.03 ^ clk (in)
     1    0.01                           clk (net)
                  0.04    0.00    0.03 ^ clkbuf_0_clk/A (sky130_fd_sc_hd__clkbuf_16)
                  0.06    0.14    0.17 ^ clkbuf_0_clk/X (sky130_fd_sc_hd__clkbuf_16)
     8    0.03                           clknet_0_clk (net)
                  0.06    0.00    0.17 ^ clkbuf_3_5_0_clk/A (sky130_fd_sc_hd__clkbuf_8)
                  0.05    0.14    0.31 ^ clkbuf_3_5_0_clk/X (sky130_fd_sc_hd__clkbuf_8)
     2    0.02                           clknet_3_5_0_clk (net)
                  0.05    0.00    0.31 ^ clkbuf_4_11__f_clk/A (sky130_fd_sc_hd__clkbuf_16)
                  0.10    0.17    0.48 ^ clkbuf_4_11__f_clk/X (sky130_fd_sc_hd__clkbuf_16)
     8    0.08                           clknet_4_11__leaf_clk (net)
                  0.11    0.01    0.50 ^ clkbuf_leaf_122_clk/A (sky130_fd_sc_hd__clkbuf_16)
                  0.04    0.15    0.65 ^ clkbuf_leaf_122_clk/X (sky130_fd_sc_hd__clkbuf_16)
     6    0.02                           clknet_leaf_122_clk (net)
                  0.04    0.00    0.65 ^ _13589_/CLK (sky130_fd_sc_hd__dfxtp_4)
                  0.12    0.42    1.07 ^ _13589_/Q (sky130_fd_sc_hd__dfxtp_4)
     7    0.04                           ID_EX_IMMEDIATE[1] (net)
                  0.12    0.00    1.07 ^ _10876_/B (sky130_fd_sc_hd__xor2_4)
                  0.20    0.24    1.31 ^ _10876_/X (sky130_fd_sc_hd__xor2_4)
     5    0.02                           _04855_ (net)
                  0.20    0.00    1.31 ^ _10921_/A1 (sky130_fd_sc_hd__o21ai_1)
                  0.10    0.15    1.46 v _10921_/Y (sky130_fd_sc_hd__o21ai_1)
     3    0.01                           _04899_ (net)
                  0.10    0.00    1.46 v _11032_/A2 (sky130_fd_sc_hd__a21o_1)
                  0.05    0.22    1.68 v _11032_/X (sky130_fd_sc_hd__a21o_1)
     3    0.01                           _05009_ (net)
                  0.05    0.00    1.68 v _11142_/A2 (sky130_fd_sc_hd__a2111o_1)
                  0.08    0.45    2.13 v _11142_/X (sky130_fd_sc_hd__a2111o_1)
     2    0.01                           _05116_ (net)
                  0.08    0.00    2.13 v _11333_/A2 (sky130_fd_sc_hd__a2111o_1)
                  0.11    0.51    2.64 v _11333_/X (sky130_fd_sc_hd__a2111o_1)
     4    0.01                           _05302_ (net)
                  0.11    0.00    2.64 v _11463_/B (sky130_fd_sc_hd__or4_1)
                  0.08    0.54    3.17 v _11463_/X (sky130_fd_sc_hd__or4_1)
     1    0.00                           _05428_ (net)
                  0.08    0.00    3.17 v _11464_/A (sky130_fd_sc_hd__dlymetal6s2s_1)
                  0.08    0.20    3.37 v _11464_/X (sky130_fd_sc_hd__dlymetal6s2s_1)
     5    0.01                           _05429_ (net)
                  0.08    0.00    3.37 v _11607_/A (sky130_fd_sc_hd__or2_2)
                  0.08    0.36    3.73 v _11607_/X (sky130_fd_sc_hd__or2_2)
     5    0.01                           _05568_ (net)
                  0.08    0.00    3.73 v _11751_/C (sky130_fd_sc_hd__or4_4)
                  0.10    0.54    4.27 v _11751_/X (sky130_fd_sc_hd__or4_4)
     6    0.01                           _05708_ (net)
                  0.10    0.00    4.27 v _11880_/C (sky130_fd_sc_hd__or4_2)
                  0.13    0.70    4.97 v _11880_/X (sky130_fd_sc_hd__or4_2)
     4    0.01                           _05833_ (net)
                  0.13    0.00    4.97 v _11922_/C (sky130_fd_sc_hd__or3_1)
                  0.10    0.40    5.38 v _11922_/X (sky130_fd_sc_hd__or3_1)
     4    0.01                           _05873_ (net)
                  0.10    0.00    5.38 v _11977_/B (sky130_fd_sc_hd__or3b_1)
                  0.07    0.38    5.76 v _11977_/X (sky130_fd_sc_hd__or3b_1)
     1    0.00                           _05926_ (net)
                  0.07    0.00    5.76 v _11978_/B1 (sky130_fd_sc_hd__o211a_1)
                  0.04    0.14    5.89 v _11978_/X (sky130_fd_sc_hd__o211a_1)
     1    0.00                           _05927_ (net)
                  0.04    0.00    5.89 v _11983_/A2 (sky130_fd_sc_hd__o311a_1)
                  0.05    0.33    6.23 v _11983_/X (sky130_fd_sc_hd__o311a_1)
     1    0.00                           _05932_ (net)
                  0.05    0.00    6.23 v _12001_/A2 (sky130_fd_sc_hd__o31a_1)
                  0.05    0.29    6.52 v _12001_/X (sky130_fd_sc_hd__o31a_1)
     1    0.00                           _05950_ (net)
                  0.05    0.00    6.52 v _12002_/A1 (sky130_fd_sc_hd__mux2_1)
                  0.06    0.30    6.82 v _12002_/X (sky130_fd_sc_hd__mux2_1)
     1    0.00                           _05951_ (net)
                  0.06    0.00    6.82 v _12003_/A (sky130_fd_sc_hd__clkbuf_1)
                  0.03    0.10    6.92 v _12003_/X (sky130_fd_sc_hd__clkbuf_1)
     1    0.00                           _01551_ (net)
                  0.03    0.00    6.92 v _13655_/D (sky130_fd_sc_hd__dfxtp_1)
                                  6.92   data arrival time

                         20.00   20.00   clock clk (rise edge)
                          0.00   20.00   clock source latency
                  0.04    0.03   20.03 ^ clk (in)
     1    0.01                           clk (net)
                  0.04    0.00   20.03 ^ clkbuf_0_clk/A (sky130_fd_sc_hd__clkbuf_16)
                  0.06    0.13   20.16 ^ clkbuf_0_clk/X (sky130_fd_sc_hd__clkbuf_16)
     8    0.03                           clknet_0_clk (net)
                  0.06    0.00   20.16 ^ clkbuf_3_5_0_clk/A (sky130_fd_sc_hd__clkbuf_8)
                  0.05    0.12   20.28 ^ clkbuf_3_5_0_clk/X (sky130_fd_sc_hd__clkbuf_8)
     2    0.02                           clknet_3_5_0_clk (net)
                  0.05    0.00   20.28 ^ clkbuf_4_11__f_clk/A (sky130_fd_sc_hd__clkbuf_16)
                  0.10    0.16   20.44 ^ clkbuf_4_11__f_clk/X (sky130_fd_sc_hd__clkbuf_16)
     8    0.08                           clknet_4_11__leaf_clk (net)
                  0.11    0.01   20.45 ^ clkbuf_leaf_126_clk/A (sky130_fd_sc_hd__clkbuf_16)
                  0.05    0.14   20.59 ^ clkbuf_leaf_126_clk/X (sky130_fd_sc_hd__clkbuf_16)
    12    0.02                           clknet_leaf_126_clk (net)
                  0.05    0.00   20.59 ^ _13655_/CLK (sky130_fd_sc_hd__dfxtp_1)
                         -0.25   20.34   clock uncertainty
                          0.05   20.39   clock reconvergence pessimism
                         -0.10   20.29   library setup time
                                 20.29   data required time
-----------------------------------------------------------------------------
                                 20.29   data required time
                                 -6.92   data arrival time
-----------------------------------------------------------------------------
                                 13.36   slack (MET)




===========================================================================
report_checks --slack_max -0.01
============================================================================
======================= Typical Corner ===================================

No paths found.


===========================================================================
 report_check_types -max_slew -max_cap -max_fanout -violators
============================================================================
======================= Typical Corner ===================================

max fanout

Pin                                   Limit Fanout  Slack
---------------------------------------------------------
clkbuf_4_0__f_clk/X                      10     16     -6 (VIOLATED)
clkbuf_4_7__f_clk/X                      10     16     -6 (VIOLATED)
clkbuf_leaf_111_clk/X                    10     16     -6 (VIOLATED)
clkbuf_4_1__f_clk/X                      10     15     -5 (VIOLATED)
clkbuf_4_2__f_clk/X                      10     14     -4 (VIOLATED)
clkbuf_4_6__f_clk/X                      10     14     -4 (VIOLATED)
clkbuf_leaf_100_clk/X                    10     14     -4 (VIOLATED)
clkbuf_leaf_103_clk/X                    10     14     -4 (VIOLATED)
clkbuf_leaf_127_clk/X                    10     14     -4 (VIOLATED)
clkbuf_leaf_152_clk/X                    10     14     -4 (VIOLATED)
clkbuf_leaf_172_clk/X                    10     14     -4 (VIOLATED)
clkbuf_leaf_178_clk/X                    10     14     -4 (VIOLATED)
clkbuf_leaf_39_clk/X                     10     14     -4 (VIOLATED)
clkbuf_leaf_53_clk/X                     10     14     -4 (VIOLATED)
clkbuf_leaf_73_clk/X                     10     14     -4 (VIOLATED)
clkbuf_4_5__f_clk/X                      10     13     -3 (VIOLATED)
clkbuf_leaf_131_clk/X                    10     13     -3 (VIOLATED)
clkbuf_leaf_141_clk/X                    10     13     -3 (VIOLATED)
clkbuf_leaf_142_clk/X                    10     13     -3 (VIOLATED)
clkbuf_leaf_163_clk/X                    10     13     -3 (VIOLATED)
clkbuf_leaf_170_clk/X                    10     13     -3 (VIOLATED)
clkbuf_leaf_20_clk/X                     10     13     -3 (VIOLATED)
clkbuf_leaf_22_clk/X                     10     13     -3 (VIOLATED)
clkbuf_leaf_24_clk/X                     10     13     -3 (VIOLATED)
clkbuf_leaf_29_clk/X                     10     13     -3 (VIOLATED)
clkbuf_leaf_34_clk/X                     10     13     -3 (VIOLATED)
clkbuf_leaf_51_clk/X                     10     13     -3 (VIOLATED)
clkbuf_leaf_56_clk/X                     10     13     -3 (VIOLATED)
clkbuf_leaf_58_clk/X                     10     13     -3 (VIOLATED)
clkbuf_leaf_99_clk/X                     10     13     -3 (VIOLATED)
clkbuf_4_3__f_clk/X                      10     12     -2 (VIOLATED)
clkbuf_4_4__f_clk/X                      10     12     -2 (VIOLATED)
clkbuf_4_8__f_clk/X                      10     12     -2 (VIOLATED)
clkbuf_4_9__f_clk/X                      10     12     -2 (VIOLATED)
clkbuf_leaf_10_clk/X                     10     12     -2 (VIOLATED)
clkbuf_leaf_110_clk/X                    10     12     -2 (VIOLATED)
clkbuf_leaf_126_clk/X                    10     12     -2 (VIOLATED)
clkbuf_leaf_12_clk/X                     10     12     -2 (VIOLATED)
clkbuf_leaf_14_clk/X                     10     12     -2 (VIOLATED)
clkbuf_leaf_166_clk/X                    10     12     -2 (VIOLATED)
clkbuf_leaf_16_clk/X                     10     12     -2 (VIOLATED)
clkbuf_leaf_173_clk/X                    10     12     -2 (VIOLATED)
clkbuf_leaf_28_clk/X                     10     12     -2 (VIOLATED)
clkbuf_leaf_46_clk/X                     10     12     -2 (VIOLATED)
clkbuf_leaf_48_clk/X                     10     12     -2 (VIOLATED)
clkbuf_leaf_49_clk/X                     10     12     -2 (VIOLATED)
clkbuf_leaf_55_clk/X                     10     12     -2 (VIOLATED)
clkbuf_leaf_57_clk/X                     10     12     -2 (VIOLATED)
clkbuf_leaf_61_clk/X                     10     12     -2 (VIOLATED)
clkbuf_4_13__f_clk/X                     10     11        (VIOLATED)
clkbuf_leaf_113_clk/X                    10     11        (VIOLATED)
clkbuf_leaf_116_clk/X                    10     11        (VIOLATED)
clkbuf_leaf_11_clk/X                     10     11        (VIOLATED)
clkbuf_leaf_124_clk/X                    10     11        (VIOLATED)
clkbuf_leaf_125_clk/X                    10     11        (VIOLATED)
clkbuf_leaf_128_clk/X                    10     11        (VIOLATED)
clkbuf_leaf_130_clk/X                    10     11        (VIOLATED)
clkbuf_leaf_139_clk/X                    10     11        (VIOLATED)
clkbuf_leaf_147_clk/X                    10     11        (VIOLATED)
clkbuf_leaf_155_clk/X                    10     11        (VIOLATED)
clkbuf_leaf_158_clk/X                    10     11        (VIOLATED)
clkbuf_leaf_160_clk/X                    10     11        (VIOLATED)
clkbuf_leaf_167_clk/X                    10     11        (VIOLATED)
clkbuf_leaf_171_clk/X                    10     11        (VIOLATED)
clkbuf_leaf_1_clk/X                      10     11        (VIOLATED)
clkbuf_leaf_32_clk/X                     10     11        (VIOLATED)
clkbuf_leaf_36_clk/X                     10     11        (VIOLATED)
clkbuf_leaf_38_clk/X                     10     11        (VIOLATED)
clkbuf_leaf_41_clk/X                     10     11        (VIOLATED)
clkbuf_leaf_5_clk/X                      10     11        (VIOLATED)
clkbuf_leaf_62_clk/X                     10     11        (VIOLATED)
clkbuf_leaf_69_clk/X                     10     11        (VIOLATED)
clkbuf_leaf_6_clk/X                      10     11        (VIOLATED)
clkbuf_leaf_75_clk/X                     10     11        (VIOLATED)
clkbuf_leaf_85_clk/X                     10     11        (VIOLATED)
clkbuf_leaf_88_clk/X                     10     11        (VIOLATED)
clkbuf_leaf_90_clk/X                     10     11        (VIOLATED)



===========================================================================
report_parasitic_annotation -report_unannotated
============================================================================
Found 9423 unannotated drivers.
 RN
 clk
 _06019_/Y
 _06020_/X
 _06021_/Y
 _06022_/X
 _06023_/X
 _06024_/Y
 _06025_/X
 _06026_/X
 _06027_/X
 _06028_/Y
 _06029_/Y
 _06030_/Y
 _06031_/X
 _06032_/X
 _06033_/X
 _06034_/X
 _06035_/X
 _06036_/X
 _06037_/X
 _06038_/Y
 _06039_/X
 _06040_/X
 _06041_/X
 _06042_/X
 _06043_/X
 _06044_/X
 _06045_/X
 _06046_/X
 _06047_/X
 _06048_/X
 _06049_/X
 _06050_/X
 _06051_/X
 _06052_/X
 _06053_/X
 _06054_/X
 _06055_/X
 _06056_/X
 _06057_/X
 _06058_/X
 _06059_/X
 _06060_/X
 _06061_/X
 _06062_/X
 _06063_/X
 _06064_/X
 _06065_/X
 _06066_/X
 _06067_/X
 _06068_/X
 _06069_/X
 _06070_/X
 _06071_/X
 _06072_/X
 _06073_/X
 _06074_/X
 _06075_/X
 _06076_/X
 _06077_/X
 _06078_/X
 _06079_/X
 _06080_/X
 _06081_/X
 _06082_/X
 _06083_/X
 _06084_/X
 _06085_/X
 _06086_/X
 _06087_/X
 _06088_/X
 _06089_/X
 _06090_/X
 _06091_/X
 _06092_/X
 _06093_/X
 _06094_/X
 _06095_/X
 _06096_/X
 _06097_/X
 _06098_/X
 _06099_/X
 _06100_/X
 _06101_/X
 _06102_/X
 _06103_/X
 _06104_/X
 _06105_/X
 _06106_/X
 _06107_/X
 _06108_/X
 _06109_/X
 _06110_/X
 _06111_/X
 _06112_/X
 _06113_/X
 _06114_/X
 _06115_/X
 _06116_/X
 _06117_/X
 _06118_/X
 _06119_/X
 _06120_/X
 _06121_/X
 _06122_/X
 _06123_/X
 _06124_/X
 _06125_/X
 _06126_/X
 _06127_/X
 _06128_/X
 _06129_/X
 _06130_/X
 _06131_/X
 _06132_/X
 _06133_/X
 _06134_/X
 _06135_/X
 _06136_/X
 _06137_/X
 _06138_/X
 _06139_/X
 _06140_/X
 _06141_/X
 _06142_/X
 _06143_/X
 _06144_/X
 _06145_/X
 _06146_/X
 _06147_/X
 _06148_/X
 _06149_/X
 _06150_/X
 _06151_/X
 _06152_/X
 _06153_/X
 _06154_/X
 _06155_/X
 _06156_/X
 _06157_/X
 _06158_/X
 _06159_/X
 _06160_/X
 _06161_/X
 _06162_/X
 _06163_/X
 _06164_/X
 _06165_/X
 _06166_/X
 _06167_/X
 _06168_/X
 _06169_/X
 _06170_/X
 _06171_/X
 _06172_/X
 _06173_/X
 _06174_/X
 _06175_/X
 _06176_/X
 _06177_/X
 _06178_/X
 _06179_/X
 _06180_/X
 _06181_/X
 _06182_/X
 _06183_/X
 _06184_/X
 _06185_/X
 _06186_/X
 _06187_/X
 _06188_/X
 _06189_/X
 _06190_/X
 _06191_/X
 _06192_/X
 _06193_/X
 _06194_/X
 _06195_/X
 _06196_/X
 _06197_/X
 _06198_/X
 _06199_/X
 _06200_/X
 _06201_/X
 _06202_/X
 _06203_/X
 _06204_/X
 _06205_/X
 _06206_/X
 _06207_/X
 _06208_/X
 _06209_/X
 _06210_/X
 _06211_/X
 _06212_/X
 _06213_/X
 _06214_/X
 _06215_/X
 _06216_/X
 _06217_/X
 _06218_/X
 _06219_/X
 _06220_/X
 _06221_/X
 _06222_/X
 _06223_/X
 _06224_/X
 _06225_/X
 _06226_/X
 _06227_/X
 _06228_/Y
 _06229_/X
 _06230_/Y
 _06231_/X
 _06232_/Y
 _06233_/X
 _06234_/X
 _06235_/X
 _06236_/X
 _06237_/X
 _06238_/X
 _06239_/X
 _06240_/X
 _06241_/X
 _06242_/X
 _06243_/X
 _06244_/X
 _06245_/X
 _06246_/X
 _06247_/X
 _06248_/X
 _06249_/X
 _06250_/X
 _06251_/X
 _06252_/X
 _06253_/X
 _06254_/X
 _06255_/X
 _06256_/X
 _06257_/X
 _06258_/X
 _06259_/X
 _06260_/X
 _06261_/X
 _06262_/X
 _06263_/X
 _06264_/X
 _06265_/X
 _06266_/X
 _06267_/X
 _06268_/X
 _06269_/X
 _06270_/X
 _06271_/X
 _06272_/X
 _06273_/X
 _06274_/X
 _06275_/X
 _06276_/X
 _06277_/X
 _06278_/X
 _06279_/X
 _06280_/X
 _06281_/X
 _06282_/X
 _06283_/X
 _06284_/X
 _06285_/X
 _06286_/X
 _06287_/X
 _06288_/X
 _06289_/X
 _06290_/X
 _06291_/X
 _06292_/X
 _06293_/X
 _06294_/X
 _06295_/X
 _06296_/X
 _06297_/Y
 _06298_/Y
 _06299_/X
 _06300_/Y
 _06301_/Y
 _06302_/X
 _06303_/Y
 _06304_/Y
 _06305_/X
 _06306_/Y
 _06307_/X
 _06308_/X
 _06309_/X
 _06310_/Y
 _06311_/X
 _06312_/X
 _06313_/X
 _06314_/X
 _06315_/Y
 _06316_/X
 _06317_/X
 _06318_/X
 _06319_/Y
 _06320_/X
 _06321_/X
 _06322_/X
 _06323_/X
 _06324_/Y
 _06325_/X
 _06326_/X
 _06327_/X
 _06328_/Y
 _06329_/X
 _06330_/X
 _06331_/X
 _06332_/X
 _06333_/Y
 _06334_/X
 _06335_/X
 _06336_/X
 _06337_/Y
 _06338_/X
 _06339_/X
 _06340_/X
 _06341_/X
 _06342_/Y
 _06343_/X
 _06344_/X
 _06345_/X
 _06346_/Y
 _06347_/X
 _06348_/X
 _06349_/X
 _06350_/X
 _06351_/X
 _06352_/X
 _06353_/Y
 _06354_/Y
 _06355_/X
 _06356_/Y
 _06357_/Y
 _06358_/X
 _06359_/X
 _06360_/Y
 _06361_/Y
 _06362_/X
 _06363_/Y
 _06364_/Y
 _06365_/X
 _06366_/X
 _06367_/X
 _06368_/X
 _06369_/X
 _06370_/X
 _06371_/X
 _06372_/X
 _06373_/Y
 _06374_/Y
 _06375_/X
 _06376_/X
 _06377_/Y
 _06378_/Y
 _06379_/X
 _06380_/X
 _06381_/Y
 _06382_/Y
 _06383_/Y
 _06384_/Y
 _06385_/Y
 _06386_/X
 _06387_/X
 _06388_/X
 _06389_/X
 _06390_/X
 _06391_/X
 _06392_/X
 _06393_/X
 _06394_/Y
 _06395_/Y
 _06396_/X
 _06397_/Y
 _06398_/Y
 _06399_/X
 _06400_/X
 _06401_/X
 _06402_/Y
 _06403_/X
 _06404_/X
 _06405_/Y
 _06406_/X
 _06407_/X
 _06408_/Y
 _06409_/X
 _06410_/Y
 _06411_/X
 _06412_/Y
 _06413_/X
 _06414_/Y
 _06415_/Y
 _06416_/X
 _06417_/X
 _06418_/X
 _06419_/X
 _06420_/X
 _06421_/X
 _06422_/Y
 _06423_/X
 _06424_/X
 _06425_/Y
 _06426_/X
 _06427_/X
 _06428_/Y
 _06429_/X
 _06430_/X
 _06431_/X
 _06432_/X
 _06433_/Y
 _06434_/X
 _06435_/Y
 _06436_/X
 _06437_/Y
 _06438_/X
 _06439_/Y
 _06440_/X
 _06441_/X
 _06442_/X
 _06443_/X
 _06444_/X
 _06445_/Y
 _06446_/X
 _06447_/Y
 _06448_/X
 _06449_/X
 _06450_/X
 _06451_/X
 _06452_/Y
 _06453_/Y
 _06454_/X
 _06455_/X
 _06456_/X
 _06457_/X
 _06458_/X
 _06459_/Y
 _06460_/X
 _06461_/Y
 _06462_/X
 _06463_/Y
 _06464_/Y
 _06465_/X
 _06466_/X
 _06467_/X
 _06468_/X
 _06469_/X
 _06470_/X
 _06471_/X
 _06472_/X
 _06473_/X
 _06474_/X
 _06475_/X
 _06476_/X
 _06477_/X
 _06478_/X
 _06479_/X
 _06480_/X
 _06481_/X
 _06482_/Y
 _06483_/X
 _06484_/X
 _06485_/X
 _06486_/X
 _06487_/X
 _06488_/X
 _06489_/X
 _06490_/X
 _06491_/X
 _06492_/X
 _06493_/X
 _06494_/X
 _06495_/X
 _06496_/X
 _06497_/X
 _06498_/X
 _06499_/X
 _06500_/X
 _06501_/X
 _06502_/X
 _06503_/X
 _06504_/X
 _06505_/X
 _06506_/X
 _06507_/X
 _06508_/X
 _06509_/X
 _06510_/X
 _06511_/X
 _06512_/X
 _06513_/X
 _06514_/X
 _06515_/X
 _06516_/X
 _06517_/X
 _06518_/X
 _06519_/X
 _06520_/X
 _06521_/X
 _06522_/X
 _06523_/X
 _06524_/X
 _06525_/X
 _06526_/X
 _06527_/X
 _06528_/X
 _06529_/X
 _06530_/X
 _06531_/X
 _06532_/X
 _06533_/X
 _06534_/X
 _06535_/X
 _06536_/X
 _06537_/X
 _06538_/X
 _06539_/X
 _06540_/X
 _06541_/X
 _06542_/X
 _06543_/X
 _06544_/X
 _06545_/X
 _06546_/X
 _06547_/X
 _06548_/X
 _06549_/X
 _06550_/X
 _06551_/X
 _06552_/X
 _06553_/X
 _06554_/X
 _06555_/X
 _06556_/X
 _06557_/X
 _06558_/X
 _06559_/X
 _06560_/X
 _06561_/X
 _06562_/X
 _06563_/X
 _06564_/X
 _06565_/X
 _06566_/X
 _06567_/X
 _06568_/X
 _06569_/X
 _06570_/X
 _06571_/X
 _06572_/X
 _06573_/X
 _06574_/X
 _06575_/X
 _06576_/X
 _06577_/X
 _06578_/X
 _06579_/X
 _06580_/X
 _06581_/X
 _06582_/X
 _06583_/X
 _06584_/X
 _06585_/X
 _06586_/X
 _06587_/X
 _06588_/X
 _06589_/X
 _06590_/X
 _06591_/X
 _06592_/X
 _06593_/X
 _06594_/X
 _06595_/X
 _06596_/X
 _06597_/X
 _06598_/X
 _06599_/X
 _06600_/X
 _06601_/X
 _06602_/X
 _06603_/X
 _06604_/X
 _06605_/X
 _06606_/X
 _06607_/X
 _06608_/X
 _06609_/X
 _06610_/X
 _06611_/X
 _06612_/X
 _06613_/X
 _06614_/X
 _06615_/X
 _06616_/X
 _06617_/X
 _06618_/X
 _06619_/X
 _06620_/X
 _06621_/X
 _06622_/X
 _06623_/X
 _06624_/X
 _06625_/X
 _06626_/X
 _06627_/X
 _06628_/X
 _06629_/X
 _06630_/X
 _06631_/X
 _06632_/X
 _06633_/X
 _06634_/X
 _06635_/X
 _06636_/X
 _06637_/X
 _06638_/X
 _06639_/X
 _06640_/X
 _06641_/X
 _06642_/X
 _06643_/X
 _06644_/X
 _06645_/X
 _06646_/X
 _06647_/X
 _06648_/X
 _06649_/X
 _06650_/X
 _06651_/X
 _06652_/X
 _06653_/X
 _06654_/X
 _06655_/X
 _06656_/X
 _06657_/X
 _06658_/X
 _06659_/X
 _06660_/X
 _06661_/X
 _06662_/X
 _06663_/X
 _06664_/X
 _06665_/X
 _06666_/X
 _06667_/X
 _06668_/X
 _06669_/X
 _06670_/X
 _06671_/X
 _06672_/X
 _06673_/X
 _06674_/X
 _06675_/X
 _06676_/X
 _06677_/X
 _06678_/X
 _06679_/X
 _06680_/X
 _06681_/X
 _06682_/X
 _06683_/X
 _06684_/X
 _06685_/X
 _06686_/X
 _06687_/X
 _06688_/X
 _06689_/X
 _06690_/X
 _06691_/X
 _06692_/X
 _06693_/X
 _06694_/X
 _06695_/X
 _06696_/X
 _06697_/X
 _06698_/X
 _06699_/X
 _06700_/X
 _06701_/X
 _06702_/X
 _06703_/X
 _06704_/X
 _06705_/X
 _06706_/X
 _06707_/X
 _06708_/X
 _06709_/X
 _06710_/X
 _06711_/X
 _06712_/X
 _06713_/X
 _06714_/X
 _06715_/X
 _06716_/X
 _06717_/X
 _06718_/X
 _06719_/X
 _06720_/X
 _06721_/X
 _06722_/X
 _06723_/X
 _06724_/X
 _06725_/X
 _06726_/X
 _06727_/X
 _06728_/X
 _06729_/X
 _06730_/X
 _06731_/X
 _06732_/X
 _06733_/X
 _06734_/X
 _06735_/X
 _06736_/X
 _06737_/X
 _06738_/X
 _06739_/X
 _06740_/X
 _06741_/X
 _06742_/X
 _06743_/X
 _06744_/X
 _06745_/X
 _06746_/X
 _06747_/X
 _06748_/X
 _06749_/X
 _06750_/X
 _06751_/X
 _06752_/X
 _06753_/X
 _06754_/X
 _06755_/X
 _06756_/X
 _06757_/X
 _06758_/X
 _06759_/X
 _06760_/X
 _06761_/X
 _06762_/X
 _06763_/X
 _06764_/Y
 _06765_/X
 _06766_/X
 _06767_/Y
 _06768_/Y
 _06769_/X
 _06770_/X
 _06771_/X
 _06772_/X
 _06773_/X
 _06774_/X
 _06775_/X
 _06776_/X
 _06777_/X
 _06778_/X
 _06779_/X
 _06780_/X
 _06781_/X
 _06782_/X
 _06783_/X
 _06784_/X
 _06785_/X
 _06786_/X
 _06787_/X
 _06788_/X
 _06789_/X
 _06790_/X
 _06791_/X
 _06792_/X
 _06793_/X
 _06794_/X
 _06795_/X
 _06796_/X
 _06797_/X
 _06798_/X
 _06799_/X
 _06800_/X
 _06801_/X
 _06802_/X
 _06803_/X
 _06804_/X
 _06805_/X
 _06806_/X
 _06807_/X
 _06808_/X
 _06809_/X
 _06810_/X
 _06811_/X
 _06812_/X
 _06813_/X
 _06814_/X
 _06815_/X
 _06816_/X
 _06817_/X
 _06818_/X
 _06819_/X
 _06820_/X
 _06821_/X
 _06822_/X
 _06823_/X
 _06824_/X
 _06825_/X
 _06826_/X
 _06827_/X
 _06828_/X
 _06829_/X
 _06830_/X
 _06831_/X
 _06832_/X
 _06833_/X
 _06834_/X
 _06835_/X
 _06836_/X
 _06837_/X
 _06838_/X
 _06839_/X
 _06840_/Y
 _06841_/X
 _06842_/X
 _06843_/X
 _06844_/X
 _06845_/X
 _06846_/X
 _06847_/X
 _06848_/X
 _06849_/X
 _06850_/X
 _06851_/X
 _06852_/X
 _06853_/X
 _06854_/X
 _06855_/X
 _06856_/X
 _06857_/X
 _06858_/X
 _06859_/X
 _06860_/X
 _06861_/X
 _06862_/X
 _06863_/X
 _06864_/X
 _06865_/X
 _06866_/X
 _06867_/X
 _06868_/X
 _06869_/X
 _06870_/X
 _06871_/X
 _06872_/X
 _06873_/X
 _06874_/X
 _06875_/X
 _06876_/X
 _06877_/X
 _06878_/X
 _06879_/X
 _06880_/X
 _06881_/X
 _06882_/X
 _06883_/X
 _06884_/X
 _06885_/X
 _06886_/X
 _06887_/X
 _06888_/X
 _06889_/X
 _06890_/X
 _06891_/X
 _06892_/X
 _06893_/X
 _06894_/X
 _06895_/X
 _06896_/X
 _06897_/X
 _06898_/X
 _06899_/X
 _06900_/X
 _06901_/X
 _06902_/X
 _06903_/X
 _06904_/X
 _06905_/X
 _06906_/X
 _06907_/X
 _06908_/X
 _06909_/X
 _06910_/X
 _06911_/X
 _06912_/X
 _06913_/X
 _06914_/X
 _06915_/X
 _06916_/X
 _06917_/X
 _06918_/X
 _06919_/X
 _06920_/X
 _06921_/X
 _06922_/X
 _06923_/X
 _06924_/X
 _06925_/X
 _06926_/X
 _06927_/X
 _06928_/X
 _06929_/X
 _06930_/X
 _06931_/X
 _06932_/X
 _06933_/X
 _06934_/X
 _06935_/X
 _06936_/X
 _06937_/X
 _06938_/X
 _06939_/X
 _06940_/X
 _06941_/X
 _06942_/X
 _06943_/Y
 _06944_/X
 _06945_/X
 _06946_/X
 _06947_/X
 _06948_/X
 _06949_/X
 _06950_/X
 _06951_/X
 _06952_/X
 _06953_/X
 _06954_/X
 _06955_/X
 _06956_/X
 _06957_/X
 _06958_/X
 _06959_/X
 _06960_/X
 _06961_/X
 _06962_/X
 _06963_/X
 _06964_/X
 _06965_/X
 _06966_/X
 _06967_/X
 _06968_/X
 _06969_/X
 _06970_/X
 _06971_/X
 _06972_/X
 _06973_/X
 _06974_/X
 _06975_/X
 _06976_/X
 _06977_/X
 _06978_/X
 _06979_/X
 _06980_/X
 _06981_/X
 _06982_/X
 _06983_/X
 _06984_/X
 _06985_/X
 _06986_/X
 _06987_/X
 _06988_/X
 _06989_/X
 _06990_/X
 _06991_/X
 _06992_/X
 _06993_/X
 _06994_/X
 _06995_/X
 _06996_/X
 _06997_/X
 _06998_/X
 _06999_/X
 _07000_/X
 _07001_/X
 _07002_/X
 _07003_/X
 _07004_/X
 _07005_/X
 _07006_/X
 _07007_/X
 _07008_/X
 _07009_/X
 _07010_/X
 _07011_/Y
 _07012_/X
 _07013_/X
 _07014_/X
 _07015_/X
 _07016_/X
 _07017_/X
 _07018_/X
 _07019_/X
 _07020_/X
 _07021_/X
 _07022_/X
 _07023_/X
 _07024_/X
 _07025_/X
 _07026_/X
 _07027_/X
 _07028_/X
 _07029_/X
 _07030_/X
 _07031_/X
 _07032_/X
 _07033_/X
 _07034_/X
 _07035_/X
 _07036_/X
 _07037_/X
 _07038_/X
 _07039_/X
 _07040_/X
 _07041_/X
 _07042_/X
 _07043_/X
 _07044_/X
 _07045_/X
 _07046_/X
 _07047_/X
 _07048_/X
 _07049_/X
 _07050_/X
 _07051_/X
 _07052_/X
 _07053_/X
 _07054_/X
 _07055_/X
 _07056_/X
 _07057_/X
 _07058_/X
 _07059_/X
 _07060_/X
 _07061_/X
 _07062_/X
 _07063_/X
 _07064_/X
 _07065_/X
 _07066_/X
 _07067_/X
 _07068_/X
 _07069_/X
 _07070_/X
 _07071_/X
 _07072_/X
 _07073_/X
 _07074_/X
 _07075_/X
 _07076_/X
 _07077_/X
 _07078_/X
 _07079_/X
 _07080_/X
 _07081_/X
 _07082_/X
 _07083_/X
 _07084_/X
 _07085_/X
 _07086_/X
 _07087_/X
 _07088_/X
 _07089_/X
 _07090_/X
 _07091_/X
 _07092_/X
 _07093_/X
 _07094_/X
 _07095_/X
 _07096_/X
 _07097_/X
 _07098_/X
 _07099_/X
 _07100_/X
 _07101_/X
 _07102_/X
 _07103_/X
 _07104_/X
 _07105_/X
 _07106_/X
 _07107_/X
 _07108_/X
 _07109_/X
 _07110_/X
 _07111_/X
 _07112_/X
 _07113_/X
 _07114_/X
 _07115_/X
 _07116_/X
 _07117_/X
 _07118_/X
 _07119_/X
 _07120_/X
 _07121_/X
 _07122_/X
 _07123_/X
 _07124_/X
 _07125_/X
 _07126_/X
 _07127_/X
 _07128_/X
 _07129_/X
 _07130_/X
 _07131_/X
 _07132_/X
 _07133_/X
 _07134_/X
 _07135_/X
 _07136_/X
 _07137_/X
 _07138_/X
 _07139_/X
 _07140_/X
 _07141_/X
 _07142_/X
 _07143_/X
 _07144_/X
 _07145_/X
 _07146_/X
 _07147_/X
 _07148_/Y
 _07149_/X
 _07150_/X
 _07151_/X
 _07152_/X
 _07153_/X
 _07154_/X
 _07155_/X
 _07156_/X
 _07157_/X
 _07158_/X
 _07159_/X
 _07160_/X
 _07161_/X
 _07162_/X
 _07163_/X
 _07164_/X
 _07165_/X
 _07166_/X
 _07167_/X
 _07168_/X
 _07169_/X
 _07170_/X
 _07171_/X
 _07172_/X
 _07173_/X
 _07174_/X
 _07175_/X
 _07176_/X
 _07177_/X
 _07178_/X
 _07179_/X
 _07180_/X
 _07181_/X
 _07182_/X
 _07183_/X
 _07184_/X
 _07185_/X
 _07186_/X
 _07187_/X
 _07188_/X
 _07189_/X
 _07190_/X
 _07191_/X
 _07192_/X
 _07193_/X
 _07194_/X
 _07195_/X
 _07196_/X
 _07197_/X
 _07198_/X
 _07199_/X
 _07200_/X
 _07201_/X
 _07202_/X
 _07203_/X
 _07204_/X
 _07205_/X
 _07206_/X
 _07207_/X
 _07208_/X
 _07209_/X
 _07210_/X
 _07211_/X
 _07212_/X
 _07213_/X
 _07214_/X
 _07215_/X
 _07216_/X
 _07217_/X
 _07218_/X
 _07219_/X
 _07220_/X
 _07221_/X
 _07222_/X
 _07223_/X
 _07224_/X
 _07225_/X
 _07226_/X
 _07227_/X
 _07228_/X
 _07229_/X
 _07230_/X
 _07231_/X
 _07232_/X
 _07233_/X
 _07234_/X
 _07235_/X
 _07236_/X
 _07237_/X
 _07238_/X
 _07239_/X
 _07240_/X
 _07241_/X
 _07242_/X
 _07243_/X
 _07244_/X
 _07245_/X
 _07246_/X
 _07247_/X
 _07248_/X
 _07249_/X
 _07250_/X
 _07251_/X
 _07252_/X
 _07253_/X
 _07254_/X
 _07255_/X
 _07256_/X
 _07257_/X
 _07258_/X
 _07259_/X
 _07260_/X
 _07261_/X
 _07262_/X
 _07263_/X
 _07264_/X
 _07265_/X
 _07266_/X
 _07267_/X
 _07268_/X
 _07269_/X
 _07270_/X
 _07271_/X
 _07272_/X
 _07273_/X
 _07274_/X
 _07275_/X
 _07276_/X
 _07277_/X
 _07278_/X
 _07279_/X
 _07280_/X
 _07281_/X
 _07282_/X
 _07283_/X
 _07284_/X
 _07285_/X
 _07286_/Y
 _07287_/X
 _07288_/X
 _07289_/X
 _07290_/X
 _07291_/X
 _07292_/X
 _07293_/X
 _07294_/X
 _07295_/X
 _07296_/X
 _07297_/X
 _07298_/X
 _07299_/X
 _07300_/X
 _07301_/X
 _07302_/X
 _07303_/X
 _07304_/X
 _07305_/X
 _07306_/X
 _07307_/X
 _07308_/X
 _07309_/X
 _07310_/X
 _07311_/X
 _07312_/X
 _07313_/X
 _07314_/X
 _07315_/X
 _07316_/X
 _07317_/X
 _07318_/X
 _07319_/X
 _07320_/X
 _07321_/X
 _07322_/X
 _07323_/X
 _07324_/X
 _07325_/X
 _07326_/X
 _07327_/X
 _07328_/X
 _07329_/X
 _07330_/X
 _07331_/X
 _07332_/X
 _07333_/X
 _07334_/X
 _07335_/X
 _07336_/X
 _07337_/X
 _07338_/X
 _07339_/X
 _07340_/X
 _07341_/X
 _07342_/X
 _07343_/X
 _07344_/X
 _07345_/X
 _07346_/X
 _07347_/X
 _07348_/X
 _07349_/X
 _07350_/X
 _07351_/X
 _07352_/X
 _07353_/X
 _07354_/X
 _07355_/X
 _07356_/X
 _07357_/Y
 _07358_/X
 _07359_/X
 _07360_/X
 _07361_/X
 _07362_/X
 _07363_/X
 _07364_/X
 _07365_/X
 _07366_/X
 _07367_/X
 _07368_/X
 _07369_/X
 _07370_/X
 _07371_/X
 _07372_/X
 _07373_/X
 _07374_/X
 _07375_/X
 _07376_/X
 _07377_/X
 _07378_/X
 _07379_/X
 _07380_/X
 _07381_/X
 _07382_/X
 _07383_/X
 _07384_/X
 _07385_/X
 _07386_/X
 _07387_/X
 _07388_/X
 _07389_/X
 _07390_/X
 _07391_/X
 _07392_/X
 _07393_/X
 _07394_/X
 _07395_/X
 _07396_/X
 _07397_/X
 _07398_/X
 _07399_/X
 _07400_/X
 _07401_/X
 _07402_/X
 _07403_/X
 _07404_/X
 _07405_/X
 _07406_/X
 _07407_/X
 _07408_/X
 _07409_/X
 _07410_/X
 _07411_/X
 _07412_/X
 _07413_/X
 _07414_/X
 _07415_/X
 _07416_/X
 _07417_/X
 _07418_/X
 _07419_/X
 _07420_/X
 _07421_/X
 _07422_/X
 _07423_/X
 _07424_/X
 _07425_/Y
 _07426_/X
 _07427_/X
 _07428_/X
 _07429_/X
 _07430_/X
 _07431_/X
 _07432_/X
 _07433_/X
 _07434_/X
 _07435_/X
 _07436_/X
 _07437_/X
 _07438_/X
 _07439_/X
 _07440_/X
 _07441_/X
 _07442_/X
 _07443_/X
 _07444_/X
 _07445_/X
 _07446_/X
 _07447_/X
 _07448_/X
 _07449_/X
 _07450_/X
 _07451_/X
 _07452_/X
 _07453_/X
 _07454_/X
 _07455_/X
 _07456_/X
 _07457_/X
 _07458_/X
 _07459_/X
 _07460_/X
 _07461_/X
 _07462_/X
 _07463_/X
 _07464_/X
 _07465_/X
 _07466_/X
 _07467_/X
 _07468_/X
 _07469_/X
 _07470_/X
 _07471_/X
 _07472_/X
 _07473_/X
 _07474_/X
 _07475_/X
 _07476_/X
 _07477_/X
 _07478_/X
 _07479_/X
 _07480_/X
 _07481_/X
 _07482_/X
 _07483_/X
 _07484_/X
 _07485_/X
 _07486_/X
 _07487_/X
 _07488_/X
 _07489_/X
 _07490_/X
 _07491_/X
 _07492_/X
 _07493_/Y
 _07494_/X
 _07495_/X
 _07496_/X
 _07497_/X
 _07498_/X
 _07499_/X
 _07500_/X
 _07501_/X
 _07502_/X
 _07503_/X
 _07504_/X
 _07505_/X
 _07506_/X
 _07507_/X
 _07508_/X
 _07509_/X
 _07510_/X
 _07511_/X
 _07512_/X
 _07513_/X
 _07514_/X
 _07515_/X
 _07516_/X
 _07517_/X
 _07518_/X
 _07519_/X
 _07520_/X
 _07521_/X
 _07522_/X
 _07523_/X
 _07524_/X
 _07525_/X
 _07526_/X
 _07527_/X
 _07528_/X
 _07529_/X
 _07530_/X
 _07531_/X
 _07532_/X
 _07533_/X
 _07534_/X
 _07535_/X
 _07536_/X
 _07537_/X
 _07538_/X
 _07539_/X
 _07540_/X
 _07541_/X
 _07542_/X
 _07543_/X
 _07544_/X
 _07545_/X
 _07546_/X
 _07547_/X
 _07548_/X
 _07549_/X
 _07550_/X
 _07551_/X
 _07552_/X
 _07553_/X
 _07554_/X
 _07555_/X
 _07556_/X
 _07557_/X
 _07558_/X
 _07559_/X
 _07560_/X
 _07561_/X
 _07562_/X
 _07563_/X
 _07564_/X
 _07565_/Y
 _07566_/X
 _07567_/X
 _07568_/X
 _07569_/X
 _07570_/X
 _07571_/X
 _07572_/X
 _07573_/X
 _07574_/X
 _07575_/X
 _07576_/X
 _07577_/X
 _07578_/X
 _07579_/X
 _07580_/X
 _07581_/X
 _07582_/X
 _07583_/X
 _07584_/X
 _07585_/X
 _07586_/X
 _07587_/X
 _07588_/X
 _07589_/X
 _07590_/X
 _07591_/X
 _07592_/X
 _07593_/X
 _07594_/X
 _07595_/X
 _07596_/X
 _07597_/X
 _07598_/X
 _07599_/X
 _07600_/X
 _07601_/X
 _07602_/X
 _07603_/X
 _07604_/X
 _07605_/X
 _07606_/X
 _07607_/X
 _07608_/X
 _07609_/X
 _07610_/X
 _07611_/X
 _07612_/X
 _07613_/X
 _07614_/X
 _07615_/X
 _07616_/X
 _07617_/X
 _07618_/X
 _07619_/X
 _07620_/X
 _07621_/X
 _07622_/X
 _07623_/X
 _07624_/X
 _07625_/X
 _07626_/X
 _07627_/X
 _07628_/X
 _07629_/X
 _07630_/X
 _07631_/X
 _07632_/X
 _07633_/X
 _07634_/X
 _07635_/X
 _07636_/X
 _07637_/X
 _07638_/X
 _07639_/X
 _07640_/X
 _07641_/X
 _07642_/X
 _07643_/X
 _07644_/X
 _07645_/X
 _07646_/X
 _07647_/X
 _07648_/X
 _07649_/X
 _07650_/X
 _07651_/X
 _07652_/X
 _07653_/X
 _07654_/X
 _07655_/X
 _07656_/X
 _07657_/X
 _07658_/X
 _07659_/X
 _07660_/X
 _07661_/X
 _07662_/X
 _07663_/X
 _07664_/X
 _07665_/Y
 _07666_/Y
 _07667_/X
 _07668_/X
 _07669_/X
 _07670_/X
 _07671_/X
 _07672_/X
 _07673_/X
 _07674_/X
 _07675_/X
 _07676_/X
 _07677_/X
 _07678_/X
 _07679_/X
 _07680_/X
 _07681_/X
 _07682_/X
 _07683_/X
 _07684_/X
 _07685_/X
 _07686_/X
 _07687_/X
 _07688_/X
 _07689_/X
 _07690_/X
 _07691_/X
 _07692_/X
 _07693_/X
 _07694_/X
 _07695_/X
 _07696_/X
 _07697_/X
 _07698_/X
 _07699_/X
 _07700_/X
 _07701_/X
 _07702_/X
 _07703_/X
 _07704_/X
 _07705_/X
 _07706_/X
 _07707_/X
 _07708_/X
 _07709_/X
 _07710_/X
 _07711_/X
 _07712_/X
 _07713_/X
 _07714_/X
 _07715_/X
 _07716_/X
 _07717_/X
 _07718_/X
 _07719_/X
 _07720_/X
 _07721_/X
 _07722_/X
 _07723_/X
 _07724_/X
 _07725_/X
 _07726_/X
 _07727_/X
 _07728_/X
 _07729_/X
 _07730_/X
 _07731_/X
 _07732_/X
 _07733_/X
 _07734_/X
 _07735_/X
 _07736_/X
 _07737_/X
 _07738_/X
 _07739_/X
 _07740_/X
 _07741_/X
 _07742_/X
 _07743_/X
 _07744_/X
 _07745_/X
 _07746_/X
 _07747_/X
 _07748_/X
 _07749_/X
 _07750_/X
 _07751_/X
 _07752_/X
 _07753_/X
 _07754_/X
 _07755_/X
 _07756_/X
 _07757_/X
 _07758_/X
 _07759_/X
 _07760_/X
 _07761_/X
 _07762_/X
 _07763_/X
 _07764_/X
 _07765_/X
 _07766_/X
 _07767_/X
 _07768_/X
 _07769_/X
 _07770_/X
 _07771_/X
 _07772_/X
 _07773_/X
 _07774_/X
 _07775_/X
 _07776_/X
 _07777_/X
 _07778_/X
 _07779_/X
 _07780_/X
 _07781_/X
 _07782_/X
 _07783_/X
 _07784_/X
 _07785_/X
 _07786_/X
 _07787_/X
 _07788_/X
 _07789_/X
 _07790_/X
 _07791_/X
 _07792_/X
 _07793_/X
 _07794_/X
 _07795_/X
 _07796_/X
 _07797_/X
 _07798_/X
 _07799_/X
 _07800_/X
 _07801_/X
 _07802_/Y
 _07803_/X
 _07804_/X
 _07805_/X
 _07806_/X
 _07807_/X
 _07808_/X
 _07809_/X
 _07810_/X
 _07811_/X
 _07812_/X
 _07813_/X
 _07814_/X
 _07815_/X
 _07816_/X
 _07817_/X
 _07818_/X
 _07819_/X
 _07820_/X
 _07821_/X
 _07822_/X
 _07823_/X
 _07824_/X
 _07825_/X
 _07826_/X
 _07827_/X
 _07828_/X
 _07829_/X
 _07830_/X
 _07831_/X
 _07832_/X
 _07833_/X
 _07834_/X
 _07835_/X
 _07836_/X
 _07837_/X
 _07838_/X
 _07839_/X
 _07840_/X
 _07841_/X
 _07842_/X
 _07843_/X
 _07844_/X
 _07845_/X
 _07846_/X
 _07847_/X
 _07848_/X
 _07849_/X
 _07850_/X
 _07851_/X
 _07852_/X
 _07853_/X
 _07854_/X
 _07855_/X
 _07856_/X
 _07857_/X
 _07858_/X
 _07859_/X
 _07860_/X
 _07861_/X
 _07862_/X
 _07863_/X
 _07864_/X
 _07865_/X
 _07866_/X
 _07867_/X
 _07868_/X
 _07869_/X
 _07870_/X
 _07871_/X
 _07872_/X
 _07873_/X
 _07874_/X
 _07875_/X
 _07876_/X
 _07877_/X
 _07878_/X
 _07879_/X
 _07880_/X
 _07881_/X
 _07882_/X
 _07883_/X
 _07884_/X
 _07885_/X
 _07886_/X
 _07887_/X
 _07888_/X
 _07889_/X
 _07890_/X
 _07891_/X
 _07892_/X
 _07893_/X
 _07894_/X
 _07895_/X
 _07896_/X
 _07897_/X
 _07898_/X
 _07899_/X
 _07900_/X
 _07901_/X
 _07902_/X
 _07903_/X
 _07904_/X
 _07905_/X
 _07906_/X
 _07907_/X
 _07908_/X
 _07909_/X
 _07910_/X
 _07911_/X
 _07912_/X
 _07913_/X
 _07914_/X
 _07915_/X
 _07916_/X
 _07917_/X
 _07918_/X
 _07919_/X
 _07920_/X
 _07921_/X
 _07922_/X
 _07923_/X
 _07924_/X
 _07925_/X
 _07926_/X
 _07927_/X
 _07928_/X
 _07929_/X
 _07930_/X
 _07931_/X
 _07932_/X
 _07933_/X
 _07934_/X
 _07935_/X
 _07936_/X
 _07937_/X
 _07938_/X
 _07939_/Y
 _07940_/Y
 _07941_/X
 _07942_/X
 _07943_/X
 _07944_/X
 _07945_/X
 _07946_/X
 _07947_/X
 _07948_/X
 _07949_/X
 _07950_/X
 _07951_/X
 _07952_/X
 _07953_/X
 _07954_/X
 _07955_/X
 _07956_/X
 _07957_/X
 _07958_/X
 _07959_/X
 _07960_/X
 _07961_/X
 _07962_/X
 _07963_/X
 _07964_/X
 _07965_/X
 _07966_/X
 _07967_/X
 _07968_/X
 _07969_/X
 _07970_/X
 _07971_/X
 _07972_/X
 _07973_/X
 _07974_/X
 _07975_/X
 _07976_/X
 _07977_/X
 _07978_/X
 _07979_/X
 _07980_/X
 _07981_/X
 _07982_/X
 _07983_/X
 _07984_/X
 _07985_/X
 _07986_/X
 _07987_/X
 _07988_/X
 _07989_/X
 _07990_/X
 _07991_/X
 _07992_/X
 _07993_/X
 _07994_/X
 _07995_/X
 _07996_/X
 _07997_/X
 _07998_/X
 _07999_/X
 _08000_/X
 _08001_/X
 _08002_/X
 _08003_/X
 _08004_/X
 _08005_/X
 _08006_/X
 _08007_/X
 _08008_/X
 _08009_/X
 _08010_/X
 _08011_/X
 _08012_/X
 _08013_/X
 _08014_/X
 _08015_/X
 _08016_/X
 _08017_/X
 _08018_/X
 _08019_/X
 _08020_/X
 _08021_/X
 _08022_/X
 _08023_/X
 _08024_/X
 _08025_/X
 _08026_/X
 _08027_/X
 _08028_/X
 _08029_/X
 _08030_/X
 _08031_/X
 _08032_/X
 _08033_/X
 _08034_/X
 _08035_/X
 _08036_/X
 _08037_/X
 _08038_/X
 _08039_/X
 _08040_/X
 _08041_/X
 _08042_/X
 _08043_/X
 _08044_/X
 _08045_/X
 _08046_/X
 _08047_/X
 _08048_/X
 _08049_/X
 _08050_/X
 _08051_/X
 _08052_/X
 _08053_/X
 _08054_/X
 _08055_/X
 _08056_/X
 _08057_/X
 _08058_/X
 _08059_/X
 _08060_/X
 _08061_/X
 _08062_/X
 _08063_/X
 _08064_/X
 _08065_/X
 _08066_/X
 _08067_/X
 _08068_/X
 _08069_/X
 _08070_/X
 _08071_/X
 _08072_/X
 _08073_/X
 _08074_/X
 _08075_/X
 _08076_/X
 _08077_/X
 _08078_/X
 _08079_/X
 _08080_/X
 _08081_/X
 _08082_/X
 _08083_/X
 _08084_/X
 _08085_/X
 _08086_/X
 _08087_/X
 _08088_/X
 _08089_/X
 _08090_/X
 _08091_/X
 _08092_/X
 _08093_/X
 _08094_/X
 _08095_/X
 _08096_/X
 _08097_/X
 _08098_/X
 _08099_/X
 _08100_/X
 _08101_/X
 _08102_/X
 _08103_/X
 _08104_/X
 _08105_/X
 _08106_/X
 _08107_/X
 _08108_/X
 _08109_/X
 _08110_/X
 _08111_/X
 _08112_/X
 _08113_/X
 _08114_/X
 _08115_/X
 _08116_/X
 _08117_/X
 _08118_/X
 _08119_/X
 _08120_/X
 _08121_/X
 _08122_/X
 _08123_/X
 _08124_/X
 _08125_/X
 _08126_/X
 _08127_/X
 _08128_/X
 _08129_/X
 _08130_/X
 _08131_/X
 _08132_/X
 _08133_/X
 _08134_/X
 _08135_/X
 _08136_/X
 _08137_/X
 _08138_/X
 _08139_/X
 _08140_/X
 _08141_/X
 _08142_/X
 _08143_/X
 _08144_/X
 _08145_/X
 _08146_/X
 _08147_/X
 _08148_/X
 _08149_/X
 _08150_/X
 _08151_/X
 _08152_/X
 _08153_/X
 _08154_/X
 _08155_/X
 _08156_/X
 _08157_/X
 _08158_/X
 _08159_/X
 _08160_/X
 _08161_/X
 _08162_/X
 _08163_/X
 _08164_/X
 _08165_/X
 _08166_/X
 _08167_/X
 _08168_/X
 _08169_/X
 _08170_/X
 _08171_/X
 _08172_/X
 _08173_/X
 _08174_/X
 _08175_/X
 _08176_/X
 _08177_/X
 _08178_/X
 _08179_/X
 _08180_/X
 _08181_/X
 _08182_/X
 _08183_/X
 _08184_/X
 _08185_/X
 _08186_/X
 _08187_/X
 _08188_/X
 _08189_/X
 _08190_/X
 _08191_/X
 _08192_/X
 _08193_/X
 _08194_/X
 _08195_/X
 _08196_/X
 _08197_/X
 _08198_/X
 _08199_/X
 _08200_/X
 _08201_/X
 _08202_/X
 _08203_/X
 _08204_/X
 _08205_/X
 _08206_/X
 _08207_/X
 _08208_/X
 _08209_/X
 _08210_/X
 _08211_/X
 _08212_/X
 _08213_/X
 _08214_/X
 _08215_/X
 _08216_/X
 _08217_/X
 _08218_/X
 _08219_/X
 _08220_/X
 _08221_/X
 _08222_/X
 _08223_/X
 _08224_/X
 _08225_/X
 _08226_/X
 _08227_/X
 _08228_/X
 _08229_/X
 _08230_/X
 _08231_/X
 _08232_/X
 _08233_/X
 _08234_/X
 _08235_/X
 _08236_/X
 _08237_/X
 _08238_/X
 _08239_/X
 _08240_/X
 _08241_/X
 _08242_/X
 _08243_/X
 _08244_/X
 _08245_/X
 _08246_/X
 _08247_/X
 _08248_/X
 _08249_/X
 _08250_/X
 _08251_/X
 _08252_/X
 _08253_/X
 _08254_/X
 _08255_/X
 _08256_/X
 _08257_/X
 _08258_/X
 _08259_/X
 _08260_/X
 _08261_/X
 _08262_/X
 _08263_/X
 _08264_/X
 _08265_/X
 _08266_/X
 _08267_/X
 _08268_/X
 _08269_/X
 _08270_/X
 _08271_/X
 _08272_/X
 _08273_/X
 _08274_/X
 _08275_/X
 _08276_/X
 _08277_/X
 _08278_/X
 _08279_/X
 _08280_/X
 _08281_/Y
 _08282_/X
 _08283_/X
 _08284_/X
 _08285_/X
 _08286_/X
 _08287_/X
 _08288_/X
 _08289_/X
 _08290_/X
 _08291_/X
 _08292_/X
 _08293_/X
 _08294_/X
 _08295_/X
 _08296_/X
 _08297_/X
 _08298_/X
 _08299_/X
 _08300_/X
 _08301_/X
 _08302_/X
 _08303_/X
 _08304_/X
 _08305_/X
 _08306_/X
 _08307_/X
 _08308_/X
 _08309_/X
 _08310_/X
 _08311_/X
 _08312_/X
 _08313_/X
 _08314_/X
 _08315_/X
 _08316_/X
 _08317_/X
 _08318_/X
 _08319_/X
 _08320_/X
 _08321_/X
 _08322_/X
 _08323_/X
 _08324_/X
 _08325_/X
 _08326_/X
 _08327_/X
 _08328_/X
 _08329_/X
 _08330_/X
 _08331_/X
 _08332_/X
 _08333_/X
 _08334_/X
 _08335_/X
 _08336_/X
 _08337_/X
 _08338_/X
 _08339_/X
 _08340_/X
 _08341_/X
 _08342_/X
 _08343_/X
 _08344_/X
 _08345_/X
 _08346_/X
 _08347_/X
 _08348_/X
 _08349_/Y
 _08350_/X
 _08351_/X
 _08352_/X
 _08353_/X
 _08354_/X
 _08355_/X
 _08356_/X
 _08357_/X
 _08358_/X
 _08359_/X
 _08360_/X
 _08361_/X
 _08362_/X
 _08363_/X
 _08364_/X
 _08365_/X
 _08366_/X
 _08367_/X
 _08368_/X
 _08369_/X
 _08370_/X
 _08371_/X
 _08372_/X
 _08373_/X
 _08374_/X
 _08375_/X
 _08376_/X
 _08377_/X
 _08378_/X
 _08379_/X
 _08380_/X
 _08381_/X
 _08382_/X
 _08383_/X
 _08384_/X
 _08385_/X
 _08386_/X
 _08387_/X
 _08388_/X
 _08389_/X
 _08390_/X
 _08391_/X
 _08392_/X
 _08393_/X
 _08394_/X
 _08395_/X
 _08396_/X
 _08397_/X
 _08398_/X
 _08399_/X
 _08400_/X
 _08401_/X
 _08402_/X
 _08403_/X
 _08404_/X
 _08405_/X
 _08406_/X
 _08407_/X
 _08408_/X
 _08409_/X
 _08410_/X
 _08411_/X
 _08412_/X
 _08413_/X
 _08414_/X
 _08415_/X
 _08416_/X
 _08417_/X
 _08418_/X
 _08419_/X
 _08420_/X
 _08421_/X
 _08422_/X
 _08423_/X
 _08424_/X
 _08425_/X
 _08426_/X
 _08427_/X
 _08428_/X
 _08429_/X
 _08430_/X
 _08431_/X
 _08432_/X
 _08433_/X
 _08434_/X
 _08435_/X
 _08436_/X
 _08437_/X
 _08438_/X
 _08439_/X
 _08440_/X
 _08441_/Y
 _08442_/X
 _08443_/Y
 _08444_/X
 _08445_/X
 _08446_/X
 _08447_/X
 _08448_/X
 _08449_/X
 _08450_/X
 _08451_/X
 _08452_/X
 _08453_/X
 _08454_/X
 _08455_/Y
 _08456_/X
 _08457_/X
 _08458_/X
 _08459_/X
 _08460_/X
 _08461_/X
 _08462_/X
 _08463_/X
 _08464_/X
 _08465_/X
 _08466_/X
 _08467_/Y
 _08468_/Y
 _08469_/X
 _08470_/X
 _08471_/X
 _08472_/X
 _08473_/X
 _08474_/X
 _08475_/X
 _08476_/X
 _08477_/X
 _08478_/X
 _08479_/X
 _08480_/X
 _08481_/X
 _08482_/X
 _08483_/X
 _08484_/X
 _08485_/Y
 _08486_/Y
 _08487_/X
 _08488_/X
 _08489_/X
 _08490_/X
 _08491_/X
 _08492_/X
 _08493_/X
 _08494_/X
 _08495_/X
 _08496_/X
 _08497_/X
 _08498_/X
 _08499_/X
 _08500_/X
 _08501_/X
 _08502_/X
 _08503_/X
 _08504_/X
 _08505_/Y
 _08506_/Y
 _08507_/X
 _08508_/X
 _08509_/X
 _08510_/X
 _08511_/X
 _08512_/X
 _08513_/X
 _08514_/X
 _08515_/X
 _08516_/X
 _08517_/X
 _08518_/X
 _08519_/X
 _08520_/X
 _08521_/X
 _08522_/X
 _08523_/X
 _08524_/X
 _08525_/Y
 _08526_/X
 _08527_/Y
 _08528_/X
 _08529_/X
 _08530_/X
 _08531_/X
 _08532_/X
 _08533_/X
 _08534_/X
 _08535_/X
 _08536_/X
 _08537_/X
 _08538_/X
 _08539_/X
 _08540_/X
 _08541_/X
 _08542_/X
 _08543_/X
 _08544_/X
 _08545_/X
 _08546_/X
 _08547_/Y
 _08548_/Y
 _08549_/X
 _08550_/X
 _08551_/X
 _08552_/X
 _08553_/X
 _08554_/X
 _08555_/X
 _08556_/X
 _08557_/X
 _08558_/X
 _08559_/X
 _08560_/X
 _08561_/X
 _08562_/X
 _08563_/X
 _08564_/X
 _08565_/X
 _08566_/X
 _08567_/Y
 _08568_/Y
 _08569_/X
 _08570_/X
 _08571_/X
 _08572_/X
 _08573_/X
 _08574_/X
 _08575_/X
 _08576_/X
 _08577_/X
 _08578_/X
 _08579_/X
 _08580_/X
 _08581_/X
 _08582_/X
 _08583_/X
 _08584_/X
 _08585_/X
 _08586_/Y
 _08587_/Y
 _08588_/X
 _08589_/X
 _08590_/X
 _08591_/X
 _08592_/X
 _08593_/X
 _08594_/X
 _08595_/X
 _08596_/X
 _08597_/X
 _08598_/X
 _08599_/X
 _08600_/X
 _08601_/X
 _08602_/X
 _08603_/X
 _08604_/X
 _08605_/Y
 _08606_/Y
 _08607_/X
 _08608_/X
 _08609_/X
 _08610_/X
 _08611_/X
 _08612_/X
 _08613_/X
 _08614_/X
 _08615_/X
 _08616_/X
 _08617_/X
 _08618_/X
 _08619_/X
 _08620_/X
 _08621_/X
 _08622_/X
 _08623_/X
 _08624_/X
 _08625_/Y
 _08626_/Y
 _08627_/X
 _08628_/X
 _08629_/X
 _08630_/X
 _08631_/X
 _08632_/X
 _08633_/X
 _08634_/X
 _08635_/X
 _08636_/X
 _08637_/X
 _08638_/X
 _08639_/X
 _08640_/X
 _08641_/X
 _08642_/X
 _08643_/X
 _08644_/Y
 _08645_/Y
 _08646_/X
 _08647_/X
 _08648_/X
 _08649_/X
 _08650_/X
 _08651_/X
 _08652_/X
 _08653_/X
 _08654_/X
 _08655_/X
 _08656_/X
 _08657_/X
 _08658_/X
 _08659_/X
 _08660_/X
 _08661_/X
 _08662_/X
 _08663_/X
 _08664_/Y
 _08665_/Y
 _08666_/X
 _08667_/X
 _08668_/X
 _08669_/X
 _08670_/X
 _08671_/X
 _08672_/X
 _08673_/X
 _08674_/X
 _08675_/X
 _08676_/X
 _08677_/X
 _08678_/X
 _08679_/X
 _08680_/X
 _08681_/X
 _08682_/Y
 _08683_/Y
 _08684_/X
 _08685_/X
 _08686_/X
 _08687_/X
 _08688_/X
 _08689_/X
 _08690_/X
 _08691_/X
 _08692_/X
 _08693_/X
 _08694_/X
 _08695_/X
 _08696_/X
 _08697_/X
 _08698_/X
 _08699_/X
 _08700_/X
 _08701_/X
 _08702_/Y
 _08703_/Y
 _08704_/X
 _08705_/X
 _08706_/X
 _08707_/X
 _08708_/X
 _08709_/X
 _08710_/X
 _08711_/X
 _08712_/X
 _08713_/X
 _08714_/X
 _08715_/X
 _08716_/X
 _08717_/X
 _08718_/X
 _08719_/X
 _08720_/X
 _08721_/X
 _08722_/Y
 _08723_/X
 _08724_/Y
 _08725_/X
 _08726_/X
 _08727_/X
 _08728_/X
 _08729_/X
 _08730_/X
 _08731_/X
 _08732_/X
 _08733_/X
 _08734_/X
 _08735_/X
 _08736_/X
 _08737_/X
 _08738_/X
 _08739_/X
 _08740_/X
 _08741_/X
 _08742_/X
 _08743_/Y
 _08744_/Y
 _08745_/X
 _08746_/X
 _08747_/X
 _08748_/X
 _08749_/X
 _08750_/X
 _08751_/X
 _08752_/X
 _08753_/X
 _08754_/X
 _08755_/X
 _08756_/X
 _08757_/X
 _08758_/X
 _08759_/X
 _08760_/X
 _08761_/X
 _08762_/X
 _08763_/Y
 _08764_/Y
 _08765_/X
 _08766_/X
 _08767_/X
 _08768_/X
 _08769_/X
 _08770_/X
 _08771_/X
 _08772_/X
 _08773_/X
 _08774_/X
 _08775_/X
 _08776_/X
 _08777_/X
 _08778_/X
 _08779_/X
 _08780_/X
 _08781_/X
 _08782_/Y
 _08783_/Y
 _08784_/X
 _08785_/X
 _08786_/X
 _08787_/X
 _08788_/X
 _08789_/X
 _08790_/X
 _08791_/X
 _08792_/X
 _08793_/X
 _08794_/X
 _08795_/X
 _08796_/X
 _08797_/X
 _08798_/X
 _08799_/X
 _08800_/X
 _08801_/Y
 _08802_/Y
 _08803_/X
 _08804_/X
 _08805_/X
 _08806_/X
 _08807_/X
 _08808_/X
 _08809_/X
 _08810_/X
 _08811_/X
 _08812_/X
 _08813_/X
 _08814_/X
 _08815_/X
 _08816_/X
 _08817_/X
 _08818_/X
 _08819_/X
 _08820_/X
 _08821_/Y
 _08822_/Y
 _08823_/X
 _08824_/X
 _08825_/X
 _08826_/X
 _08827_/X
 _08828_/X
 _08829_/X
 _08830_/X
 _08831_/X
 _08832_/X
 _08833_/X
 _08834_/X
 _08835_/X
 _08836_/X
 _08837_/X
 _08838_/X
 _08839_/X
 _08840_/Y
 _08841_/Y
 _08842_/X
 _08843_/X
 _08844_/X
 _08845_/X
 _08846_/X
 _08847_/X
 _08848_/X
 _08849_/X
 _08850_/X
 _08851_/X
 _08852_/X
 _08853_/X
 _08854_/X
 _08855_/X
 _08856_/X
 _08857_/X
 _08858_/X
 _08859_/X
 _08860_/Y
 _08861_/Y
 _08862_/X
 _08863_/X
 _08864_/X
 _08865_/X
 _08866_/X
 _08867_/X
 _08868_/X
 _08869_/X
 _08870_/X
 _08871_/X
 _08872_/X
 _08873_/X
 _08874_/X
 _08875_/X
 _08876_/X
 _08877_/X
 _08878_/Y
 _08879_/Y
 _08880_/X
 _08881_/X
 _08882_/X
 _08883_/X
 _08884_/X
 _08885_/X
 _08886_/X
 _08887_/X
 _08888_/X
 _08889_/X
 _08890_/X
 _08891_/X
 _08892_/X
 _08893_/X
 _08894_/X
 _08895_/Y
 _08896_/Y
 _08897_/X
 _08898_/X
 _08899_/X
 _08900_/X
 _08901_/X
 _08902_/X
 _08903_/X
 _08904_/X
 _08905_/X
 _08906_/X
 _08907_/X
 _08908_/X
 _08909_/X
 _08910_/X
 _08911_/X
 _08912_/Y
 _08913_/Y
 _08914_/X
 _08915_/X
 _08916_/X
 _08917_/X
 _08918_/X
 _08919_/X
 _08920_/X
 _08921_/X
 _08922_/X
 _08923_/X
 _08924_/X
 _08925_/X
 _08926_/X
 _08927_/X
 _08928_/X
 _08929_/Y
 _08930_/Y
 _08931_/X
 _08932_/X
 _08933_/X
 _08934_/X
 _08935_/X
 _08936_/X
 _08937_/X
 _08938_/X
 _08939_/X
 _08940_/X
 _08941_/X
 _08942_/X
 _08943_/X
 _08944_/X
 _08945_/X
 _08946_/Y
 _08947_/Y
 _08948_/X
 _08949_/X
 _08950_/X
 _08951_/X
 _08952_/X
 _08953_/X
 _08954_/X
 _08955_/X
 _08956_/X
 _08957_/X
 _08958_/X
 _08959_/X
 _08960_/X
 _08961_/X
 _08962_/X
 _08963_/Y
 _08964_/Y
 _08965_/X
 _08966_/X
 _08967_/X
 _08968_/X
 _08969_/X
 _08970_/X
 _08971_/X
 _08972_/X
 _08973_/X
 _08974_/X
 _08975_/X
 _08976_/X
 _08977_/X
 _08978_/X
 _08979_/X
 _08980_/Y
 _08981_/Y
 _08982_/X
 _08983_/X
 _08984_/X
 _08985_/X
 _08986_/X
 _08987_/X
 _08988_/X
 _08989_/X
 _08990_/X
 _08991_/X
 _08992_/X
 _08993_/X
 _08994_/X
 _08995_/X
 _08996_/X
 _08997_/Y
 _08998_/Y
 _08999_/X
 _09000_/X
 _09001_/X
 _09002_/X
 _09003_/X
 _09004_/X
 _09005_/X
 _09006_/X
 _09007_/X
 _09008_/X
 _09009_/X
 _09010_/X
 _09011_/X
 _09012_/X
 _09013_/X
 _09014_/Y
 _09015_/Y
 _09016_/X
 _09017_/X
 _09018_/X
 _09019_/X
 _09020_/X
 _09021_/X
 _09022_/X
 _09023_/X
 _09024_/X
 _09025_/X
 _09026_/X
 _09027_/X
 _09028_/X
 _09029_/X
 _09030_/X
 _09031_/Y
 _09032_/Y
 _09033_/X
 _09034_/X
 _09035_/X
 _09036_/X
 _09037_/X
 _09038_/X
 _09039_/X
 _09040_/X
 _09041_/Y
 _09042_/X
 _09043_/X
 _09044_/X
 _09045_/X
 _09046_/X
 _09047_/X
 _09048_/X
 _09049_/X
 _09050_/X
 _09051_/X
 _09052_/X
 _09053_/X
 _09054_/X
 _09055_/X
 _09056_/X
 _09057_/X
 _09058_/X
 _09059_/X
 _09060_/X
 _09061_/X
 _09062_/X
 _09063_/X
 _09064_/X
 _09065_/X
 _09066_/X
 _09067_/X
 _09068_/X
 _09069_/X
 _09070_/X
 _09071_/X
 _09072_/X
 _09073_/X
 _09074_/X
 _09075_/X
 _09076_/X
 _09077_/X
 _09078_/X
 _09079_/X
 _09080_/X
 _09081_/X
 _09082_/X
 _09083_/X
 _09084_/X
 _09085_/X
 _09086_/X
 _09087_/X
 _09088_/X
 _09089_/X
 _09090_/X
 _09091_/X
 _09092_/X
 _09093_/X
 _09094_/X
 _09095_/X
 _09096_/X
 _09097_/X
 _09098_/X
 _09099_/X
 _09100_/X
 _09101_/X
 _09102_/X
 _09103_/X
 _09104_/X
 _09105_/X
 _09106_/X
 _09107_/X
 _09108_/X
 _09109_/Y
 _09110_/X
 _09111_/X
 _09112_/X
 _09113_/X
 _09114_/X
 _09115_/X
 _09116_/X
 _09117_/X
 _09118_/X
 _09119_/X
 _09120_/X
 _09121_/X
 _09122_/X
 _09123_/X
 _09124_/X
 _09125_/X
 _09126_/X
 _09127_/X
 _09128_/X
 _09129_/X
 _09130_/X
 _09131_/X
 _09132_/X
 _09133_/X
 _09134_/X
 _09135_/X
 _09136_/X
 _09137_/X
 _09138_/X
 _09139_/X
 _09140_/X
 _09141_/X
 _09142_/X
 _09143_/X
 _09144_/X
 _09145_/X
 _09146_/X
 _09147_/X
 _09148_/X
 _09149_/X
 _09150_/X
 _09151_/X
 _09152_/X
 _09153_/X
 _09154_/X
 _09155_/X
 _09156_/X
 _09157_/X
 _09158_/X
 _09159_/X
 _09160_/X
 _09161_/X
 _09162_/X
 _09163_/X
 _09164_/X
 _09165_/X
 _09166_/X
 _09167_/X
 _09168_/X
 _09169_/X
 _09170_/X
 _09171_/X
 _09172_/X
 _09173_/X
 _09174_/X
 _09175_/X
 _09176_/X
 _09177_/Y
 _09178_/X
 _09179_/X
 _09180_/X
 _09181_/X
 _09182_/X
 _09183_/X
 _09184_/X
 _09185_/X
 _09186_/X
 _09187_/X
 _09188_/X
 _09189_/X
 _09190_/X
 _09191_/X
 _09192_/X
 _09193_/X
 _09194_/X
 _09195_/X
 _09196_/X
 _09197_/X
 _09198_/X
 _09199_/X
 _09200_/X
 _09201_/X
 _09202_/X
 _09203_/X
 _09204_/X
 _09205_/X
 _09206_/X
 _09207_/X
 _09208_/X
 _09209_/X
 _09210_/X
 _09211_/X
 _09212_/X
 _09213_/X
 _09214_/X
 _09215_/X
 _09216_/X
 _09217_/X
 _09218_/X
 _09219_/X
 _09220_/X
 _09221_/X
 _09222_/X
 _09223_/X
 _09224_/X
 _09225_/X
 _09226_/X
 _09227_/X
 _09228_/X
 _09229_/X
 _09230_/X
 _09231_/X
 _09232_/X
 _09233_/X
 _09234_/X
 _09235_/X
 _09236_/X
 _09237_/X
 _09238_/X
 _09239_/X
 _09240_/X
 _09241_/X
 _09242_/X
 _09243_/X
 _09244_/X
 _09245_/Y
 _09246_/X
 _09247_/X
 _09248_/X
 _09249_/X
 _09250_/X
 _09251_/X
 _09252_/X
 _09253_/X
 _09254_/X
 _09255_/X
 _09256_/X
 _09257_/X
 _09258_/X
 _09259_/X
 _09260_/X
 _09261_/X
 _09262_/X
 _09263_/X
 _09264_/X
 _09265_/X
 _09266_/X
 _09267_/X
 _09268_/X
 _09269_/X
 _09270_/X
 _09271_/X
 _09272_/X
 _09273_/X
 _09274_/X
 _09275_/X
 _09276_/X
 _09277_/X
 _09278_/X
 _09279_/X
 _09280_/X
 _09281_/X
 _09282_/X
 _09283_/X
 _09284_/X
 _09285_/X
 _09286_/X
 _09287_/X
 _09288_/X
 _09289_/X
 _09290_/X
 _09291_/X
 _09292_/X
 _09293_/X
 _09294_/X
 _09295_/X
 _09296_/X
 _09297_/X
 _09298_/X
 _09299_/X
 _09300_/X
 _09301_/X
 _09302_/X
 _09303_/X
 _09304_/X
 _09305_/X
 _09306_/X
 _09307_/X
 _09308_/X
 _09309_/X
 _09310_/X
 _09311_/X
 _09312_/X
 _09313_/X
 _09314_/X
 _09315_/X
 _09316_/X
 _09317_/X
 _09318_/X
 _09319_/X
 _09320_/X
 _09321_/X
 _09322_/X
 _09323_/X
 _09324_/X
 _09325_/X
 _09326_/X
 _09327_/X
 _09328_/X
 _09329_/X
 _09330_/X
 _09331_/X
 _09332_/X
 _09333_/X
 _09334_/X
 _09335_/X
 _09336_/X
 _09337_/X
 _09338_/X
 _09339_/X
 _09340_/X
 _09341_/X
 _09342_/X
 _09343_/X
 _09344_/X
 _09345_/X
 _09346_/X
 _09347_/X
 _09348_/X
 _09349_/X
 _09350_/X
 _09351_/X
 _09352_/X
 _09353_/X
 _09354_/X
 _09355_/X
 _09356_/X
 _09357_/X
 _09358_/X
 _09359_/X
 _09360_/X
 _09361_/X
 _09362_/X
 _09363_/X
 _09364_/X
 _09365_/X
 _09366_/X
 _09367_/X
 _09368_/X
 _09369_/X
 _09370_/X
 _09371_/X
 _09372_/X
 _09373_/X
 _09374_/X
 _09375_/X
 _09376_/X
 _09377_/X
 _09378_/X
 _09379_/X
 _09380_/X
 _09381_/Y
 _09382_/X
 _09383_/X
 _09384_/X
 _09385_/X
 _09386_/X
 _09387_/X
 _09388_/X
 _09389_/X
 _09390_/X
 _09391_/X
 _09392_/X
 _09393_/X
 _09394_/X
 _09395_/X
 _09396_/X
 _09397_/X
 _09398_/X
 _09399_/X
 _09400_/X
 _09401_/X
 _09402_/X
 _09403_/X
 _09404_/X
 _09405_/X
 _09406_/X
 _09407_/X
 _09408_/X
 _09409_/X
 _09410_/X
 _09411_/X
 _09412_/X
 _09413_/X
 _09414_/X
 _09415_/X
 _09416_/X
 _09417_/X
 _09418_/X
 _09419_/X
 _09420_/X
 _09421_/X
 _09422_/X
 _09423_/X
 _09424_/X
 _09425_/X
 _09426_/X
 _09427_/X
 _09428_/X
 _09429_/X
 _09430_/X
 _09431_/X
 _09432_/X
 _09433_/X
 _09434_/X
 _09435_/X
 _09436_/X
 _09437_/X
 _09438_/X
 _09439_/X
 _09440_/X
 _09441_/X
 _09442_/X
 _09443_/X
 _09444_/X
 _09445_/X
 _09446_/X
 _09447_/X
 _09448_/X
 _09449_/X
 _09450_/X
 _09451_/X
 _09452_/X
 _09453_/X
 _09454_/X
 _09455_/X
 _09456_/X
 _09457_/X
 _09458_/X
 _09459_/X
 _09460_/X
 _09461_/X
 _09462_/X
 _09463_/X
 _09464_/X
 _09465_/X
 _09466_/X
 _09467_/X
 _09468_/X
 _09469_/X
 _09470_/X
 _09471_/X
 _09472_/X
 _09473_/X
 _09474_/X
 _09475_/X
 _09476_/X
 _09477_/X
 _09478_/X
 _09479_/X
 _09480_/X
 _09481_/X
 _09482_/X
 _09483_/X
 _09484_/X
 _09485_/X
 _09486_/X
 _09487_/X
 _09488_/X
 _09489_/X
 _09490_/X
 _09491_/X
 _09492_/X
 _09493_/X
 _09494_/X
 _09495_/X
 _09496_/X
 _09497_/X
 _09498_/X
 _09499_/X
 _09500_/X
 _09501_/X
 _09502_/X
 _09503_/X
 _09504_/X
 _09505_/X
 _09506_/X
 _09507_/X
 _09508_/X
 _09509_/X
 _09510_/X
 _09511_/X
 _09512_/X
 _09513_/X
 _09514_/X
 _09515_/X
 _09516_/Y
 _09517_/X
 _09518_/X
 _09519_/X
 _09520_/X
 _09521_/X
 _09522_/X
 _09523_/X
 _09524_/X
 _09525_/X
 _09526_/X
 _09527_/X
 _09528_/X
 _09529_/X
 _09530_/X
 _09531_/X
 _09532_/X
 _09533_/X
 _09534_/X
 _09535_/X
 _09536_/X
 _09537_/X
 _09538_/X
 _09539_/X
 _09540_/X
 _09541_/X
 _09542_/X
 _09543_/X
 _09544_/X
 _09545_/X
 _09546_/X
 _09547_/X
 _09548_/X
 _09549_/X
 _09550_/X
 _09551_/X
 _09552_/X
 _09553_/X
 _09554_/X
 _09555_/X
 _09556_/X
 _09557_/X
 _09558_/X
 _09559_/X
 _09560_/X
 _09561_/X
 _09562_/X
 _09563_/X
 _09564_/X
 _09565_/X
 _09566_/X
 _09567_/X
 _09568_/X
 _09569_/X
 _09570_/X
 _09571_/X
 _09572_/X
 _09573_/X
 _09574_/X
 _09575_/X
 _09576_/X
 _09577_/X
 _09578_/X
 _09579_/X
 _09580_/X
 _09581_/X
 _09582_/X
 _09583_/X
 _09584_/Y
 _09585_/X
 _09586_/X
 _09587_/X
 _09588_/X
 _09589_/X
 _09590_/X
 _09591_/X
 _09592_/X
 _09593_/X
 _09594_/X
 _09595_/X
 _09596_/X
 _09597_/X
 _09598_/X
 _09599_/X
 _09600_/X
 _09601_/X
 _09602_/X
 _09603_/X
 _09604_/X
 _09605_/X
 _09606_/X
 _09607_/X
 _09608_/X
 _09609_/X
 _09610_/X
 _09611_/X
 _09612_/X
 _09613_/X
 _09614_/X
 _09615_/X
 _09616_/X
 _09617_/X
 _09618_/X
 _09619_/X
 _09620_/X
 _09621_/X
 _09622_/X
 _09623_/X
 _09624_/X
 _09625_/X
 _09626_/X
 _09627_/X
 _09628_/X
 _09629_/X
 _09630_/X
 _09631_/X
 _09632_/X
 _09633_/X
 _09634_/X
 _09635_/X
 _09636_/X
 _09637_/X
 _09638_/X
 _09639_/X
 _09640_/X
 _09641_/X
 _09642_/X
 _09643_/X
 _09644_/X
 _09645_/X
 _09646_/X
 _09647_/X
 _09648_/X
 _09649_/X
 _09650_/X
 _09651_/X
 _09652_/Y
 _09653_/Y
 _09654_/X
 _09655_/X
 _09656_/X
 _09657_/Y
 _09658_/X
 _09659_/X
 _09660_/X
 _09661_/X
 _09662_/X
 _09663_/X
 _09664_/X
 _09665_/X
 _09666_/X
 _09667_/X
 _09668_/X
 _09669_/X
 _09670_/X
 _09671_/X
 _09672_/X
 _09673_/X
 _09674_/X
 _09675_/X
 _09676_/X
 _09677_/X
 _09678_/X
 _09679_/X
 _09680_/X
 _09681_/X
 _09682_/X
 _09683_/X
 _09684_/X
 _09685_/X
 _09686_/X
 _09687_/X
 _09688_/X
 _09689_/X
 _09690_/X
 _09691_/X
 _09692_/X
 _09693_/X
 _09694_/X
 _09695_/X
 _09696_/X
 _09697_/X
 _09698_/X
 _09699_/X
 _09700_/X
 _09701_/X
 _09702_/X
 _09703_/X
 _09704_/X
 _09705_/X
 _09706_/X
 _09707_/X
 _09708_/X
 _09709_/X
 _09710_/X
 _09711_/X
 _09712_/X
 _09713_/X
 _09714_/X
 _09715_/X
 _09716_/X
 _09717_/X
 _09718_/X
 _09719_/X
 _09720_/X
 _09721_/X
 _09722_/X
 _09723_/X
 _09724_/X
 _09725_/X
 _09726_/X
 _09727_/X
 _09728_/X
 _09729_/X
 _09730_/X
 _09731_/X
 _09732_/X
 _09733_/X
 _09734_/X
 _09735_/X
 _09736_/X
 _09737_/X
 _09738_/X
 _09739_/X
 _09740_/X
 _09741_/X
 _09742_/X
 _09743_/X
 _09744_/X
 _09745_/X
 _09746_/X
 _09747_/X
 _09748_/X
 _09749_/X
 _09750_/X
 _09751_/X
 _09752_/X
 _09753_/X
 _09754_/X
 _09755_/X
 _09756_/X
 _09757_/X
 _09758_/Y
 _09759_/Y
 _09760_/X
 _09761_/X
 _09762_/X
 _09763_/X
 _09764_/X
 _09765_/X
 _09766_/X
 _09767_/X
 _09768_/X
 _09769_/X
 _09770_/X
 _09771_/X
 _09772_/X
 _09773_/X
 _09774_/X
 _09775_/X
 _09776_/X
 _09777_/X
 _09778_/X
 _09779_/X
 _09780_/X
 _09781_/X
 _09782_/X
 _09783_/X
 _09784_/X
 _09785_/X
 _09786_/X
 _09787_/X
 _09788_/X
 _09789_/X
 _09790_/X
 _09791_/X
 _09792_/X
 _09793_/X
 _09794_/X
 _09795_/X
 _09796_/X
 _09797_/X
 _09798_/X
 _09799_/X
 _09800_/X
 _09801_/X
 _09802_/X
 _09803_/X
 _09804_/X
 _09805_/X
 _09806_/X
 _09807_/X
 _09808_/X
 _09809_/X
 _09810_/X
 _09811_/X
 _09812_/X
 _09813_/X
 _09814_/X
 _09815_/X
 _09816_/X
 _09817_/X
 _09818_/X
 _09819_/X
 _09820_/X
 _09821_/X
 _09822_/X
 _09823_/X
 _09824_/X
 _09825_/X
 _09826_/X
 _09827_/X
 _09828_/Y
 _09829_/X
 _09830_/X
 _09831_/X
 _09832_/X
 _09833_/X
 _09834_/X
 _09835_/X
 _09836_/X
 _09837_/X
 _09838_/X
 _09839_/X
 _09840_/X
 _09841_/X
 _09842_/X
 _09843_/X
 _09844_/X
 _09845_/X
 _09846_/X
 _09847_/X
 _09848_/X
 _09849_/X
 _09850_/X
 _09851_/X
 _09852_/X
 _09853_/X
 _09854_/X
 _09855_/X
 _09856_/X
 _09857_/X
 _09858_/X
 _09859_/X
 _09860_/X
 _09861_/X
 _09862_/X
 _09863_/X
 _09864_/X
 _09865_/X
 _09866_/X
 _09867_/X
 _09868_/X
 _09869_/X
 _09870_/X
 _09871_/X
 _09872_/X
 _09873_/X
 _09874_/X
 _09875_/X
 _09876_/X
 _09877_/X
 _09878_/X
 _09879_/X
 _09880_/X
 _09881_/X
 _09882_/X
 _09883_/X
 _09884_/X
 _09885_/X
 _09886_/X
 _09887_/X
 _09888_/X
 _09889_/X
 _09890_/X
 _09891_/X
 _09892_/X
 _09893_/X
 _09894_/X
 _09895_/X
 _09896_/X
 _09897_/X
 _09898_/X
 _09899_/X
 _09900_/X
 _09901_/X
 _09902_/X
 _09903_/X
 _09904_/X
 _09905_/X
 _09906_/X
 _09907_/X
 _09908_/X
 _09909_/X
 _09910_/X
 _09911_/X
 _09912_/X
 _09913_/X
 _09914_/X
 _09915_/X
 _09916_/X
 _09917_/X
 _09918_/X
 _09919_/X
 _09920_/X
 _09921_/X
 _09922_/X
 _09923_/X
 _09924_/X
 _09925_/X
 _09926_/X
 _09927_/X
 _09928_/X
 _09929_/X
 _09930_/X
 _09931_/X
 _09932_/X
 _09933_/X
 _09934_/X
 _09935_/X
 _09936_/X
 _09937_/X
 _09938_/X
 _09939_/X
 _09940_/X
 _09941_/X
 _09942_/X
 _09943_/X
 _09944_/X
 _09945_/X
 _09946_/X
 _09947_/X
 _09948_/X
 _09949_/X
 _09950_/X
 _09951_/X
 _09952_/X
 _09953_/X
 _09954_/X
 _09955_/X
 _09956_/X
 _09957_/X
 _09958_/X
 _09959_/X
 _09960_/X
 _09961_/X
 _09962_/X
 _09963_/X
 _09964_/X
 _09965_/X
 _09966_/X
 _09967_/X
 _09968_/X
 _09969_/X
 _09970_/X
 _09971_/X
 _09972_/X
 _09973_/X
 _09974_/X
 _09975_/X
 _09976_/X
 _09977_/X
 _09978_/X
 _09979_/X
 _09980_/X
 _09981_/X
 _09982_/X
 _09983_/X
 _09984_/X
 _09985_/X
 _09986_/X
 _09987_/X
 _09988_/X
 _09989_/X
 _09990_/X
 _09991_/X
 _09992_/X
 _09993_/X
 _09994_/X
 _09995_/X
 _09996_/X
 _09997_/X
 _09998_/X
 _09999_/X
 _10000_/X
 _10001_/X
 _10002_/X
 _10003_/X
 _10004_/X
 _10005_/X
 _10006_/X
 _10007_/X
 _10008_/X
 _10009_/X
 _10010_/X
 _10011_/X
 _10012_/X
 _10013_/X
 _10014_/X
 _10015_/X
 _10016_/X
 _10017_/X
 _10018_/X
 _10019_/X
 _10020_/X
 _10021_/X
 _10022_/X
 _10023_/X
 _10024_/X
 _10025_/X
 _10026_/X
 _10027_/X
 _10028_/X
 _10029_/X
 _10030_/X
 _10031_/X
 _10032_/X
 _10033_/X
 _10034_/X
 _10035_/X
 _10036_/X
 _10037_/X
 _10038_/X
 _10039_/X
 _10040_/X
 _10041_/X
 _10042_/X
 _10043_/X
 _10044_/X
 _10045_/X
 _10046_/X
 _10047_/X
 _10048_/X
 _10049_/X
 _10050_/X
 _10051_/X
 _10052_/X
 _10053_/X
 _10054_/X
 _10055_/X
 _10056_/X
 _10057_/X
 _10058_/X
 _10059_/X
 _10060_/X
 _10061_/X
 _10062_/X
 _10063_/X
 _10064_/X
 _10065_/X
 _10066_/X
 _10067_/X
 _10068_/X
 _10069_/X
 _10070_/X
 _10071_/X
 _10072_/X
 _10073_/X
 _10074_/X
 _10075_/X
 _10076_/X
 _10077_/X
 _10078_/X
 _10079_/X
 _10080_/X
 _10081_/X
 _10082_/X
 _10083_/X
 _10084_/X
 _10085_/X
 _10086_/X
 _10087_/X
 _10088_/X
 _10089_/X
 _10090_/X
 _10091_/X
 _10092_/X
 _10093_/X
 _10094_/X
 _10095_/X
 _10096_/X
 _10097_/X
 _10098_/X
 _10099_/X
 _10100_/X
 _10101_/X
 _10102_/X
 _10103_/Y
 _10104_/X
 _10105_/X
 _10106_/X
 _10107_/X
 _10108_/X
 _10109_/X
 _10110_/X
 _10111_/X
 _10112_/X
 _10113_/X
 _10114_/X
 _10115_/X
 _10116_/X
 _10117_/X
 _10118_/X
 _10119_/X
 _10120_/X
 _10121_/X
 _10122_/X
 _10123_/X
 _10124_/X
 _10125_/X
 _10126_/X
 _10127_/X
 _10128_/X
 _10129_/X
 _10130_/X
 _10131_/X
 _10132_/X
 _10133_/X
 _10134_/X
 _10135_/X
 _10136_/X
 _10137_/X
 _10138_/X
 _10139_/X
 _10140_/X
 _10141_/X
 _10142_/X
 _10143_/X
 _10144_/X
 _10145_/X
 _10146_/X
 _10147_/X
 _10148_/X
 _10149_/X
 _10150_/X
 _10151_/X
 _10152_/X
 _10153_/X
 _10154_/X
 _10155_/X
 _10156_/X
 _10157_/X
 _10158_/X
 _10159_/X
 _10160_/X
 _10161_/X
 _10162_/X
 _10163_/X
 _10164_/X
 _10165_/X
 _10166_/X
 _10167_/X
 _10168_/X
 _10169_/X
 _10170_/X
 _10171_/X
 _10172_/X
 _10173_/X
 _10174_/X
 _10175_/X
 _10176_/X
 _10177_/X
 _10178_/X
 _10179_/X
 _10180_/X
 _10181_/X
 _10182_/X
 _10183_/X
 _10184_/X
 _10185_/X
 _10186_/X
 _10187_/X
 _10188_/X
 _10189_/X
 _10190_/X
 _10191_/X
 _10192_/X
 _10193_/X
 _10194_/X
 _10195_/X
 _10196_/X
 _10197_/X
 _10198_/X
 _10199_/X
 _10200_/X
 _10201_/X
 _10202_/X
 _10203_/X
 _10204_/X
 _10205_/X
 _10206_/X
 _10207_/X
 _10208_/X
 _10209_/X
 _10210_/X
 _10211_/X
 _10212_/X
 _10213_/X
 _10214_/X
 _10215_/X
 _10216_/X
 _10217_/X
 _10218_/X
 _10219_/X
 _10220_/X
 _10221_/X
 _10222_/X
 _10223_/X
 _10224_/X
 _10225_/X
 _10226_/X
 _10227_/X
 _10228_/X
 _10229_/X
 _10230_/X
 _10231_/X
 _10232_/X
 _10233_/X
 _10234_/X
 _10235_/X
 _10236_/X
 _10237_/X
 _10238_/X
 _10239_/X
 _10240_/X
 _10241_/X
 _10242_/X
 _10243_/X
 _10244_/X
 _10245_/X
 _10246_/X
 _10247_/X
 _10248_/X
 _10249_/X
 _10250_/X
 _10251_/X
 _10252_/X
 _10253_/X
 _10254_/X
 _10255_/X
 _10256_/X
 _10257_/X
 _10258_/X
 _10259_/X
 _10260_/X
 _10261_/X
 _10262_/X
 _10263_/X
 _10264_/X
 _10265_/X
 _10266_/X
 _10267_/X
 _10268_/X
 _10269_/X
 _10270_/X
 _10271_/X
 _10272_/X
 _10273_/X
 _10274_/X
 _10275_/X
 _10276_/X
 _10277_/X
 _10278_/X
 _10279_/X
 _10280_/X
 _10281_/X
 _10282_/X
 _10283_/X
 _10284_/X
 _10285_/X
 _10286_/X
 _10287_/X
 _10288_/X
 _10289_/X
 _10290_/X
 _10291_/X
 _10292_/X
 _10293_/X
 _10294_/X
 _10295_/X
 _10296_/X
 _10297_/X
 _10298_/X
 _10299_/X
 _10300_/X
 _10301_/X
 _10302_/X
 _10303_/X
 _10304_/X
 _10305_/X
 _10306_/X
 _10307_/X
 _10308_/X
 _10309_/X
 _10310_/X
 _10311_/X
 _10312_/X
 _10313_/X
 _10314_/X
 _10315_/X
 _10316_/X
 _10317_/X
 _10318_/X
 _10319_/X
 _10320_/X
 _10321_/X
 _10322_/X
 _10323_/X
 _10324_/X
 _10325_/X
 _10326_/X
 _10327_/X
 _10328_/X
 _10329_/X
 _10330_/X
 _10331_/X
 _10332_/X
 _10333_/X
 _10334_/X
 _10335_/X
 _10336_/X
 _10337_/X
 _10338_/X
 _10339_/X
 _10340_/X
 _10341_/X
 _10342_/X
 _10343_/X
 _10344_/X
 _10345_/X
 _10346_/X
 _10347_/X
 _10348_/X
 _10349_/X
 _10350_/X
 _10351_/X
 _10352_/X
 _10353_/X
 _10354_/X
 _10355_/X
 _10356_/X
 _10357_/X
 _10358_/X
 _10359_/X
 _10360_/X
 _10361_/X
 _10362_/X
 _10363_/X
 _10364_/X
 _10365_/X
 _10366_/X
 _10367_/X
 _10368_/X
 _10369_/X
 _10370_/X
 _10371_/X
 _10372_/X
 _10373_/X
 _10374_/X
 _10375_/X
 _10376_/X
 _10377_/X
 _10378_/Y
 _10379_/X
 _10380_/X
 _10381_/X
 _10382_/X
 _10383_/X
 _10384_/X
 _10385_/X
 _10386_/X
 _10387_/X
 _10388_/X
 _10389_/X
 _10390_/X
 _10391_/X
 _10392_/X
 _10393_/X
 _10394_/X
 _10395_/X
 _10396_/X
 _10397_/X
 _10398_/X
 _10399_/X
 _10400_/X
 _10401_/X
 _10402_/X
 _10403_/X
 _10404_/X
 _10405_/X
 _10406_/X
 _10407_/X
 _10408_/X
 _10409_/X
 _10410_/X
 _10411_/X
 _10412_/X
 _10413_/X
 _10414_/X
 _10415_/X
 _10416_/X
 _10417_/X
 _10418_/X
 _10419_/X
 _10420_/X
 _10421_/X
 _10422_/X
 _10423_/X
 _10424_/X
 _10425_/X
 _10426_/X
 _10427_/X
 _10428_/X
 _10429_/X
 _10430_/X
 _10431_/X
 _10432_/X
 _10433_/X
 _10434_/X
 _10435_/X
 _10436_/X
 _10437_/X
 _10438_/X
 _10439_/X
 _10440_/X
 _10441_/X
 _10442_/X
 _10443_/X
 _10444_/X
 _10445_/X
 _10446_/X
 _10447_/X
 _10448_/X
 _10449_/X
 _10450_/X
 _10451_/Y
 _10452_/X
 _10453_/Y
 _10454_/X
 _10455_/Y
 _10456_/X
 _10457_/X
 _10458_/X
 _10459_/X
 _10460_/Y
 _10461_/Y
 _10462_/Y
 _10463_/X
 _10464_/X
 _10465_/X
 _10466_/X
 _10467_/X
 _10468_/X
 _10469_/X
 _10470_/X
 _10471_/X
 _10472_/X
 _10473_/X
 _10474_/X
 _10475_/X
 _10476_/X
 _10477_/X
 _10478_/X
 _10479_/Y
 _10480_/X
 _10481_/X
 _10482_/X
 _10483_/Y
 _10484_/X
 _10485_/Y
 _10486_/X
 _10487_/Y
 _10488_/Y
 _10489_/X
 _10490_/Y
 _10491_/X
 _10492_/X
 _10493_/X
 _10494_/Y
 _10495_/X
 _10496_/Y
 _10497_/X
 _10498_/X
 _10499_/X
 _10500_/X
 _10501_/Y
 _10502_/X
 _10503_/Y
 _10504_/X
 _10505_/X
 _10506_/X
 _10507_/Y
 _10508_/X
 _10509_/X
 _10510_/X
 _10511_/X
 _10512_/X
 _10513_/X
 _10514_/X
 _10515_/Y
 _10516_/X
 _10517_/Y
 _10518_/X
 _10519_/Y
 _10520_/X
 _10521_/Y
 _10522_/X
 _10523_/X
 _10524_/X
 _10525_/X
 _10526_/X
 _10527_/X
 _10528_/X
 _10529_/Y
 _10530_/X
 _10531_/Y
 _10532_/Y
 _10533_/X
 _10534_/X
 _10535_/X
 _10536_/X
 _10537_/X
 _10538_/X
 _10539_/X
 _10540_/X
 _10541_/Y
 _10542_/Y
 _10543_/X
 _10544_/Y
 _10545_/X
 _10546_/X
 _10547_/X
 _10548_/X
 _10549_/X
 _10550_/Y
 _10551_/X
 _10552_/X
 _10553_/X
 _10554_/Y
 _10555_/X
 _10556_/X
 _10557_/X
 _10558_/X
 _10559_/X
 _10560_/X
 _10561_/X
 _10562_/X
 _10563_/Y
 _10564_/Y
 _10565_/X
 _10566_/Y
 _10567_/Y
 _10568_/X
 _10569_/X
 _10570_/Y
 _10571_/Y
 _10572_/X
 _10573_/Y
 _10574_/Y
 _10575_/X
 _10576_/X
 _10577_/X
 _10578_/Y
 _10579_/Y
 _10580_/X
 _10581_/Y
 _10582_/Y
 _10583_/X
 _10584_/X
 _10585_/Y
 _10586_/X
 _10587_/Y
 _10588_/X
 _10589_/X
 _10590_/Y
 _10591_/Y
 _10592_/X
 _10593_/X
 _10594_/X
 _10595_/X
 _10596_/X
 _10597_/X
 _10598_/X
 _10599_/X
 _10600_/X
 _10601_/X
 _10602_/Y
 _10603_/X
 _10604_/Y
 _10605_/Y
 _10606_/X
 _10607_/X
 _10608_/Y
 _10609_/X
 _10610_/X
 _10611_/X
 _10612_/X
 _10613_/X
 _10614_/Y
 _10615_/X
 _10616_/X
 _10617_/X
 _10618_/X
 _10619_/X
 _10620_/X
 _10621_/X
 _10622_/X
 _10623_/Y
 _10624_/Y
 _10625_/X
 _10626_/X
 _10627_/X
 _10628_/X
 _10629_/X
 _10630_/Y
 _10631_/X
 _10632_/X
 _10633_/X
 _10634_/X
 _10635_/X
 _10636_/Y
 _10637_/X
 _10638_/X
 _10639_/Y
 _10640_/X
 _10641_/X
 _10642_/Y
 _10643_/X
 _10644_/Y
 _10645_/X
 _10646_/Y
 _10647_/X
 _10648_/Y
 _10649_/Y
 _10650_/X
 _10651_/X
 _10652_/Y
 _10653_/X
 _10654_/Y
 _10655_/Y
 _10656_/X
 _10657_/Y
 _10658_/Y
 _10659_/Y
 _10660_/X
 _10661_/X
 _10662_/X
 _10663_/X
 _10664_/Y
 _10665_/X
 _10666_/X
 _10667_/X
 _10668_/Y
 _10669_/X
 _10670_/X
 _10671_/Y
 _10672_/X
 _10673_/X
 _10674_/X
 _10675_/X
 _10676_/X
 _10677_/Y
 _10678_/X
 _10679_/X
 _10680_/Y
 _10681_/X
 _10682_/X
 _10683_/X
 _10684_/X
 _10685_/Y
 _10686_/X
 _10687_/Y
 _10688_/Y
 _10689_/Y
 _10690_/X
 _10691_/X
 _10692_/X
 _10693_/Y
 _10694_/X
 _10695_/Y
 _10696_/X
 _10697_/Y
 _10698_/X
 _10699_/X
 _10700_/X
 _10701_/Y
 _10702_/X
 _10703_/X
 _10704_/X
 _10705_/X
 _10706_/X
 _10707_/X
 _10708_/Y
 _10709_/Y
 _10710_/X
 _10711_/Y
 _10712_/Y
 _10713_/X
 _10714_/Y
 _10715_/Y
 _10716_/Y
 _10717_/Y
 _10718_/X
 _10719_/Y
 _10720_/X
 _10721_/X
 _10722_/Y
 _10723_/X
 _10724_/X
 _10725_/Y
 _10726_/X
 _10727_/Y
 _10728_/X
 _10729_/X
 _10730_/X
 _10731_/Y
 _10732_/Y
 _10733_/Y
 _10734_/Y
 _10735_/X
 _10736_/X
 _10737_/X
 _10738_/X
 _10739_/Y
 _10740_/X
 _10741_/Y
 _10742_/X
 _10743_/X
 _10744_/X
 _10745_/X
 _10746_/Y
 _10747_/X
 _10748_/X
 _10749_/X
 _10750_/X
 _10751_/X
 _10752_/X
 _10753_/X
 _10754_/X
 _10755_/X
 _10756_/X
 _10757_/X
 _10758_/X
 _10759_/X
 _10760_/X
 _10761_/X
 _10762_/X
 _10763_/Y
 _10764_/Y
 _10765_/Y
 _10766_/Y
 _10767_/Y
 _10768_/X
 _10769_/Y
 _10770_/X
 _10771_/X
 _10772_/Y
 _10773_/X
 _10774_/Y
 _10775_/Y
 _10776_/Y
 _10777_/X
 _10778_/X
 _10779_/X
 _10780_/Y
 _10781_/X
 _10782_/X
 _10783_/X
 _10784_/X
 _10785_/X
 _10786_/X
 _10787_/X
 _10788_/X
 _10789_/Y
 _10790_/X
 _10791_/X
 _10792_/X
 _10793_/Y
 _10794_/Y
 _10795_/X
 _10796_/X
 _10797_/X
 _10798_/Y
 _10799_/X
 _10800_/X
 _10801_/X
 _10802_/X
 _10803_/X
 _10804_/X
 _10805_/X
 _10806_/X
 _10807_/Y
 _10808_/Y
 _10809_/X
 _10810_/Y
 _10811_/Y
 _10812_/Y
 _10813_/X
 _10814_/X
 _10815_/Y
 _10816_/X
 _10817_/X
 _10818_/X
 _10819_/Y
 _10820_/Y
 _10821_/X
 _10822_/Y
 _10823_/Y
 _10824_/X
 _10825_/Y
 _10826_/Y
 _10827_/X
 _10828_/Y
 _10829_/Y
 _10830_/X
 _10831_/X
 _10832_/X
 _10833_/X
 _10834_/Y
 _10835_/Y
 _10836_/X
 _10837_/Y
 _10838_/Y
 _10839_/X
 _10840_/Y
 _10841_/Y
 _10842_/X
 _10843_/Y
 _10844_/X
 _10845_/X
 _10846_/Y
 _10847_/Y
 _10848_/Y
 _10849_/X
 _10850_/Y
 _10851_/Y
 _10852_/Y
 _10853_/Y
 _10854_/X
 _10855_/Y
 _10856_/Y
 _10857_/X
 _10858_/X
 _10859_/X
 _10860_/Y
 _10861_/Y
 _10862_/X
 _10863_/Y
 _10864_/Y
 _10865_/X
 _10866_/Y
 _10867_/Y
 _10868_/X
 _10869_/Y
 _10870_/Y
 _10871_/X
 _10872_/X
 _10873_/X
 _10874_/X
 _10875_/X
 _10876_/X
 _10877_/X
 _10878_/Y
 _10879_/X
 _10880_/X
 _10881_/X
 _10882_/X
 _10883_/Y
 _10884_/X
 _10885_/X
 _10886_/X
 _10887_/Y
 _10888_/X
 _10889_/Y
 _10890_/X
 _10891_/X
 _10892_/X
 _10893_/Y
 _10894_/X
 _10895_/Y
 _10896_/X
 _10897_/X
 _10898_/Y
 _10899_/X
 _10900_/X
 _10901_/Y
 _10902_/X
 _10903_/Y
 _10904_/X
 _10905_/Y
 _10906_/X
 _10907_/X
 _10908_/X
 _10909_/Y
 _10910_/Y
 _10911_/X
 _10912_/X
 _10913_/X
 _10914_/Y
 _10915_/Y
 _10916_/X
 _10917_/X
 _10918_/Y
 _10919_/X
 _10920_/X
 _10921_/Y
 _10922_/X
 _10923_/Y
 _10924_/Y
 _10925_/X
 _10926_/X
 _10927_/X
 _10928_/X
 _10929_/X
 _10930_/X
 _10931_/X
 _10932_/Y
 _10933_/X
 _10934_/Y
 _10935_/Y
 _10936_/X
 _10937_/X
 _10938_/X
 _10939_/X
 _10940_/X
 _10941_/X
 _10942_/Y
 _10943_/X
 _10944_/X
 _10945_/Y
 _10946_/Y
 _10947_/Y
 _10948_/X
 _10949_/Y
 _10950_/Y
 _10951_/Y
 _10952_/Y
 _10953_/X
 _10954_/Y
 _10955_/X
 _10956_/Y
 _10957_/X
 _10958_/Y
 _10959_/Y
 _10960_/X
 _10961_/X
 _10962_/X
 _10963_/X
 _10964_/X
 _10965_/X
 _10966_/X
 _10967_/X
 _10968_/X
 _10969_/X
 _10970_/X
 _10971_/X
 _10972_/Y
 _10973_/X
 _10974_/X
 _10975_/X
 _10976_/X
 _10977_/X
 _10978_/X
 _10979_/Y
 _10980_/X
 _10981_/Y
 _10982_/X
 _10983_/X
 _10984_/Y
 _10985_/Y
 _10986_/X
 _10987_/X
 _10988_/Y
 _10989_/X
 _10990_/X
 _10991_/X
 _10992_/X
 _10993_/X
 _10994_/X
 _10995_/X
 _10996_/Y
 _10997_/X
 _10998_/Y
 _10999_/X
 _11000_/X
 _11001_/X
 _11002_/X
 _11003_/X
 _11004_/X
 _11005_/X
 _11006_/X
 _11007_/X
 _11008_/X
 _11009_/X
 _11010_/X
 _11011_/X
 _11012_/X
 _11013_/X
 _11014_/X
 _11015_/X
 _11016_/Y
 _11017_/X
 _11018_/X
 _11019_/Y
 _11020_/X
 _11021_/X
 _11022_/X
 _11023_/Y
 _11024_/Y
 _11025_/X
 _11026_/X
 _11027_/X
 _11028_/X
 _11029_/X
 _11030_/Y
 _11031_/X
 _11032_/X
 _11033_/X
 _11034_/Y
 _11035_/Y
 _11036_/X
 _11037_/X
 _11038_/X
 _11039_/X
 _11040_/X
 _11041_/X
 _11042_/X
 _11043_/Y
 _11044_/X
 _11045_/Y
 _11046_/X
 _11047_/X
 _11048_/X
 _11049_/Y
 _11050_/X
 _11051_/X
 _11052_/X
 _11053_/Y
 _11054_/X
 _11055_/X
 _11056_/Y
 _11057_/Y
 _11058_/X
 _11059_/Y
 _11060_/X
 _11061_/Y
 _11062_/Y
 _11063_/X
 _11064_/X
 _11065_/Y
 _11066_/Y
 _11067_/Y
 _11068_/X
 _11069_/X
 _11070_/X
 _11071_/X
 _11072_/X
 _11073_/X
 _11074_/X
 _11075_/X
 _11076_/X
 _11077_/X
 _11078_/X
 _11079_/Y
 _11080_/X
 _11081_/X
 _11082_/X
 _11083_/X
 _11084_/Y
 _11085_/X
 _11086_/X
 _11087_/Y
 _11088_/Y
 _11089_/X
 _11090_/X
 _11091_/Y
 _11092_/X
 _11093_/X
 _11094_/Y
 _11095_/Y
 _11096_/X
 _11097_/Y
 _11098_/X
 _11099_/X
 _11100_/X
 _11101_/X
 _11102_/X
 _11103_/X
 _11104_/X
 _11105_/X
 _11106_/X
 _11107_/X
 _11108_/X
 _11109_/X
 _11110_/X
 _11111_/Y
 _11112_/Y
 _11113_/Y
 _11114_/Y
 _11115_/X
 _11116_/Y
 _11117_/X
 _11118_/Y
 _11119_/X
 _11120_/Y
 _11121_/X
 _11122_/X
 _11123_/X
 _11124_/X
 _11125_/Y
 _11126_/X
 _11127_/X
 _11128_/Y
 _11129_/X
 _11130_/Y
 _11131_/X
 _11132_/Y
 _11133_/Y
 _11134_/X
 _11135_/X
 _11136_/X
 _11137_/X
 _11138_/X
 _11139_/Y
 _11140_/Y
 _11141_/X
 _11142_/X
 _11143_/Y
 _11144_/Y
 _11145_/Y
 _11146_/X
 _11147_/X
 _11148_/Y
 _11149_/Y
 _11150_/Y
 _11151_/X
 _11152_/X
 _11153_/X
 _11154_/X
 _11155_/X
 _11156_/X
 _11157_/X
 _11158_/X
 _11159_/X
 _11160_/X
 _11161_/X
 _11162_/X
 _11163_/X
 _11164_/Y
 _11165_/X
 _11166_/X
 _11167_/Y
 _11168_/X
 _11169_/X
 _11170_/X
 _11171_/X
 _11172_/X
 _11173_/X
 _11174_/Y
 _11175_/X
 _11176_/X
 _11177_/X
 _11178_/X
 _11179_/X
 _11180_/Y
 _11181_/X
 _11182_/Y
 _11183_/Y
 _11184_/Y
 _11185_/X
 _11186_/X
 _11187_/Y
 _11188_/Y
 _11189_/X
 _11190_/X
 _11191_/X
 _11192_/Y
 _11193_/X
 _11194_/X
 _11195_/X
 _11196_/Y
 _11197_/X
 _11198_/X
 _11199_/X
 _11200_/X
 _11201_/X
 _11202_/X
 _11203_/Y
 _11204_/X
 _11205_/Y
 _11206_/X
 _11207_/X
 _11208_/X
 _11209_/Y
 _11210_/Y
 _11211_/X
 _11212_/Y
 _11213_/X
 _11214_/Y
 _11215_/X
 _11216_/X
 _11217_/X
 _11218_/X
 _11219_/Y
 _11220_/X
 _11221_/X
 _11222_/Y
 _11223_/X
 _11224_/Y
 _11225_/Y
 _11226_/Y
 _11227_/Y
 _11228_/X
 _11229_/X
 _11230_/X
 _11231_/X
 _11232_/X
 _11233_/X
 _11234_/X
 _11235_/X
 _11236_/X
 _11237_/X
 _11238_/X
 _11239_/X
 _11240_/Y
 _11241_/X
 _11242_/X
 _11243_/Y
 _11244_/X
 _11245_/X
 _11246_/Y
 _11247_/X
 _11248_/X
 _11249_/Y
 _11250_/X
 _11251_/X
 _11252_/X
 _11253_/X
 _11254_/X
 _11255_/X
 _11256_/X
 _11257_/X
 _11258_/X
 _11259_/X
 _11260_/X
 _11261_/X
 _11262_/Y
 _11263_/X
 _11264_/Y
 _11265_/X
 _11266_/X
 _11267_/X
 _11268_/X
 _11269_/Y
 _11270_/X
 _11271_/Y
 _11272_/Y
 _11273_/X
 _11274_/Y
 _11275_/Y
 _11276_/X
 _11277_/X
 _11278_/Y
 _11279_/X
 _11280_/X
 _11281_/X
 _11282_/X
 _11283_/X
 _11284_/Y
 _11285_/Y
 _11286_/X
 _11287_/X
 _11288_/X
 _11289_/Y
 _11290_/Y
 _11291_/Y
 _11292_/X
 _11293_/X
 _11294_/X
 _11295_/Y
 _11296_/X
 _11297_/X
 _11298_/Y
 _11299_/X
 _11300_/X
 _11301_/X
 _11302_/X
 _11303_/X
 _11304_/X
 _11305_/X
 _11306_/X
 _11307_/X
 _11308_/X
 _11309_/X
 _11310_/X
 _11311_/X
 _11312_/Y
 _11313_/X
 _11314_/X
 _11315_/X
 _11316_/X
 _11317_/Y
 _11318_/X
 _11319_/X
 _11320_/X
 _11321_/X
 _11322_/X
 _11323_/X
 _11324_/X
 _11325_/X
 _11326_/X
 _11327_/X
 _11328_/X
 _11329_/X
 _11330_/X
 _11331_/Y
 _11332_/X
 _11333_/X
 _11334_/Y
 _11335_/X
 _11336_/Y
 _11337_/X
 _11338_/X
 _11339_/Y
 _11340_/Y
 _11341_/Y
 _11342_/Y
 _11343_/Y
 _11344_/X
 _11345_/X
 _11346_/X
 _11347_/Y
 _11348_/Y
 _11349_/X
 _11350_/X
 _11351_/X
 _11352_/X
 _11353_/X
 _11354_/X
 _11355_/X
 _11356_/X
 _11357_/X
 _11358_/Y
 _11359_/Y
 _11360_/X
 _11361_/X
 _11362_/Y
 _11363_/X
 _11364_/Y
 _11365_/X
 _11366_/X
 _11367_/X
 _11368_/Y
 _11369_/X
 _11370_/X
 _11371_/X
 _11372_/Y
 _11373_/Y
 _11374_/X
 _11375_/X
 _11376_/X
 _11377_/X
 _11378_/X
 _11379_/Y
 _11380_/X
 _11381_/X
 _11382_/X
 _11383_/X
 _11384_/Y
 _11385_/Y
 _11386_/X
 _11387_/X
 _11388_/X
 _11389_/X
 _11390_/X
 _11391_/X
 _11392_/X
 _11393_/X
 _11394_/X
 _11395_/X
 _11396_/X
 _11397_/X
 _11398_/X
 _11399_/X
 _11400_/X
 _11401_/X
 _11402_/X
 _11403_/Y
 _11404_/X
 _11405_/Y
 _11406_/X
 _11407_/Y
 _11408_/Y
 _11409_/X
 _11410_/Y
 _11411_/Y
 _11412_/X
 _11413_/X
 _11414_/Y
 _11415_/X
 _11416_/Y
 _11417_/X
 _11418_/Y
 _11419_/X
 _11420_/X
 _11421_/X
 _11422_/X
 _11423_/X
 _11424_/X
 _11425_/X
 _11426_/Y
 _11427_/Y
 _11428_/Y
 _11429_/Y
 _11430_/X
 _11431_/X
 _11432_/X
 _11433_/Y
 _11434_/Y
 _11435_/X
 _11436_/Y
 _11437_/X
 _11438_/X
 _11439_/X
 _11440_/X
 _11441_/X
 _11442_/X
 _11443_/X
 _11444_/X
 _11445_/Y
 _11446_/X
 _11447_/X
 _11448_/X
 _11449_/X
 _11450_/X
 _11451_/X
 _11452_/X
 _11453_/X
 _11454_/X
 _11455_/Y
 _11456_/Y
 _11457_/X
 _11458_/X
 _11459_/X
 _11460_/Y
 _11461_/X
 _11462_/X
 _11463_/X
 _11464_/X
 _11465_/Y
 _11466_/Y
 _11467_/X
 _11468_/X
 _11469_/Y
 _11470_/X
 _11471_/X
 _11472_/Y
 _11473_/X
 _11474_/X
 _11475_/X
 _11476_/X
 _11477_/X
 _11478_/X
 _11479_/X
 _11480_/X
 _11481_/X
 _11482_/X
 _11483_/X
 _11484_/X
 _11485_/X
 _11486_/X
 _11487_/X
 _11488_/X
 _11489_/X
 _11490_/X
 _11491_/X
 _11492_/Y
 _11493_/X
 _11494_/X
 _11495_/X
 _11496_/Y
 _11497_/Y
 _11498_/Y
 _11499_/X
 _11500_/Y
 _11501_/Y
 _11502_/Y
 _11503_/Y
 _11504_/Y
 _11505_/X
 _11506_/Y
 _11507_/Y
 _11508_/Y
 _11509_/X
 _11510_/Y
 _11511_/X
 _11512_/Y
 _11513_/X
 _11514_/Y
 _11515_/X
 _11516_/X
 _11517_/X
 _11518_/X
 _11519_/X
 _11520_/Y
 _11521_/X
 _11522_/X
 _11523_/X
 _11524_/X
 _11525_/Y
 _11526_/X
 _11527_/X
 _11528_/X
 _11529_/X
 _11530_/X
 _11531_/Y
 _11532_/Y
 _11533_/X
 _11534_/X
 _11535_/X
 _11536_/X
 _11537_/X
 _11538_/X
 _11539_/X
 _11540_/X
 _11541_/X
 _11542_/X
 _11543_/Y
 _11544_/Y
 _11545_/X
 _11546_/X
 _11547_/X
 _11548_/Y
 _11549_/Y
 _11550_/X
 _11551_/X
 _11552_/X
 _11553_/X
 _11554_/Y
 _11555_/X
 _11556_/X
 _11557_/Y
 _11558_/X
 _11559_/X
 _11560_/X
 _11561_/X
 _11562_/Y
 _11563_/Y
 _11564_/Y
 _11565_/X
 _11566_/X
 _11567_/Y
 _11568_/X
 _11569_/Y
 _11570_/Y
 _11571_/X
 _11572_/Y
 _11573_/X
 _11574_/X
 _11575_/X
 _11576_/X
 _11577_/X
 _11578_/X
 _11579_/Y
 _11580_/X
 _11581_/X
 _11582_/X
 _11583_/X
 _11584_/X
 _11585_/X
 _11586_/Y
 _11587_/X
 _11588_/Y
 _11589_/X
 _11590_/X
 _11591_/X
 _11592_/X
 _11593_/X
 _11594_/X
 _11595_/X
 _11596_/X
 _11597_/X
 _11598_/X
 _11599_/X
 _11600_/X
 _11601_/X
 _11602_/Y
 _11603_/X
 _11604_/Y
 _11605_/X
 _11606_/X
 _11607_/X
 _11608_/X
 _11609_/X
 _11610_/X
 _11611_/X
 _11612_/Y
 _11613_/X
 _11614_/Y
 _11615_/X
 _11616_/X
 _11617_/X
 _11618_/X
 _11619_/X
 _11620_/Y
 _11621_/X
 _11622_/Y
 _11623_/X
 _11624_/X
 _11625_/X
 _11626_/X
 _11627_/X
 _11628_/X
 _11629_/X
 _11630_/X
 _11631_/X
 _11632_/X
 _11633_/Y
 _11634_/Y
 _11635_/Y
 _11636_/Y
 _11637_/X
 _11638_/Y
 _11639_/X
 _11640_/X
 _11641_/Y
 _11642_/Y
 _11643_/Y
 _11644_/X
 _11645_/Y
 _11646_/X
 _11647_/Y
 _11648_/X
 _11649_/X
 _11650_/X
 _11651_/X
 _11652_/Y
 _11653_/Y
 _11654_/X
 _11655_/X
 _11656_/X
 _11657_/Y
 _11658_/Y
 _11659_/Y
 _11660_/X
 _11661_/X
 _11662_/X
 _11663_/X
 _11664_/X
 _11665_/X
 _11666_/X
 _11667_/X
 _11668_/X
 _11669_/X
 _11670_/X
 _11671_/X
 _11672_/Y
 _11673_/X
 _11674_/X
 _11675_/X
 _11676_/Y
 _11677_/X
 _11678_/Y
 _11679_/X
 _11680_/Y
 _11681_/Y
 _11682_/Y
 _11683_/Y
 _11684_/Y
 _11685_/X
 _11686_/X
 _11687_/X
 _11688_/Y
 _11689_/Y
 _11690_/X
 _11691_/X
 _11692_/Y
 _11693_/X
 _11694_/X
 _11695_/Y
 _11696_/X
 _11697_/Y
 _11698_/X
 _11699_/X
 _11700_/X
 _11701_/X
 _11702_/X
 _11703_/X
 _11704_/X
 _11705_/Y
 _11706_/Y
 _11707_/X
 _11708_/X
 _11709_/Y
 _11710_/X
 _11711_/X
 _11712_/X
 _11713_/Y
 _11714_/X
 _11715_/X
 _11716_/X
 _11717_/Y
 _11718_/Y
 _11719_/Y
 _11720_/X
 _11721_/X
 _11722_/Y
 _11723_/X
 _11724_/X
 _11725_/X
 _11726_/X
 _11727_/X
 _11728_/X
 _11729_/Y
 _11730_/X
 _11731_/X
 _11732_/X
 _11733_/X
 _11734_/X
 _11735_/X
 _11736_/X
 _11737_/X
 _11738_/X
 _11739_/Y
 _11740_/Y
 _11741_/X
 _11742_/X
 _11743_/Y
 _11744_/Y
 _11745_/X
 _11746_/Y
 _11747_/X
 _11748_/X
 _11749_/Y
 _11750_/Y
 _11751_/X
 _11752_/X
 _11753_/X
 _11754_/X
 _11755_/X
 _11756_/X
 _11757_/X
 _11758_/X
 _11759_/X
 _11760_/X
 _11761_/Y
 _11762_/Y
 _11763_/Y
 _11764_/X
 _11765_/X
 _11766_/X
 _11767_/X
 _11768_/Y
 _11769_/X
 _11770_/X
 _11771_/X
 _11772_/X
 _11773_/Y
 _11774_/X
 _11775_/X
 _11776_/X
 _11777_/Y
 _11778_/Y
 _11779_/X
 _11780_/X
 _11781_/X
 _11782_/X
 _11783_/Y
 _11784_/X
 _11785_/X
 _11786_/X
 _11787_/X
 _11788_/Y
 _11789_/Y
 _11790_/X
 _11791_/X
 _11792_/Y
 _11793_/X
 _11794_/Y
 _11795_/X
 _11796_/X
 _11797_/Y
 _11798_/Y
 _11799_/Y
 _11800_/X
 _11801_/X
 _11802_/X
 _11803_/X
 _11804_/Y
 _11805_/Y
 _11806_/X
 _11807_/Y
 _11808_/X
 _11809_/X
 _11810_/X
 _11811_/X
 _11812_/Y
 _11813_/X
 _11814_/X
 _11815_/X
 _11816_/X
 _11817_/X
 _11818_/X
 _11819_/X
 _11820_/X
 _11821_/X
 _11822_/Y
 _11823_/X
 _11824_/X
 _11825_/X
 _11826_/X
 _11827_/Y
 _11828_/Y
 _11829_/Y
 _11830_/X
 _11831_/Y
 _11832_/X
 _11833_/X
 _11834_/X
 _11835_/Y
 _11836_/Y
 _11837_/X
 _11838_/X
 _11839_/X
 _11840_/Y
 _11841_/X
 _11842_/Y
 _11843_/X
 _11844_/X
 _11845_/X
 _11846_/X
 _11847_/X
 _11848_/X
 _11849_/Y
 _11850_/Y
 _11851_/Y
 _11852_/X
 _11853_/X
 _11854_/X
 _11855_/X
 _11856_/X
 _11857_/X
 _11858_/Y
 _11859_/X
 _11860_/Y
 _11861_/X
 _11862_/X
 _11863_/X
 _11864_/X
 _11865_/X
 _11866_/X
 _11867_/X
 _11868_/X
 _11869_/X
 _11870_/Y
 _11871_/Y
 _11872_/Y
 _11873_/X
 _11874_/X
 _11875_/Y
 _11876_/X
 _11877_/X
 _11878_/X
 _11879_/X
 _11880_/X
 _11881_/X
 _11882_/X
 _11883_/X
 _11884_/X
 _11885_/X
 _11886_/X
 _11887_/Y
 _11888_/X
 _11889_/Y
 _11890_/X
 _11891_/X
 _11892_/X
 _11893_/X
 _11894_/X
 _11895_/X
 _11896_/Y
 _11897_/X
 _11898_/Y
 _11899_/X
 _11900_/X
 _11901_/Y
 _11902_/X
 _11903_/X
 _11904_/Y
 _11905_/X
 _11906_/X
 _11907_/X
 _11908_/X
 _11909_/X
 _11910_/X
 _11911_/X
 _11912_/X
 _11913_/X
 _11914_/Y
 _11915_/X
 _11916_/X
 _11917_/X
 _11918_/Y
 _11919_/X
 _11920_/X
 _11921_/Y
 _11922_/X
 _11923_/X
 _11924_/X
 _11925_/Y
 _11926_/X
 _11927_/Y
 _11928_/X
 _11929_/X
 _11930_/X
 _11931_/X
 _11932_/Y
 _11933_/X
 _11934_/X
 _11935_/X
 _11936_/Y
 _11937_/X
 _11938_/X
 _11939_/X
 _11940_/X
 _11941_/X
 _11942_/X
 _11943_/X
 _11944_/X
 _11945_/X
 _11946_/X
 _11947_/X
 _11948_/X
 _11949_/Y
 _11950_/Y
 _11951_/X
 _11952_/Y
 _11953_/Y
 _11954_/X
 _11955_/X
 _11956_/X
 _11957_/X
 _11958_/Y
 _11959_/X
 _11960_/Y
 _11961_/Y
 _11962_/Y
 _11963_/Y
 _11964_/X
 _11965_/X
 _11966_/X
 _11967_/X
 _11968_/X
 _11969_/X
 _11970_/Y
 _11971_/Y
 _11972_/Y
 _11973_/X
 _11974_/X
 _11975_/X
 _11976_/X
 _11977_/X
 _11978_/X
 _11979_/X
 _11980_/X
 _11981_/X
 _11982_/Y
 _11983_/X
 _11984_/X
 _11985_/Y
 _11986_/X
 _11987_/Y
 _11988_/X
 _11989_/X
 _11990_/Y
 _11991_/X
 _11992_/X
 _11993_/Y
 _11994_/Y
 _11995_/X
 _11996_/X
 _11997_/X
 _11998_/X
 _11999_/X
 _12000_/Y
 _12001_/X
 _12002_/X
 _12003_/X
 _12004_/X
 _12005_/Y
 _12006_/Y
 _12007_/Y
 _12008_/Y
 _12009_/Y
 _12010_/Y
 _12011_/Y
 _12012_/Y
 _12013_/Y
 _12014_/Y
 _12015_/X
 _12016_/Y
 _12017_/Y
 _12018_/Y
 _12019_/Y
 _12020_/Y
 _12021_/Y
 _12022_/Y
 _12023_/Y
 _12024_/Y
 _12025_/Y
 _12026_/X
 _12027_/Y
 _12028_/Y
 _12029_/Y
 _12030_/Y
 _12031_/Y
 _12032_/Y
 _12033_/Y
 _12034_/Y
 _12035_/Y
 _12036_/Y
 _12037_/Y
 _12038_/Q
 _12039_/Q
 _12040_/Q
 _12041_/Q
 _12042_/Q
 _12043_/Q
 _12044_/Q
 _12045_/Q
 _12046_/Q
 _12047_/Q
 _12048_/Q
 _12049_/Q
 _12050_/Q
 _12051_/Q
 _12052_/Q
 _12053_/Q
 _12054_/Q
 _12055_/Q
 _12056_/Q
 _12057_/Q
 _12058_/Q
 _12059_/Q
 _12060_/Q
 _12061_/Q
 _12062_/Q
 _12063_/Q
 _12064_/Q
 _12065_/Q
 _12066_/Q
 _12067_/Q
 _12068_/Q
 _12069_/Q
 _12070_/Q
 _12071_/Q
 _12072_/Q
 _12073_/Q
 _12074_/Q
 _12075_/Q
 _12076_/Q
 _12077_/Q
 _12078_/Q
 _12079_/Q
 _12080_/Q
 _12081_/Q
 _12082_/Q
 _12083_/Q
 _12084_/Q
 _12085_/Q
 _12086_/Q
 _12087_/Q
 _12088_/Q
 _12089_/Q
 _12090_/Q
 _12091_/Q
 _12092_/Q
 _12093_/Q
 _12094_/Q
 _12095_/Q
 _12096_/Q
 _12097_/Q
 _12098_/Q
 _12099_/Q
 _12100_/Q
 _12101_/Q
 _12102_/Q
 _12103_/Q
 _12104_/Q
 _12105_/Q
 _12106_/Q
 _12107_/Q
 _12108_/Q
 _12109_/Q
 _12110_/Q
 _12111_/Q
 _12112_/Q
 _12113_/Q
 _12114_/Q
 _12115_/Q
 _12116_/Q
 _12117_/Q
 _12118_/Q
 _12119_/Q
 _12120_/Q
 _12121_/Q
 _12122_/Q
 _12123_/Q
 _12124_/Q
 _12125_/Q
 _12126_/Q
 _12127_/Q
 _12128_/Q
 _12129_/Q
 _12130_/Q
 _12131_/Q
 _12132_/Q
 _12133_/Q
 _12134_/Q
 _12135_/Q
 _12136_/Q
 _12137_/Q
 _12138_/Q
 _12139_/Q
 _12140_/Q
 _12141_/Q
 _12142_/Q
 _12143_/Q
 _12144_/Q
 _12145_/Q
 _12146_/Q
 _12147_/Q
 _12148_/Q
 _12149_/Q
 _12150_/Q
 _12151_/Q
 _12152_/Q
 _12153_/Q
 _12154_/Q
 _12155_/Q
 _12156_/Q
 _12157_/Q
 _12158_/Q
 _12159_/Q
 _12160_/Q
 _12161_/Q
 _12162_/Q
 _12163_/Q
 _12164_/Q
 _12165_/Q
 _12166_/Q
 _12167_/Q
 _12168_/Q
 _12169_/Q
 _12170_/Q
 _12171_/Q
 _12172_/Q
 _12173_/Q
 _12174_/Q
 _12175_/Q
 _12176_/Q
 _12177_/Q
 _12178_/Q
 _12179_/Q
 _12180_/Q
 _12181_/Q
 _12182_/Q
 _12183_/Q
 _12184_/Q
 _12185_/Q
 _12186_/Q
 _12187_/Q
 _12188_/Q
 _12189_/Q
 _12190_/Q
 _12191_/Q
 _12192_/Q
 _12193_/Q
 _12194_/Q
 _12195_/Q
 _12196_/Q
 _12197_/Q
 _12198_/Q
 _12199_/Q
 _12200_/Q
 _12201_/Q
 _12202_/Q
 _12203_/Q
 _12204_/Q
 _12205_/Q
 _12206_/Q
 _12207_/Q
 _12208_/Q
 _12209_/Q
 _12210_/Q
 _12211_/Q
 _12212_/Q
 _12213_/Q
 _12214_/Q
 _12215_/Q
 _12216_/Q
 _12217_/Q
 _12218_/Q
 _12219_/Q
 _12220_/Q
 _12221_/Q
 _12222_/Q
 _12223_/Q
 _12224_/Q
 _12225_/Q
 _12226_/Q
 _12227_/Q
 _12228_/Q
 _12229_/Q
 _12230_/Q
 _12231_/Q
 _12232_/Q
 _12233_/Q
 _12234_/Q
 _12235_/Q
 _12236_/Q
 _12237_/Q
 _12238_/Q
 _12239_/Q
 _12240_/Q
 _12241_/Q
 _12242_/Q
 _12243_/Q
 _12244_/Q
 _12245_/Q
 _12246_/Q
 _12247_/Q
 _12248_/Q
 _12249_/Q
 _12250_/Q
 _12251_/Q
 _12252_/Q
 _12253_/Q
 _12254_/Q
 _12255_/Q
 _12256_/Q
 _12257_/Q
 _12258_/Q
 _12259_/Q
 _12260_/Q
 _12261_/Q
 _12262_/Q
 _12263_/Q
 _12264_/Q
 _12265_/Q
 _12266_/Q
 _12267_/Q
 _12268_/Q
 _12269_/Q
 _12270_/Q
 _12271_/Q
 _12272_/Q
 _12273_/Q
 _12274_/Q
 _12275_/Q
 _12276_/Q
 _12277_/Q
 _12278_/Q
 _12279_/Q
 _12280_/Q
 _12281_/Q
 _12282_/Q
 _12283_/Q
 _12284_/Q
 _12285_/Q
 _12286_/Q
 _12287_/Q
 _12288_/Q
 _12289_/Q
 _12290_/Q
 _12291_/Q
 _12292_/Q
 _12293_/Q
 _12294_/Q
 _12295_/Q
 _12296_/Q
 _12297_/Q
 _12298_/Q
 _12299_/Q
 _12300_/Q
 _12301_/Q
 _12302_/Q
 _12303_/Q
 _12304_/Q
 _12305_/Q
 _12306_/Q
 _12307_/Q
 _12308_/Q
 _12309_/Q
 _12310_/Q
 _12311_/Q
 _12312_/Q
 _12313_/Q
 _12314_/Q
 _12315_/Q
 _12316_/Q
 _12317_/Q
 _12318_/Q
 _12319_/Q
 _12320_/Q
 _12321_/Q
 _12322_/Q
 _12323_/Q
 _12324_/Q
 _12325_/Q
 _12326_/Q
 _12327_/Q
 _12328_/Q
 _12329_/Q
 _12330_/Q
 _12331_/Q
 _12332_/Q
 _12333_/Q
 _12334_/Q
 _12335_/Q
 _12336_/Q
 _12337_/Q
 _12338_/Q
 _12339_/Q
 _12340_/Q
 _12341_/Q
 _12342_/Q
 _12343_/Q
 _12344_/Q
 _12345_/Q
 _12346_/Q
 _12347_/Q
 _12348_/Q
 _12349_/Q
 _12350_/Q
 _12351_/Q
 _12352_/Q
 _12353_/Q
 _12354_/Q
 _12355_/Q
 _12356_/Q
 _12357_/Q
 _12358_/Q
 _12359_/Q
 _12360_/Q
 _12361_/Q
 _12362_/Q
 _12363_/Q
 _12364_/Q
 _12365_/Q
 _12366_/Q
 _12367_/Q
 _12368_/Q
 _12369_/Q
 _12370_/Q
 _12371_/Q
 _12372_/Q
 _12373_/Q
 _12374_/Q
 _12375_/Q
 _12376_/Q
 _12377_/Q
 _12378_/Q
 _12379_/Q
 _12380_/Q
 _12381_/Q
 _12382_/Q
 _12383_/Q
 _12384_/Q
 _12385_/Q
 _12386_/Q
 _12387_/Q
 _12388_/Q
 _12389_/Q
 _12390_/Q
 _12391_/Q
 _12392_/Q
 _12393_/Q
 _12394_/Q
 _12395_/Q
 _12396_/Q
 _12397_/Q
 _12398_/Q
 _12399_/Q
 _12400_/Q
 _12401_/Q
 _12402_/Q
 _12403_/Q
 _12404_/Q
 _12405_/Q
 _12406_/Q
 _12407_/Q
 _12408_/Q
 _12409_/Q
 _12410_/Q
 _12411_/Q
 _12412_/Q
 _12413_/Q
 _12414_/Q
 _12415_/Q
 _12416_/Q
 _12417_/Q
 _12418_/Q
 _12419_/Q
 _12420_/Q
 _12421_/Q
 _12422_/Q
 _12423_/Q
 _12424_/Q
 _12425_/Q
 _12426_/Q
 _12427_/Q
 _12428_/Q
 _12429_/Q
 _12430_/Q
 _12431_/Q
 _12432_/Q
 _12433_/Q
 _12434_/Q
 _12435_/Q
 _12436_/Q
 _12437_/Q
 _12438_/Q
 _12439_/Q
 _12440_/Q
 _12441_/Q
 _12442_/Q
 _12443_/Q
 _12444_/Q
 _12445_/Q
 _12446_/Q
 _12447_/Q
 _12448_/Q
 _12449_/Q
 _12450_/Q
 _12451_/Q
 _12452_/Q
 _12453_/Q
 _12454_/Q
 _12455_/Q
 _12456_/Q
 _12457_/Q
 _12458_/Q
 _12459_/Q
 _12460_/Q
 _12461_/Q
 _12462_/Q
 _12463_/Q
 _12464_/Q
 _12465_/Q
 _12466_/Q
 _12467_/Q
 _12468_/Q
 _12469_/Q
 _12470_/Q
 _12471_/Q
 _12472_/Q
 _12473_/Q
 _12474_/Q
 _12475_/Q
 _12476_/Q
 _12477_/Q
 _12478_/Q
 _12479_/Q
 _12480_/Q
 _12481_/Q
 _12482_/Q
 _12483_/Q
 _12484_/Q
 _12485_/Q
 _12486_/Q
 _12487_/Q
 _12488_/Q
 _12489_/Q
 _12490_/Q
 _12491_/Q
 _12492_/Q
 _12493_/Q
 _12494_/Q
 _12495_/Q
 _12496_/Q
 _12497_/Q
 _12498_/Q
 _12499_/Q
 _12500_/Q
 _12501_/Q
 _12502_/Q
 _12503_/Q
 _12504_/Q
 _12505_/Q
 _12506_/Q
 _12507_/Q
 _12508_/Q
 _12509_/Q
 _12510_/Q
 _12511_/Q
 _12512_/Q
 _12513_/Q
 _12514_/Q
 _12515_/Q
 _12516_/Q
 _12517_/Q
 _12518_/Q
 _12519_/Q
 _12520_/Q
 _12521_/Q
 _12522_/Q
 _12523_/Q
 _12524_/Q
 _12525_/Q
 _12526_/Q
 _12527_/Q
 _12528_/Q
 _12529_/Q
 _12530_/Q
 _12531_/Q
 _12532_/Q
 _12533_/Q
 _12534_/Q
 _12535_/Q
 _12536_/Q
 _12537_/Q
 _12538_/Q
 _12539_/Q
 _12540_/Q
 _12541_/Q
 _12542_/Q
 _12543_/Q
 _12544_/Q
 _12545_/Q
 _12546_/Q
 _12547_/Q
 _12548_/Q
 _12549_/Q
 _12550_/Q
 _12551_/Q
 _12552_/Q
 _12553_/Q
 _12554_/Q
 _12555_/Q
 _12556_/Q
 _12557_/Q
 _12558_/Q
 _12559_/Q
 _12560_/Q
 _12561_/Q
 _12562_/Q
 _12563_/Q
 _12564_/Q
 _12565_/Q
 _12566_/Q
 _12567_/Q
 _12568_/Q
 _12569_/Q
 _12570_/Q
 _12571_/Q
 _12572_/Q
 _12573_/Q
 _12574_/Q
 _12575_/Q
 _12576_/Q
 _12577_/Q
 _12578_/Q
 _12579_/Q
 _12580_/Q
 _12581_/Q
 _12582_/Q
 _12583_/Q
 _12584_/Q
 _12585_/Q
 _12586_/Q
 _12587_/Q
 _12588_/Q
 _12589_/Q
 _12590_/Q
 _12591_/Q
 _12592_/Q
 _12593_/Q
 _12594_/Q
 _12595_/Q
 _12596_/Q
 _12597_/Q
 _12598_/Q
 _12599_/Q
 _12600_/Q
 _12601_/Q
 _12602_/Q
 _12603_/Q
 _12604_/Q
 _12605_/Q
 _12606_/Q
 _12607_/Q
 _12608_/Q
 _12609_/Q
 _12610_/Q
 _12611_/Q
 _12612_/Q
 _12613_/Q
 _12614_/Q
 _12615_/Q
 _12616_/Q
 _12617_/Q
 _12618_/Q
 _12619_/Q
 _12620_/Q
 _12621_/Q
 _12622_/Q
 _12623_/Q
 _12624_/Q
 _12625_/Q
 _12626_/Q
 _12627_/Q
 _12628_/Q
 _12629_/Q
 _12630_/Q
 _12631_/Q
 _12632_/Q
 _12633_/Q
 _12634_/Q
 _12635_/Q
 _12636_/Q
 _12637_/Q
 _12638_/Q
 _12639_/Q
 _12640_/Q
 _12641_/Q
 _12642_/Q
 _12643_/Q
 _12644_/Q
 _12645_/Q
 _12646_/Q
 _12647_/Q
 _12648_/Q
 _12649_/Q
 _12650_/Q
 _12651_/Q
 _12652_/Q
 _12653_/Q
 _12654_/Q
 _12655_/Q
 _12656_/Q
 _12657_/Q
 _12658_/Q
 _12659_/Q
 _12660_/Q
 _12661_/Q
 _12662_/Q
 _12663_/Q
 _12664_/Q
 _12665_/Q
 _12666_/Q
 _12667_/Q
 _12668_/Q
 _12669_/Q
 _12670_/Q
 _12671_/Q
 _12672_/Q
 _12673_/Q
 _12674_/Q
 _12675_/Q
 _12676_/Q
 _12677_/Q
 _12678_/Q
 _12679_/Q
 _12680_/Q
 _12681_/Q
 _12682_/Q
 _12683_/Q
 _12684_/Q
 _12685_/Q
 _12686_/Q
 _12687_/Q
 _12688_/Q
 _12689_/Q
 _12690_/Q
 _12691_/Q
 _12692_/Q
 _12693_/Q
 _12694_/Q
 _12695_/Q
 _12696_/Q
 _12697_/Q
 _12698_/Q
 _12699_/Q
 _12700_/Q
 _12701_/Q
 _12702_/Q
 _12703_/Q
 _12704_/Q
 _12705_/Q
 _12706_/Q
 _12707_/Q
 _12708_/Q
 _12709_/Q
 _12710_/Q
 _12711_/Q
 _12712_/Q
 _12713_/Q
 _12714_/Q
 _12715_/Q
 _12716_/Q
 _12717_/Q
 _12718_/Q
 _12719_/Q
 _12720_/Q
 _12721_/Q
 _12722_/Q
 _12723_/Q
 _12724_/Q
 _12725_/Q
 _12726_/Q
 _12727_/Q
 _12728_/Q
 _12729_/Q
 _12730_/Q
 _12731_/Q
 _12732_/Q
 _12733_/Q
 _12734_/Q
 _12735_/Q
 _12736_/Q
 _12737_/Q
 _12738_/Q
 _12739_/Q
 _12740_/Q
 _12741_/Q
 _12742_/Q
 _12743_/Q
 _12744_/Q
 _12745_/Q
 _12746_/Q
 _12747_/Q
 _12748_/Q
 _12749_/Q
 _12750_/Q
 _12751_/Q
 _12752_/Q
 _12753_/Q
 _12754_/Q
 _12755_/Q
 _12756_/Q
 _12757_/Q
 _12758_/Q
 _12759_/Q
 _12760_/Q
 _12761_/Q
 _12762_/Q
 _12763_/Q
 _12764_/Q
 _12765_/Q
 _12766_/Q
 _12767_/Q
 _12768_/Q
 _12769_/Q
 _12770_/Q
 _12771_/Q
 _12772_/Q
 _12773_/Q
 _12774_/Q
 _12775_/Q
 _12776_/Q
 _12777_/Q
 _12778_/Q
 _12779_/Q
 _12780_/Q
 _12781_/Q
 _12782_/Q
 _12783_/Q
 _12784_/Q
 _12785_/Q
 _12786_/Q
 _12787_/Q
 _12788_/Q
 _12789_/Q
 _12790_/Q
 _12791_/Q
 _12792_/Q
 _12793_/Q
 _12794_/Q
 _12795_/Q
 _12796_/Q
 _12797_/Q
 _12798_/Q
 _12799_/Q
 _12800_/Q
 _12801_/Q
 _12802_/Q
 _12803_/Q
 _12804_/Q
 _12805_/Q
 _12806_/Q
 _12807_/Q
 _12808_/Q
 _12809_/Q
 _12810_/Q
 _12811_/Q
 _12812_/Q
 _12813_/Q
 _12814_/Q
 _12815_/Q
 _12816_/Q
 _12817_/Q
 _12818_/Q
 _12819_/Q
 _12820_/Q
 _12821_/Q
 _12822_/Q
 _12823_/Q
 _12824_/Q
 _12825_/Q
 _12826_/Q
 _12827_/Q
 _12828_/Q
 _12829_/Q
 _12830_/Q
 _12831_/Q
 _12832_/Q
 _12833_/Q
 _12834_/Q
 _12835_/Q
 _12836_/Q
 _12837_/Q
 _12838_/Q
 _12839_/Q
 _12840_/Q
 _12841_/Q
 _12842_/Q
 _12843_/Q
 _12844_/Q
 _12845_/Q
 _12846_/Q
 _12847_/Q
 _12848_/Q
 _12849_/Q
 _12850_/Q
 _12851_/Q
 _12852_/Q
 _12853_/Q
 _12854_/Q
 _12855_/Q
 _12856_/Q
 _12857_/Q
 _12858_/Q
 _12859_/Q
 _12860_/Q
 _12861_/Q
 _12862_/Q
 _12863_/Q
 _12864_/Q
 _12865_/Q
 _12866_/Q
 _12867_/Q
 _12868_/Q
 _12869_/Q
 _12870_/Q
 _12871_/Q
 _12872_/Q
 _12873_/Q
 _12874_/Q
 _12875_/Q
 _12876_/Q
 _12877_/Q
 _12878_/Q
 _12879_/Q
 _12880_/Q
 _12881_/Q
 _12882_/Q
 _12883_/Q
 _12884_/Q
 _12885_/Q
 _12886_/Q
 _12887_/Q
 _12888_/Q
 _12889_/Q
 _12890_/Q
 _12891_/Q
 _12892_/Q
 _12893_/Q
 _12894_/Q
 _12895_/Q
 _12896_/Q
 _12897_/Q
 _12898_/Q
 _12899_/Q
 _12900_/Q
 _12901_/Q
 _12902_/Q
 _12903_/Q
 _12904_/Q
 _12905_/Q
 _12906_/Q
 _12907_/Q
 _12908_/Q
 _12909_/Q
 _12910_/Q
 _12911_/Q
 _12912_/Q
 _12913_/Q
 _12914_/Q
 _12915_/Q
 _12916_/Q
 _12917_/Q
 _12918_/Q
 _12919_/Q
 _12920_/Q
 _12921_/Q
 _12922_/Q
 _12923_/Q
 _12924_/Q
 _12925_/Q
 _12926_/Q
 _12927_/Q
 _12928_/Q
 _12929_/Q
 _12930_/Q
 _12931_/Q
 _12932_/Q
 _12933_/Q
 _12934_/Q
 _12935_/Q
 _12936_/Q
 _12937_/Q
 _12938_/Q
 _12939_/Q
 _12940_/Q
 _12941_/Q
 _12942_/Q
 _12943_/Q
 _12944_/Q
 _12945_/Q
 _12946_/Q
 _12947_/Q
 _12948_/Q
 _12949_/Q
 _12950_/Q
 _12951_/Q
 _12952_/Q
 _12953_/Q
 _12954_/Q
 _12955_/Q
 _12956_/Q
 _12957_/Q
 _12958_/Q
 _12959_/Q
 _12960_/Q
 _12961_/Q
 _12962_/Q
 _12963_/Q
 _12964_/Q
 _12965_/Q
 _12966_/Q
 _12967_/Q
 _12968_/Q
 _12969_/Q
 _12970_/Q
 _12971_/Q
 _12972_/Q
 _12973_/Q
 _12974_/Q
 _12975_/Q
 _12976_/Q
 _12977_/Q
 _12978_/Q
 _12979_/Q
 _12980_/Q
 _12981_/Q
 _12982_/Q
 _12983_/Q
 _12984_/Q
 _12985_/Q
 _12986_/Q
 _12987_/Q
 _12988_/Q
 _12989_/Q
 _12990_/Q
 _12991_/Q
 _12992_/Q
 _12993_/Q
 _12994_/Q
 _12995_/Q
 _12996_/Q
 _12997_/Q
 _12998_/Q
 _12999_/Q
 _13000_/Q
 _13001_/Q
 _13002_/Q
 _13003_/Q
 _13004_/Q
 _13005_/Q
 _13006_/Q
 _13007_/Q
 _13008_/Q
 _13009_/Q
 _13010_/Q
 _13011_/Q
 _13012_/Q
 _13013_/Q
 _13014_/Q
 _13015_/Q
 _13016_/Q
 _13017_/Q
 _13018_/Q
 _13019_/Q
 _13020_/Q
 _13021_/Q
 _13022_/Q
 _13023_/Q
 _13024_/Q
 _13025_/Q
 _13026_/Q
 _13027_/Q
 _13028_/Q
 _13029_/Q
 _13030_/Q
 _13031_/Q
 _13032_/Q
 _13033_/Q
 _13034_/Q
 _13035_/Q
 _13036_/Q
 _13037_/Q
 _13038_/Q
 _13039_/Q
 _13040_/Q
 _13041_/Q
 _13042_/Q
 _13043_/Q
 _13044_/Q
 _13045_/Q
 _13046_/Q
 _13047_/Q
 _13048_/Q
 _13049_/Q
 _13050_/Q
 _13051_/Q
 _13052_/Q
 _13053_/Q
 _13054_/Q
 _13055_/Q
 _13056_/Q
 _13057_/Q
 _13058_/Q
 _13059_/Q
 _13060_/Q
 _13061_/Q
 _13062_/Q
 _13063_/Q
 _13064_/Q
 _13065_/Q
 _13066_/Q
 _13067_/Q
 _13068_/Q
 _13069_/Q
 _13070_/Q
 _13071_/Q
 _13072_/Q
 _13073_/Q
 _13074_/Q
 _13075_/Q
 _13076_/Q
 _13077_/Q
 _13078_/Q
 _13079_/Q
 _13080_/Q
 _13081_/Q
 _13082_/Q
 _13083_/Q
 _13084_/Q
 _13085_/Q
 _13086_/Q
 _13087_/Q
 _13088_/Q
 _13089_/Q
 _13090_/Q
 _13091_/Q
 _13092_/Q
 _13093_/Q
 _13094_/Q
 _13095_/Q
 _13096_/Q
 _13097_/Q
 _13098_/Q
 _13099_/Q
 _13100_/Q
 _13101_/Q
 _13102_/Q
 _13103_/Q
 _13104_/Q
 _13105_/Q
 _13106_/Q
 _13107_/Q
 _13108_/Q
 _13109_/Q
 _13110_/Q
 _13111_/Q
 _13112_/Q
 _13113_/Q
 _13114_/Q
 _13115_/Q
 _13116_/Q
 _13117_/Q
 _13118_/Q
 _13119_/Q
 _13120_/Q
 _13121_/Q
 _13122_/Q
 _13123_/Q
 _13124_/Q
 _13125_/Q
 _13126_/Q
 _13127_/Q
 _13128_/Q
 _13129_/Q
 _13130_/Q
 _13131_/Q
 _13132_/Q
 _13133_/Q
 _13134_/Q
 _13135_/Q
 _13136_/Q
 _13137_/Q
 _13138_/Q
 _13139_/Q
 _13140_/Q
 _13141_/Q
 _13142_/Q
 _13143_/Q
 _13144_/Q
 _13145_/Q
 _13146_/Q
 _13147_/Q
 _13148_/Q
 _13149_/Q
 _13150_/Q
 _13151_/Q
 _13152_/Q
 _13153_/Q
 _13154_/Q
 _13155_/Q
 _13156_/Q
 _13157_/Q
 _13158_/Q
 _13159_/Q
 _13160_/Q
 _13161_/Q
 _13162_/Q
 _13163_/Q
 _13164_/Q
 _13165_/Q
 _13166_/Q
 _13167_/Q
 _13168_/Q
 _13169_/Q
 _13170_/Q
 _13171_/Q
 _13172_/Q
 _13173_/Q
 _13174_/Q
 _13175_/Q
 _13176_/Q
 _13177_/Q
 _13178_/Q
 _13179_/Q
 _13180_/Q
 _13181_/Q
 _13182_/Q
 _13183_/Q
 _13184_/Q
 _13185_/Q
 _13186_/Q
 _13187_/Q
 _13188_/Q
 _13189_/Q
 _13190_/Q
 _13191_/Q
 _13192_/Q
 _13193_/Q
 _13194_/Q
 _13195_/Q
 _13196_/Q
 _13197_/Q
 _13198_/Q
 _13199_/Q
 _13200_/Q
 _13201_/Q
 _13202_/Q
 _13203_/Q
 _13204_/Q
 _13205_/Q
 _13206_/Q
 _13207_/Q
 _13208_/Q
 _13209_/Q
 _13210_/Q
 _13211_/Q
 _13212_/Q
 _13213_/Q
 _13214_/Q
 _13215_/Q
 _13216_/Q
 _13217_/Q
 _13218_/Q
 _13219_/Q
 _13220_/Q
 _13221_/Q
 _13222_/Q
 _13223_/Q
 _13224_/Q
 _13225_/Q
 _13226_/Q
 _13227_/Q
 _13228_/Q
 _13229_/Q
 _13230_/Q
 _13231_/Q
 _13232_/Q
 _13233_/Q
 _13234_/Q
 _13235_/Q
 _13236_/Q
 _13237_/Q
 _13238_/Q
 _13239_/Q
 _13240_/Q
 _13241_/Q
 _13242_/Q
 _13243_/Q
 _13244_/Q
 _13245_/Q
 _13246_/Q
 _13247_/Q
 _13248_/Q
 _13249_/Q
 _13250_/Q
 _13251_/Q
 _13252_/Q
 _13253_/Q
 _13254_/Q
 _13255_/Q
 _13256_/Q
 _13257_/Q
 _13258_/Q
 _13259_/Q
 _13260_/Q
 _13261_/Q
 _13262_/Q
 _13263_/Q
 _13264_/Q
 _13265_/Q
 _13266_/Q
 _13267_/Q
 _13268_/Q
 _13269_/Q
 _13270_/Q
 _13271_/Q
 _13272_/Q
 _13273_/Q
 _13274_/Q
 _13275_/Q
 _13276_/Q
 _13277_/Q
 _13278_/Q
 _13279_/Q
 _13280_/Q
 _13281_/Q
 _13282_/Q
 _13283_/Q
 _13284_/Q
 _13285_/Q
 _13286_/Q
 _13287_/Q
 _13288_/Q
 _13289_/Q
 _13290_/Q
 _13291_/Q
 _13292_/Q
 _13293_/Q
 _13294_/Q
 _13295_/Q
 _13296_/Q
 _13297_/Q
 _13298_/Q
 _13299_/Q
 _13300_/Q
 _13301_/Q
 _13302_/Q
 _13303_/Q
 _13304_/Q
 _13305_/Q
 _13306_/Q
 _13307_/Q
 _13308_/Q
 _13309_/Q
 _13310_/Q
 _13311_/Q
 _13312_/Q
 _13313_/Q
 _13314_/Q
 _13315_/Q
 _13316_/Q
 _13317_/Q
 _13318_/Q
 _13319_/Q
 _13320_/Q
 _13321_/Q
 _13322_/Q
 _13323_/Q
 _13324_/Q
 _13325_/Q
 _13326_/Q
 _13327_/Q
 _13328_/Q
 _13329_/Q
 _13330_/Q
 _13331_/Q
 _13332_/Q
 _13333_/Q
 _13334_/Q
 _13335_/Q
 _13336_/Q
 _13337_/Q
 _13338_/Q
 _13339_/Q
 _13340_/Q
 _13341_/Q
 _13342_/Q
 _13343_/Q
 _13344_/Q
 _13345_/Q
 _13346_/Q
 _13347_/Q
 _13348_/Q
 _13349_/Q
 _13350_/Q
 _13351_/Q
 _13352_/Q
 _13353_/Q
 _13354_/Q
 _13355_/Q
 _13356_/Q
 _13357_/Q
 _13358_/Q
 _13359_/Q
 _13360_/Q
 _13361_/Q
 _13362_/Q
 _13363_/Q
 _13364_/Q
 _13365_/Q
 _13366_/Q
 _13367_/Q
 _13368_/Q
 _13369_/Q
 _13370_/Q
 _13371_/Q
 _13372_/Q
 _13373_/Q
 _13374_/Q
 _13375_/Q
 _13376_/Q
 _13377_/Q
 _13378_/Q
 _13379_/Q
 _13380_/Q
 _13381_/Q
 _13382_/Q
 _13383_/Q
 _13384_/Q
 _13385_/Q
 _13386_/Q
 _13387_/Q
 _13388_/Q
 _13389_/Q
 _13390_/Q
 _13391_/Q
 _13392_/Q
 _13393_/Q
 _13394_/Q
 _13395_/Q
 _13396_/Q
 _13397_/Q
 _13398_/Q
 _13399_/Q
 _13400_/Q
 _13401_/Q
 _13402_/Q
 _13403_/Q
 _13404_/Q
 _13405_/Q
 _13406_/Q
 _13407_/Q
 _13408_/Q
 _13409_/Q
 _13410_/Q
 _13411_/Q
 _13412_/Q
 _13413_/Q
 _13414_/Q
 _13415_/Q
 _13416_/Q
 _13417_/Q
 _13418_/Q
 _13419_/Q
 _13420_/Q
 _13421_/Q
 _13422_/Q
 _13423_/Q
 _13424_/Q
 _13425_/Q
 _13426_/Q
 _13427_/Q
 _13428_/Q
 _13429_/Q
 _13430_/Q
 _13431_/Q
 _13432_/Q
 _13433_/Q
 _13434_/Q
 _13435_/Q
 _13436_/Q
 _13437_/Q
 _13438_/Q
 _13439_/Q
 _13440_/Q
 _13441_/Q
 _13442_/Q
 _13443_/Q
 _13444_/Q
 _13445_/Q
 _13446_/Q
 _13447_/Q
 _13448_/Q
 _13449_/Q
 _13450_/Q
 _13451_/Q
 _13452_/Q
 _13453_/Q
 _13454_/Q
 _13455_/Q
 _13456_/Q
 _13457_/Q
 _13458_/Q
 _13459_/Q
 _13460_/Q
 _13461_/Q
 _13462_/Q
 _13463_/Q
 _13464_/Q
 _13465_/Q
 _13466_/Q
 _13467_/Q
 _13468_/Q
 _13469_/Q
 _13470_/Q
 _13471_/Q
 _13472_/Q
 _13473_/Q
 _13474_/Q
 _13475_/Q
 _13476_/Q
 _13477_/Q
 _13478_/Q
 _13479_/Q
 _13480_/Q
 _13481_/Q
 _13482_/Q
 _13483_/Q
 _13484_/Q
 _13485_/Q
 _13486_/Q
 _13487_/Q
 _13488_/Q
 _13489_/Q
 _13490_/Q
 _13491_/Q
 _13492_/Q
 _13493_/Q
 _13494_/Q
 _13495_/Q
 _13496_/Q
 _13497_/Q
 _13498_/Q
 _13499_/Q
 _13500_/Q
 _13501_/Q
 _13502_/Q
 _13503_/Q
 _13504_/Q
 _13505_/Q
 _13506_/Q
 _13507_/Q
 _13508_/Q
 _13509_/Q
 _13510_/Q
 _13511_/Q
 _13512_/Q
 _13513_/Q
 _13514_/Q
 _13515_/Q
 _13516_/Q
 _13517_/Q
 _13518_/Q
 _13519_/Q
 _13520_/Q
 _13521_/Q
 _13522_/Q
 _13523_/Q
 _13524_/Q
 _13525_/Q
 _13526_/Q
 _13527_/Q
 _13528_/Q
 _13529_/Q
 _13530_/Q
 _13531_/Q
 _13532_/Q
 _13533_/Q
 _13534_/Q
 _13535_/Q
 _13536_/Q
 _13537_/Q
 _13538_/Q
 _13539_/Q
 _13540_/Q
 _13541_/Q
 _13542_/Q
 _13543_/Q
 _13544_/Q
 _13545_/Q
 _13546_/Q
 _13547_/Q
 _13548_/Q
 _13549_/Q
 _13550_/Q
 _13551_/Q
 _13552_/Q
 _13553_/Q
 _13554_/Q
 _13555_/Q
 _13556_/Q
 _13557_/Q
 _13558_/Q
 _13559_/Q
 _13560_/Q
 _13561_/Q
 _13562_/Q
 _13563_/Q
 _13564_/Q
 _13565_/Q
 _13566_/Q
 _13567_/Q
 _13568_/Q
 _13569_/Q
 _13570_/Q
 _13571_/Q
 _13572_/Q
 _13573_/Q
 _13574_/Q
 _13575_/Q
 _13576_/Q
 _13577_/Q
 _13578_/Q
 _13579_/Q
 _13580_/Q
 _13581_/Q
 _13582_/Q
 _13583_/Q
 _13584_/Q
 _13585_/Q
 _13586_/Q
 _13587_/Q
 _13588_/Q
 _13589_/Q
 _13590_/Q
 _13591_/Q
 _13592_/Q
 _13593_/Q
 _13594_/Q
 _13595_/Q
 _13596_/Q
 _13597_/Q
 _13598_/Q
 _13599_/Q
 _13600_/Q
 _13601_/Q
 _13602_/Q
 _13603_/Q
 _13604_/Q
 _13605_/Q
 _13606_/Q
 _13607_/Q
 _13608_/Q
 _13609_/Q
 _13610_/Q
 _13611_/Q
 _13612_/Q
 _13613_/Q
 _13614_/Q
 _13615_/Q
 _13616_/Q
 _13617_/Q
 _13618_/Q
 _13619_/Q
 _13620_/Q
 _13621_/Q
 _13622_/Q
 _13623_/Q
 _13624_/Q
 _13625_/Q
 _13626_/Q
 _13627_/Q
 _13628_/Q
 _13629_/Q
 _13630_/Q
 _13631_/Q
 _13632_/Q
 _13633_/Q
 _13634_/Q
 _13635_/Q
 _13636_/Q
 _13637_/Q
 _13638_/Q
 _13639_/Q
 _13640_/Q
 _13641_/Q
 _13642_/Q
 _13643_/Q
 _13644_/Q
 _13645_/Q
 _13646_/Q
 _13647_/Q
 _13648_/Q
 _13649_/Q
 _13650_/Q
 _13651_/Q
 _13652_/Q
 _13653_/Q
 _13654_/Q
 _13655_/Q
 _13656_/Q
 _13657_/Q
 _13658_/Q
 _13659_/Q
 _13660_/Q
 _13661_/Q
 _13662_/Q
 _13663_/Q
 _13664_/Q
 _13665_/Q
 _13666_/Q
 _13667_/Q
 _13668_/Q
 _13669_/Q
 _13670_/Q
 _13671_/Q
 _13672_/Q
 _13673_/Q
 _13674_/Q
 _13675_/Q
 _13676_/Q
 _13677_/Q
 _13678_/Q
 _13679_/Q
 _13680_/Q
 _13681_/Q
 _13682_/Q
 _13683_/Q
 _13684_/Q
 _13685_/Q
 _13686_/Q
 _13687_/Q
 clkbuf_0_clk/X
 clkbuf_3_0_0_clk/X
 clkbuf_3_1_0_clk/X
 clkbuf_3_2_0_clk/X
 clkbuf_3_3_0_clk/X
 clkbuf_3_4_0_clk/X
 clkbuf_3_5_0_clk/X
 clkbuf_3_6_0_clk/X
 clkbuf_3_7_0_clk/X
 clkbuf_4_0__f_clk/X
 clkbuf_4_10__f_clk/X
 clkbuf_4_11__f_clk/X
 clkbuf_4_12__f_clk/X
 clkbuf_4_13__f_clk/X
 clkbuf_4_14__f_clk/X
 clkbuf_4_15__f_clk/X
 clkbuf_4_1__f_clk/X
 clkbuf_4_2__f_clk/X
 clkbuf_4_3__f_clk/X
 clkbuf_4_4__f_clk/X
 clkbuf_4_5__f_clk/X
 clkbuf_4_6__f_clk/X
 clkbuf_4_7__f_clk/X
 clkbuf_4_8__f_clk/X
 clkbuf_4_9__f_clk/X
 clkbuf_leaf_0_clk/X
 clkbuf_leaf_100_clk/X
 clkbuf_leaf_101_clk/X
 clkbuf_leaf_102_clk/X
 clkbuf_leaf_103_clk/X
 clkbuf_leaf_104_clk/X
 clkbuf_leaf_105_clk/X
 clkbuf_leaf_106_clk/X
 clkbuf_leaf_107_clk/X
 clkbuf_leaf_109_clk/X
 clkbuf_leaf_10_clk/X
 clkbuf_leaf_110_clk/X
 clkbuf_leaf_111_clk/X
 clkbuf_leaf_112_clk/X
 clkbuf_leaf_113_clk/X
 clkbuf_leaf_114_clk/X
 clkbuf_leaf_115_clk/X
 clkbuf_leaf_116_clk/X
 clkbuf_leaf_117_clk/X
 clkbuf_leaf_118_clk/X
 clkbuf_leaf_119_clk/X
 clkbuf_leaf_11_clk/X
 clkbuf_leaf_120_clk/X
 clkbuf_leaf_121_clk/X
 clkbuf_leaf_122_clk/X
 clkbuf_leaf_123_clk/X
 clkbuf_leaf_124_clk/X
 clkbuf_leaf_125_clk/X
 clkbuf_leaf_126_clk/X
 clkbuf_leaf_127_clk/X
 clkbuf_leaf_128_clk/X
 clkbuf_leaf_129_clk/X
 clkbuf_leaf_12_clk/X
 clkbuf_leaf_130_clk/X
 clkbuf_leaf_131_clk/X
 clkbuf_leaf_132_clk/X
 clkbuf_leaf_133_clk/X
 clkbuf_leaf_134_clk/X
 clkbuf_leaf_135_clk/X
 clkbuf_leaf_136_clk/X
 clkbuf_leaf_137_clk/X
 clkbuf_leaf_138_clk/X
 clkbuf_leaf_139_clk/X
 clkbuf_leaf_13_clk/X
 clkbuf_leaf_140_clk/X
 clkbuf_leaf_141_clk/X
 clkbuf_leaf_142_clk/X
 clkbuf_leaf_143_clk/X
 clkbuf_leaf_144_clk/X
 clkbuf_leaf_145_clk/X
 clkbuf_leaf_146_clk/X
 clkbuf_leaf_147_clk/X
 clkbuf_leaf_148_clk/X
 clkbuf_leaf_149_clk/X
 clkbuf_leaf_14_clk/X
 clkbuf_leaf_150_clk/X
 clkbuf_leaf_151_clk/X
 clkbuf_leaf_152_clk/X
 clkbuf_leaf_153_clk/X
 clkbuf_leaf_154_clk/X
 clkbuf_leaf_155_clk/X
 clkbuf_leaf_156_clk/X
 clkbuf_leaf_157_clk/X
 clkbuf_leaf_158_clk/X
 clkbuf_leaf_159_clk/X
 clkbuf_leaf_15_clk/X
 clkbuf_leaf_160_clk/X
 clkbuf_leaf_161_clk/X
 clkbuf_leaf_162_clk/X
 clkbuf_leaf_163_clk/X
 clkbuf_leaf_164_clk/X
 clkbuf_leaf_165_clk/X
 clkbuf_leaf_166_clk/X
 clkbuf_leaf_167_clk/X
 clkbuf_leaf_168_clk/X
 clkbuf_leaf_169_clk/X
 clkbuf_leaf_16_clk/X
 clkbuf_leaf_170_clk/X
 clkbuf_leaf_171_clk/X
 clkbuf_leaf_172_clk/X
 clkbuf_leaf_173_clk/X
 clkbuf_leaf_174_clk/X
 clkbuf_leaf_175_clk/X
 clkbuf_leaf_176_clk/X
 clkbuf_leaf_177_clk/X
 clkbuf_leaf_178_clk/X
 clkbuf_leaf_179_clk/X
 clkbuf_leaf_17_clk/X
 clkbuf_leaf_180_clk/X
 clkbuf_leaf_181_clk/X
 clkbuf_leaf_182_clk/X
 clkbuf_leaf_183_clk/X
 clkbuf_leaf_184_clk/X
 clkbuf_leaf_18_clk/X
 clkbuf_leaf_19_clk/X
 clkbuf_leaf_1_clk/X
 clkbuf_leaf_20_clk/X
 clkbuf_leaf_21_clk/X
 clkbuf_leaf_22_clk/X
 clkbuf_leaf_23_clk/X
 clkbuf_leaf_24_clk/X
 clkbuf_leaf_25_clk/X
 clkbuf_leaf_26_clk/X
 clkbuf_leaf_27_clk/X
 clkbuf_leaf_28_clk/X
 clkbuf_leaf_29_clk/X
 clkbuf_leaf_2_clk/X
 clkbuf_leaf_30_clk/X
 clkbuf_leaf_31_clk/X
 clkbuf_leaf_32_clk/X
 clkbuf_leaf_33_clk/X
 clkbuf_leaf_34_clk/X
 clkbuf_leaf_35_clk/X
 clkbuf_leaf_36_clk/X
 clkbuf_leaf_37_clk/X
 clkbuf_leaf_38_clk/X
 clkbuf_leaf_39_clk/X
 clkbuf_leaf_3_clk/X
 clkbuf_leaf_40_clk/X
 clkbuf_leaf_41_clk/X
 clkbuf_leaf_42_clk/X
 clkbuf_leaf_43_clk/X
 clkbuf_leaf_44_clk/X
 clkbuf_leaf_45_clk/X
 clkbuf_leaf_46_clk/X
 clkbuf_leaf_47_clk/X
 clkbuf_leaf_48_clk/X
 clkbuf_leaf_49_clk/X
 clkbuf_leaf_4_clk/X
 clkbuf_leaf_50_clk/X
 clkbuf_leaf_51_clk/X
 clkbuf_leaf_52_clk/X
 clkbuf_leaf_53_clk/X
 clkbuf_leaf_54_clk/X
 clkbuf_leaf_55_clk/X
 clkbuf_leaf_56_clk/X
 clkbuf_leaf_57_clk/X
 clkbuf_leaf_58_clk/X
 clkbuf_leaf_59_clk/X
 clkbuf_leaf_5_clk/X
 clkbuf_leaf_60_clk/X
 clkbuf_leaf_61_clk/X
 clkbuf_leaf_62_clk/X
 clkbuf_leaf_63_clk/X
 clkbuf_leaf_64_clk/X
 clkbuf_leaf_65_clk/X
 clkbuf_leaf_66_clk/X
 clkbuf_leaf_67_clk/X
 clkbuf_leaf_68_clk/X
 clkbuf_leaf_69_clk/X
 clkbuf_leaf_6_clk/X
 clkbuf_leaf_70_clk/X
 clkbuf_leaf_71_clk/X
 clkbuf_leaf_72_clk/X
 clkbuf_leaf_73_clk/X
 clkbuf_leaf_74_clk/X
 clkbuf_leaf_75_clk/X
 clkbuf_leaf_76_clk/X
 clkbuf_leaf_77_clk/X
 clkbuf_leaf_78_clk/X
 clkbuf_leaf_79_clk/X
 clkbuf_leaf_7_clk/X
 clkbuf_leaf_80_clk/X
 clkbuf_leaf_81_clk/X
 clkbuf_leaf_82_clk/X
 clkbuf_leaf_83_clk/X
 clkbuf_leaf_84_clk/X
 clkbuf_leaf_85_clk/X
 clkbuf_leaf_86_clk/X
 clkbuf_leaf_87_clk/X
 clkbuf_leaf_88_clk/X
 clkbuf_leaf_89_clk/X
 clkbuf_leaf_8_clk/X
 clkbuf_leaf_90_clk/X
 clkbuf_leaf_91_clk/X
 clkbuf_leaf_92_clk/X
 clkbuf_leaf_93_clk/X
 clkbuf_leaf_94_clk/X
 clkbuf_leaf_96_clk/X
 clkbuf_leaf_97_clk/X
 clkbuf_leaf_98_clk/X
 clkbuf_leaf_99_clk/X
 clkbuf_leaf_9_clk/X
 fanout73/X
 fanout74/X
 fanout75/X
 hold1/X
 hold10/X
 hold100/X
 hold1000/X
 hold1001/X
 hold1002/X
 hold1003/X
 hold1004/X
 hold1005/X
 hold1006/X
 hold1007/X
 hold1008/X
 hold1009/X
 hold101/X
 hold1010/X
 hold1011/X
 hold1012/X
 hold1013/X
 hold1014/X
 hold1015/X
 hold1016/X
 hold1017/X
 hold1018/X
 hold1019/X
 hold102/X
 hold1020/X
 hold1021/X
 hold1022/X
 hold1023/X
 hold1024/X
 hold1025/X
 hold1026/X
 hold1027/X
 hold1028/X
 hold1029/X
 hold103/X
 hold1030/X
 hold1031/X
 hold1032/X
 hold1033/X
 hold1034/X
 hold1035/X
 hold1036/X
 hold1037/X
 hold1038/X
 hold1039/X
 hold104/X
 hold1040/X
 hold1041/X
 hold1042/X
 hold1043/X
 hold1044/X
 hold1045/X
 hold1046/X
 hold1047/X
 hold1048/X
 hold1049/X
 hold105/X
 hold1050/X
 hold1051/X
 hold1052/X
 hold1053/X
 hold1054/X
 hold1055/X
 hold1056/X
 hold1057/X
 hold1058/X
 hold1059/X
 hold106/X
 hold1060/X
 hold1061/X
 hold1062/X
 hold1063/X
 hold1064/X
 hold1065/X
 hold1066/X
 hold1067/X
 hold1068/X
 hold1069/X
 hold107/X
 hold1070/X
 hold1071/X
 hold1072/X
 hold1073/X
 hold1074/X
 hold1075/X
 hold1076/X
 hold1077/X
 hold1078/X
 hold1079/X
 hold108/X
 hold1080/X
 hold1081/X
 hold1082/X
 hold1083/X
 hold1084/X
 hold1085/X
 hold1086/X
 hold1087/X
 hold1088/X
 hold1089/X
 hold109/X
 hold1090/X
 hold1091/X
 hold1092/X
 hold1093/X
 hold1094/X
 hold1095/X
 hold1096/X
 hold1097/X
 hold1098/X
 hold1099/X
 hold11/X
 hold110/X
 hold1100/X
 hold1101/X
 hold1102/X
 hold1103/X
 hold1104/X
 hold1105/X
 hold1106/X
 hold1107/X
 hold1108/X
 hold1109/X
 hold111/X
 hold1110/X
 hold1111/X
 hold1112/X
 hold1113/X
 hold1114/X
 hold1115/X
 hold1116/X
 hold1117/X
 hold1118/X
 hold1119/X
 hold112/X
 hold1120/X
 hold1121/X
 hold1122/X
 hold1123/X
 hold1124/X
 hold1125/X
 hold1126/X
 hold1127/X
 hold1128/X
 hold1129/X
 hold113/X
 hold1130/X
 hold1131/X
 hold1132/X
 hold1133/X
 hold1134/X
 hold1135/X
 hold1136/X
 hold1137/X
 hold1138/X
 hold1139/X
 hold114/X
 hold1140/X
 hold1141/X
 hold1142/X
 hold1143/X
 hold1144/X
 hold1145/X
 hold1146/X
 hold1147/X
 hold1148/X
 hold1149/X
 hold115/X
 hold1150/X
 hold1151/X
 hold1152/X
 hold1153/X
 hold1154/X
 hold1155/X
 hold1156/X
 hold1157/X
 hold1158/X
 hold1159/X
 hold116/X
 hold1160/X
 hold1161/X
 hold1162/X
 hold1163/X
 hold1164/X
 hold1165/X
 hold1166/X
 hold1167/X
 hold1168/X
 hold1169/X
 hold117/X
 hold1170/X
 hold1171/X
 hold1172/X
 hold1173/X
 hold1174/X
 hold1175/X
 hold1176/X
 hold1177/X
 hold1178/X
 hold1179/X
 hold118/X
 hold1180/X
 hold1181/X
 hold1182/X
 hold1183/X
 hold1184/X
 hold1185/X
 hold1186/X
 hold1187/X
 hold1188/X
 hold1189/X
 hold119/X
 hold1190/X
 hold1191/X
 hold1192/X
 hold1193/X
 hold1194/X
 hold1195/X
 hold1196/X
 hold1197/X
 hold1198/X
 hold1199/X
 hold12/X
 hold120/X
 hold1200/X
 hold1201/X
 hold1202/X
 hold1203/X
 hold1204/X
 hold1205/X
 hold1206/X
 hold1207/X
 hold1208/X
 hold1209/X
 hold121/X
 hold1210/X
 hold1211/X
 hold1212/X
 hold1213/X
 hold1214/X
 hold1215/X
 hold1216/X
 hold1217/X
 hold1218/X
 hold1219/X
 hold122/X
 hold1220/X
 hold1221/X
 hold1222/X
 hold1223/X
 hold1224/X
 hold1225/X
 hold1226/X
 hold1227/X
 hold1228/X
 hold1229/X
 hold123/X
 hold1230/X
 hold1231/X
 hold1232/X
 hold1233/X
 hold1234/X
 hold1235/X
 hold1236/X
 hold1237/X
 hold1238/X
 hold1239/X
 hold124/X
 hold1240/X
 hold1241/X
 hold1242/X
 hold1243/X
 hold1244/X
 hold1245/X
 hold1246/X
 hold1247/X
 hold1248/X
 hold1249/X
 hold125/X
 hold1250/X
 hold1251/X
 hold1252/X
 hold1253/X
 hold1254/X
 hold1255/X
 hold1256/X
 hold1257/X
 hold1258/X
 hold1259/X
 hold126/X
 hold1260/X
 hold1261/X
 hold1262/X
 hold1263/X
 hold1264/X
 hold1265/X
 hold1266/X
 hold1267/X
 hold1268/X
 hold1269/X
 hold127/X
 hold1270/X
 hold1271/X
 hold1272/X
 hold1273/X
 hold1274/X
 hold1275/X
 hold1276/X
 hold1277/X
 hold1278/X
 hold1279/X
 hold128/X
 hold1280/X
 hold1281/X
 hold1282/X
 hold1283/X
 hold1284/X
 hold1285/X
 hold1286/X
 hold1287/X
 hold1288/X
 hold1289/X
 hold129/X
 hold1290/X
 hold1291/X
 hold1292/X
 hold1293/X
 hold1294/X
 hold1295/X
 hold1296/X
 hold1297/X
 hold1298/X
 hold1299/X
 hold13/X
 hold130/X
 hold1300/X
 hold1301/X
 hold1302/X
 hold1303/X
 hold1304/X
 hold1305/X
 hold1306/X
 hold1307/X
 hold1308/X
 hold1309/X
 hold131/X
 hold1310/X
 hold1311/X
 hold1312/X
 hold1313/X
 hold1314/X
 hold1315/X
 hold1316/X
 hold1317/X
 hold1318/X
 hold1319/X
 hold132/X
 hold1320/X
 hold1321/X
 hold1322/X
 hold1323/X
 hold1324/X
 hold1325/X
 hold1326/X
 hold1327/X
 hold1328/X
 hold1329/X
 hold133/X
 hold1330/X
 hold1331/X
 hold1332/X
 hold1333/X
 hold1334/X
 hold1335/X
 hold1336/X
 hold1337/X
 hold1338/X
 hold1339/X
 hold134/X
 hold1340/X
 hold1341/X
 hold1342/X
 hold1343/X
 hold1344/X
 hold1345/X
 hold1346/X
 hold1347/X
 hold1348/X
 hold1349/X
 hold135/X
 hold1350/X
 hold1351/X
 hold1352/X
 hold1353/X
 hold1354/X
 hold1355/X
 hold1356/X
 hold1357/X
 hold1358/X
 hold1359/X
 hold136/X
 hold1360/X
 hold1361/X
 hold1362/X
 hold1363/X
 hold1364/X
 hold1365/X
 hold1366/X
 hold1367/X
 hold1368/X
 hold1369/X
 hold137/X
 hold1370/X
 hold1371/X
 hold1372/X
 hold1373/X
 hold1374/X
 hold1375/X
 hold1376/X
 hold1377/X
 hold1378/X
 hold1379/X
 hold138/X
 hold1380/X
 hold1381/X
 hold1382/X
 hold1383/X
 hold1384/X
 hold1385/X
 hold1386/X
 hold1387/X
 hold1388/X
 hold1389/X
 hold139/X
 hold1390/X
 hold1391/X
 hold1392/X
 hold1393/X
 hold1394/X
 hold1395/X
 hold1396/X
 hold1397/X
 hold1398/X
 hold1399/X
 hold14/X
 hold140/X
 hold1400/X
 hold1401/X
 hold1402/X
 hold1403/X
 hold1404/X
 hold1405/X
 hold1406/X
 hold1407/X
 hold1408/X
 hold1409/X
 hold141/X
 hold1410/X
 hold1411/X
 hold1412/X
 hold1413/X
 hold1414/X
 hold1415/X
 hold1416/X
 hold1417/X
 hold1418/X
 hold1419/X
 hold142/X
 hold1420/X
 hold1421/X
 hold1422/X
 hold1423/X
 hold1424/X
 hold1425/X
 hold1426/X
 hold1427/X
 hold1428/X
 hold1429/X
 hold143/X
 hold1430/X
 hold1431/X
 hold1432/X
 hold1433/X
 hold1434/X
 hold1435/X
 hold1436/X
 hold1437/X
 hold1438/X
 hold1439/X
 hold144/X
 hold1440/X
 hold1441/X
 hold1442/X
 hold1443/X
 hold1444/X
 hold1445/X
 hold1446/X
 hold1447/X
 hold1448/X
 hold1449/X
 hold145/X
 hold1450/X
 hold1451/X
 hold1452/X
 hold1453/X
 hold1454/X
 hold1455/X
 hold1456/X
 hold1457/X
 hold1458/X
 hold1459/X
 hold146/X
 hold1460/X
 hold1461/X
 hold1462/X
 hold1463/X
 hold1464/X
 hold1465/X
 hold1466/X
 hold1467/X
 hold1468/X
 hold1469/X
 hold147/X
 hold148/X
 hold149/X
 hold15/X
 hold150/X
 hold151/X
 hold152/X
 hold153/X
 hold154/X
 hold155/X
 hold156/X
 hold157/X
 hold158/X
 hold159/X
 hold16/X
 hold160/X
 hold161/X
 hold162/X
 hold163/X
 hold164/X
 hold165/X
 hold166/X
 hold167/X
 hold168/X
 hold169/X
 hold17/X
 hold170/X
 hold171/X
 hold172/X
 hold173/X
 hold174/X
 hold175/X
 hold176/X
 hold177/X
 hold178/X
 hold179/X
 hold18/X
 hold180/X
 hold181/X
 hold182/X
 hold183/X
 hold184/X
 hold185/X
 hold186/X
 hold187/X
 hold188/X
 hold189/X
 hold19/X
 hold190/X
 hold191/X
 hold192/X
 hold193/X
 hold194/X
 hold195/X
 hold196/X
 hold197/X
 hold198/X
 hold199/X
 hold2/X
 hold20/X
 hold200/X
 hold201/X
 hold202/X
 hold203/X
 hold204/X
 hold205/X
 hold206/X
 hold207/X
 hold208/X
 hold209/X
 hold21/X
 hold210/X
 hold211/X
 hold212/X
 hold213/X
 hold214/X
 hold215/X
 hold216/X
 hold217/X
 hold218/X
 hold219/X
 hold22/X
 hold220/X
 hold221/X
 hold222/X
 hold223/X
 hold224/X
 hold225/X
 hold226/X
 hold227/X
 hold228/X
 hold229/X
 hold23/X
 hold230/X
 hold231/X
 hold232/X
 hold233/X
 hold234/X
 hold235/X
 hold236/X
 hold237/X
 hold238/X
 hold239/X
 hold24/X
 hold240/X
 hold241/X
 hold242/X
 hold243/X
 hold244/X
 hold245/X
 hold246/X
 hold247/X
 hold248/X
 hold249/X
 hold25/X
 hold250/X
 hold251/X
 hold252/X
 hold253/X
 hold254/X
 hold255/X
 hold256/X
 hold257/X
 hold258/X
 hold259/X
 hold26/X
 hold260/X
 hold261/X
 hold262/X
 hold263/X
 hold264/X
 hold265/X
 hold266/X
 hold267/X
 hold268/X
 hold269/X
 hold27/X
 hold270/X
 hold271/X
 hold272/X
 hold273/X
 hold274/X
 hold275/X
 hold276/X
 hold277/X
 hold278/X
 hold279/X
 hold28/X
 hold280/X
 hold281/X
 hold282/X
 hold283/X
 hold284/X
 hold285/X
 hold286/X
 hold287/X
 hold288/X
 hold289/X
 hold29/X
 hold290/X
 hold291/X
 hold292/X
 hold293/X
 hold294/X
 hold295/X
 hold296/X
 hold297/X
 hold298/X
 hold299/X
 hold3/X
 hold30/X
 hold300/X
 hold301/X
 hold302/X
 hold303/X
 hold304/X
 hold305/X
 hold306/X
 hold307/X
 hold308/X
 hold309/X
 hold31/X
 hold310/X
 hold311/X
 hold312/X
 hold313/X
 hold314/X
 hold315/X
 hold316/X
 hold317/X
 hold318/X
 hold319/X
 hold32/X
 hold320/X
 hold321/X
 hold322/X
 hold323/X
 hold324/X
 hold325/X
 hold326/X
 hold327/X
 hold328/X
 hold329/X
 hold33/X
 hold330/X
 hold331/X
 hold332/X
 hold333/X
 hold334/X
 hold335/X
 hold336/X
 hold337/X
 hold338/X
 hold339/X
 hold34/X
 hold340/X
 hold341/X
 hold342/X
 hold343/X
 hold344/X
 hold345/X
 hold346/X
 hold347/X
 hold348/X
 hold349/X
 hold35/X
 hold350/X
 hold351/X
 hold352/X
 hold353/X
 hold354/X
 hold355/X
 hold356/X
 hold357/X
 hold358/X
 hold359/X
 hold36/X
 hold360/X
 hold361/X
 hold362/X
 hold363/X
 hold364/X
 hold365/X
 hold366/X
 hold367/X
 hold368/X
 hold369/X
 hold37/X
 hold370/X
 hold371/X
 hold372/X
 hold373/X
 hold374/X
 hold375/X
 hold376/X
 hold377/X
 hold378/X
 hold379/X
 hold38/X
 hold380/X
 hold381/X
 hold382/X
 hold383/X
 hold384/X
 hold385/X
 hold386/X
 hold387/X
 hold388/X
 hold389/X
 hold39/X
 hold390/X
 hold391/X
 hold392/X
 hold393/X
 hold394/X
 hold395/X
 hold396/X
 hold397/X
 hold398/X
 hold399/X
 hold4/X
 hold40/X
 hold400/X
 hold401/X
 hold402/X
 hold403/X
 hold404/X
 hold405/X
 hold406/X
 hold407/X
 hold408/X
 hold409/X
 hold41/X
 hold410/X
 hold411/X
 hold412/X
 hold413/X
 hold414/X
 hold415/X
 hold416/X
 hold417/X
 hold418/X
 hold419/X
 hold42/X
 hold420/X
 hold421/X
 hold422/X
 hold423/X
 hold424/X
 hold425/X
 hold426/X
 hold427/X
 hold428/X
 hold429/X
 hold43/X
 hold430/X
 hold431/X
 hold432/X
 hold433/X
 hold434/X
 hold435/X
 hold436/X
 hold437/X
 hold438/X
 hold439/X
 hold44/X
 hold440/X
 hold441/X
 hold442/X
 hold443/X
 hold444/X
 hold445/X
 hold446/X
 hold447/X
 hold448/X
 hold449/X
 hold45/X
 hold450/X
 hold451/X
 hold452/X
 hold453/X
 hold454/X
 hold455/X
 hold456/X
 hold457/X
 hold458/X
 hold459/X
 hold46/X
 hold460/X
 hold461/X
 hold462/X
 hold463/X
 hold464/X
 hold465/X
 hold466/X
 hold467/X
 hold468/X
 hold469/X
 hold47/X
 hold470/X
 hold471/X
 hold472/X
 hold473/X
 hold474/X
 hold475/X
 hold476/X
 hold477/X
 hold478/X
 hold479/X
 hold48/X
 hold480/X
 hold481/X
 hold482/X
 hold483/X
 hold484/X
 hold485/X
 hold486/X
 hold487/X
 hold488/X
 hold489/X
 hold49/X
 hold490/X
 hold491/X
 hold492/X
 hold493/X
 hold494/X
 hold495/X
 hold496/X
 hold497/X
 hold498/X
 hold499/X
 hold5/X
 hold50/X
 hold500/X
 hold501/X
 hold502/X
 hold503/X
 hold504/X
 hold505/X
 hold506/X
 hold507/X
 hold508/X
 hold509/X
 hold51/X
 hold510/X
 hold511/X
 hold512/X
 hold513/X
 hold514/X
 hold515/X
 hold516/X
 hold517/X
 hold518/X
 hold519/X
 hold52/X
 hold520/X
 hold521/X
 hold522/X
 hold523/X
 hold524/X
 hold525/X
 hold526/X
 hold527/X
 hold528/X
 hold529/X
 hold53/X
 hold530/X
 hold531/X
 hold532/X
 hold533/X
 hold534/X
 hold535/X
 hold536/X
 hold537/X
 hold538/X
 hold539/X
 hold54/X
 hold540/X
 hold541/X
 hold542/X
 hold543/X
 hold544/X
 hold545/X
 hold546/X
 hold547/X
 hold548/X
 hold549/X
 hold55/X
 hold550/X
 hold551/X
 hold552/X
 hold553/X
 hold554/X
 hold555/X
 hold556/X
 hold557/X
 hold558/X
 hold559/X
 hold56/X
 hold560/X
 hold561/X
 hold562/X
 hold563/X
 hold564/X
 hold565/X
 hold566/X
 hold567/X
 hold568/X
 hold569/X
 hold57/X
 hold570/X
 hold571/X
 hold572/X
 hold573/X
 hold574/X
 hold575/X
 hold576/X
 hold577/X
 hold578/X
 hold579/X
 hold58/X
 hold580/X
 hold581/X
 hold582/X
 hold583/X
 hold584/X
 hold585/X
 hold586/X
 hold587/X
 hold588/X
 hold589/X
 hold59/X
 hold590/X
 hold591/X
 hold592/X
 hold593/X
 hold594/X
 hold595/X
 hold596/X
 hold597/X
 hold598/X
 hold599/X
 hold6/X
 hold60/X
 hold600/X
 hold601/X
 hold602/X
 hold603/X
 hold604/X
 hold605/X
 hold606/X
 hold607/X
 hold608/X
 hold609/X
 hold61/X
 hold610/X
 hold611/X
 hold612/X
 hold613/X
 hold614/X
 hold615/X
 hold616/X
 hold617/X
 hold618/X
 hold619/X
 hold62/X
 hold620/X
 hold621/X
 hold622/X
 hold623/X
 hold624/X
 hold625/X
 hold626/X
 hold627/X
 hold628/X
 hold629/X
 hold63/X
 hold630/X
 hold631/X
 hold632/X
 hold633/X
 hold634/X
 hold635/X
 hold636/X
 hold637/X
 hold638/X
 hold639/X
 hold64/X
 hold640/X
 hold641/X
 hold642/X
 hold643/X
 hold644/X
 hold645/X
 hold646/X
 hold647/X
 hold648/X
 hold649/X
 hold65/X
 hold650/X
 hold651/X
 hold652/X
 hold653/X
 hold654/X
 hold655/X
 hold656/X
 hold657/X
 hold658/X
 hold659/X
 hold66/X
 hold660/X
 hold661/X
 hold662/X
 hold663/X
 hold664/X
 hold665/X
 hold666/X
 hold667/X
 hold668/X
 hold669/X
 hold67/X
 hold670/X
 hold671/X
 hold672/X
 hold673/X
 hold674/X
 hold675/X
 hold676/X
 hold677/X
 hold678/X
 hold679/X
 hold68/X
 hold680/X
 hold681/X
 hold682/X
 hold683/X
 hold684/X
 hold685/X
 hold686/X
 hold687/X
 hold688/X
 hold689/X
 hold69/X
 hold690/X
 hold691/X
 hold692/X
 hold693/X
 hold694/X
 hold695/X
 hold696/X
 hold697/X
 hold698/X
 hold699/X
 hold7/X
 hold70/X
 hold700/X
 hold701/X
 hold702/X
 hold703/X
 hold704/X
 hold705/X
 hold706/X
 hold707/X
 hold708/X
 hold709/X
 hold71/X
 hold710/X
 hold711/X
 hold712/X
 hold713/X
 hold714/X
 hold715/X
 hold716/X
 hold717/X
 hold718/X
 hold719/X
 hold72/X
 hold720/X
 hold721/X
 hold722/X
 hold723/X
 hold724/X
 hold725/X
 hold726/X
 hold727/X
 hold728/X
 hold729/X
 hold73/X
 hold730/X
 hold731/X
 hold732/X
 hold733/X
 hold734/X
 hold735/X
 hold736/X
 hold737/X
 hold738/X
 hold739/X
 hold74/X
 hold740/X
 hold741/X
 hold742/X
 hold743/X
 hold744/X
 hold745/X
 hold746/X
 hold747/X
 hold748/X
 hold749/X
 hold75/X
 hold750/X
 hold751/X
 hold752/X
 hold753/X
 hold754/X
 hold755/X
 hold756/X
 hold757/X
 hold758/X
 hold759/X
 hold76/X
 hold760/X
 hold761/X
 hold762/X
 hold763/X
 hold764/X
 hold765/X
 hold766/X
 hold767/X
 hold768/X
 hold769/X
 hold77/X
 hold770/X
 hold771/X
 hold772/X
 hold773/X
 hold774/X
 hold775/X
 hold776/X
 hold777/X
 hold778/X
 hold779/X
 hold78/X
 hold780/X
 hold781/X
 hold782/X
 hold783/X
 hold784/X
 hold785/X
 hold786/X
 hold787/X
 hold788/X
 hold789/X
 hold79/X
 hold790/X
 hold791/X
 hold792/X
 hold793/X
 hold794/X
 hold795/X
 hold796/X
 hold797/X
 hold798/X
 hold799/X
 hold8/X
 hold80/X
 hold800/X
 hold801/X
 hold802/X
 hold803/X
 hold804/X
 hold805/X
 hold806/X
 hold807/X
 hold808/X
 hold809/X
 hold81/X
 hold810/X
 hold811/X
 hold812/X
 hold813/X
 hold814/X
 hold815/X
 hold816/X
 hold817/X
 hold818/X
 hold819/X
 hold82/X
 hold820/X
 hold821/X
 hold822/X
 hold823/X
 hold824/X
 hold825/X
 hold826/X
 hold827/X
 hold828/X
 hold829/X
 hold83/X
 hold830/X
 hold831/X
 hold832/X
 hold833/X
 hold834/X
 hold835/X
 hold836/X
 hold837/X
 hold838/X
 hold839/X
 hold84/X
 hold840/X
 hold841/X
 hold842/X
 hold843/X
 hold844/X
 hold845/X
 hold846/X
 hold847/X
 hold848/X
 hold849/X
 hold85/X
 hold850/X
 hold851/X
 hold852/X
 hold853/X
 hold854/X
 hold855/X
 hold856/X
 hold857/X
 hold858/X
 hold859/X
 hold86/X
 hold860/X
 hold861/X
 hold862/X
 hold863/X
 hold864/X
 hold865/X
 hold866/X
 hold867/X
 hold868/X
 hold869/X
 hold87/X
 hold870/X
 hold871/X
 hold872/X
 hold873/X
 hold874/X
 hold875/X
 hold876/X
 hold877/X
 hold878/X
 hold879/X
 hold88/X
 hold880/X
 hold881/X
 hold882/X
 hold883/X
 hold884/X
 hold885/X
 hold886/X
 hold887/X
 hold888/X
 hold889/X
 hold89/X
 hold890/X
 hold891/X
 hold892/X
 hold893/X
 hold894/X
 hold895/X
 hold896/X
 hold897/X
 hold898/X
 hold899/X
 hold9/X
 hold90/X
 hold900/X
 hold901/X
 hold902/X
 hold903/X
 hold904/X
 hold905/X
 hold906/X
 hold907/X
 hold908/X
 hold909/X
 hold91/X
 hold910/X
 hold911/X
 hold912/X
 hold913/X
 hold914/X
 hold915/X
 hold916/X
 hold917/X
 hold918/X
 hold919/X
 hold92/X
 hold920/X
 hold921/X
 hold922/X
 hold923/X
 hold924/X
 hold925/X
 hold926/X
 hold927/X
 hold928/X
 hold929/X
 hold93/X
 hold930/X
 hold931/X
 hold932/X
 hold933/X
 hold934/X
 hold935/X
 hold936/X
 hold937/X
 hold938/X
 hold939/X
 hold94/X
 hold940/X
 hold941/X
 hold942/X
 hold943/X
 hold944/X
 hold945/X
 hold946/X
 hold947/X
 hold948/X
 hold949/X
 hold95/X
 hold950/X
 hold951/X
 hold952/X
 hold953/X
 hold954/X
 hold955/X
 hold956/X
 hold957/X
 hold958/X
 hold959/X
 hold96/X
 hold960/X
 hold961/X
 hold962/X
 hold963/X
 hold964/X
 hold965/X
 hold966/X
 hold967/X
 hold968/X
 hold969/X
 hold97/X
 hold970/X
 hold971/X
 hold972/X
 hold973/X
 hold974/X
 hold975/X
 hold976/X
 hold977/X
 hold978/X
 hold979/X
 hold98/X
 hold980/X
 hold981/X
 hold982/X
 hold983/X
 hold984/X
 hold985/X
 hold986/X
 hold987/X
 hold988/X
 hold989/X
 hold99/X
 hold990/X
 hold991/X
 hold992/X
 hold993/X
 hold994/X
 hold995/X
 hold996/X
 hold997/X
 hold998/X
 hold999/X
 input1/X
 max_cap66/X
 max_cap67/X
 max_cap68/X
 max_cap70/X
 max_cap71/X
 max_cap72/X
 output10/X
 output11/X
 output12/X
 output13/X
 output14/X
 output15/X
 output16/X
 output17/X
 output18/X
 output19/X
 output2/X
 output20/X
 output21/X
 output22/X
 output23/X
 output24/X
 output25/X
 output26/X
 output27/X
 output28/X
 output29/X
 output3/X
 output30/X
 output31/X
 output32/X
 output33/X
 output34/X
 output35/X
 output36/X
 output37/X
 output38/X
 output39/X
 output4/X
 output40/X
 output41/X
 output42/X
 output43/X
 output44/X
 output45/X
 output46/X
 output47/X
 output48/X
 output49/X
 output5/X
 output50/X
 output51/X
 output52/X
 output53/X
 output54/X
 output55/X
 output56/X
 output57/X
 output58/X
 output59/X
 output6/X
 output60/X
 output61/X
 output62/X
 output63/X
 output64/X
 output65/X
 output7/X
 output8/X
 output9/X
 wire69/X
Found 0 partially unannotated drivers.

===========================================================================
max slew violation count 0
max fanout violation count 77
max cap violation count 0
============================================================================

===========================================================================
check_setup -verbose -unconstrained_endpoints -multiple_clock -no_clock -no_input_delay -loops -generated_clocks
===========================================================================
