net,length_um
net3,811.14
net12,793.54
clknet_0_clk,734.28
net20,734.08
net8,733.2
net30,714.87
net47,608.5
net13,606.095
net23,586.74
net24,586.04
net39,548.76
net10,540.66
net26,527.54
net48,524.04
net32,515.76
net29,512.58
_03073_,504.27
_03990_,501.99
net16,501.34
net11,484.75
clknet_4_7__leaf_clk,480.25
net50,476.98
_05016_,466.52
clknet_4_2__leaf_clk,459.89
_03985_,453.88
clknet_4_0__leaf_clk,452.23
net21,446.5
clknet_4_1__leaf_clk,446.02
net38,442.84
clknet_4_6__leaf_clk,442.77
clknet_4_5__leaf_clk,441.15
net4,436.88
_03190_,428.04
net25,423
EX_MEM_ALUOUT\[1\],420.07
_01890_,414.67
clknet_4_3__leaf_clk,408.2
net14,401.68
_03339_,401.32
_05229_,400.45
_03085_,398.64
_03088_,396.88
_04390_,395.91
_03079_,394.52
net65,394.04
_03412_,388.68
_03087_,386.58
ID_EX_A\[24\],386.4
ID_EX_A\[28\],386.22
clknet_4_4__leaf_clk,383.02
_04434_,379.51
net45,377.275
_03395_,376.52
_03345_,375.39
_03336_,374.92
_03402_,374.18
_01831_,373.51
_03994_,372.52
net15,369.52
_03390_,369.48
_01744_,369
_03377_,368.07
_03355_,365.51
_03152_,364.14
_03432_,364.055
ID_EX_A\[21\],363.81
_03361_,361.91
_03332_,361.74
ID_EX_A\[23\],361.575
_03426_,360.8
_03094_,359.8
_03383_,359.72
_03438_,357.2
_02598_,355.44
_03365_,355.44
_03348_,355
_02007_,354.54
_02008_,354.39
ID_EX_A\[25\],354.24
_03373_,353.75
_04034_,352.74
ID_EX_A\[29\],352.26
_04004_,352.04
_03445_,351.76
clknet_4_9__leaf_clk,351.27
_04611_,350.635
clknet_4_8__leaf_clk,350.51
_03451_,348.91
_01645_,348
_02449_,347.72
_01651_,347.63
ID_EX_A\[26\],346.74
_03316_,344.91
_02009_,342.57
ID_EX_A\[22\],341.7
_02012_,341.51
net61,341.46
net35,341.36
_01644_,340.675
_01635_,340.24
_04012_,338.475
_01650_,336.37
_03082_,335.49
_01649_,333.875
_01643_,331.94
clknet_4_13__leaf_clk,330.78
_01998_,330.36
_01646_,330.27
_04865_,329.195
_03303_,328.46
_04461_,327.82
_02001_,327.24
_01997_,326.92
ID_EX_A\[27\],325.44
_01822_,322.71
_03987_,321.76
_01638_,321.61
_01994_,319.61
_02195_,318.24
_03076_,317.44
_04613_,315.98
net5,315.44
net31,314.9
_02151_,311.93
_04788_,309.965
net64,309.78
_01991_,308.6
net18,305.04
ID_EX_A\[19\],304.61
_04875_,303.875
net40,303.28
net52,303.22
_04959_,302.895
ID_EX_B\[1\],300.82
ID_EX_A\[20\],300.63
_04587_,299.83
_04781_,297.42
net62,296.56
_04569_,295.57
_04780_,293.415
_01896_,293.245
_03168_,293.19
_03161_,292.695
_04429_,292.56
_03116_,292.48
_04873_,292.38
_03080_,291.2
_04784_,290.52
_04785_,290.49
_02668_,290.31
_04600_,289.97
_03070_,289.94
_03158_,289.4
_03769_,289.12
_03661_,288.42
clknet_4_14__leaf_clk,288.07
_03097_,285.54
_04439_,284.48
_03733_,284.355
_03216_,283.835
_05810_,283.4
_04440_,282.16
_04596_,281.97
_03209_,281.88
_04033_,280.54
net60,280.52
_00063_,280.28
_03178_,279.84
_02112_,279.75
_02158_,279.04
_04580_,277.83
_04525_,277.24
_02452_,276.24
_03197_,274.6
_02377_,274.54
_04881_,272.695
_02004_,271.755
_03145_,271.16
_02150_,269.64
_02413_,269
_04853_,268.685
_04593_,268.595
clknet_4_12__leaf_clk,267.79
_03246_,267.18
_01902_,265.92
_01985_,265.78
clk,265.73
_03149_,265.47
_03129_,265
_04486_,264.66
_03191_,263.625
_03107_,262.96
net46,262.82
_03186_,261.18
_03101_,260.84
ID_EX_NPC\[9\],260.36
_04578_,259.74
_04437_,259.42
_05018_,259.22
_04811_,258.18
_02604_,257.96
net53,257.52
_04917_,257.45
_01898_,256.06
net68,254.84
_04592_,254.69
_05124_,253.95
_04577_,252.9
_03226_,252.33
_04579_,251.195
_04903_,250.855
_04887_,249.44
net59,247.9
_04060_,247.84
_04606_,246.5
_01894_,245.805
_02599_,245.1
net2,243.28
_04672_,242.53
_03100_,241.81
_02620_,241.2
_03083_,240.47
_04493_,239.98
_02671_,238.28
_01995_,238.12
_02852_,237.91
_02614_,237.71
_04519_,237.43
_04960_,237.425
_03204_,236.6
_01986_,236.52
_04605_,236.14
_02618_,235.96
_02658_,235.43
clknet_4_11__leaf_clk,235.28
_05237_,235.07
_02625_,235.04
_05377_,235.04
_01895_,234.05
_03174_,232.96
_02015_,232.82
_01911_,232.72
_02779_,232.15
_04014_,231.62
_02612_,231.1
_01963_,231.055
_02153_,230.74
_02997_,229.72
_02743_,229.34
_02030_,228.68
_02610_,228.36
_04891_,228.3
_02005_,226.86
_04576_,226.73
_02489_,225.44
_02155_,224.29
_02561_,224.17
_04354_,224.14
_04028_,223.94
_02525_,223.34
_01936_,223.23
_02016_,223.13
_02706_,222.14
ID_EX_A\[31\],222.12
_02154_,220.91
_02228_,220.62
clknet_4_15__leaf_clk,220.57
_04535_,220.42
net57,220.42
_04011_,220
ID_EX_A\[16\],219.65
_02340_,218.85
_02656_,218.85
_03265_,218.76
_02629_,218.62
_04430_,218.49
_02627_,218.275
_04016_,218.24
_04040_,218.24
_05211_,218.06
_02606_,217.94
ID_EX_A\[12\],217.91
_02670_,217.68
_02622_,217.66
_01601_,217.48
_04464_,217.46
_04684_,216.94
_01922_,216.88
_02230_,216.82
_02608_,216.82
_02119_,216.54
_03078_,216.32
_04599_,216.2
net28,216.1
_02641_,215.9
_02133_,215.52
ID_EX_B\[23\],215.34
_02718_,215.34
_02791_,215
_02601_,214.62
_02643_,214.26
_04992_,213.78
_02633_,213.75
_04244_,213.64
_02303_,213.37
_01598_,213.1
_02148_,212.9
_04540_,212.445
_02043_,212.36
_02238_,212.36
_02631_,212.14
_02597_,211.61
_02616_,211.56
_04472_,211.14
ID_EX_NPC\[10\],211.02
_02925_,211
_02050_,210.7
_02666_,210.65
_02816_,210.545
_03033_,210.48
_02263_,210.34
_02198_,210.1
_02213_,209.92
_02650_,209.855
net7,209.54
_02889_,209.48
_01970_,209.04
_03805_,208.84
_01589_,208.69
_02660_,208.64
_01964_,208.63
_03071_,208.455
_03948_,208.26
_02257_,208.25
_03075_,208
_02646_,207.74
_02023_,207.45
_01924_,207.18
_05857_,207
_01971_,206.72
_02664_,206.51
_02022_,206.34
net33,206.26
_03912_,205.83
_02247_,205.8
_02259_,205.62
_03697_,205.56
ID_EX_B\[25\],205.3
_02209_,204.9
_01977_,204.86
_04134_,204.44
_03841_,203.7
_02091_,203.58
_01780_,203.36
_04529_,203.18
_02639_,203.15
_02084_,203.1
ID_EX_IR\[0\],203.08
_05057_,202.96
_02267_,202.86
_03998_,202.76
_04687_,202.59
_01931_,202.18
_02219_,202.04
_04097_,201.76
_03424_,201.28
_04610_,201.23
_02075_,201.06
_02853_,200.9
_02648_,200.895
_01593_,200.72
_01591_,200.61
_01949_,200.53
_03502_,200.3
net54,200.06
_01912_,199.98
_02201_,199.9
_04171_,199.64
_02652_,199.52
_02240_,199.19
_02243_,199.04
_02662_,198.99
_02261_,198.73
_03098_,198.7
_03252_,198.58
_01587_,198.34
_02044_,198.32
_02120_,197.94
_04318_,197.74
_02092_,197.26
_01733_,196.635
_02865_,196.62
_04598_,196.52
_02226_,196.16
_03259_,195.91
_02245_,195.74
_03684_,195.72
_02141_,195.68
_04504_,195.62
_01577_,195.4
_04880_,195.24
_02217_,195.09
_04566_,195.08
ID_EX_NPC\[30\],194.83
_04506_,194.76
_02961_,194.4
_05652_,194.39
_02134_,194.22
_04787_,194.22
_02425_,193.97
_02127_,193.52
EX_MEM_IR\[10\],193.14
_04207_,192.96
_04492_,192.95
_02548_,192.895
_02170_,192.7
_03443_,192.38
_02037_,192.2
_02207_,191.68
_02203_,191.64
_01950_,191.58
_01957_,191.57
_01978_,191.44
_01889_,191.36
_02637_,191.04
ID_EX_A\[30\],190.9
_01942_,190.85
_02222_,190.74
_02057_,190.18
_04656_,190.035
_04052_,189.92
_04480_,189.84
_02194_,189.32
_02085_,189.3
MEM_WB_ALUOUT\[27\],189.14
_02249_,189.06
_02126_,189.01
_04475_,188.965
_02098_,188.86
_02099_,188.7
_01877_,188.67
_01888_,188.64
_02113_,188.38
_01943_,188.04
_02058_,187.9
_02074_,187.86
ID_EX_IMMEDIATE\[5\],187.72
_02501_,187.26
_02234_,186.98
_02279_,186.9
_05026_,186.76
ID_EX_NPC\[31\],186.67
_02224_,186.6
net67,186.43
_03992_,186.42
_02066_,186.395
_02780_,186.38
_02755_,186.28
_02215_,186.26
_02211_,186.18
_05061_,186.04
_03034_,185.54
_02635_,184.94
_04518_,184.9
net71,184.84
_02654_,184.8
net27,184.71
_02729_,184.34
_02051_,183.68
_02876_,183.68
_01956_,183.62
ID_EX_A\[15\],183.58
_03461_,183.42
_03673_,183.17
net199,183.16
_03284_,182.855
_01921_,182.8
_04026_,182.6
_05015_,182.46
_03842_,182.25
_02475_,181.94
_02106_,181.72
_01935_,181.59
_02067_,181.48
_02205_,181.14
_04618_,181.035
_04642_,180.99
_02512_,180.8
_03828_,180.66
_02036_,180.54
_04680_,180.32
_03756_,180.06
_02147_,179.72
_05329_,179.72
_03470_,179.71
_02159_,179.54
_04488_,179.23
_02220_,179.16
_01783_,178.96
_04281_,178.79
_04494_,178.5
_03329_,177.92
_04050_,177.9
_04020_,177.38
_02105_,177.04
_02436_,177.01
_05055_,176.66
_02140_,176.41
_03792_,175.76
_04621_,175.7
_02707_,175.5
_02255_,175.02
_04000_,174.86
_02181_,174.78
_02962_,174.64
_02537_,174.24
_01905_,174.13
_02802_,174.115
ID_EX_B\[21\],174.04
net51,173.86
_05687_,173.84
_04516_,173.72
_03853_,173.61
_03089_,173.2
_04489_,173.12
_03781_,172.6
_02251_,172.38
_04330_,172.095
_03069_,171.78
_04979_,171.76
_03734_,171.58
_01869_,171.15
_01891_,170.46
_02232_,170.37
IF_ID_IR\[20\],170.18
_02464_,170.11
_02901_,170.095
net69,170.09
_03312_,169.56
MEM_WB_ALUOUT\[25\],169.32
_01871_,169.15
ID_EX_B\[5\],168.96
_03720_,168.93
clknet_4_10__leaf_clk,168.82
_04445_,168.77
_02766_,168.72
_04471_,168.72
_02253_,168.665
_02828_,168.365
_02236_,168.18
_01584_,168.12
_02065_,168.08
_03698_,168.07
_03770_,168.06
_03240_,168.02
_01552_,167.995
_04442_,167.65
_04024_,167.47
_02326_,167.38
_03662_,167.34
_02363_,166.98
_02352_,166.9
_03020_,166.85
_04496_,166.74
_02029_,166.69
_04538_,166.55
ID_EX_A\[11\],166.37
_05718_,165.99
_02315_,165.72
_03924_,165.16
net70,164.9
_03709_,164.285
_02854_,164.16
net75,164.12
net74,162.735
_03864_,162.36
_02290_,162.32
_02077_,162.295
_02341_,162.28
_02984_,162.27
_02241_,162.1
_02490_,162.05
_02414_,161.6
ID_EX_A\[5\],161.42
_02973_,161.4
_02948_,161.355
_04958_,161.34
_04109_,161.18
ID_EX_B\[22\],161
net42,161
_03477_,160.34
EX_MEM_ALUOUT\[3\],160.27
ID_EX_IR\[12\],160.14
_03806_,160.02
MEM_WB_ALUOUT\[28\],159.86
_03817_,159.7
_03074_,159.44
_02400_,159.25
_02623_,159.08
_02526_,159.07
_05617_,158.87
_03745_,158.64
_04505_,158.48
_02453_,158.46
ID_EX_B\[27\],158.44
_03091_,157.96
_04513_,157.92
_02682_,157.75
_04054_,157.68
_02602_,157.58
_01592_,157.3
_04542_,157.165
net22,157
net169,156.9
_03464_,156.73
net58,156.7
_02644_,156.67
_04377_,156.44
_04006_,156.3
_04072_,156.26
_03913_,156.22
_01602_,156.16
_02078_,155.9
_03278_,155.59
ID_EX_B\[24\],155.42
_02912_,155.4
_04612_,155.08
_04793_,155
_02998_,154.96
_02839_,154.84
_04391_,154.84
MEM_WB_ALUOUT\[23\],154.52
_01590_,154.46
_02268_,154.28
ID_EX_B\[17\],154.2
_03407_,154.18
_02693_,154.17
_04146_,153.98
_03103_,153.9
EX_MEM_IR\[7\],153.78
_04490_,153.66
_01916_,153.505
EX_MEM_IR\[8\],153.45
_01987_,153.16
_04625_,153.025
_04532_,152.5
_04575_,152.46
_01687_,152.28
_04459_,151.95
_02081_,151.88
_02071_,151.675
EX_MEM_IR\[9\],151.54
_02937_,151.355
_02304_,151.26
_02890_,150.92
_04355_,150.84
_03056_,150.75
_01520_,150.72
_03045_,150.16
ID_EX_A\[13\],150.08
_03949_,150.04
_04183_,150
_05908_,149.86
_01880_,149.58
ID_EX_B\[6\],149.48
_02584_,149.295
_04061_,149.28
_03489_,148.96
_04293_,148.695
_04018_,148.18
_04500_,148.12
_01925_,148.04
_02926_,147.96
_03935_,147.96
_04427_,147.92
_04044_,147.6
_02389_,147.46
_03009_,147.16
_05888_,146.98
_04304_,146.815
_03291_,146.44
_05433_,146.36
_01926_,146.2
clknet_leaf_111_clk,145.93
_03986_,145.77
_02744_,145.68
_05295_,145.66
_01982_,145.64
_04282_,145.4
_01917_,145.315
_04754_,145.07
_01594_,145.05
net19,144.86
_03900_,144.54
_05804_,144.53
_04444_,144.22
_01555_,144.2
ID_EX_B\[28\],144.14
net44,144.14
_03960_,144.02
_05954_,143.92
_03971_,143.74
_04032_,143.7
_01927_,143.62
_05059_,143.32
_01903_,143.02
_01599_,142.93
_03989_,142.76
_03369_,142.52
_05581_,142.425
_02573_,142.235
_03350_,142.14
_04366_,141.3
_04002_,141.28
_01878_,141.2
_05769_,141.1
MEM_WB_ALUOUT\[26\],141.06
_05021_,141.06
_04792_,141.04
_03388_,140.88
_04172_,140.82
_04462_,140.76
_04048_,140.34
_04541_,140.22
_04208_,140
_05952_,139.66
_03294_,139.06
_02817_,138.98
_04810_,138.69
_02199_,138.68
ID_EX_A\[14\],138.67
net43,138.16
_03108_,137.96
ID_EX_B\[31\],137.94
MEM_WB_ALUOUT\[24\],137.46
ID_EX_A\[8\],137.4
_02562_,137.38
_04478_,137.32
_02378_,136.2
_01932_,136.08
_04267_,136.04
_01588_,135.99
_04776_,135.56
_05568_,134.925
_05597_,134.62
_04341_,134.27
IF_ID_IR\[21\],134.2
ID_EX_B\[30\],133.83
_05025_,133.62
_04507_,133.52
_03889_,133.32
_01597_,132.895
_04527_,132.48
ID_EX_B\[26\],132.32
_04531_,132.14
net73,132.125
_02062_,131.6
_05479_,131.59
ID_EX_B\[29\],131
_05212_,130.83
_01892_,130.62
_04219_,130.42
clknet_leaf_53_clk,130.3
clknet_3_5_0_clk,130.3
EX_MEM_ALUOUT\[2\],129.94
_05682_,129.52
clknet_leaf_152_clk,129.38
_04482_,129.31
_04098_,129.22
_01684_,128.85
_05648_,128.8
_05143_,128.7
_00032_,128.36
MEM_WB_ALUOUT\[21\],128.26
_03878_,128.22
MEM_WB_ALUOUT\[29\],127.54
_04510_,127.385
ID_EX_B\[2\],127.065
EX_MEM_ALUOUT\[20\],126.78
_04008_,126.58
_04036_,126.52
_05060_,126.5
_04956_,126.48
_04526_,126.4
_04539_,126.1
_03295_,125.9
_04319_,125.9
_03996_,125.8
_03481_,125.76
_03170_,125.48
_03245_,125.06
_04724_,125.04
_04120_,124.98
_04042_,124.84
_04245_,124.66
_04413_,124.48
_04256_,124.185
clknet_3_0_0_clk,123.85
clknet_leaf_55_clk,123.29
clknet_3_2_0_clk,122.91
_04556_,122.86
_05715_,122.76
_04022_,122.48
clknet_leaf_178_clk,122.28
_04194_,122.24
clknet_leaf_110_clk,122.155
_04135_,122.1
_04741_,121.85
_04574_,121.74
clknet_leaf_39_clk,121.74
_04046_,121.26
_03228_,120.78
_04083_,120.76
clknet_leaf_57_clk,120.74
_05009_,120.47
clknet_leaf_73_clk,120.375
_05801_,120.32
_04701_,119.5
_05137_,119.43
_01732_,119.2
_05887_,118.7
net37,118.44
_04030_,118.42
clknet_leaf_141_clk,118.42
MEM_WB_ALUOUT\[20\],118.28
ID_EX_B\[16\],118.175
_04010_,117.87
_03150_,117.72
_04453_,117.7
_04157_,117.62
_03264_,117.54
clknet_leaf_58_clk,117.44
_03086_,117.38
clknet_leaf_88_clk,116.78
_05279_,116.76
_03210_,116.74
_03132_,116.64
_04650_,116.37
clknet_3_4_0_clk,116.35
clknet_leaf_49_clk,116.04
_01565_,115.62
_05553_,115.53
_05599_,115.36
_05767_,115.24
clknet_leaf_142_clk,114.975
clknet_leaf_99_clk,114.96
_05052_,114.8
_04534_,114.6
_02742_,114.46
clknet_leaf_172_clk,114.02
net55,113.48
_04986_,113.3
_04038_,113.2
_05896_,113.08
_04443_,112.98
_01901_,112.805
_04517_,112.77
clknet_leaf_10_clk,112.67
_04631_,112.115
_03114_,111.58
net1,111.5
clknet_leaf_11_clk,111.4
_04515_,111.315
REG\[7\]\[0\],110.78
_05871_,110.57
clknet_leaf_20_clk,110.42
clknet_leaf_100_clk,110.375
_05138_,110.26
clknet_leaf_155_clk,110.21
_04479_,110.1
clknet_leaf_61_clk,109.96
clknet_leaf_29_clk,109.94
MEM_WB_ALUOUT\[31\],109.88
_03189_,109.8
_04402_,109.8
clknet_leaf_85_clk,109.795
clknet_leaf_103_clk,109.74
_05953_,109.32
EX_MEM_ALUOUT\[0\],108.97
clknet_leaf_5_clk,108.92
clknet_3_7_0_clk,108.8
net6,108.7
clknet_leaf_170_clk,108.695
clknet_leaf_34_clk,107.74
_05559_,107.4
ID_EX_B\[18\],107.38
clknet_leaf_127_clk,107.355
clknet_3_6_0_clk,107.34
_02451_,107.22
clknet_leaf_16_clk,106.4
net603,106.02
clknet_leaf_75_clk,105.99
_05162_,105.96
_01870_,105.88
MEM_WB_ALUOUT\[22\],105.84
clknet_leaf_144_clk,105.78
clknet_leaf_131_clk,105.68
clknet_leaf_69_clk,105.66
_01566_,105.63
clknet_leaf_163_clk,105.59
_04674_,105.46
_05723_,105.09
clknet_leaf_14_clk,105
_03301_,104.96
_04056_,104.54
clknet_leaf_56_clk,104.175
clknet_leaf_38_clk,103.85
_04935_,103.66
clknet_leaf_126_clk,103.2
clknet_leaf_51_clk,102.82
clknet_leaf_139_clk,102.42
clknet_leaf_160_clk,102.34
clknet_leaf_22_clk,101.97
clknet_leaf_79_clk,101.94
_03585_,101.8
clknet_leaf_168_clk,101.7
_04487_,101.62
clknet_leaf_48_clk,101.6
_03633_,101.58
clknet_leaf_166_clk,101.57
clknet_leaf_28_clk,101.515
REG\[7\]\[1\],101.48
_02196_,101.47
_02600_,101.26
ID_EX_B\[8\],100.9
clknet_leaf_113_clk,100.73
_05042_,100.64
clknet_leaf_173_clk,100.6
_04601_,100.59
_03468_,100.4
clknet_leaf_90_clk,100.3
ID_EX_B\[15\],99.97
_03649_,99.96
_03617_,99.92
clknet_leaf_24_clk,99.54
clknet_leaf_167_clk,99.54
_04643_,99.48
net247,99.18
_05949_,99.16
clknet_leaf_62_clk,98.66
net177,98.6
clknet_leaf_116_clk,98.52
_03505_,98.1
_04664_,98.06
clknet_leaf_6_clk,97.92
_01824_,97.9
clknet_leaf_171_clk,97.78
_04230_,97.595
_05777_,97.57
_04647_,97.54
clknet_leaf_169_clk,97.42
_03487_,97.3
clknet_3_3_0_clk,97.05
clknet_leaf_164_clk,97
_03521_,96.9
_04536_,96.48
_05765_,96.06
_05930_,96.01
_02266_,95.98
_03569_,95.64
_02376_,95.29
_05150_,94.985
_03279_,94.36
clknet_leaf_89_clk,94.2
_03414_,94.18
clknet_leaf_32_clk,94.16
clknet_leaf_101_clk,93.86
ID_EX_B\[7\],93.76
_05806_,93.38
_04791_,93.24
_05071_,93.2
ID_EX_B\[13\],92.96
_03601_,92.56
REG\[7\]\[2\],92.3
clknet_leaf_15_clk,92.2
_02157_,91.82
clknet_leaf_153_clk,91.72
clknet_leaf_136_clk,91.5
_01522_,91.185
_01770_,91.04
clknet_leaf_146_clk,91.04
_03396_,90.98
clknet_leaf_104_clk,90.9
clknet_leaf_91_clk,90.86
clknet_leaf_154_clk,90.86
_04426_,90.74
clknet_leaf_1_clk,90.5
clknet_leaf_81_clk,90.44
ID_EX_B\[3\],90.365
clknet_leaf_65_clk,90.34
_04854_,89.7
_03319_,89.64
_03357_,89.58
_05776_,89.5
_03376_,89.28
_05463_,89.24
clknet_3_1_0_clk,89.21
_04908_,89
_01554_,88.89
_03431_,88.88
clknet_leaf_67_clk,88.86
_03553_,88.84
_05284_,88.7
ID_EX_B\[19\],88.66
_04851_,88.6
ID_EX_NPC\[16\],88.22
_03450_,88.12
clknet_leaf_30_clk,87.995
clknet_leaf_60_clk,87.995
_04964_,87.68
clknet_leaf_158_clk,87.485
clknet_leaf_46_clk,87.33
_03282_,87.28
_05864_,87.28
clknet_leaf_44_clk,87.1
clknet_leaf_41_clk,86.825
_04752_,86.72
MEM_WB_ALUOUT\[30\],86.56
_04763_,86.3
clknet_leaf_4_clk,86.275
_04801_,86.24
EX_MEM_ALUOUT\[7\],85.88
clknet_leaf_64_clk,85.74
_04460_,85.67
ID_EX_NPC\[0\],85.4
clknet_leaf_70_clk,85.24
clknet_leaf_94_clk,85.2
clknet_leaf_42_clk,85.15
_03337_,85.08
_01521_,84.94
clknet_leaf_124_clk,84.92
_01874_,84.56
ID_EX_B\[11\],84.46
MEM_WB_LDM\[26\],84.44
clknet_leaf_12_clk,84.42
clknet_leaf_40_clk,84.06
clknet_leaf_115_clk,84.06
clknet_leaf_54_clk,83.89
EX_MEM_ALUOUT\[9\],83.76
_04514_,83.74
_04777_,83.63
clknet_leaf_27_clk,83.455
clknet_leaf_128_clk,83.42
clknet_leaf_147_clk,83.42
REG\[7\]\[25\],83.355
clknet_leaf_130_clk,83
_04749_,82.96
_03298_,82.78
clknet_leaf_80_clk,82.6
_04508_,82.49
clknet_leaf_36_clk,82.49
_05151_,82.4
clknet_leaf_23_clk,82.32
clknet_leaf_72_clk,82.14
clknet_leaf_125_clk,82.12
ID_EX_A\[0\],82.04
clknet_leaf_87_clk,81.86
_03627_,81.68
clknet_leaf_26_clk,81.62
_03537_,81.28
clknet_leaf_83_clk,81.28
_04848_,81.18
clknet_leaf_105_clk,81.18
_05019_,81.02
ID_EX_IMMEDIATE\[3\],80.76
_01731_,80.32
_01868_,80.26
_04659_,80.14
clknet_leaf_184_clk,80.1
clknet_leaf_162_clk,80
_05552_,79.94
clknet_leaf_176_clk,79.78
clknet_leaf_179_clk,79.52
ID_EX_B\[12\],79.36
clknet_leaf_151_clk,79.26
_05072_,79.2
clknet_leaf_71_clk,79.16
clknet_leaf_107_clk,79.16
_04545_,79.06
_05141_,79.02
net187,78.88
clknet_leaf_19_clk,78.68
_05459_,78.54
clknet_leaf_37_clk,78.22
_04537_,77.88
_05663_,77.78
clknet_leaf_18_clk,77.64
clknet_leaf_77_clk,77.28
ID_EX_NPC\[14\],77.18
net36,77.08
_05584_,77
ID_EX_B\[20\],76.99
clknet_leaf_47_clk,76.94
_05364_,76.52
clknet_leaf_97_clk,76.34
ID_EX_B\[10\],76.2
clknet_leaf_121_clk,75.92
clknet_leaf_76_clk,75.78
_05746_,75.77
clknet_leaf_66_clk,75.66
_03333_,75.64
_04615_,75.6
net17,75.48
clknet_leaf_117_clk,75.16
clknet_leaf_106_clk,74.78
clknet_leaf_2_clk,74.48
clknet_leaf_149_clk,74.4
clknet_leaf_74_clk,73.6
_05215_,73.32
_05619_,73.25
_04686_,72.64
clknet_leaf_129_clk,72.58
clknet_leaf_114_clk,72.52
clknet_leaf_25_clk,72.34
clknet_leaf_180_clk,72.06
_04639_,71.34
clknet_leaf_140_clk,71.24
_04981_,70.92
_05100_,70.86
_04544_,70.36
_01557_,69.94
_03111_,69.94
_04446_,69.78
_03498_,69.72
_03315_,69.62
_05903_,69.59
_03372_,69.36
_04838_,69.34
clknet_leaf_157_clk,69.32
_04522_,69.3
_01559_,69.055
_03185_,69
_05302_,69
clknet_leaf_17_clk,68.8
clknet_leaf_59_clk,68.44
clknet_leaf_181_clk,68.245
_05081_,68.1
_05512_,68.06
ID_EX_NPC\[3\],68.04
clknet_leaf_183_clk,67.6
net119,67.325
ID_EX_A\[4\],67.09
_03659_,66.64
_03547_,66.58
clknet_leaf_86_clk,66.56
_04530_,66.52
net207,66.42
clknet_leaf_84_clk,66.22
REG\[7\]\[17\],66.205
_05080_,65.955
_01564_,65.93
clknet_leaf_119_clk,65.84
_03447_,65.76
_05191_,65.74
_03166_,65.62
_04994_,65.43
net49,65
ID_EX_B\[14\],64.98
REG\[7\]\[27\],64.685
clknet_leaf_118_clk,64.6
_03643_,64.52
_03598_,64.42
_03261_,64.4
clknet_leaf_31_clk,64.38
_04573_,64.36
_05149_,64.36
_03353_,64.28
_05999_,64.28
clknet_leaf_134_clk,64.14
_03582_,64.04
clknet_leaf_137_clk,64
_01879_,63.635
net190,63.48
ID_EX_NPC\[12\],63.24
_05464_,63.18
_03566_,62.98
_05967_,62.98
MEM_WB_ALUOUT\[13\],62.94
_03646_,62.78
EX_MEM_ALUOUT\[4\],62.72
net76,62.445
_05614_,62.44
clknet_leaf_9_clk,62.3
net118,62.245
_03630_,62.1
EX_MEM_ALUOUT\[27\],62.04
_05503_,61.97
_03611_,61.92
clknet_leaf_82_clk,61.74
clknet_leaf_156_clk,61.72
_03595_,61.52
ID_EX_NPC\[5\],61.28
_03242_,61.22
_03206_,60.9
_05031_,60.84
net9,60.78
ID_EX_B\[9\],60.76
_04533_,60.7
_04509_,60.68
_04520_,60.21
_03518_,60.1
_05078_,60.03
_03501_,59.76
_05077_,59.76
clknet_leaf_33_clk,59.64
_03428_,59.62
_03465_,59.56
clknet_leaf_174_clk,59.56
_05708_,59.5
MEM_WB_ALUOUT\[19\],59.36
clknet_leaf_177_clk,59.32
clknet_leaf_92_clk,59.22
_04458_,59.2
_05690_,59.2
_03410_,59.14
_04584_,59.12
_03146_,59.06
net1363,58.92
_03484_,58.86
_05961_,58.86
_03531_,58.74
_01809_,58.6
_04812_,58.55
_03579_,58.52
ID_EX_A\[10\],58.5
net116,58.405
_03392_,58.4
_05446_,58.37
_05900_,58.37
clknet_leaf_138_clk,58.16
_03224_,58.1
clknet_leaf_148_clk,57.98
ID_EX_IR\[14\],57.6
clknet_leaf_159_clk,57.54
_03550_,57.46
_03128_,57.44
clknet_leaf_122_clk,57.26
_03077_,57.16
_05121_,57.12
_04942_,57.1
_04512_,57.02
ID_EX_IMMEDIATE\[2\],56.96
clknet_leaf_13_clk,56.94
_05850_,56.6
clknet_leaf_45_clk,56.6
clknet_leaf_78_clk,56.6
_05328_,56.56
_05943_,56.54
_05014_,56.5
REG\[7\]\[19\],56.34
ID_EX_NPC\[4\],56.02
_05897_,55.94
ID_EX_NPC\[27\],55.68
REG\[7\]\[28\],55.62
_03614_,55.46
_03255_,55.2
_05267_,55.1
clknet_leaf_35_clk,55.06
_05735_,54.98
_03515_,54.92
clknet_leaf_63_clk,54.92
net41,54.86
clknet_leaf_3_clk,54.86
_03563_,54.84
REG\[7\]\[18\],54.655
_05906_,54.16
clknet_leaf_93_clk,54.16
clknet_leaf_132_clk,54.14
_01768_,54.02
_04919_,53.94
ID_EX_NPC\[28\],53.735
_04841_,53.7
_01867_,53.64
_04594_,53.64
_04630_,53.64
_03534_,53.46
_03480_,53.38
_05721_,53.2
_05805_,53.2
_04699_,53.12
ID_EX_NPC\[21\],53.08
_05772_,52.94
ID_EX_NPC\[22\],52.92
clknet_leaf_7_clk,52.8
_05131_,52.74
_05498_,52.685
_04779_,52.665
_05730_,52.58
net209,52.305
_05054_,52.24
_05840_,52.18
clknet_leaf_143_clk,52.18
MEM_WB_ALUOUT\[16\],51.88
_05831_,51.8
EX_MEM_ALUOUT\[5\],51.68
net188,51.66
_04951_,51.5
clknet_leaf_145_clk,51.18
clknet_leaf_52_clk,51
_04978_,50.9
_05740_,50.9
_05975_,50.88
REG\[7\]\[22\],50.55
_04965_,50.36
REG\[7\]\[23\],50.305
_04798_,50.04
ID_EX_NPC\[6\],49.94
_05849_,49.76
_05867_,49.7
clknet_leaf_182_clk,49.52
EX_MEM_ALUOUT\[6\],49.44
_05474_,49.42
_01882_,49.385
_01919_,49.2
_05223_,49.04
net132,48.885
_03219_,48.76
_05414_,48.66
net210,48.64
_01801_,48.44
ID_EX_A\[9\],48.36
_05148_,48.36
_05812_,48.36
clknet_leaf_50_clk,48.24
MEM_WB_ALUOUT\[15\],48.22
REG\[8\]\[18\],48.185
_03238_,48.12
_05318_,47.7
_05347_,47.66
_05521_,47.66
_05891_,47.52
ID_EX_A\[6\],47.5
clknet_leaf_21_clk,47.5
_04473_,47.425
net152,47.34
clknet_leaf_43_clk,47.32
_03202_,47.3
_05311_,47.26
clknet_leaf_98_clk,47.26
clknet_leaf_161_clk,47.08
net1312,46.98
REG\[10\]\[23\],46.825
ID_EX_NPC\[2\],46.72
ID_EX_IMMEDIATE\[0\],46.62
_02488_,46.37
net178,46.34
ID_EX_NPC\[29\],46.32
_01798_,46.25
clknet_leaf_133_clk,46.24
_03104_,46.18
_03182_,46.14
_03163_,46
_05815_,46
_05813_,45.78
_04850_,45.695
MEM_WB_ALUOUT\[10\],45.62
_01774_,45.5
clknet_leaf_8_clk,45.43
_03125_,45.3
_01834_,45.29
EX_MEM_IR\[13\],45.18
EX_MEM_IR\[0\],45.12
_03236_,44.86
_05554_,44.74
REG\[7\]\[29\],44.72
_05478_,44.6
_05833_,44.6
_04761_,44.48
_03140_,44.22
MEM_WB_LDM\[13\],44.14
clknet_leaf_165_clk,44.14
ID_EX_A\[7\],44.12
ID_EX_A\[17\],44.04
_01562_,43.99
_05323_,43.82
_03142_,43.8
_05264_,43.68
_05379_,43.66
_03123_,43.54
_05798_,43.18
clknet_leaf_102_clk,43.08
_04454_,42.9
_05979_,42.9
_05481_,42.865
_05973_,42.845
_04589_,42.76
_05442_,42.62
_05133_,42.6
_03257_,42.46
_04806_,42.39
_04786_,42.32
_05524_,42.3
net1297,42.3
_05799_,42.2
_04940_,42.18
_03180_,42.14
_04477_,42.12
_04823_,42
ID_EX_IR\[15\],41.99
_04658_,41.98
_05044_,41.96
_05978_,41.94
_04809_,41.89
_05007_,41.8
ID_EX_IMMEDIATE\[1\],41.74
net150,41.74
clknet_leaf_109_clk,41.68
_01847_,41.6
_03591_,41.58
_04970_,41.54
clknet_leaf_175_clk,41.48
net125,41.385
_05909_,41.32
_03160_,41.22
clknet_leaf_123_clk,41.2
_03112_,41.16
_05497_,41.13
_05693_,41.085
_05865_,41.08
ID_EX_NPC\[26\],41.04
_01887_,41.04
_05744_,40.82
_05204_,40.66
REG\[10\]\[20\],40.585
net1301,40.56
_05356_,40.52
_05612_,40.5
REG\[7\]\[7\],40.425
_05135_,40.4
EX_MEM_ALUOUT\[8\],40.34
REG\[7\]\[30\],40.34
_04844_,40.31
_03275_,40.3
_03273_,40.24
_05910_,40.2
REG\[12\]\[2\],40.12
_04952_,40.06
net160,40.04
net136,39.865
_05968_,39.66
_05440_,39.595
_05449_,39.54
REG\[7\]\[26\],39.505
ID_EX_NPC\[13\],39.36
_03200_,39.34
_03221_,39.32
_05239_,39.3
_05447_,39.24
_02139_,39.22
net56,39.16
_03354_,39.09
_04796_,38.82
_05965_,38.74
_05173_,38.6
REG\[14\]\[18\],38.56
_05522_,38.48
_01563_,38.47
_05010_,38.36
REG\[13\]\[28\],38.335
MEM_WB_IR\[7\],38.28
_04243_,38.26
_03280_,38.13
_05556_,38.12
_04824_,38.1
_03325_,38.08
_04557_,38
_04987_,37.96
_05436_,37.84
REG\[14\]\[17\],37.82
_05494_,37.7
_05350_,37.64
_04591_,37.6
REG\[7\]\[16\],37.5
_01556_,37.46
_04797_,37.46
_05495_,37.42
_04800_,37.38
REG\[9\]\[2\],37.34
REG\[7\]\[21\],37.1
REG\[11\]\[20\],37.06
DM\[1\]\[11\],37
_05236_,36.98
REG\[7\]\[8\],36.965
_05132_,36.965
_04607_,36.94
_05299_,36.92
MEM_WB_ALUOUT\[14\],36.72
_04945_,36.72
REG\[15\]\[2\],36.7
_01569_,36.68
_01941_,36.66
_03535_,36.625
_04847_,36.585
REG\[7\]\[5\],36.58
_04820_,36.58
net124,36.525
_02146_,36.44
_05679_,36.44
REG\[10\]\[28\],36.42
REG\[7\]\[14\],36.34
_02073_,36.2
clknet_leaf_96_clk,36.2
clknet_leaf_68_clk,36.14
REG\[7\]\[24\],36.135
_01884_,35.96
_04836_,35.96
_05756_,35.96
_02064_,35.94
_05957_,35.76
_05485_,35.72
_05960_,35.695
_03542_,35.66
_04718_,35.54
_05490_,35.44
_05707_,35.425
MEM_WB_ALUOUT\[12\],35.4
_05172_,35.22
ID_EX_IR\[13\],35.18
REG\[9\]\[0\],35.08
net128,35.065
_05399_,35.02
_02035_,34.94
_04657_,34.86
_03106_,34.84
net104,34.825
_05116_,34.72
_05590_,34.72
_05047_,34.62
_05126_,34.605
_05606_,34.52
_05206_,34.48
_05288_,34.465
_05820_,34.38
_05959_,34.365
_04983_,34.36
_05861_,34.24
_05918_,34.24
_02125_,34.22
_04729_,34.14
_05357_,34.12
_05567_,34.04
_04521_,33.94
_05504_,33.9
_05886_,33.9
_02104_,33.86
_05720_,33.84
DM\[1\]\[27\],33.82
_05907_,33.82
_01993_,33.8
_04590_,33.8
clknet_leaf_112_clk,33.76
_04564_,33.64
_03198_,33.62
_01955_,33.58
_01586_,33.52
clknet_leaf_150_clk,33.48
_03581_,33.38
_05666_,33.38
EX_MEM_IR\[1\],33.36
_00004_,33.3
net93,33.165
_05228_,33.12
_02118_,33.08
_05063_,33.08
_05626_,33.08
_02049_,33
_03360_,32.96
_05439_,32.905
_05181_,32.9
_03127_,32.88
REG\[7\]\[3\],32.8
_02090_,32.8
_01948_,32.78
_04944_,32.76
_04977_,32.74
_03599_,32.73
REG\[7\]\[15\],32.72
EX_MEM_IR\[12\],32.64
REG\[7\]\[13\],32.635
ID_EX_NPC\[18\],32.61
_03187_,32.52
DM\[1\]\[19\],32.48
_05387_,32.4
_05913_,32.4
_04941_,32.38
_04774_,32.36
net137,32.265
DM\[29\]\[11\],32.26
MEM_WB_ALUOUT\[17\],32.24
ID_EX_NPC\[17\],32.2
ID_EX_NPC\[20\],32.16
REG\[9\]\[18\],32.115
net1295,32.08
_03631_,32
REG\[8\]\[0\],31.985
_05974_,31.94
_02152_,31.88
_04711_,31.82
_05404_,31.805
_04708_,31.76
_06012_,31.665
_01828_,31.66
_05192_,31.66
_05049_,31.64
_02097_,31.6
REG\[8\]\[17\],31.465
net1240,31.44
_05222_,31.42
_05287_,31.36
_05542_,31.34
_04915_,31.3
_05984_,31.24
net557,31.22
_01582_,31.155
DM\[28\]\[26\],31.14
_04815_,31.12
_05313_,31.1
net1203,31.08
net130,31.065
IF_ID_IR\[9\],31.02
_01969_,30.98
REG\[15\]\[17\],30.96
_02014_,30.92
_05983_,30.86
_02132_,30.8
_01738_,30.78
_03403_,30.78
_03314_,30.76
_04966_,30.74
_05912_,30.72
_03485_,30.66
_05088_,30.66
_05203_,30.58
_05384_,30.565
_03419_,30.54
_03457_,30.52
_05985_,30.46
_05115_,30.44
_01835_,30.38
_01679_,30.34
_01792_,30.32
_03177_,30.22
_05381_,30.16
_05816_,30.12
_03466_,30.1
_03519_,30.1
_03511_,29.96
_00016_,29.94
_03232_,29.94
REG\[7\]\[4\],29.92
_04984_,29.92
_03448_,29.86
_05037_,29.86
_03527_,29.84
_05091_,29.84
_04997_,29.8
_05448_,29.76
_03551_,29.72
_01976_,29.7
DM\[1\]\[26\],29.64
_04563_,29.62
DM\[20\]\[1\],29.6
_03271_,29.5
_05771_,29.47
_04476_,29.44
DM\[30\]\[20\],29.43
_03639_,29.42
_04932_,29.32
DM\[1\]\[31\],29.2
_03456_,29.2
_05431_,29.2
_02083_,29.18
_02111_,29.18
_03262_,29.18
_05058_,29.16
_03285_,29.14
_05929_,29.12
_04864_,29.095
net786,29.04
ID_EX_NPC\[19\],28.94
REG\[8\]\[16\],28.94
_03374_,28.94
_05254_,28.93
DM\[1\]\[10\],28.875
_05340_,28.86
_05583_,28.86
_05685_,28.86
_01817_,28.82
_04828_,28.82
REG\[7\]\[20\],28.8
_03384_,28.78
_05048_,28.78
ID_EX_NPC\[8\],28.74
_01852_,28.74
_01934_,28.72
_05848_,28.67
DM\[12\]\[25\],28.66
REG\[8\]\[1\],28.565
REG\[13\]\[25\],28.545
ID_EX_NPC\[1\],28.48
_03439_,28.48
REG\[10\]\[25\],28.46
REG\[7\]\[6\],28.46
_03297_,28.4
DM\[28\]\[2\],28.38
_01865_,28.375
DM\[13\]\[0\],28.36
IF_ID_IR\[1\],28.32
REG\[9\]\[17\],28.32
_04803_,28.32
_05317_,28.28
_03167_,28.26
_05557_,28.26
_02003_,28.24
_05027_,28.24
_01962_,28.14
_02056_,28.14
_05429_,28.14
DM\[28\]\[28\],28.12
REG\[12\]\[0\],28.12
REG\[9\]\[26\],28.12
_04899_,28.12
_00000_,28.1
REG\[13\]\[10\],28.06
_04937_,28.04
_05733_,28.04
DM\[28\]\[11\],28.02
_04668_,27.955
IF_ID_IR\[17\],27.94
_03503_,27.94
_05421_,27.92
DM\[28\]\[12\],27.9
clknet_leaf_0_clk,27.9
_01827_,27.88
_03380_,27.8
_03420_,27.8
_05372_,27.8
_03494_,27.78
_05480_,27.68
_05773_,27.68
_03543_,27.66
_02339_,27.64
REG\[7\]\[31\],27.62
REG\[13\]\[20\],27.595
DM\[1\]\[29\],27.5
_01576_,27.48
_05375_,27.47
_05561_,27.46
DM\[1\]\[17\],27.44
_03510_,27.42
_05154_,27.36
_03647_,27.34
_05576_,27.34
REG\[10\]\[17\],27.335
_03655_,27.32
_05845_,27.28
_04688_,27.24
_05134_,27.2
REG\[13\]\[0\],27.185
DM\[12\]\[15\],27.16
_05945_,27.14
_03225_,27.1
_03393_,27.1
_05502_,27.1
DM\[21\]\[2\],27
_03299_,27
_05051_,26.96
_05413_,26.9
_01805_,26.88
_03623_,26.88
MEM_WB_IR\[8\],26.875
REG\[7\]\[9\],26.855
_01832_,26.78
_03559_,26.78
DM\[21\]\[13\],26.76
DM\[29\]\[12\],26.72
_01909_,26.72
_01583_,26.68
DM\[20\]\[6\],26.64
_03234_,26.64
_03411_,26.64
_04825_,26.62
DM\[29\]\[3\],26.42
ID_EX_NPC\[23\],26.4
_04789_,26.36
_05982_,26.36
_05168_,26.32
net139,26.305
_03352_,26.3
ID_EX_NPC\[15\],26.28
_05802_,26.26
DM\[1\]\[9\],26.22
_04993_,26.22
_03243_,26.2
_01814_,26.18
_03341_,26.18
_01672_,26.1
_04877_,26.06
ID_EX_IR\[17\],26.02
_01803_,26.02
DM\[25\]\[20\],26
_05144_,26
_05487_,26
DM\[10\]\[26\],25.99
DM\[25\]\[27\],25.94
_03583_,25.94
_04896_,25.9
_05915_,25.9
REG\[10\]\[27\],25.86
_03207_,25.86
_03317_,25.86
_03343_,25.86
ID_EX_NPC\[7\],25.8
_01786_,25.78
_02025_,25.78
_04670_,25.78
_05401_,25.76
_03607_,25.72
_03984_,25.72
DM\[6\]\[19\],25.705
DM\[0\]\[20\],25.66
DM\[28\]\[8\],25.62
_03324_,25.62
_03334_,25.62
net88,25.565
clknet_leaf_135_clk,25.5
REG\[15\]\[7\],25.44
_04971_,25.44
net34,25.44
DM\[17\]\[26\],25.42
_04485_,25.4
_05214_,25.38
_05202_,25.34
_01843_,25.32
DM\[1\]\[15\],25.3
REG\[8\]\[7\],25.285
_01663_,25.28
_05579_,25.28
_05657_,25.265
REG\[14\]\[0\],25.26
DM\[1\]\[25\],25.2
_03574_,25.2
_04603_,25.195
REG\[7\]\[10\],25.18
IF_ID_IR\[7\],25.16
_03121_,25.14
_03507_,25.08
DM\[10\]\[16\],25.065
_03322_,25.06
_03429_,25.06
_05147_,25.02
_05958_,25.02
REG\[14\]\[16\],24.98
DM\[6\]\[21\],24.97
REG\[12\]\[24\],24.94
_03138_,24.94
_03308_,24.92
_05366_,24.92
_05544_,24.92
DM\[5\]\[0\],24.9
_04996_,24.9
_05467_,24.88
_05956_,24.84
DM\[12\]\[24\],24.72
_03253_,24.7
_03567_,24.7
_03130_,24.68
_05842_,24.66
DM\[21\]\[31\],24.62
REG\[15\]\[1\],24.62
_05067_,24.61
_00011_,24.6
_03434_,24.6
_04855_,24.6
DM\[26\]\[18\],24.585
DM\[1\]\[30\],24.58
_05127_,24.54
_05970_,24.52
DM\[25\]\[3\],24.5
_03619_,24.48
_05646_,24.48
_03223_,24.46
_04441_,24.46
DM\[20\]\[8\],24.4
_02669_,24.38
_04096_,24.38
DM\[10\]\[28\],24.345
_03081_,24.34
_05316_,24.32
DM\[1\]\[21\],24.3
_05543_,24.3
DM\[1\]\[8\],24.28
_01636_,24.26
_05560_,24.26
_05976_,24.26
DM\[1\]\[14\],24.22
DM\[1\]\[6\],24.16
_04833_,24.09
_05548_,24
_05786_,24
_05818_,23.98
_04548_,23.96
_05547_,23.92
DM\[24\]\[21\],23.86
_05219_,23.86
DM\[28\]\[24\],23.84
_01764_,23.84
DM\[24\]\[9\],23.82
REG\[15\]\[29\],23.82
_03157_,23.8
DM\[21\]\[15\],23.78
_02021_,23.76
DM\[8\]\[24\],23.75
_03446_,23.74
DM\[1\]\[3\],23.72
DM\[24\]\[23\],23.72
_02032_,23.7
_03072_,23.68
_05453_,23.68
DM\[18\]\[10\],23.67
_05964_,23.64
DM\[1\]\[23\],23.62
DM\[1\]\[5\],23.6
DM\[24\]\[31\],23.6
_01707_,23.6
REG\[9\]\[13\],23.59
_04921_,23.58
DM\[14\]\[8\],23.565
MEM_WB_LDM\[30\],23.56
_03475_,23.56
_05106_,23.56
DM\[6\]\[6\],23.51
_03099_,23.44
_03371_,23.44
DM\[6\]\[30\],23.425
_03526_,23.42
_05355_,23.42
REG\[9\]\[1\],23.38
_01567_,23.38
_01671_,23.38
_05438_,23.38
_03217_,23.34
_05034_,23.34
EX_MEM_ALUOUT\[31\],23.32
_01668_,23.3
_03645_,23.3
_05971_,23.3
DM\[1\]\[12\],23.28
REG\[11\]\[25\],23.26
DM\[1\]\[4\],23.24
_03453_,23.24
_05486_,23.24
DM\[12\]\[30\],23.22
_03277_,23.22
_03533_,23.22
_05128_,23.22
_03651_,23.2
_04790_,23.16
_05123_,23.16
_03577_,23.14
DM\[28\]\[16\],23.12
_03144_,23.08
DM\[23\]\[22\],23.06
REG\[9\]\[16\],23.06
_03437_,23.06
DM\[16\]\[0\],23.04
_00015_,23.02
DM\[9\]\[26\],23
DM\[12\]\[10\],22.99
_05470_,22.98
_05535_,22.98
_04491_,22.96
_05517_,22.96
REG\[12\]\[28\],22.94
REG\[15\]\[25\],22.94
_01699_,22.94
_05728_,22.94
DM\[1\]\[1\],22.9
DM\[28\]\[14\],22.9
DM\[17\]\[14\],22.88
REG\[13\]\[27\],22.88
_03147_,22.88
_05199_,22.88
net142,22.88
_03153_,22.86
_04974_,22.86
_01915_,22.84
_05565_,22.84
_05782_,22.84
EX_MEM_IR\[14\],22.82
DM\[21\]\[5\],22.8
_01859_,22.8
_05922_,22.765
_04058_,22.76
net937,22.76
_03331_,22.74
_05629_,22.74
_05793_,22.74
_05969_,22.72
DM\[21\]\[7\],22.68
DM\[9\]\[27\],22.66
_01620_,22.66
EX_MEM_ALUOUT\[28\],22.62
_01713_,22.62
DM\[30\]\[26\],22.585
_01984_,22.58
DM\[18\]\[0\],22.545
DM\[28\]\[9\],22.54
REG\[9\]\[25\],22.54
DM\[28\]\[30\],22.52
DM\[28\]\[27\],22.51
DM\[23\]\[27\],22.5
_03545_,22.5
_04481_,22.5
_04947_,22.5
DM\[13\]\[13\],22.48
_05241_,22.48
DM\[6\]\[26\],22.445
DM\[17\]\[19\],22.44
_01840_,22.42
_04975_,22.42
DM\[26\]\[11\],22.405
DM\[17\]\[29\],22.4
_03165_,22.4
_05981_,22.4
_03613_,22.38
DM\[17\]\[12\],22.36
DM\[17\]\[13\],22.36
_04818_,22.36
_05620_,22.35
IF_ID_IR\[16\],22.34
DM\[10\]\[13\],22.315
DM\[23\]\[20\],22.3
DM\[28\]\[17\],22.3
MEM_WB_LDM\[7\],22.3
_04451_,22.3
_05263_,22.3
DM\[28\]\[19\],22.28
_04466_,22.28
DM\[14\]\[1\],22.265
net63,22.26
_03327_,22.24
DM\[4\]\[24\],22.22
_05605_,22.22
DM\[26\]\[28\],22.21
_05538_,22.18
DM\[22\]\[7\],22.165
REG\[9\]\[20\],22.16
REG\[15\]\[16\],22.14
DM\[28\]\[3\],22.12
DM\[31\]\[11\],22.12
_03399_,22.12
DM\[0\]\[30\],22.1
DM\[28\]\[1\],22.1
DM\[10\]\[6\],22.09
DM\[28\]\[20\],22.08
_05855_,22.08
REG\[7\]\[12\],22.06
_01701_,22.06
_04926_,22.06
_03391_,22.04
_03427_,22.04
REG\[10\]\[31\],22.02
DM\[12\]\[29\],21.94
_03615_,21.94
DM\[17\]\[22\],21.92
DM\[21\]\[10\],21.92
_03363_,21.92
_05658_,21.89
DM\[23\]\[15\],21.88
DM\[21\]\[25\],21.86
DM\[25\]\[25\],21.85
DM\[24\]\[18\],21.84
DM\[13\]\[26\],21.82
REG\[7\]\[11\],21.82
DM\[12\]\[14\],21.81
_02143_,21.78
_05749_,21.78
DM\[10\]\[3\],21.745
DM\[21\]\[27\],21.74
DM\[19\]\[12\],21.72
DM\[20\]\[12\],21.72
_04856_,21.72
DM\[18\]\[17\],21.71
_03134_,21.7
_05796_,21.68
DM\[24\]\[27\],21.66
DM\[28\]\[23\],21.66
REG\[10\]\[4\],21.66
_05878_,21.64
DM\[24\]\[25\],21.62
_04431_,21.62
DM\[30\]\[23\],21.605
_01886_,21.6
_03260_,21.6
DM\[16\]\[9\],21.58
DM\[30\]\[6\],21.565
DM\[21\]\[1\],21.56
_03629_,21.56
_03417_,21.54
_05412_,21.54
DM\[4\]\[19\],21.52
_03194_,21.52
_05033_,21.51
DM\[30\]\[27\],21.505
DM\[1\]\[7\],21.49
REG\[13\]\[26\],21.48
_03409_,21.48
DM\[17\]\[15\],21.46
_05270_,21.46
DM\[30\]\[18\],21.445
DM\[4\]\[0\],21.44
_05662_,21.44
DM\[26\]\[17\],21.425
ID_EX_NPC\[24\],21.42
REG\[10\]\[16\],21.415
DM\[21\]\[23\],21.4
DM\[4\]\[23\],21.4
net588,21.38
net114,21.34
net176,21.325
DM\[1\]\[16\],21.32
DM\[31\]\[22\],21.26
_05790_,21.26
DM\[10\]\[20\],21.245
ID_EX_IR\[16\],21.24
_05838_,21.24
DM\[20\]\[19\],21.22
DM\[28\]\[18\],21.22
_05457_,21.22
_05808_,21.2
DM\[30\]\[1\],21.195
DM\[1\]\[0\],21.18
REG\[9\]\[22\],21.18
REG\[12\]\[1\],21.16
_03205_,21.16
DM\[24\]\[17\],21.14
_04433_,21.14
_05980_,21.14
DM\[6\]\[28\],21.13
DM\[14\]\[31\],21.105
DM\[0\]\[12\],21.08
ID_EX_A\[1\],21.06
_03382_,21.04
_05972_,21.02
DM\[2\]\[22\],21.005
DM\[6\]\[24\],21.005
net185,21
DM\[17\]\[10\],20.98
DM\[17\]\[18\],20.96
_01648_,20.96
DM\[9\]\[12\],20.94
_01624_,20.94
DM\[17\]\[31\],20.88
DM\[28\]\[5\],20.88
DM\[3\]\[11\],20.88
REG\[8\]\[28\],20.88
_01708_,20.88
_05272_,20.86
DM\[6\]\[29\],20.855
_01626_,20.84
_01726_,20.84
DM\[14\]\[7\],20.825
DM\[26\]\[21\],20.825
DM\[12\]\[18\],20.8
DM\[16\]\[23\],20.8
DM\[8\]\[17\],20.8
_02028_,20.8
_04597_,20.8
DM\[0\]\[26\],20.78
net166,20.76
REG\[10\]\[12\],20.735
DM\[14\]\[28\],20.705
DM\[6\]\[1\],20.705
REG\[13\]\[17\],20.695
DM\[1\]\[13\],20.68
DM\[21\]\[22\],20.68
_01711_,20.66
_04740_,20.66
DM\[30\]\[16\],20.645
DM\[17\]\[5\],20.64
DM\[1\]\[22\],20.64
DM\[1\]\[2\],20.64
DM\[21\]\[30\],20.64
DM\[28\]\[4\],20.64
DM\[9\]\[13\],20.64
DM\[12\]\[19\],20.62
DM\[9\]\[11\],20.62
_04923_,20.62
_00008_,20.615
_04872_,20.615
DM\[16\]\[17\],20.6
DM\[29\]\[15\],20.6
DM\[2\]\[6\],20.585
net164,20.585
DM\[25\]\[17\],20.58
MEM_WB_LDM\[24\],20.58
_03241_,20.58
DM\[25\]\[23\],20.56
DM\[27\]\[13\],20.56
DM\[4\]\[18\],20.56
REG\[12\]\[12\],20.54
_01841_,20.54
_05703_,20.525
DM\[6\]\[7\],20.505
DM\[6\]\[22\],20.5
_00006_,20.5
DM\[14\]\[27\],20.485
DM\[28\]\[0\],20.48
_01695_,20.44
_05892_,20.44
_05858_,20.43
DM\[14\]\[23\],20.425
DM\[21\]\[6\],20.42
REG\[13\]\[21\],20.405
DM\[24\]\[6\],20.4
_01616_,20.4
_02040_,20.4
_03593_,20.4
DM\[17\]\[1\],20.38
_01617_,20.38
DM\[25\]\[26\],20.36
DM\[13\]\[19\],20.34
DM\[19\]\[26\],20.34
DM\[10\]\[31\],20.325
_05297_,20.315
DM\[21\]\[20\],20.3
MEM_WB_LDM\[31\],20.3
_01632_,20.3
_05273_,20.3
REG\[9\]\[4\],20.295
_05955_,20.285
DM\[21\]\[14\],20.28
DM\[28\]\[7\],20.28
REG\[9\]\[27\],20.28
_05157_,20.28
net135,20.28
net126,20.265
_02800_,20.26
DM\[10\]\[5\],20.225
DM\[17\]\[21\],20.22
DM\[31\]\[27\],20.22
_04706_,20.2
DM\[28\]\[13\],20.18
DM\[25\]\[11\],20.16
DM\[8\]\[0\],20.16
REG\[11\]\[2\],20.145
DM\[25\]\[21\],20.14
net94,20.135
DM\[16\]\[26\],20.12
DM\[21\]\[3\],20.12
_04498_,20.08
REG\[15\]\[27\],20.06
_05633_,20.06
net168,20.025
_01627_,20.02
_05146_,20.02
_05259_,20
DM\[21\]\[26\],19.94
_01907_,19.94
DM\[16\]\[29\],19.92
DM\[1\]\[24\],19.92
DM\[18\]\[2\],19.825
_04905_,19.82
net115,19.805
net127,19.805
_01829_,19.78
DM\[8\]\[30\],19.75
REG\[15\]\[0\],19.74
REG\[9\]\[5\],19.74
_04435_,19.74
_05722_,19.74
DM\[11\]\[29\],19.73
DM\[0\]\[31\],19.72
DM\[11\]\[5\],19.72
DM\[21\]\[17\],19.72
DM\[24\]\[22\],19.72
DM\[28\]\[10\],19.72
DM\[21\]\[24\],19.7
_05338_,19.7
REG\[9\]\[9\],19.68
_03195_,19.68
DM\[8\]\[26\],19.66
REG\[12\]\[6\],19.66
_05234_,19.64
_05507_,19.64
_05139_,19.635
DM\[9\]\[17\],19.63
_01717_,19.62
REG\[9\]\[30\],19.6
_01702_,19.6
DM\[18\]\[24\],19.59
DM\[17\]\[20\],19.56
ID_EX_NPC\[25\],19.56
_01553_,19.56
DM\[26\]\[4\],19.55
ID_EX_NPC\[11\],19.54
_03455_,19.54
_05986_,19.54
DM\[16\]\[1\],19.48
net1176,19.46
_02815_,19.44
DM\[22\]\[11\],19.43
_05341_,19.42
DM\[10\]\[17\],19.41
DM\[10\]\[22\],19.405
REG\[14\]\[2\],19.4
_01714_,19.4
_03549_,19.4
_05289_,19.39
DM\[4\]\[28\],19.38
REG\[15\]\[19\],19.38
DM\[4\]\[16\],19.36
DM\[5\]\[22\],19.36
REG\[10\]\[10\],19.34
DM\[8\]\[18\],19.32
DM\[8\]\[22\],19.32
ID_EX_A\[18\],19.32
REG\[12\]\[31\],19.3
_03493_,19.28
_05675_,19.28
DM\[17\]\[3\],19.26
DM\[8\]\[1\],19.24
REG\[14\]\[26\],19.24
_01677_,19.24
_05787_,19.24
_04957_,19.22
DM\[20\]\[11\],19.2
_03606_,19.2
_04963_,19.2
_05508_,19.19
REG\[13\]\[22\],19.185
_02042_,19.18
_05578_,19.18
_05354_,19.15
DM\[12\]\[13\],19.14
DM\[24\]\[16\],19.14
_01705_,19.14
_05407_,19.14
_05753_,19.14
DM\[0\]\[27\],19.12
DM\[31\]\[12\],19.12
DM\[0\]\[13\],19.1
DM\[11\]\[1\],19.1
net138,19.1
REG\[10\]\[14\],19.085
_01851_,19.08
_03289_,19.08
_03344_,19.08
net120,19.065
_03603_,19.06
DM\[16\]\[27\],19.04
DM\[20\]\[3\],19.04
_03637_,19.04
_03654_,19.04
_05396_,19.04
_05084_,19.02
DM\[21\]\[19\],19
DM\[11\]\[25\],18.98
DM\[17\]\[16\],18.98
REG\[13\]\[14\],18.975
DM\[27\]\[29\],18.96
DM\[3\]\[26\],18.96
REG\[11\]\[1\],18.945
DM\[1\]\[28\],18.94
_03491_,18.92
net197,18.915
DM\[24\]\[20\],18.9
_02797_,18.9
DM\[30\]\[25\],18.895
REG\[10\]\[26\],18.88
_01658_,18.88
_05087_,18.88
DM\[22\]\[12\],18.865
DM\[12\]\[21\],18.86
REG\[9\]\[21\],18.86
_03184_,18.86
DM\[23\]\[26\],18.84
DM\[8\]\[4\],18.84
_01721_,18.82
_02265_,18.81
DM\[24\]\[12\],18.8
REG\[8\]\[4\],18.8
_01873_,18.78
_01981_,18.78
DM\[4\]\[26\],18.76
DM\[4\]\[9\],18.76
DM\[8\]\[19\],18.76
REG\[12\]\[21\],18.76
DM\[7\]\[5\],18.74
REG\[11\]\[16\],18.74
_03305_,18.74
DM\[29\]\[14\],18.72
_01689_,18.72
_03474_,18.72
_01073_,18.685
_05659_,18.685
DM\[20\]\[30\],18.68
DM\[0\]\[23\],18.66
DM\[16\]\[3\],18.66
DM\[23\]\[13\],18.66
DM\[25\]\[15\],18.66
DM\[28\]\[21\],18.66
REG\[8\]\[11\],18.66
_05540_,18.66
_05674_,18.66
DM\[8\]\[11\],18.64
DM\[23\]\[11\],18.62
IF_ID_IR\[8\],18.62
_00007_,18.62
_03401_,18.62
DM\[12\]\[26\],18.6
DM\[31\]\[16\],18.6
_03118_,18.6
REG\[14\]\[27\],18.59
DM\[1\]\[18\],18.58
REG\[8\]\[2\],18.565
_01606_,18.56
_03310_,18.56
DM\[7\]\[4\],18.54
_05073_,18.54
_05473_,18.54
DM\[30\]\[3\],18.525
DM\[6\]\[3\],18.525
DM\[20\]\[16\],18.52
DM\[0\]\[24\],18.5
DM\[29\]\[29\],18.5
_03636_,18.5
DM\[16\]\[2\],18.48
DM\[1\]\[20\],18.48
_01579_,18.48
net103,18.465
DM\[16\]\[4\],18.46
_05046_,18.46
_05531_,18.46
DM\[0\]\[19\],18.44
DM\[10\]\[21\],18.405
DM\[25\]\[0\],18.4
DM\[28\]\[31\],18.39
DM\[28\]\[6\],18.38
_01692_,18.38
_02094_,18.365
DM\[12\]\[31\],18.36
DM\[24\]\[29\],18.36
DM\[29\]\[26\],18.36
DM\[8\]\[10\],18.36
_03472_,18.36
_03565_,18.36
DM\[16\]\[15\],18.34
DM\[0\]\[10\],18.32
_01918_,18.32
_01622_,18.28
_05963_,18.28
DM\[15\]\[13\],18.26
_04837_,18.26
DM\[16\]\[22\],18.25
DM\[9\]\[4\],18.25
DM\[21\]\[21\],18.24
_04922_,18.23
DM\[4\]\[25\],18.22
_01863_,18.22
_03523_,18.22
net961,18.22
DM\[21\]\[4\],18.2
REG\[9\]\[8\],18.2
_05309_,18.2
DM\[12\]\[23\],18.18
_05962_,18.16
DM\[8\]\[13\],18.14
_04861_,18.14
DM\[14\]\[21\],18.125
DM\[2\]\[0\],18.105
DM\[11\]\[3\],18.1
_01815_,18.1
DM\[14\]\[12\],18.09
DM\[12\]\[5\],18.08
MEM_WB_LDM\[0\],18.08
REG\[12\]\[5\],18.08
_04894_,18.08
REG\[9\]\[24\],18.06
DM\[26\]\[29\],18.045
DM\[15\]\[1\],18.04
_03288_,18.04
DM\[28\]\[15\],18.02
DM\[28\]\[29\],18.02
REG\[15\]\[28\],18.02
_03307_,18.02
_05506_,18.02
net101,18.005
net147,18.005
DM\[21\]\[29\],17.99
DM\[16\]\[14\],17.98
DM\[16\]\[28\],17.98
DM\[5\]\[31\],17.98
DM\[26\]\[1\],17.965
_01706_,17.96
_05393_,17.96
DM\[14\]\[6\],17.945
DM\[31\]\[10\],17.94
DM\[9\]\[16\],17.94
net146,17.94
net1191,17.94
DM\[10\]\[24\],17.93
_03500_,17.92
net145,17.92
_01674_,17.9
DM\[11\]\[24\],17.88
DM\[16\]\[5\],17.88
DM\[16\]\[6\],17.88
REG\[13\]\[7\],17.88
DM\[10\]\[2\],17.865
DM\[12\]\[27\],17.86
clknet_leaf_120_clk,17.86
net439,17.86
DM\[26\]\[2\],17.845
DM\[7\]\[20\],17.84
REG\[14\]\[22\],17.84
net144,17.835
DM\[22\]\[4\],17.825
DM\[29\]\[13\],17.82
DM\[31\]\[25\],17.8
net263,17.8
MEM_WB_ALUOUT\[2\],17.78
DM\[6\]\[15\],17.765
_01603_,17.76
_03367_,17.76
net109,17.745
DM\[24\]\[24\],17.74
DM\[4\]\[21\],17.74
DM\[8\]\[15\],17.74
_04991_,17.72
DM\[6\]\[17\],17.71
DM\[22\]\[3\],17.705
REG\[10\]\[6\],17.705
REG\[10\]\[8\],17.705
_02013_,17.7
_05603_,17.7
_05784_,17.7
REG\[10\]\[11\],17.685
_03588_,17.68
_03597_,17.68
_05593_,17.68
_01596_,17.66
net1135,17.64
DM\[0\]\[14\],17.62
DM\[12\]\[12\],17.62
_02129_,17.62
DM\[2\]\[4\],17.605
REG\[12\]\[13\],17.6
_05374_,17.6
_01723_,17.58
_03555_,17.58
DM\[17\]\[6\],17.54
_01660_,17.54
_02708_,17.54
_05291_,17.54
_05358_,17.54
DM\[6\]\[31\],17.525
DM\[0\]\[16\],17.52
DM\[16\]\[8\],17.52
DM\[8\]\[31\],17.52
_01612_,17.52
_05423_,17.52
DM\[30\]\[5\],17.505
net134,17.505
REG\[14\]\[21\],17.5
net131,17.485
DM\[15\]\[28\],17.48
DM\[25\]\[2\],17.48
DM\[5\]\[17\],17.48
REG\[12\]\[10\],17.48
_01630_,17.46
_01866_,17.46
DM\[31\]\[20\],17.44
REG\[12\]\[4\],17.44
DM\[17\]\[11\],17.42
DM\[17\]\[30\],17.42
DM\[24\]\[7\],17.42
DM\[0\]\[11\],17.4
DM\[15\]\[12\],17.4
DM\[24\]\[26\],17.4
MEM_WB_IR\[9\],17.4
REG\[8\]\[31\],17.4
_04808_,17.4
DM\[18\]\[7\],17.385
DM\[11\]\[30\],17.38
DM\[12\]\[20\],17.38
_04831_,17.38
DM\[14\]\[5\],17.37
DM\[17\]\[9\],17.36
DM\[23\]\[25\],17.36
DM\[24\]\[14\],17.36
_03463_,17.36
DM\[0\]\[4\],17.34
_03558_,17.34
_00276_,17.325
DM\[20\]\[9\],17.32
REG\[12\]\[19\],17.32
_01664_,17.32
_00014_,17.28
_01659_,17.28
DM\[28\]\[25\],17.26
EX_MEM_ALUOUT\[25\],17.24
DM\[12\]\[16\],17.2
DM\[16\]\[25\],17.2
_03625_,17.2
_04990_,17.2
REG\[10\]\[2\],17.18
DM\[2\]\[1\],17.165
REG\[13\]\[16\],17.165
DM\[27\]\[10\],17.16
DM\[5\]\[1\],17.16
_05282_,17.16
_01893_,17.15
DM\[10\]\[15\],17.145
DM\[2\]\[20\],17.145
DM\[5\]\[18\],17.14
_01881_,17.14
_01973_,17.14
DM\[27\]\[26\],17.1
_05637_,17.1
net143,17.1
_03888_,17.08
DM\[0\]\[29\],17.06
DM\[16\]\[21\],17.06
DM\[7\]\[9\],17.06
_01906_,17.06
DM\[14\]\[13\],17.045
DM\[7\]\[15\],17.04
_00713_,17.035
_04470_,17
DM\[26\]\[10\],16.965
REG\[9\]\[29\],16.96
REG\[9\]\[19\],16.94
REG\[9\]\[3\],16.94
REG\[11\]\[0\],16.93
DM\[26\]\[25\],16.925
DM\[30\]\[22\],16.925
DM\[13\]\[7\],16.92
DM\[9\]\[8\],16.92
_05768_,16.92
_05064_,16.91
DM\[14\]\[0\],16.905
DM\[3\]\[12\],16.9
_03483_,16.9
_05608_,16.9
DM\[10\]\[27\],16.885
DM\[31\]\[19\],16.88
net1282,16.88
_05327_,16.86
DM\[5\]\[15\],16.84
DM\[14\]\[9\],16.83
DM\[6\]\[2\],16.825
DM\[25\]\[14\],16.82
REG\[10\]\[0\],16.815
REG\[10\]\[5\],16.815
DM\[2\]\[24\],16.805
_01849_,16.8
_05843_,16.8
REG\[12\]\[16\],16.78
_05082_,16.78
_04679_,16.76
net1489,16.76
DM\[20\]\[17\],16.74
DM\[21\]\[18\],16.74
_05789_,16.74
DM\[26\]\[9\],16.725
DM\[2\]\[25\],16.725
REG\[8\]\[10\],16.72
DM\[10\]\[9\],16.71
DM\[11\]\[6\],16.7
DM\[23\]\[30\],16.7
DM\[4\]\[3\],16.7
DM\[8\]\[5\],16.7
DM\[30\]\[30\],16.685
DM\[6\]\[23\],16.685
_00430_,16.685
DM\[11\]\[17\],16.68
_05546_,16.68
DM\[0\]\[7\],16.66
_03110_,16.66
DM\[16\]\[20\],16.64
DM\[7\]\[26\],16.64
_01682_,16.64
_04118_,16.64
net66,16.64
net839,16.64
_03906_,16.62
_04859_,16.62
DM\[6\]\[25\],16.605
DM\[12\]\[2\],16.6
DM\[24\]\[15\],16.6
DM\[7\]\[23\],16.6
DM\[7\]\[7\],16.6
_03561_,16.6
net156,16.58
DM\[22\]\[6\],16.57
DM\[11\]\[19\],16.56
DM\[17\]\[0\],16.56
DM\[25\]\[12\],16.56
DM\[4\]\[31\],16.56
DM\[5\]\[16\],16.56
DM\[8\]\[23\],16.56
_02805_,16.56
_03517_,16.56
DM\[26\]\[22\],16.555
DM\[22\]\[21\],16.545
REG\[13\]\[8\],16.545
net872,16.54
DM\[14\]\[17\],16.525
DM\[6\]\[0\],16.525
DM\[10\]\[1\],16.505
DM\[21\]\[12\],16.5
DM\[28\]\[22\],16.5
_05260_,16.5
DM\[12\]\[4\],16.48
DM\[13\]\[1\],16.48
DM\[27\]\[3\],16.48
REG\[15\]\[14\],16.48
DM\[11\]\[20\],16.46
_05125_,16.46
_04648_,16.45
DM\[18\]\[18\],16.445
MEM_WB_IR\[1\],16.44
_04883_,16.44
_03657_,16.42
_05737_,16.42
_00600_,16.405
DM\[14\]\[26\],16.385
DM\[26\]\[23\],16.385
net90,16.385
net102,16.385
DM\[23\]\[10\],16.38
REG\[10\]\[9\],16.38
_04728_,16.38
REG\[12\]\[30\],16.36
_03175_,16.35
DM\[23\]\[29\],16.34
DM\[31\]\[26\],16.34
_02060_,16.34
DM\[23\]\[7\],16.32
_01634_,16.32
_03347_,16.32
_05383_,16.32
DM\[10\]\[19\],16.305
_01641_,16.3
_03575_,16.3
net1141,16.3
DM\[24\]\[0\],16.28
DM\[10\]\[29\],16.265
_01693_,16.26
_01725_,16.26
DM\[11\]\[2\],16.24
DM\[17\]\[23\],16.24
_05017_,16.22
net161,16.22
REG\[10\]\[13\],16.205
_05145_,16.2
DM\[23\]\[5\],16.18
_04897_,16.18
_05207_,16.18
_05695_,16.18
_01611_,16.16
DM\[21\]\[16\],16.155
DM\[0\]\[3\],16.14
_01609_,16.14
DM\[10\]\[30\],16.125
DM\[26\]\[5\],16.125
DM\[17\]\[24\],16.12
REG\[15\]\[30\],16.12
DM\[2\]\[31\],16.105
DM\[0\]\[25\],16.1
DM\[5\]\[3\],16.1
DM\[7\]\[3\],16.1
REG\[11\]\[24\],16.1
_05023_,16.1
_05873_,16.1
DM\[30\]\[10\],16.085
_04651_,16.08
net159,16.08
DM\[21\]\[28\],16.06
_04703_,16.06
_05759_,16.06
DM\[23\]\[24\],16.02
REG\[15\]\[8\],16.02
_02087_,16.02
DM\[0\]\[9\],16
REG\[9\]\[23\],16
_05656_,16
_03590_,15.98
DM\[31\]\[6\],15.96
_05691_,15.96
net149,15.96
_01614_,15.94
_01846_,15.94
net162,15.925
_04604_,15.92
DM\[10\]\[4\],15.905
DM\[9\]\[0\],15.9
_03622_,15.9
_05285_,15.9
_05194_,15.875
DM\[15\]\[8\],15.86
_01595_,15.86
_01667_,15.86
_01691_,15.86
_01716_,15.86
_04834_,15.86
DM\[21\]\[11\],15.84
_02101_,15.84
DM\[24\]\[3\],15.82
_05881_,15.815
DM\[23\]\[18\],15.81
DM\[14\]\[25\],15.805
DM\[8\]\[25\],15.8
_01619_,15.8
_01945_,15.8
net200,15.8
DM\[18\]\[3\],15.79
DM\[11\]\[9\],15.78
DM\[16\]\[18\],15.78
DM\[27\]\[28\],15.78
_05360_,15.78
_05367_,15.78
_05406_,15.78
_05692_,15.74
net155,15.74
net951,15.74
net108,15.725
DM\[16\]\[7\],15.72
DM\[23\]\[3\],15.72
DM\[26\]\[3\],15.705
DM\[4\]\[7\],15.7
REG\[12\]\[25\],15.7
net1245,15.7
DM\[14\]\[30\],15.685
DM\[26\]\[31\],15.685
DM\[6\]\[14\],15.685
DM\[0\]\[17\],15.68
DM\[0\]\[21\],15.68
DM\[0\]\[28\],15.68
DM\[24\]\[19\],15.68
DM\[29\]\[24\],15.68
REG\[9\]\[7\],15.68
_04499_,15.68
_05308_,15.68
_05570_,15.68
DM\[30\]\[31\],15.665
net100,15.645
DM\[20\]\[22\],15.64
DM\[29\]\[23\],15.64
DM\[9\]\[18\],15.64
_03687_,15.64
_04552_,15.64
_04677_,15.64
_05068_,15.64
DM\[22\]\[15\],15.625
DM\[13\]\[8\],15.62
_03609_,15.62
_04665_,15.62
_05866_,15.62
REG\[14\]\[10\],15.6
DM\[10\]\[25\],15.585
_01402_,15.585
_00777_,15.565
DM\[11\]\[14\],15.56
DM\[13\]\[10\],15.56
net80,15.56
DM\[29\]\[27\],15.54
DM\[31\]\[8\],15.54
DM\[6\]\[11\],15.54
net186,15.535
_04663_,15.53
net321,15.52
REG\[10\]\[15\],15.515
REG\[8\]\[30\],15.505
DM\[29\]\[6\],15.5
_05269_,15.49
net99,15.485
_05904_,15.48
DM\[24\]\[28\],15.46
_01826_,15.46
net223,15.46
REG\[14\]\[31\],15.45
REG\[8\]\[6\],15.445
REG\[12\]\[26\],15.44
REG\[9\]\[6\],15.44
DM\[2\]\[3\],15.435
_02197_,15.42
net1218,15.42
_01531_,15.405
DM\[15\]\[10\],15.4
WB_OUT[20],15.4
_02046_,15.4
net165,15.4
_03213_,15.38
_05950_,15.38
DM\[17\]\[28\],15.36
WB_OUT[22],15.36
_00017_,15.36
_05117_,15.36
REG\[13\]\[9\],15.355
DM\[26\]\[0\],15.35
REG\[9\]\[10\],15.34
_05107_,15.34
_05624_,15.34
DM\[27\]\[31\],15.32
DM\[5\]\[14\],15.32
_01673_,15.32
_04152_,15.32
DM\[18\]\[14\],15.305
DM\[30\]\[12\],15.305
net91,15.305
REG\[8\]\[9\],15.3
_04624_,15.3
net569,15.3
DM\[14\]\[18\],15.285
REG\[13\]\[4\],15.285
net278,15.28
net636,15.28
net107,15.265
DM\[16\]\[24\],15.26
DM\[17\]\[8\],15.26
_01680_,15.26
_01719_,15.26
net372,15.26
DM\[26\]\[13\],15.245
DM\[6\]\[4\],15.245
_01685_,15.24
_05076_,15.24
net1526,15.24
DM\[2\]\[5\],15.225
DM\[17\]\[27\],15.22
DM\[25\]\[5\],15.22
DM\[29\]\[18\],15.22
DM\[31\]\[15\],15.22
REG\[14\]\[1\],15.22
_03215_,15.22
_05582_,15.22
_05655_,15.22
_04949_,15.21
DM\[30\]\[28\],15.205
_04814_,15.2
DM\[10\]\[11\],15.185
DM\[30\]\[14\],15.185
DM\[0\]\[0\],15.18
DM\[24\]\[13\],15.18
DM\[29\]\[22\],15.18
DM\[29\]\[28\],15.18
DM\[31\]\[9\],15.18
REG\[14\]\[9\],15.18
_01959_,15.18
REG\[8\]\[14\],15.14
_01777_,15.14
_02448_,15.14
_04769_,15.14
DM\[12\]\[28\],15.12
DM\[5\]\[6\],15.12
DM\[8\]\[14\],15.12
_05332_,15.12
DM\[6\]\[8\],15.105
_04720_,15.105
DM\[16\]\[12\],15.1
DM\[17\]\[17\],15.1
DM\[27\]\[21\],15.1
DM\[27\]\[6\],15.1
REG\[15\]\[26\],15.1
REG\[15\]\[9\],15.1
_01547_,15.085
DM\[19\]\[7\],15.08
DM\[31\]\[23\],15.08
DM\[25\]\[18\],15.06
_05130_,15.06
net117,15.04
DM\[7\]\[16\],15.02
_01661_,15.02
_03065_,15.02
_03879_,15.02
_05111_,15.02
DM\[20\]\[28\],15
_02010_,15
DM\[30\]\[17\],14.985
DM\[27\]\[2\],14.98
_03292_,14.98
_02110_,14.97
DM\[12\]\[1\],14.96
_02880_,14.96
IF_ID_NPC\[20\],14.94
MEM_WB_IR\[14\],14.94
_01608_,14.94
_01656_,14.94
_02115_,14.94
_04634_,14.94
_05174_,14.94
net98,14.925
_00002_,14.92
net1230,14.92
DM\[6\]\[16\],14.905
DM\[4\]\[29\],14.89
DM\[14\]\[11\],14.885
DM\[2\]\[15\],14.885
DM\[15\]\[27\],14.88
DM\[10\]\[0\],14.865
DM\[17\]\[7\],14.86
DM\[4\]\[20\],14.86
DM\[4\]\[30\],14.86
MEM_WB_LDM\[2\],14.86
net724,14.86
DM\[6\]\[5\],14.85
DM\[2\]\[19\],14.845
_04150_,14.84
net533,14.84
net968,14.84
DM\[29\]\[10\],14.82
_03364_,14.82
_04456_,14.82
net92,14.805
DM\[12\]\[17\],14.8
DM\[12\]\[8\],14.8
_01655_,14.8
_04503_,14.8
net141,14.8
net753,14.8
net1138,14.8
DM\[19\]\[4\],14.78
_01571_,14.78
DM\[10\]\[23\],14.765
DM\[0\]\[15\],14.76
DM\[21\]\[0\],14.76
DM\[23\]\[2\],14.76
DM\[7\]\[30\],14.76
DM\[8\]\[16\],14.76
net1062,14.76
DM\[18\]\[5\],14.745
net123,14.745
DM\[11\]\[7\],14.74
DM\[23\]\[17\],14.72
DM\[29\]\[9\],14.72
DM\[31\]\[7\],14.72
DM\[9\]\[15\],14.72
DM\[9\]\[25\],14.72
_01776_,14.72
net988,14.72
REG\[13\]\[1\],14.715
DM\[16\]\[31\],14.68
REG\[9\]\[31\],14.68
_05005_,14.68
DM\[4\]\[15\],14.675
DM\[27\]\[22\],14.66
DM\[7\]\[25\],14.66
MEM_WB_LDM\[5\],14.66
net1460,14.66
DM\[9\]\[19\],14.65
DM\[15\]\[11\],14.64
DM\[15\]\[6\],14.64
DM\[20\]\[13\],14.64
DM\[27\]\[1\],14.64
DM\[31\]\[4\],14.64
REG\[12\]\[14\],14.64
_01972_,14.64
DM\[31\]\[2\],14.62
DM\[5\]\[8\],14.62
REG\[15\]\[24\],14.62
_05529_,14.61
DM\[2\]\[29\],14.605
_00001_,14.605
_00024_,14.605
DM\[5\]\[30\],14.6
REG\[13\]\[31\],14.6
_04988_,14.6
_01897_,14.58
_02053_,14.58
_05305_,14.58
net323,14.58
DM\[26\]\[6\],14.565
DM\[12\]\[3\],14.56
DM\[8\]\[7\],14.56
_01952_,14.56
_04929_,14.56
DM\[14\]\[10\],14.545
DM\[12\]\[22\],14.54
_01654_,14.54
_04713_,14.54
DM\[2\]\[10\],14.53
DM\[30\]\[8\],14.53
DM\[18\]\[8\],14.525
_05566_,14.5
REG\[14\]\[30\],14.48
_01604_,14.48
_01727_,14.48
net184,14.48
net1158,14.48
DM\[6\]\[20\],14.465
_03570_,14.46
net85,14.445
DM\[27\]\[23\],14.44
DM\[4\]\[17\],14.44
_05417_,14.44
DM\[18\]\[6\],14.425
DM\[22\]\[22\],14.425
_04484_,14.42
_05455_,14.42
_05676_,14.415
REG\[15\]\[11\],14.4
net492,14.4
DM\[22\]\[19\],14.385
_01653_,14.36
_04357_,14.36
net81,14.345
DM\[12\]\[9\],14.34
DM\[17\]\[25\],14.34
DM\[5\]\[24\],14.34
DM\[8\]\[12\],14.34
REG\[14\]\[20\],14.34
_05792_,14.34
net1511,14.34
ID_EX_A\[3\],14.32
_01928_,14.32
_03386_,14.32
DM\[10\]\[18\],14.305
DM\[10\]\[7\],14.305
DM\[22\]\[9\],14.305
DM\[30\]\[2\],14.305
DM\[12\]\[11\],14.3
DM\[16\]\[30\],14.3
DM\[29\]\[5\],14.3
DM\[31\]\[21\],14.3
DM\[7\]\[1\],14.3
DM\[7\]\[21\],14.3
_02156_,14.3
DM\[7\]\[27\],14.28
_04962_,14.28
net1266,14.28
DM\[14\]\[20\],14.265
DM\[25\]\[22\],14.26
DM\[9\]\[31\],14.26
_05335_,14.26
net883,14.26
net1250,14.26
_00028_,14.245
REG\[8\]\[22\],14.24
_04857_,14.24
net909,14.24
DM\[22\]\[8\],14.225
DM\[26\]\[14\],14.225
net1188,14.22
DM\[26\]\[30\],14.205
_00250_,14.205
_05405_,14.2
DM\[14\]\[4\],14.185
DM\[11\]\[28\],14.18
DM\[15\]\[14\],14.18
DM\[8\]\[9\],14.18
REG\[15\]\[6\],14.18
_05155_,14.18
DM\[21\]\[9\],14.16
REG\[14\]\[5\],14.16
_05739_,14.16
_05437_,14.14
DM\[22\]\[26\],14.125
REG\[9\]\[28\],14.12
_01704_,14.12
_05312_,14.12
DM\[12\]\[7\],14.1
DM\[23\]\[12\],14.1
DM\[24\]\[5\],14.1
_01558_,14.08
_02709_,14.08
_05261_,14.08
DM\[30\]\[4\],14.065
DM\[16\]\[10\],14.06
REG\[12\]\[29\],14.06
DM\[2\]\[28\],14.045
_01431_,14.045
DM\[23\]\[31\],14.04
REG\[14\]\[15\],14.04
_05409_,14.04
_05550_,14.04
_01018_,14.035
DM\[22\]\[18\],14.025
REG\[8\]\[24\],14.025
MEM_WB_LDM\[25\],14.02
REG\[14\]\[6\],14.02
_01686_,14.02
EX_MEM_ALUOUT\[22\],14
_01938_,14
DM\[24\]\[2\],13.98
DM\[24\]\[30\],13.98
DM\[7\]\[29\],13.98
NPC[5],13.98
WB_OUT[12],13.98
WB_OUT[19],13.98
DM\[2\]\[2\],13.965
DM\[11\]\[16\],13.96
DM\[11\]\[21\],13.96
DM\[11\]\[4\],13.96
_03248_,13.96
_04884_,13.96
net171,13.96
net180,13.96
DM\[11\]\[18\],13.94
DM\[27\]\[19\],13.94
DM\[4\]\[27\],13.94
REG\[13\]\[29\],13.92
_04946_,13.92
MEM_WB_LDM\[8\],13.9
_04628_,13.9
_04794_,13.9
_05075_,13.9
DM\[25\]\[4\],13.88
DM\[8\]\[8\],13.88
REG\[11\]\[17\],13.88
_00029_,13.88
_01628_,13.88
_01640_,13.88
_01710_,13.88
_01885_,13.88
_04116_,13.88
net560,13.88
DM\[26\]\[7\],13.865
DM\[14\]\[14\],13.845
DM\[18\]\[20\],13.845
DM\[17\]\[4\],13.84
DM\[27\]\[16\],13.84
DM\[27\]\[30\],13.84
DM\[29\]\[2\],13.84
DM\[29\]\[31\],13.84
DM\[8\]\[2\],13.84
REG\[14\]\[4\],13.84
_05303_,13.84
REG\[8\]\[5\],13.825
_04702_,13.82
net745,13.82
_00549_,13.805
DM\[13\]\[25\],13.8
DM\[19\]\[18\],13.8
DM\[25\]\[13\],13.8
DM\[29\]\[21\],13.8
DM\[3\]\[4\],13.8
DM\[5\]\[19\],13.8
_00027_,13.8
_05917_,13.79
_03529_,13.78
net1255,13.78
DM\[8\]\[21\],13.76
_05400_,13.76
_05518_,13.76
_05585_,13.76
REG\[8\]\[12\],13.755
DM\[15\]\[30\],13.74
DM\[27\]\[8\],13.74
DM\[19\]\[9\],13.72
DM\[31\]\[17\],13.72
DM\[7\]\[18\],13.7
net226,13.7
REG\[13\]\[2\],13.68
_03513_,13.68
_05274_,13.66
DM\[12\]\[6\],13.64
_01939_,13.64
MEM_WB_LDM\[4\],13.62
DM\[11\]\[23\],13.6
_05248_,13.6
_05719_,13.6
REG\[13\]\[24\],13.595
DM\[5\]\[23\],13.58
_01573_,13.58
_05825_,13.58
net325,13.58
net111,13.57
DM\[11\]\[10\],13.56
DM\[9\]\[5\],13.56
REG\[15\]\[4\],13.56
_01631_,13.56
_01665_,13.56
_02069_,13.56
_02979_,13.56
_03540_,13.56
_04363_,13.56
net540,13.56
net771,13.56
WB_OUT[23],13.54
_01967_,13.54
_05880_,13.54
net347,13.54
net1268,13.54
DM\[14\]\[22\],13.525
DM\[16\]\[19\],13.52
DM\[23\]\[23\],13.52
_01722_,13.52
_02714_,13.52
_04681_,13.52
DM\[26\]\[16\],13.505
DM\[30\]\[29\],13.505
_01670_,13.5
_02405_,13.5
_04359_,13.5
_04565_,13.5
_04654_,13.5
net671,13.5
REG\[13\]\[23\],13.485
DM\[11\]\[31\],13.48
REG\[12\]\[7\],13.48
_01724_,13.48
_03557_,13.48
_05319_,13.48
DM\[2\]\[26\],13.465
DM\[3\]\[1\],13.46
DM\[5\]\[25\],13.46
_02836_,13.46
_04795_,13.46
_05530_,13.46
net760,13.46
net955,13.46
REG\[13\]\[3\],13.455
_05889_,13.445
_04495_,13.44
net653,13.44
DM\[15\]\[26\],13.42
DM\[4\]\[5\],13.42
DM\[4\]\[6\],13.42
DM\[4\]\[8\],13.42
_04432_,13.42
net892,13.42
net1057,13.42
DM\[18\]\[21\],13.405
DM\[18\]\[22\],13.405
DM\[18\]\[28\],13.405
DM\[27\]\[20\],13.4
DM\[7\]\[31\],13.4
_03744_,13.4
_05221_,13.4
net469,13.4
REG\[8\]\[27\],13.395
_01812_,13.39
DM\[14\]\[2\],13.385
DM\[26\]\[26\],13.385
DM\[11\]\[27\],13.38
DM\[29\]\[25\],13.38
DM\[31\]\[29\],13.38
DM\[4\]\[1\],13.38
_05621_,13.38
DM\[19\]\[5\],13.36
REG\[15\]\[22\],13.36
DM\[13\]\[3\],13.34
DM\[29\]\[17\],13.34
REG\[10\]\[19\],13.34
_03988_,13.34
_04555_,13.34
_05697_,13.34
net783,13.34
net1490,13.34
_00631_,13.335
_04968_,13.33
_00301_,13.325
_01607_,13.32
_04890_,13.32
DM\[13\]\[22\],13.3
DM\[13\]\[5\],13.3
DM\[20\]\[25\],13.3
REG\[14\]\[14\],13.3
_05418_,13.29
DM\[18\]\[23\],13.285
DM\[13\]\[2\],13.28
DM\[6\]\[12\],13.265
DM\[13\]\[6\],13.26
_02857_,13.26
_05159_,13.26
net944,13.26
_05112_,13.25
_05763_,13.25
REG\[10\]\[30\],13.24
DM\[22\]\[25\],13.225
net97,13.225
DM\[29\]\[20\],13.22
DM\[7\]\[19\],13.22
_03496_,13.22
_04585_,13.22
_05398_,13.22
net273,13.22
EX_MEM_ALUOUT\[14\],13.2
REG\[13\]\[13\],13.2
_02731_,13.2
net174,13.185
DM\[26\]\[19\],13.18
_01621_,13.18
DM\[16\]\[13\],13.16
_02591_,13.16
_04948_,13.16
net193,13.16
DM\[22\]\[0\],13.15
DM\[13\]\[30\],13.14
DM\[27\]\[18\],13.135
net78,13.125
DM\[23\]\[6\],13.12
net993,13.12
DM\[15\]\[29\],13.1
DM\[9\]\[21\],13.1
REG\[14\]\[12\],13.1
_01966_,13.1
_03921_,13.1
REG\[11\]\[29\],13.08
_01791_,13.08
_04830_,13.08
DM\[18\]\[29\],13.065
DM\[4\]\[12\],13.06
net1104,13.06
net1253,13.06
net82,13.045
_02109_,13.04
_03592_,13.04
_05093_,13.04
net1502,13.04
DM\[8\]\[3\],13.02
_04543_,13.02
DM\[10\]\[12\],13.005
DM\[15\]\[18\],13
REG\[8\]\[20\],13
_02977_,13
net1116,13
net1204,13
_04867_,12.98
net281,12.98
_00484_,12.975
DM\[10\]\[14\],12.965
DM\[26\]\[20\],12.965
DM\[26\]\[8\],12.965
net96,12.965
DM\[16\]\[16\],12.96
DM\[27\]\[25\],12.96
IF_ID_IR\[25\],12.96
MEM_WB_ALUOUT\[11\],12.96
REG\[11\]\[21\],12.96
_04714_,12.96
_04939_,12.96
DM\[10\]\[8\],12.945
_05533_,12.94
_01032_,12.935
DM\[0\]\[2\],12.92
DM\[13\]\[23\],12.92
DM\[15\]\[31\],12.92
DM\[24\]\[11\],12.92
DM\[5\]\[20\],12.92
net863,12.92
net253,12.9
_00763_,12.885
DM\[3\]\[29\],12.88
REG\[9\]\[14\],12.875
net1202,12.86
net110,12.845
DM\[8\]\[28\],12.84
DM\[11\]\[8\],12.82
REG\[9\]\[15\],12.82
DM\[13\]\[21\],12.8
DM\[17\]\[2\],12.8
DM\[25\]\[19\],12.8
DM\[27\]\[24\],12.8
DM\[7\]\[28\],12.8
REG\[15\]\[18\],12.8
net1421,12.8
DM\[14\]\[24\],12.785
DM\[15\]\[2\],12.78
REG\[8\]\[15\],12.78
_01883_,12.78
REG\[12\]\[8\],12.76
REG\[14\]\[7\],12.76
REG\[9\]\[11\],12.76
_03137_,12.76
_03478_,12.76
_05699_,12.76
net1106,12.76
REG\[13\]\[11\],12.745
EX_MEM_ALUOUT\[21\],12.74
_00157_,12.725
REG\[11\]\[28\],12.72
_05038_,12.72
_05255_,12.72
_05752_,12.72
_01821_,12.7
_02128_,12.7
_02429_,12.7
_02806_,12.7
_02976_,12.7
net660,12.7
_05070_,12.695
DM\[2\]\[7\],12.685
net1279,12.68
_01698_,12.675
net738,12.66
NPC[14],12.65
_01610_,12.64
_01615_,12.64
_01767_,12.64
_02011_,12.64
_02079_,12.64
_02900_,12.64
_03220_,12.64
_04389_,12.64
_05643_,12.64
DM\[24\]\[10\],12.63
DM\[7\]\[14\],12.62
_03231_,12.62
_04989_,12.62
_05397_,12.62
DM\[23\]\[28\],12.6
NPC[11],12.6
NPC[27],12.6
NPC[6],12.6
WB_OUT[16],12.6
_01560_,12.6
_04483_,12.6
DM\[18\]\[25\],12.585
DM\[30\]\[0\],12.585
DM\[27\]\[9\],12.58
_01996_,12.58
_04086_,12.58
net140,12.58
net189,12.58
net1215,12.58
net1432,12.58
net1457,12.58
DM\[31\]\[3\],12.56
_02898_,12.56
_02947_,12.56
_04448_,12.56
_05028_,12.56
_05668_,12.56
_01857_,12.54
net362,12.54
net83,12.525
net106,12.525
_04225_,12.52
net1380,12.52
_01551_,12.505
DM\[0\]\[18\],12.5
DM\[0\]\[1\],12.5
DM\[27\]\[14\],12.5
DM\[4\]\[14\],12.5
_01709_,12.5
_03736_,12.5
_05324_,12.5
net976,12.5
DM\[21\]\[8\],12.48
_01662_,12.48
net811,12.48
REG\[13\]\[15\],12.465
DM\[15\]\[0\],12.46
DM\[15\]\[25\],12.46
DM\[25\]\[6\],12.46
DM\[25\]\[8\],12.46
DM\[29\]\[16\],12.46
DM\[31\]\[18\],12.46
DM\[8\]\[29\],12.46
_05824_,12.46
_06017_,12.46
net751,12.46
_05185_,12.44
_05758_,12.44
net369,12.44
net1000,12.44
DM\[20\]\[0\],12.42
_03006_,12.42
_03936_,12.42
net157,12.42
_05109_,12.415
DM\[3\]\[15\],12.4
_04142_,12.4
_04757_,12.4
_04938_,12.4
DM\[24\]\[1\],12.38
net640,12.38
net1503,12.38
_01053_,12.365
REG\[10\]\[21\],12.36
_04652_,12.36
_05770_,12.36
net478,12.36
net987,12.36
DM\[19\]\[1\],12.34
DM\[20\]\[14\],12.34
DM\[25\]\[9\],12.34
DM\[29\]\[8\],12.34
DM\[31\]\[31\],12.34
DM\[3\]\[9\],12.34
DM\[5\]\[21\],12.34
_01580_,12.34
_01861_,12.34
_02137_,12.34
_05392_,12.34
_05460_,12.34
DM\[18\]\[11\],12.325
DM\[23\]\[9\],12.32
_00025_,12.32
_04813_,12.32
net830,12.32
DM\[8\]\[27\],12.3
_01740_,12.3
_05140_,12.3
_01482_,12.285
IF_ID_NPC\[19\],12.28
DM\[26\]\[24\],12.265
DM\[2\]\[9\],12.265
DM\[24\]\[4\],12.26
REG\[11\]\[12\],12.26
_04394_,12.26
_05520_,12.26
net182,12.26
MEM_WB_ALUOUT\[9\],12.24
_01625_,12.24
_02785_,12.24
_04094_,12.24
net529,12.24
net1082,12.24
DM\[30\]\[11\],12.225
REG\[11\]\[7\],12.22
_02522_,12.22
net192,12.22
_02019_,12.2
_05218_,12.2
net291,12.2
_01696_,12.18
_01989_,12.18
_02388_,12.18
_02506_,12.18
DM\[18\]\[4\],12.165
_00610_,12.165
DM\[3\]\[27\],12.16
_01575_,12.16
_03092_,12.16
_03268_,12.16
_05167_,12.16
_05296_,12.16
net1293,12.16
DM\[4\]\[4\],12.14
DM\[5\]\[5\],12.14
MEM_WB_ALUOUT\[18\],12.14
_04571_,12.14
DM\[22\]\[2\],12.125
DM\[26\]\[27\],12.125
DM\[30\]\[13\],12.125
_00657_,12.125
_02807_,12.12
net163,12.12
net173,12.12
net845,12.12
net1289,12.12
DM\[18\]\[12\],12.105
REG\[13\]\[19\],12.105
DM\[31\]\[14\],12.1
DM\[31\]\[1\],12.1
EX_MEM_ALUOUT\[15\],12.1
_02651_,12.1
_04819_,12.1
_05572_,12.1
_00800_,12.085
net84,12.085
DM\[3\]\[21\],12.08
_02169_,12.08
_02412_,12.08
_04998_,12.08
_05210_,12.08
_00181_,12.065
_05314_,12.06
_05466_,12.06
REG\[8\]\[19\],12.055
DM\[30\]\[21\],12.045
_00326_,12.045
DM\[12\]\[0\],12.04
DM\[25\]\[7\],12.04
DM\[4\]\[2\],12.04
DM\[5\]\[2\],12.04
_01647_,12.04
_01718_,12.04
_03884_,12.04
_05862_,12.04
net202,12.04
net493,12.04
net850,12.04
DM\[6\]\[9\],12.025
DM\[11\]\[22\],12.02
REG\[12\]\[27\],12.02
REG\[15\]\[10\],12.02
_01910_,12.02
_04914_,12.02
_05043_,12.02
net360,12.02
net684,12.02
_04457_,12.015
DM\[22\]\[17\],12.005
DM\[31\]\[5\],12
DM\[3\]\[6\],12
REG\[11\]\[18\],12
net266,12
DM\[22\]\[5\],11.99
REG\[10\]\[18\],11.98
_02749_,11.98
_02909_,11.98
net1042,11.98
DM\[31\]\[13\],11.96
DM\[3\]\[22\],11.96
DM\[3\]\[28\],11.96
DM\[9\]\[28\],11.96
REG\[11\]\[27\],11.96
_03057_,11.96
net456,11.96
_01478_,11.94
net1054,11.94
DM\[9\]\[22\],11.92
_03247_,11.92
_05352_,11.92
_02088_,11.9
_02534_,11.9
_03302_,11.9
net383,11.9
net1355,11.9
DM\[5\]\[27\],11.88
_04892_,11.88
_05785_,11.88
REG\[11\]\[4\],11.86
_04447_,11.86
_05035_,11.86
net470,11.86
net880,11.86
_05231_,11.855
_05539_,11.84
_00503_,11.825
_01657_,11.82
_03318_,11.82
_04385_,11.82
_04928_,11.82
net205,11.82
DM\[15\]\[9\],11.8
DM\[8\]\[6\],11.8
_02375_,11.8
_05053_,11.8
_05602_,11.8
_00304_,11.785
REG\[13\]\[12\],11.78
_04502_,11.78
_04700_,11.78
net975,11.78
_00383_,11.765
_05528_,11.76
_00375_,11.745
_05573_,11.745
DM\[7\]\[11\],11.74
REG\[14\]\[8\],11.74
net230,11.74
REG\[10\]\[7\],11.72
_04465_,11.72
_04943_,11.72
REG\[12\]\[17\],11.715
IF_ID_IR\[22\],11.7
REG\[12\]\[11\],11.7
_02722_,11.7
_02774_,11.7
_05389_,11.7
DM\[5\]\[9\],11.68
DM\[6\]\[13\],11.68
DM\[7\]\[8\],11.68
NPC[1],11.68
NPC[21],11.68
NPC[8],11.68
WB_OUT[11],11.68
WB_OUT[17],11.68
WB_OUT[21],11.68
WB_OUT[4],11.68
WB_OUT[5],11.68
WB_OUT[6],11.68
_00676_,11.68
_00690_,11.665
REG\[12\]\[18\],11.66
_05276_,11.66
_05788_,11.66
net204,11.66
net740,11.66
net857,11.66
DM\[14\]\[16\],11.65
DM\[20\]\[4\],11.64
_01929_,11.64
_03258_,11.64
_03546_,11.64
_03680_,11.64
_04719_,11.64
net1231,11.64
DM\[22\]\[31\],11.625
DM\[2\]\[11\],11.625
_01463_,11.625
_02493_,11.62
_02496_,11.62
_02832_,11.62
_05220_,11.62
_05795_,11.62
net710,11.62
DM\[7\]\[10\],11.6
REG\[8\]\[26\],11.6
_03934_,11.6
_05266_,11.6
DM\[30\]\[24\],11.585
_01545_,11.585
DM\[13\]\[9\],11.58
DM\[19\]\[2\],11.58
DM\[24\]\[8\],11.58
DM\[9\]\[14\],11.58
REG\[10\]\[24\],11.58
_01675_,11.58
_02720_,11.58
_02796_,11.58
_03000_,11.58
_03576_,11.58
_03794_,11.58
net1537,11.58
REG\[15\]\[13\],11.56
_02463_,11.56
_05736_,11.56
net849,11.56
DM\[2\]\[14\],11.545
DM\[2\]\[16\],11.545
DM\[11\]\[11\],11.54
DM\[15\]\[19\],11.54
DM\[29\]\[0\],11.54
DM\[7\]\[12\],11.54
DM\[9\]\[20\],11.54
DM\[9\]\[23\],11.54
_02500_,11.54
_02821_,11.54
_04843_,11.54
DM\[19\]\[13\],11.52
DM\[3\]\[18\],11.52
DM\[6\]\[10\],11.52
REG\[12\]\[23\],11.52
net377,11.52
net433,11.52
net807,11.52
DM\[3\]\[8\],11.5
DM\[5\]\[12\],11.5
REG\[11\]\[11\],11.5
_00003_,11.5
_00018_,11.5
net79,11.5
_04617_,11.49
_01479_,11.485
_02672_,11.48
_03479_,11.48
_05205_,11.48
_05998_,11.48
net112,11.48
net879,11.48
net946,11.48
net1089,11.48
_05712_,11.475
DM\[26\]\[12\],11.465
DM\[19\]\[27\],11.46
DM\[19\]\[3\],11.46
DM\[7\]\[13\],11.46
_05434_,11.46
_05745_,11.46
_04641_,11.45
net121,11.445
_05188_,11.44
_05226_,11.44
net601,11.44
net1180,11.44
net1464,11.44
DM\[18\]\[13\],11.425
DM\[13\]\[17\],11.42
DM\[18\]\[31\],11.42
_02924_,11.42
_03628_,11.42
_04278_,11.42
_04649_,11.42
_04705_,11.42
_05654_,11.42
_05841_,11.42
net214,11.42
net781,11.42
REG\[15\]\[5\],11.4
net277,11.4
net293,11.4
net887,11.4
_05996_,11.385
MEM_WB_LDM\[11\],11.38
REG\[14\]\[29\],11.38
_03641_,11.38
_04723_,11.38
DM\[22\]\[1\],11.37
DM\[3\]\[14\],11.37
REG\[13\]\[30\],11.36
_02712_,11.36
_03416_,11.36
_03638_,11.36
_05634_,11.36
_05931_,11.36
DM\[29\]\[7\],11.35
net181,11.345
DM\[11\]\[15\],11.34
_02353_,11.34
REG\[14\]\[24\],11.335
_01029_,11.335
DM\[14\]\[29\],11.325
_00792_,11.325
_01480_,11.325
REG\[14\]\[23\],11.32
_03604_,11.32
_05694_,11.32
DM\[2\]\[18\],11.31
DM\[22\]\[20\],11.305
_00659_,11.305
_01010_,11.285
IF_ID_NPC\[23\],11.28
_02466_,11.28
_04130_,11.28
net943,11.28
_01683_,11.26
_01999_,11.26
_02108_,11.26
_02386_,11.26
_03381_,11.26
_04616_,11.26
_05152_,11.26
_05933_,11.26
DM\[22\]\[23\],11.245
_00160_,11.245
_00290_,11.245
DM\[23\]\[4\],11.24
WB_OUT[7],11.24
_02783_,11.24
_03690_,11.24
_04954_,11.24
_05169_,11.23
DM\[20\]\[10\],11.22
DM\[4\]\[10\],11.22
_05331_,11.22
_02281_,11.2
_02430_,11.2
_02899_,11.2
_03120_,11.2
_03671_,11.2
net254,11.2
_02309_,11.18
_03725_,11.18
_04156_,11.18
REG\[12\]\[3\],11.16
REG\[15\]\[3\],11.16
_02323_,11.16
_02896_,11.16
_03304_,11.16
_04662_,11.16
_04839_,11.16
net415,11.16
_00528_,11.145
REG\[13\]\[5\],11.14
_02276_,11.14
_02421_,11.14
_02570_,11.14
_04842_,11.14
net1147,11.14
DM\[0\]\[22\],11.12
DM\[20\]\[20\],11.12
DM\[25\]\[1\],11.12
DM\[8\]\[20\],11.12
ID_EX_B\[0\],11.12
_00022_,11.12
_03508_,11.12
_03765_,11.12
REG\[12\]\[20\],11.1
_02165_,11.1
_04912_,11.1
_04925_,11.1
net246,11.1
net802,11.1
net977,11.1
REG\[13\]\[18\],11.085
DM\[13\]\[14\],11.08
DM\[13\]\[31\],11.08
DM\[25\]\[16\],11.08
DM\[3\]\[10\],11.08
net355,11.08
net491,11.08
_04846_,11.075
DM\[22\]\[10\],11.065
DM\[22\]\[13\],11.065
_00905_,11.065
_04395_,11.06
net526,11.06
net536,11.06
net675,11.06
net1249,11.06
MEM_WB_IR\[0\],11.04
_00852_,11.04
_01475_,11.04
_04676_,11.04
_05224_,11.04
_05315_,11.04
net1467,11.04
_01425_,11.025
DM\[22\]\[29\],11.02
_02320_,11.02
net611,11.02
DM\[30\]\[9\],11.005
DM\[27\]\[7\],11
_01712_,11
_04691_,11
net248,11
net1036,11
DM\[2\]\[23\],10.99
_00743_,10.985
DM\[11\]\[0\],10.98
_05120_,10.98
net665,10.98
net758,10.98
net1210,10.98
net1425,10.98
DM\[6\]\[27\],10.965
_00358_,10.965
_00541_,10.965
_04582_,10.96
_04920_,10.96
net467,10.96
REG\[8\]\[3\],10.955
_03250_,10.93
_00021_,10.925
DM\[19\]\[11\],10.92
MEM_WB_LDM\[14\],10.92
net918,10.91
DM\[23\]\[0\],10.9
DM\[25\]\[31\],10.9
_01666_,10.9
_01876_,10.9
_02727_,10.9
_06004_,10.9
net201,10.9
net979,10.9
net1145,10.9
DM\[30\]\[19\],10.885
DM\[13\]\[24\],10.88
_03026_,10.88
_03436_,10.88
_04336_,10.88
_01811_,10.86
_02955_,10.86
_02987_,10.86
_03435_,10.86
_03572_,10.86
_03825_,10.86
DM\[0\]\[5\],10.85
DM\[27\]\[11\],10.84
_00019_,10.84
_01807_,10.84
_04980_,10.83
_00976_,10.825
_01119_,10.825
DM\[20\]\[23\],10.82
DM\[23\]\[8\],10.82
_02233_,10.82
_03740_,10.82
_03755_,10.82
_04898_,10.82
net303,10.82
net465,10.82
_01676_,10.8
_01697_,10.8
_01700_,10.8
_01862_,10.8
_03211_,10.8
_03803_,10.8
DM\[6\]\[18\],10.785
_00502_,10.785
_02122_,10.78
_02476_,10.78
_02533_,10.78
_02559_,10.78
_02818_,10.78
_03172_,10.78
_04955_,10.78
_05382_,10.78
net1083,10.78
REG\[14\]\[28\],10.76
_02738_,10.76
DM\[22\]\[16\],10.745
_02397_,10.74
_03771_,10.74
_03807_,10.74
_05868_,10.74
net227,10.74
net345,10.74
net1045,10.74
net1111,10.74
net1234,10.74
MEM_WB_LDM\[20\],10.72
_04143_,10.72
_05683_,10.72
DM\[22\]\[27\],10.705
_00945_,10.705
ID_EX_A\[2\],10.7
IF_ID_IR\[15\],10.7
_02272_,10.7
_02465_,10.7
_02518_,10.7
_05977_,10.685
net89,10.685
_02990_,10.68
net658,10.68
net1479,10.68
net1536,10.68
DM\[26\]\[15\],10.665
_00086_,10.665
DM\[13\]\[20\],10.66
DM\[13\]\[4\],10.66
DM\[29\]\[1\],10.66
DM\[31\]\[28\],10.66
DM\[7\]\[2\],10.66
_02274_,10.66
_02725_,10.66
_02739_,10.66
_02860_,10.66
_02904_,10.66
_02919_,10.66
net920,10.66
DM\[27\]\[17\],10.64
_04817_,10.64
_05647_,10.64
net775,10.64
net855,10.64
_00658_,10.625
DM\[25\]\[29\],10.62
DM\[3\]\[7\],10.62
MEM_WB_ALUOUT\[4\],10.62
MEM_WB_LDM\[3\],10.62
REG\[11\]\[22\],10.62
_01825_,10.62
_05310_,10.62
_05894_,10.62
DM\[31\]\[0\],10.6
_02770_,10.6
net302,10.6
net386,10.6
net420,10.6
net701,10.6
net799,10.6
REG\[8\]\[8\],10.595
DM\[19\]\[28\],10.58
_02833_,10.58
_05441_,10.58
_06008_,10.575
_00538_,10.565
_00030_,10.56
net577,10.56
DM\[18\]\[9\],10.545
REG\[12\]\[22\],10.54
_01405_,10.54
_02928_,10.54
_04468_,10.54
_05821_,10.54
net1207,10.54
_00234_,10.525
DM\[3\]\[5\],10.52
ID_EX_B\[4\],10.52
_05233_,10.52
net387,10.52
net1513,10.52
DM\[22\]\[30\],10.51
_01027_,10.505
DM\[20\]\[31\],10.5
REG\[11\]\[19\],10.5
_03759_,10.5
_04141_,10.5
_05890_,10.5
net606,10.5
net1265,10.5
_00104_,10.485
_00127_,10.485
_04570_,10.48
_00010_,10.46
_05351_,10.46
_00203_,10.445
_03766_,10.44
net838,10.44
net1440,10.44
DM\[13\]\[12\],10.42
DM\[31\]\[24\],10.42
_02392_,10.42
_04725_,10.42
_05734_,10.42
net158,10.42
_00485_,10.415
REG\[8\]\[13\],10.405
_00640_,10.405
_01136_,10.405
_04821_,10.405
MEM_WB_LDM\[9\],10.4
_01561_,10.4
_02415_,10.4
_02567_,10.4
_02819_,10.4
_02974_,10.4
_03727_,10.4
_03757_,10.4
_04379_,10.4
_04550_,10.4
net232,10.4
net926,10.4
net1344,10.4
_00919_,10.395
_01490_,10.385
MEM_WB_LDM\[16\],10.38
_00539_,10.365
net86,10.365
net95,10.365
DM\[19\]\[10\],10.36
DM\[19\]\[24\],10.36
DM\[3\]\[31\],10.36
_02691_,10.36
_03043_,10.36
_03761_,10.36
MEM_WB_LDM\[22\],10.34
_01690_,10.34
_01715_,10.34
_02321_,10.34
_03306_,10.34
_04327_,10.34
_04608_,10.34
_04690_,10.34
_01532_,10.325
_02332_,10.32
_03214_,10.32
net518,10.32
net1169,10.32
net1222,10.32
net1542,10.32
_01389_,10.305
DM\[3\]\[2\],10.3
_04474_,10.3
_04698_,10.3
_04704_,10.3
_05118_,10.3
_00609_,10.285
_01759_,10.28
_02185_,10.28
_02260_,10.28
_02494_,10.28
_02696_,10.28
_04153_,10.28
_04337_,10.28
_04609_,10.28
_04918_,10.28
_05105_,10.28
_01788_,10.26
_03400_,10.26
_00371_,10.245
_01265_,10.245
_02020_,10.24
_02692_,10.24
net1022,10.24
_05050_,10.23
_00440_,10.225
_01222_,10.22
_04759_,10.22
net861,10.22
net1251,10.22
net1527,10.22
DM\[18\]\[1\],10.205
DM\[30\]\[15\],10.205
DM\[19\]\[0\],10.2
DM\[27\]\[0\],10.2
DM\[4\]\[22\],10.2
_02458_,10.2
_02873_,10.2
_02917_,10.2
_04137_,10.2
_04294_,10.2
_05240_,10.2
net167,10.2
net1040,10.2
_01581_,10.18
_03784_,10.18
_04619_,10.18
_05006_,10.18
net691,10.18
DM\[15\]\[17\],10.16
DM\[15\]\[3\],10.16
DM\[19\]\[16\],10.16
DM\[19\]\[23\],10.16
DM\[25\]\[28\],10.16
DM\[3\]\[17\],10.16
DM\[5\]\[28\],10.16
DM\[5\]\[4\],10.16
DM\[7\]\[24\],10.16
REG\[14\]\[25\],10.16
_02683_,10.14
REG\[13\]\[6\],10.135
_01439_,10.125
_01983_,10.12
_02923_,10.12
_05700_,10.12
net506,10.12
net1125,10.12
_01720_,10.1
_02402_,10.1
_02885_,10.1
_03967_,10.1
_05701_,10.1
net889,10.1
net1477,10.1
net1481,10.1
DM\[14\]\[3\],10.085
DM\[18\]\[26\],10.085
net392,10.08
_04511_,10.07
_01164_,10.065
_01212_,10.065
REG\[11\]\[23\],10.06
_05814_,10.06
net229,10.06
net404,10.06
net733,10.06
net827,10.06
net1381,10.06
_00714_,10.045
DM\[29\]\[19\],10.04
DM\[9\]\[3\],10.04
MEM_WB_LDM\[1\],10.04
REG\[15\]\[15\],10.04
_04707_,10.04
_04893_,10.04
net567,10.04
net1386,10.04
net1424,10.02
_01476_,10.005
_04635_,10
net1084,10
DM\[19\]\[22\],9.98
_02306_,9.98
_03754_,9.98
_05271_,9.98
net1148,9.98
net1260,9.98
DM\[15\]\[5\],9.96
DM\[9\]\[1\],9.94
REG\[11\]\[13\],9.94
_02218_,9.94
_02483_,9.94
_02583_,9.94
_03739_,9.94
_04168_,9.94
net215,9.94
net1086,9.94
net1392,9.94
_00005_,9.92
_00551_,9.905
_00552_,9.905
_00555_,9.905
_00739_,9.905
DM\[3\]\[19\],9.9
_03689_,9.9
_04213_,9.9
_05339_,9.9
net394,9.9
DM\[5\]\[11\],9.88
_00009_,9.88
_01637_,9.88
_01642_,9.88
_02018_,9.88
_02575_,9.88
_02675_,9.88
_02730_,9.88
_02789_,9.88
_03580_,9.88
_04133_,9.88
_05089_,9.88
_05488_,9.88
DM\[22\]\[28\],9.865
_00105_,9.865
EX_MEM_ALUOUT\[29\],9.86
_01688_,9.86
_02346_,9.86
_02538_,9.86
_02804_,9.86
_02975_,9.86
_03852_,9.86
_04423_,9.86
_04667_,9.86
_05618_,9.86
net391,9.86
net487,9.86
net519,9.86
net534,9.86
net642,9.86
net874,9.86
net878,9.86
DM\[7\]\[22\],9.84
_04560_,9.84
_05726_,9.84
_00712_,9.825
_02820_,9.82
_03321_,9.82
_04123_,9.82
_04286_,9.82
_05268_,9.82
_05514_,9.82
net396,9.82
net711,9.82
net1333,9.82
DM\[30\]\[7\],9.81
_04264_,9.8
_04297_,9.8
_04331_,9.8
_02673_,9.78
_02715_,9.78
_04766_,9.78
_05456_,9.78
net316,9.78
WB_OUT[2],9.76
_04673_,9.76
_05501_,9.76
DM\[18\]\[15\],9.745
DM\[2\]\[21\],9.745
DM\[0\]\[8\],9.74
DM\[20\]\[18\],9.74
DM\[27\]\[5\],9.74
DM\[7\]\[6\],9.74
WB_OUT[13],9.74
_02208_,9.74
net276,9.74
net311,9.74
net505,9.74
DM\[15\]\[21\],9.72
_03706_,9.72
net440,9.72
net599,9.72
net687,9.72
net1063,9.72
net1375,9.72
net1501,9.72
_00361_,9.705
DM\[23\]\[21\],9.7
REG\[11\]\[8\],9.7
_02757_,9.7
_05727_,9.7
net854,9.7
net122,9.685
_00663_,9.68
_04972_,9.68
_05936_,9.68
DM\[20\]\[26\],9.66
_02308_,9.66
_02595_,9.66
net1514,9.66
_04382_,9.64
net1404,9.64
net1412,9.64
DM\[0\]\[6\],9.62
DM\[5\]\[13\],9.62
_05938_,9.62
net1433,9.62
NPC[10],9.61
_00275_,9.605
_00760_,9.605
net554,9.6
net1262,9.6
net1352,9.6
net1436,9.6
_00880_,9.595
DM\[20\]\[15\],9.58
_02531_,9.58
_02327_,9.56
net1275,9.56
_00173_,9.545
MEM_WB_LDM\[21\],9.54
_05252_,9.54
_05836_,9.54
_00855_,9.525
DM\[9\]\[24\],9.52
REG\[8\]\[25\],9.52
_01639_,9.52
_02523_,9.52
_03930_,9.52
_04231_,9.52
_04289_,9.52
net972,9.52
net1177,9.52
net1360,9.52
DM\[22\]\[14\],9.505
DM\[19\]\[6\],9.5
_02399_,9.5
_04637_,9.5
_04885_,9.5
net835,9.5
net183,9.495
_00507_,9.485
_02336_,9.48
_02350_,9.48
_02395_,9.48
_02504_,9.48
_04071_,9.48
_05307_,9.48
_05419_,9.48
REG\[14\]\[11\],9.46
DM\[7\]\[0\],9.44
_02435_,9.44
_02795_,9.44
_03931_,9.44
_04121_,9.44
_04374_,9.44
_05925_,9.44
net821,9.44
net974,9.44
DM\[13\]\[29\],9.42
_02227_,9.42
_02383_,9.42
_02596_,9.42
_02679_,9.42
_02713_,9.42
_02737_,9.42
_02740_,9.42
_03506_,9.42
_03818_,9.42
_03840_,9.42
_04321_,9.42
_04633_,9.42
_05343_,9.42
DM\[18\]\[27\],9.405
_00654_,9.405
_00968_,9.405
_01124_,9.405
_02176_,9.4
_03047_,9.4
_03539_,9.4
_03786_,9.4
net240,9.4
net312,9.4
net357,9.4
net594,9.4
net796,9.4
net1327,9.4
_00221_,9.385
DM\[25\]\[30\],9.38
_01830_,9.38
_04866_,9.38
_05165_,9.38
DM\[22\]\[24\],9.365
DM\[2\]\[13\],9.365
REG\[9\]\[12\],9.36
_02068_,9.36
_02178_,9.36
_03230_,9.36
_03398_,9.36
_03524_,9.36
_03760_,9.36
_03874_,9.36
_04077_,9.36
_04260_,9.36
_04292_,9.36
_05660_,9.36
net726,9.36
net1216,9.36
net1451,9.36
net1458,9.36
DM\[16\]\[11\],9.34
_02710_,9.34
_02983_,9.34
_03923_,9.34
_04452_,9.34
_00696_,9.325
_01920_,9.32
_04298_,9.32
_01367_,9.305
_01080_,9.3
_02871_,9.3
_03589_,9.3
net696,9.3
net780,9.3
net934,9.3
net1291,9.3
DM\[14\]\[19\],9.285
_00155_,9.285
_00709_,9.285
_01012_,9.285
DM\[29\]\[30\],9.28
DM\[31\]\[30\],9.28
DM\[5\]\[7\],9.28
REG\[15\]\[31\],9.28
_04804_,9.28
_05184_,9.28
_05408_,9.28
_05774_,9.28
net265,9.28
_00894_,9.26
_01284_,9.26
net477,9.26
net558,9.26
net952,9.26
net1192,9.26
net1197,9.26
net1236,9.26
net1343,9.26
_01461_,9.245
net113,9.245
net133,9.245
DM\[13\]\[28\],9.24
DM\[19\]\[21\],9.24
MEM_WB_IR\[10\],9.24
_01853_,9.24
_04622_,9.24
_05040_,9.24
net1021,9.24
_00108_,9.225
_00887_,9.225
net87,9.225
_03222_,9.22
net1107,9.22
_00910_,9.205
_01629_,9.2
net1077,9.2
net1095,9.2
net1166,9.2
net1223,9.2
net1367,9.2
net1377,9.2
net1449,9.2
net1510,9.2
_00726_,9.185
_01248_,9.185
_02467_,9.18
_02469_,9.18
_02477_,9.18
_04360_,9.18
net1058,9.18
net1162,9.18
DM\[18\]\[30\],9.165
DM\[13\]\[18\],9.16
DM\[27\]\[27\],9.16
DM\[29\]\[4\],9.16
DM\[7\]\[17\],9.16
_02177_,9.16
_03117_,9.16
_03490_,9.16
_05644_,9.16
net476,9.16
net1413,9.16
_01397_,9.145
DM\[3\]\[13\],9.14
REG\[8\]\[23\],9.125
_00310_,9.125
_00324_,9.125
_05136_,9.12
_01429_,9.095
_00264_,9.085
_03422_,9.08
_00628_,9.065
_02456_,9.06
_03747_,9.06
net1046,9.06
net1252,9.06
net1379,9.06
net1441,9.06
_04346_,9.04
_04721_,9.04
_05797_,9.04
net695,9.04
_00705_,9.025
_01940_,9.02
_02149_,9.02
_02381_,9.02
_02437_,9.02
_02826_,9.02
_02951_,9.02
_02968_,9.02
_03037_,9.02
_03742_,9.02
_03824_,9.02
_03916_,9.02
net1217,9.02
DM\[11\]\[12\],9
REG\[12\]\[9\],9
_00289_,8.985
_00874_,8.985
net129,8.985
_02516_,8.98
_02521_,8.98
_02841_,8.98
_02911_,8.98
_04733_,8.98
_04735_,8.98
_01039_,8.965
NPC[3],8.96
WB_OUT[0],8.96
WB_OUT[31],8.96
_02754_,8.96
_02864_,8.96
_03963_,8.96
_04252_,8.96
_05944_,8.96
_01455_,8.945
_01502_,8.945
MEM_WB_LDM\[18\],8.94
_01974_,8.94
_02617_,8.94
_03621_,8.94
_03663_,8.94
_03752_,8.94
_04463_,8.94
_04802_,8.94
net284,8.94
net332,8.94
net622,8.94
net702,8.94
net1092,8.94
net1152,8.94
net1193,8.94
net1486,8.94
net1535,8.94
WB_OUT[25],8.93
DM\[18\]\[16\],8.925
_00227_,8.925
net195,8.925
DM\[19\]\[29\],8.92
DM\[3\]\[0\],8.92
_02298_,8.92
net914,8.92
DM\[10\]\[10\],8.905
_00267_,8.905
_00333_,8.905
_00441_,8.905
_02163_,8.9
_02191_,8.9
_02347_,8.9
_02417_,8.9
_02723_,8.9
_02746_,8.9
_02811_,8.9
_02940_,8.9
_03267_,8.9
_03274_,8.9
_04066_,8.9
net271,8.9
net443,8.9
net800,8.9
net1142,8.9
_02545_,8.88
_05649_,8.88
_00101_,8.865
_00561_,8.865
_01360_,8.865
_02661_,8.86
_02829_,8.86
_02921_,8.86
_02988_,8.86
_02991_,8.86
_03300_,8.86
_05365_,8.86
_01142_,8.855
_05515_,8.845
_02318_,8.84
_02539_,8.84
_02906_,8.84
_03042_,8.84
_04985_,8.84
_05424_,8.84
net272,8.84
net275,8.84
net366,8.84
net645,8.84
net924,8.84
net1102,8.84
net1163,8.84
net1306,8.84
net1434,8.84
net1491,8.84
_00643_,8.825
DM\[13\]\[16\],8.82
DM\[19\]\[15\],8.82
DM\[27\]\[4\],8.82
DM\[9\]\[7\],8.82
REG\[15\]\[21\],8.82
_02311_,8.82
_05625_,8.82
net175,8.82
net208,8.82
net884,8.82
REG\[8\]\[21\],8.805
REG\[15\]\[20\],8.8
_04693_,8.8
net250,8.8
net549,8.8
net692,8.8
net1411,8.8
_00370_,8.785
_00972_,8.785
_00975_,8.785
DM\[11\]\[13\],8.78
DM\[13\]\[15\],8.78
DM\[3\]\[23\],8.78
DM\[9\]\[6\],8.78
MEM_WB_ALUOUT\[3\],8.78
REG\[14\]\[13\],8.78
_01277_,8.78
_03358_,8.78
net231,8.78
net635,8.78
net1414,8.78
_00096_,8.765
_00740_,8.765
_00703_,8.76
net317,8.76
net1224,8.76
net1225,8.76
_00167_,8.745
_01279_,8.745
_01799_,8.74
_02183_,8.74
_02216_,8.74
_05388_,8.74
_05681_,8.74
net728,8.74
net784,8.74
net1117,8.74
net1288,8.74
net1405,8.74
net1463,8.74
_05870_,8.73
_00372_,8.725
_00969_,8.725
_01306_,8.725
net237,8.72
net608,8.72
DM\[2\]\[27\],8.705
MEM_WB_ALUOUT\[8\],8.7
_01750_,8.7
_04799_,8.7
_05348_,8.7
REG\[10\]\[3\],8.685
_00386_,8.685
_04620_,8.68
_05650_,8.68
net953,8.68
_00013_,8.665
_00542_,8.665
DM\[3\]\[24\],8.66
MEM_WB_LDM\[15\],8.66
_02473_,8.66
_04202_,8.66
_04682_,8.66
_04827_,8.66
_05065_,8.66
_00695_,8.645
_05750_,8.635
_04568_,8.62
_04936_,8.62
_00373_,8.615
_00661_,8.615
IF_ID_NPC\[8\],8.6
_01742_,8.6
_01794_,8.6
_01988_,8.6
_02478_,8.6
_02491_,8.6
_02759_,8.6
_02855_,8.6
_03945_,8.6
_04399_,8.6
_05844_,8.6
net194,8.6
net674,8.6
net774,8.6
net1199,8.6
net1263,8.6
REG\[8\]\[29\],8.585
DM\[19\]\[14\],8.58
_02278_,8.58
_03269_,8.58
_04870_,8.58
_01154_,8.565
_01368_,8.565
DM\[15\]\[22\],8.56
DM\[9\]\[9\],8.56
_01766_,8.56
_02070_,8.56
_02296_,8.56
_02349_,8.56
_02367_,8.56
_02391_,8.56
_02460_,8.56
_02690_,8.56
_02721_,8.56
_02859_,8.56
_02897_,8.56
_03813_,8.56
_04655_,8.56
_05213_,8.56
_05428_,8.56
_05935_,8.56
net978,8.56
_05600_,8.55
_05000_,8.54
_00650_,8.525
_01855_,8.52
_02093_,8.52
_02577_,8.52
_02653_,8.52
_03724_,8.52
_03839_,8.52
_03863_,8.52
_03868_,8.52
_04079_,8.52
_04339_,8.52
_00704_,8.5
_00893_,8.5
_01246_,8.5
_01613_,8.5
_01618_,8.5
_01623_,8.5
_01960_,8.5
_02130_,8.5
_02136_,8.5
_02734_,8.5
_02781_,8.5
_02823_,8.5
_02905_,8.5
_03793_,8.5
_03919_,8.5
_04114_,8.5
_04340_,8.5
_04758_,8.5
_00376_,8.495
_00927_,8.485
_01133_,8.485
EX_MEM_ALUOUT\[30\],8.48
REG\[10\]\[22\],8.48
_02319_,8.48
_02373_,8.48
_02558_,8.48
_02812_,8.48
_02954_,8.48
_03001_,8.48
_03746_,8.48
_03775_,8.48
_05090_,8.48
net154,8.48
net327,8.48
net722,8.48
net922,8.48
net1220,8.48
MEM_WB_ALUOUT\[6\],8.47
_00647_,8.465
DM\[15\]\[4\],8.46
_03212_,8.46
_04696_,8.46
_05764_,8.46
_05713_,8.445
MEM_WB_LDM\[12\],8.44
_02059_,8.44
_02168_,8.44
_02423_,8.44
_02446_,8.44
_02520_,8.44
_02665_,8.44
_03961_,8.44
_04078_,8.44
net282,8.44
net375,8.44
net1395,8.44
_00587_,8.42
_03067_,8.42
net1373,8.42
_00544_,8.405
_01854_,8.4
_02135_,8.4
_02299_,8.4
_03753_,8.4
_03762_,8.4
_03932_,8.4
_05142_,8.4
_00398_,8.385
_00823_,8.38
_01255_,8.38
net328,8.38
net785,8.38
net1311,8.38
net1325,8.38
net1326,8.38
REG\[10\]\[1\],8.365
_00648_,8.365
DM\[19\]\[17\],8.36
DM\[23\]\[14\],8.36
DM\[25\]\[24\],8.36
MEM_WB_LDM\[6\],8.36
_01771_,8.36
_02540_,8.36
_04147_,8.36
_04198_,8.36
_04455_,8.36
_05477_,8.36
net419,8.36
net522,8.36
net1274,8.36
net1276,8.36
net1349,8.36
DM\[15\]\[15\],8.34
_02502_,8.34
_02784_,8.34
_03700_,8.34
_04868_,8.34
_05709_,8.34
net224,8.34
net256,8.34
net373,8.34
net397,8.34
net763,8.34
net868,8.34
net1530,8.34
_00163_,8.325
_00328_,8.325
_00613_,8.325
net172,8.325
DM\[13\]\[27\],8.32
DM\[19\]\[30\],8.32
DM\[3\]\[20\],8.32
DM\[9\]\[10\],8.32
DM\[9\]\[2\],8.32
_00458_,8.305
_00463_,8.305
_00511_,8.3
_05359_,8.3
_05526_,8.3
net351,8.3
net1280,8.3
_00292_,8.285
_00331_,8.285
_01369_,8.28
_04290_,8.28
_05627_,8.28
net435,8.28
net520,8.28
net546,8.28
net876,8.28
net1099,8.28
net1182,8.28
net1372,8.28
net1428,8.28
net1494,8.28
_00385_,8.265
_00599_,8.265
_01460_,8.26
DM\[18\]\[19\],8.245
DM\[2\]\[17\],8.245
_01220_,8.245
DM\[27\]\[15\],8.24
DM\[3\]\[3\],8.24
REG\[12\]\[15\],8.24
_02072_,8.24
net1050,8.22
_00673_,8.205
DM\[11\]\[26\],8.2
DM\[25\]\[10\],8.2
REG\[14\]\[19\],8.2
_01757_,8.2
_02188_,8.2
_04559_,8.2
_05817_,8.2
_00471_,8.185
_05994_,8.165
_03093_,8.16
_03626_,8.16
_00399_,8.155
_00479_,8.155
_00501_,8.155
_00820_,8.155
_00950_,8.155
_00844_,8.145
IF_ID_IR\[10\],8.14
_02571_,8.14
_03571_,8.14
_04110_,8.14
net148,8.14
net1119,8.14
net1213,8.14
net1264,8.14
net1302,8.14
net1362,8.14
net1391,8.14
DM\[14\]\[15\],8.125
_00012_,8.12
_00020_,8.12
_05651_,8.12
IF_ID_NPC\[3\],8.1
_01765_,8.1
_01944_,8.1
_02048_,8.1
_02237_,8.1
_02361_,8.1
_02659_,8.1
_02698_,8.1
_02728_,8.1
_03068_,8.1
_03181_,8.1
_03418_,8.1
_03779_,8.1
_04113_,8.1
_04169_,8.1
_04324_,8.1
_05086_,8.1
_05628_,8.1
_05640_,8.1
net198,8.1
net304,8.1
net484,8.1
_00391_,8.085
_00318_,8.065
_00473_,8.065
_00521_,8.065
_00564_,8.065
_00967_,8.065
_01025_,8.065
REG\[10\]\[29\],8.06
_01574_,8.06
_02229_,8.06
_02325_,8.06
_02497_,8.06
_02615_,8.06
_02786_,8.06
_02953_,8.06
_03823_,8.06
_03891_,8.06
_03933_,8.06
_03962_,8.06
_05024_,8.06
NPC[0],8.04
NPC[26],8.04
NPC[2],8.04
NPC[4],8.04
NPC[7],8.04
NPC[9],8.04
WB_OUT[1],8.04
WB_OUT[28],8.04
WB_OUT[29],8.04
_01454_,8.04
_01946_,8.04
_04709_,8.04
_05911_,8.04
_00896_,8.035
_00917_,8.035
_00953_,8.035
DM\[2\]\[30\],8.025
_00263_,8.025
_01678_,8.02
_01980_,8.02
_02102_,8.02
_02123_,8.02
_02486_,8.02
_02684_,8.02
_03379_,8.02
_03600_,8.02
_04045_,8.02
_04148_,8.02
_04272_,8.02
_04291_,8.02
_04666_,8.02
_05468_,8.02
_05510_,8.02
_05673_,8.02
_05852_,8.02
_05919_,8.02
net381,8.02
net732,8.02
net833,8.02
net1013,8.02
net1338,8.02
net1447,8.02
_02551_,8
_02711_,8
_04913_,8
_05672_,7.99
_00303_,7.985
_00390_,7.985
_00791_,7.985
_00930_,7.985
_01028_,7.985
_01440_,7.985
_02031_,7.98
_02239_,7.98
_02409_,7.98
_02809_,7.98
_02875_,7.98
_02907_,7.98
_03681_,7.98
_03926_,7.98
_04122_,7.98
_04215_,7.98
_04313_,7.98
_04551_,7.98
_04644_,7.98
_04716_,7.98
_05523_,7.98
_05611_,7.98
net267,7.98
net450,7.98
net527,7.98
net704,7.98
net705,7.98
_01544_,7.945
_00298_,7.94
_00607_,7.94
_01979_,7.94
_02264_,7.94
_02287_,7.94
_02369_,7.94
_02432_,7.94
_02603_,7.94
_02638_,7.94
_02699_,7.94
_02787_,7.94
_02813_,7.94
_02915_,7.94
_03017_,7.94
_03018_,7.94
_03729_,7.94
_03821_,7.94
_03837_,7.94
_04316_,7.94
_05689_,7.94
_00833_,7.925
_04547_,7.92
_04695_,7.92
_04876_,7.92
_06007_,7.92
_06010_,7.92
net349,7.92
net425,7.92
net591,7.92
net804,7.92
net869,7.92
net885,7.92
net898,7.92
net1035,7.92
net1208,7.92
net1450,7.92
_01332_,7.905
DM\[5\]\[26\],7.9
_01729_,7.9
_04694_,7.9
_04732_,7.9
_04845_,7.9
_05114_,7.9
_05677_,7.9
net269,7.9
net389,7.9
_03192_,7.88
net234,7.88
net358,7.88
net411,7.88
net458,7.88
net657,7.88
net790,7.88
net865,7.88
net890,7.88
net1324,7.88
net1417,7.88
_00518_,7.865
DM\[19\]\[20\],7.86
DM\[9\]\[29\],7.86
_03251_,7.86
_04900_,7.86
_05197_,7.86
net434,7.86
_00216_,7.845
_00443_,7.845
_00764_,7.845
_00031_,7.84
net398,7.84
_00718_,7.835
_05714_,7.82
net238,7.82
net310,7.82
net654,7.82
net678,7.82
net718,7.82
net731,7.82
net1032,7.82
net1356,7.82
_01111_,7.815
RN,7.81
_00152_,7.805
_01046_,7.805
net983,7.8
net1023,7.8
REG\[11\]\[3\],7.78
REG\[11\]\[6\],7.78
REG\[15\]\[23\],7.78
_03060_,7.78
_04572_,7.78
_05020_,7.78
net77,7.775
_00902_,7.765
REG\[11\]\[15\],7.76
_00260_,7.745
_01423_,7.745
DM\[15\]\[24\],7.74
_03849_,7.74
_05056_,7.74
_05902_,7.74
_00159_,7.725
_00416_,7.715
_00782_,7.695
_01470_,7.695
_04927_,7.69
_00085_,7.685
_00087_,7.685
_00497_,7.685
_02455_,7.68
_03882_,7.68
_04342_,7.68
_04392_,7.68
_05030_,7.68
_05097_,7.68
_05099_,7.68
net1287,7.68
net1512,7.68
_04562_,7.66
_05794_,7.66
DM\[5\]\[10\],7.64
_02431_,7.64
_02760_,7.64
_02768_,7.64
_02801_,7.64
_02863_,7.64
_02945_,7.64
_03002_,7.64
_03699_,7.64
_03834_,7.64
_04246_,7.64
_04249_,7.64
_05008_,7.64
_05166_,7.64
_05500_,7.64
_05837_,7.64
net191,7.64
net356,7.64
net826,7.64
net1259,7.64
net1261,7.64
net1488,7.64
_00413_,7.635
_01958_,7.62
_05574_,7.62
_05704_,7.62
_00597_,7.615
_00687_,7.605
_01024_,7.605
_01542_,7.605
_06016_,7.605
_02331_,7.6
_02517_,7.6
_02798_,7.6
_02874_,7.6
_03004_,7.6
_03665_,7.6
_03832_,7.6
_04240_,7.6
_04311_,7.6
_04325_,7.6
net1267,7.6
_00363_,7.58
_01848_,7.58
_02733_,7.58
_03907_,7.58
_05198_,7.58
_03459_,7.575
_00069_,7.565
_00235_,7.565
_00423_,7.565
_00514_,7.565
_00532_,7.565
_00711_,7.565
_00767_,7.565
_00885_,7.565
_01047_,7.565
_01160_,7.565
_01261_,7.565
_01270_,7.565
_01414_,7.565
_01436_,7.565
_01503_,7.565
_01669_,7.56
_01751_,7.56
_01762_,7.56
_02657_,7.56
_03141_,7.56
_03471_,7.56
_03587_,7.56
_04165_,7.56
_04371_,7.56
net196,7.56
net374,7.56
net380,7.56
net539,7.56
net685,7.56
net746,7.56
net931,7.56
net932,7.56
net1248,7.56
net1357,7.56
net1529,7.56
_00209_,7.545
_00644_,7.54
_00797_,7.54
_02450_,7.54
_05610_,7.54
_00172_,7.525
_00720_,7.525
_00812_,7.525
DM\[3\]\[16\],7.52
DM\[3\]\[25\],7.52
_02144_,7.52
_02366_,7.52
_02420_,7.52
_02565_,7.52
_02655_,7.52
_02903_,7.52
_02932_,7.52
_02966_,7.52
_02986_,7.52
_03036_,7.52
_03054_,7.52
_03368_,7.52
_03596_,7.52
_03674_,7.52
_03991_,7.52
_04210_,7.52
_04251_,7.52
_05156_,7.52
_05395_,7.52
_06002_,7.52
net244,7.52
net283,7.52
net354,7.52
net423,7.52
net503,7.52
net666,7.52
net677,7.52
net870,7.52
net1075,7.52
_01363_,7.505
DM\[20\]\[7\],7.5
_04910_,7.5
_05725_,7.5
_01459_,7.48
_02772_,7.48
_03013_,7.48
_03046_,7.48
_03693_,7.48
_00360_,7.475
_00932_,7.475
_00719_,7.46
_05499_,7.46
_05671_,7.46
net341,7.46
net409,7.46
net548,7.46
net650,7.46
net672,7.46
net741,7.46
net809,7.46
net818,7.46
net917,7.46
net958,7.46
net990,7.46
net1190,7.46
net1196,7.46
net1422,7.46
net1452,7.46
net1506,7.46
_00523_,7.445
DM\[15\]\[23\],7.44
DM\[15\]\[7\],7.44
DM\[19\]\[8\],7.44
DM\[20\]\[24\],7.44
DM\[27\]\[12\],7.44
REG\[11\]\[9\],7.44
_00023_,7.44
_01761_,7.44
_02034_,7.44
_02182_,7.44
_02541_,7.44
_02834_,7.44
_05872_,7.44
net289,7.44
net1003,7.44
net105,7.435
_04280_,7.42
_04467_,7.42
_04497_,7.42
_05991_,7.42
net270,7.42
net361,7.42
net379,7.42
net595,7.42
net1475,7.42
DM\[5\]\[29\],7.4
_04671_,7.4
_05826_,7.4
net496,7.4
net1247,7.4
_00258_,7.385
_01477_,7.385
_04549_,7.38
_04675_,7.38
net1238,7.38
_05587_,7.36
net426,7.36
net510,7.36
net866,7.36
net1051,7.36
net1431,7.36
net1519,7.36
net1541,7.36
_00262_,7.355
_00389_,7.355
_00660_,7.355
_00692_,7.355
_00074_,7.345
_00137_,7.345
_00225_,7.345
_00515_,7.345
_00519_,7.345
_01495_,7.345
_05301_,7.34
net1482,7.34
_05884_,7.325
DM\[20\]\[29\],7.32
_05638_,7.32
net689,7.32
_00274_,7.305
_00394_,7.305
_00625_,7.305
_01000_,7.305
_01196_,7.305
_01818_,7.3
net309,7.3
net1064,7.3
net1443,7.3
_00075_,7.285
_00220_,7.285
_00612_,7.285
_00646_,7.285
MEM_WB_LDM\[10\],7.28
_04632_,7.28
_05641_,7.28
_00120_,7.265
_00287_,7.265
_00717_,7.265
_04889_,7.26
_05325_,7.255
_00754_,7.245
_00758_,7.245
_01066_,7.245
_01899_,7.24
_03356_,7.24
_03405_,7.24
_02166_,7.22
_02511_,7.22
_02645_,7.22
_03408_,7.22
_03538_,7.22
_03668_,7.22
_03917_,7.22
_04115_,7.22
_04174_,7.22
_05122_,7.22
_05190_,7.22
_05293_,7.22
_05966_,7.22
net669,7.22
net841,7.22
net995,7.22
net1211,7.22
net1337,7.22
net1387,7.22
net1402,7.22
net1504,7.22
REG\[15\]\[12\],7.2
_01930_,7.2
_02343_,7.2
_04277_,7.2
_04300_,7.2
_00500_,7.195
_00228_,7.185
DM\[23\]\[19\],7.18
_01797_,7.18
_02384_,7.18
_02580_,7.18
_02593_,7.18
_02916_,7.18
_02950_,7.18
_02971_,7.18
_03005_,7.18
_03767_,7.18
_03791_,7.18
_03810_,7.18
_03826_,7.18
_03956_,7.18
_03999_,7.18
_04013_,7.18
_04145_,7.18
_04361_,7.18
_04907_,7.18
_05083_,7.18
_05505_,7.18
net620,7.18
net1165,7.18
_00112_,7.165
_00322_,7.165
net1505,7.16
_00135_,7.145
_00693_,7.145
_00888_,7.145
_01226_,7.145
_00270_,7.14
_02771_,7.14
_03836_,7.14
_04629_,7.14
_05258_,7.14
_05577_,7.125
_00633_,7.12
_01407_,7.12
_01605_,7.12
_01703_,7.12
_02095_,7.12
_05541_,7.12
_00596_,7.105
_00771_,7.105
_01550_,7.105
DM\[20\]\[5\],7.1
MEM_WB_ALUOUT\[5\],7.1
_01681_,7.1
_01739_,7.1
_02100_,7.1
_02190_,7.1
_02200_,7.1
_02946_,7.1
_03239_,7.1
_03286_,7.1
_03635_,7.1
_04393_,7.1
_04411_,7.1
_05129_,7.1
_05780_,7.1
net203,7.1
net219,7.1
net288,7.1
net670,7.1
net1026,7.1
net1144,7.1
_00622_,7.08
_04112_,7.08
_05195_,7.08
_05997_,7.08
MEM_WB_LDM\[19\],7.06
_01756_,7.06
_01872_,7.06
_01908_,7.06
_01947_,7.06
_02171_,7.06
_02192_,7.06
_02258_,7.06
_02530_,7.06
_02554_,7.06
_03482_,7.06
_03714_,7.06
_03798_,7.06
_04068_,7.06
_04373_,7.06
_04826_,7.06
_05450_,7.06
net860,7.06
_00185_,7.045
_00026_,7.025
_00655_,7.025
_01269_,7.025
_01534_,7.025
_00302_,7.015
_00937_,7.015
_00306_,7
_00848_,7
_01858_,7
_03499_,7
_04076_,7
net252,7
net333,7
net350,7
net490,7
net623,7
net727,7
net1143,7
net1269,7
net1369,7
net1389,7
net1484,7
net1538,7
_00808_,6.985
DM\[13\]\[11\],6.98
DM\[23\]\[1\],6.98
REG\[11\]\[31\],6.98
_03904_,6.98
_04660_,6.98
_05334_,6.98
net233,6.98
net441,6.98
REG\[14\]\[3\],6.96
_01127_,6.96
_05558_,6.96
net604,6.96
net661,6.96
net686,6.96
net823,6.96
net895,6.96
net1273,6.96
net1336,6.96
_05623_,6.94
_05914_,6.94
net1485,6.94
_00382_,6.935
_00486_,6.925
_00499_,6.925
_00615_,6.925
_00774_,6.925
net264,6.92
net475,6.92
_04999_,6.9
_05177_,6.9
net414,6.9
net431,6.9
net541,6.9
net828,6.9
net1466,6.9
net1470,6.9
_00309_,6.885
_05755_,6.88
net326,6.88
net399,6.88
net408,6.88
net1455,6.88
DM\[20\]\[21\],6.86
REG\[11\]\[30\],6.86
_02371_,6.86
_02492_,6.86
_04501_,6.86
_04546_,6.86
_05653_,6.86
net940,6.86
_00171_,6.845
_00537_,6.845
_00679_,6.845
_04558_,6.84
_05879_,6.84
_00281_,6.825
_00793_,6.825
_01002_,6.825
_01082_,6.825
_01232_,6.825
_01353_,6.825
REG\[11\]\[10\],6.82
_00345_,6.82
_02372_,6.82
_00460_,6.805
_02621_,6.8
_04553_,6.8
_00307_,6.785
_01795_,6.78
_03441_,6.78
_05094_,6.78
net1394,6.78
_00042_,6.77
_00736_,6.765
_00819_,6.765
_00908_,6.765
EX_MEM_ALUOUT\[18\],6.76
IF_ID_NPC\[0\],6.76
_00730_,6.76
_01746_,6.76
_02116_,6.76
_02284_,6.76
_03340_,6.76
_04093_,6.76
_04095_,6.76
_04296_,6.76
_04309_,6.76
_04329_,6.76
_04338_,6.76
_04653_,6.76
_04879_,6.76
_05225_,6.76
_05496_,6.76
_05555_,6.76
net651,6.76
net959,6.76
net1186,6.76
net1195,6.76
net1256,6.76
_04081_,6.74
_04554_,6.74
_04726_,6.74
_04953_,6.74
_05001_,6.74
DM\[19\]\[25\],6.72
DM\[4\]\[11\],6.72
IF_ID_NPC\[2\],6.72
_02256_,6.72
_02355_,6.72
_02411_,6.72
_02993_,6.72
_03171_,6.72
_03763_,6.72
_03898_,6.72
_03980_,6.72
_04039_,6.72
_04105_,6.72
_04226_,6.72
_04328_,6.72
_04646_,6.72
_04689_,6.72
_04744_,6.72
_04862_,6.72
_04878_,6.72
_05101_,6.72
_05380_,6.72
_05516_,6.72
net797,6.72
_00291_,6.705
_00487_,6.705
_00653_,6.705
_01275_,6.705
_05596_,6.69
_00455_,6.685
_00558_,6.685
_00637_,6.685
_00778_,6.685
_00877_,6.685
_01146_,6.685
_01536_,6.685
_03052_,6.66
_05045_,6.66
net211,6.66
_04840_,6.65
_00325_,6.645
_01538_,6.645
_01633_,6.64
_01747_,6.64
_02419_,6.64
_03151_,6.64
_03605_,6.64
_03787_,6.64
_03885_,6.64
_03890_,6.64
_04103_,6.64
_04111_,6.64
_04206_,6.64
_04388_,6.64
_04409_,6.64
_04627_,6.64
_04715_,6.64
_05180_,6.64
_05760_,6.64
net259,6.64
net348,6.64
net600,6.64
net617,6.64
net703,6.64
net793,6.64
net803,6.64
net859,6.64
net1085,6.64
net1164,6.64
net1316,6.64
_01337_,6.625
_01488_,6.625
_04835_,6.62
_05098_,6.62
_05575_,6.61
MEM_WB_IR\[13\],6.6
_01838_,6.6
_02063_,6.6
_02585_,6.6
_02750_,6.6
_02777_,6.6
_02877_,6.6
_02972_,6.6
_02985_,6.6
_02995_,6.6
_03203_,6.6
_03893_,6.6
_04136_,6.6
_04229_,6.6
_04312_,6.6
_05201_,6.6
_05216_,6.6
_05847_,6.6
net449,6.6
net452,6.6
net832,6.6
_01271_,6.565
_00929_,6.545
_00119_,6.54
_00200_,6.54
_00526_,6.54
_00536_,6.54
_00873_,6.54
_03618_,6.54
_05164_,6.54
net243,6.54
net322,6.54
net532,6.54
net655,6.54
net743,6.54
net769,6.54
net819,6.54
net831,6.54
net875,6.54
net882,6.54
net904,6.54
net912,6.54
net1049,6.54
net1175,6.54
net1235,6.54
net1290,6.54
net1304,6.54
net1332,6.54
net1399,6.54
net1445,6.54
net1465,6.54
net1469,6.54
net1543,6.54
_00804_,6.525
MEM_WB_LDM\[28\],6.52
_01913_,6.52
_02401_,6.52
_04370_,6.52
_04961_,6.52
_05243_,6.52
_05664_,6.52
_05716_,6.52
_05823_,6.52
net222,6.52
net228,6.52
net555,6.52
net766,6.52
net935,6.52
_00177_,6.5
_03320_,6.5
_04692_,6.5
_04916_,6.5
net545,6.5
net624,6.5
net825,6.5
net851,6.5
net919,6.5
_01403_,6.495
_04561_,6.48
_04995_,6.48
_00084_,6.475
_00097_,6.465
_00223_,6.465
_00247_,6.465
_00559_,6.465
_00594_,6.465
_03972_,6.46
_05290_,6.44
_05471_,6.44
net446,6.44
net596,6.44
net707,6.44
net756,6.44
net820,6.44
net908,6.44
net1299,6.44
net1317,6.44
net1320,6.44
net1427,6.44
net1448,6.44
_00296_,6.425
_01467_,6.425
_00254_,6.42
_03857_,6.42
_05899_,6.42
net742,6.42
DM\[2\]\[12\],6.405
MEM_WB_LDM\[17\],6.4
MEM_WB_LDM\[23\],6.4
_02330_,6.4
_04295_,6.4
_05096_,6.4
_01341_,6.395
_04567_,6.38
_04909_,6.38
_05062_,6.38
_05300_,6.38
net585,6.38
net813,6.38
_00083_,6.365
_00090_,6.365
_00098_,6.365
_00153_,6.365
_00284_,6.365
_00339_,6.365
_00397_,6.365
_00469_,6.365
_00490_,6.365
_00573_,6.365
_00603_,6.365
_00738_,6.365
_01107_,6.365
_01274_,6.365
_01319_,6.365
_01390_,6.365
_01398_,6.365
MEM_WB_LDM\[27\],6.36
_01600_,6.36
_00377_,6.355
_00060_,6.35
_00094_,6.345
_00642_,6.345
_00723_,6.345
_00493_,6.325
_00832_,6.325
_01443_,6.325
_01833_,6.32
_05344_,6.32
net592,6.32
net1493,6.32
_05562_,6.315
_01152_,6.305
_01652_,6.3
_01749_,6.3
_02047_,6.3
_02167_,6.3
_02174_,6.3
_02457_,6.3
_02703_,6.3
_03758_,6.3
_03773_,6.3
_03819_,6.3
_03820_,6.3
_03911_,6.3
_04009_,6.3
_04027_,6.3
_04257_,6.3
_04332_,6.3
_04367_,6.3
_04375_,6.3
_04783_,6.3
_04888_,6.3
_05002_,6.3
_05036_,6.3
_05680_,6.3
_05686_,6.3
net767,6.3
net1028,6.3
net1029,6.3
net1033,6.3
net1097,6.3
net1174,6.3
net1198,6.3
REG\[11\]\[5\],6.28
_02271_,6.28
_04623_,6.28
_05803_,6.28
_01202_,6.275
_01802_,6.27
_05613_,6.27
_00070_,6.265
_00605_,6.265
_00898_,6.265
DM\[15\]\[16\],6.26
EX_MEM_ALUOUT\[17\],6.26
_02161_,6.26
_02186_,6.26
_02356_,6.26
_02576_,6.26
_02605_,6.26
_02694_,6.26
_02752_,6.26
_03452_,6.26
_03650_,6.26
_03677_,6.26
_03715_,6.26
_03969_,6.26
_03978_,6.26
_04155_,6.26
_04236_,6.26
_04274_,6.26
_05092_,6.26
_05835_,6.26
_05876_,6.26
net1415,6.26
_00623_,6.24
_01357_,6.24
_00154_,6.225
_00313_,6.225
_00403_,6.225
_00418_,6.225
_00447_,6.225
_00681_,6.225
_00856_,6.225
_01050_,6.225
_01205_,6.225
_01213_,6.225
NPC[17],6.21
NPC[30],6.21
WB_OUT[14],6.21
WB_OUT[18],6.21
_00863_,6.2
_01251_,6.2
_02076_,6.2
_02103_,6.2
_02586_,6.2
_02587_,6.2
_02689_,6.2
_03536_,6.2
_03772_,6.2
_03844_,6.2
_04063_,6.2
_04449_,6.2
_04924_,6.2
_05661_,6.2
_05951_,6.2
net579,6.2
net586,6.2
net615,6.2
net625,6.2
net647,6.2
net1031,6.2
net1072,6.2
_00077_,6.185
_00509_,6.185
_01063_,6.185
_01496_,6.185
EX_MEM_ALUOUT\[16\],6.18
_02418_,6.18
_02485_,6.18
_02555_,6.18
_02830_,6.18
_03293_,6.18
_03652_,6.18
_03678_,6.18
_03703_,6.18
_03901_,6.18
_04031_,6.18
_04090_,6.18
_04384_,6.18
_05537_,6.18
net216,6.18
net221,6.18
net285,6.18
net296,6.18
net297,6.18
net416,6.18
net468,6.18
net894,6.18
net1065,6.18
_01968_,6.16
_04710_,6.16
_05346_,6.16
_05851_,6.16
_01992_,6.14
_02572_,6.14
_02619_,6.14
_02634_,6.14
_02717_,6.14
_02773_,6.14
_03028_,6.14
_03164_,6.14
_03229_,6.14
_03982_,6.14
_04074_,6.14
_04108_,6.14
_04348_,6.14
_04737_,6.14
_05465_,6.14
_05705_,6.14
_05898_,6.14
net402,6.14
net690,6.14
net1067,6.14
net1127,6.14
_04178_,6.12
_04930_,6.12
_00480_,6.105
_01015_,6.105
_01070_,6.105
_01172_,6.085
_00201_,6.08
_00340_,6.08
_00785_,6.08
_00854_,6.08
_01448_,6.08
_02685_,6.08
_03115_,6.08
_03366_,6.08
_03695_,6.08
_04976_,6.08
net251,6.08
net274,6.08
net318,6.08
net499,6.08
net507,6.08
net564,6.08
net589,6.08
net698,6.08
net734,6.08
net816,6.08
net970,6.08
net1120,6.08
net1161,6.08
net1168,6.08
net1229,6.08
net1298,6.08
net1354,6.08
net1499,6.08
_00295_,6.065
_01391_,6.065
DM\[9\]\[30\],6.06
MEM_WB_ALUOUT\[1\],6.06
_02379_,6.06
net239,6.06
net242,6.06
net403,6.06
_00645_,6.04
_01035_,6.04
_01084_,6.04
_01122_,6.04
_03476_,6.04
net257,6.04
net442,6.04
net460,6.04
net464,6.04
net511,6.04
net618,6.04
net626,6.04
net808,6.04
net957,6.04
net1015,6.04
net1382,6.04
_00977_,6.035
_00066_,6.025
_00071_,6.025
_01533_,6.025
_01087_,6.015
_01203_,6.015
_01451_,6.015
_00122_,6.005
_00158_,6.005
_00436_,6.005
_00616_,6.005
_00829_,6.005
_00904_,6.005
_00936_,6.005
_01585_,6
_00446_,5.985
_00737_,5.985
net307,5.98
net410,5.98
net448,5.98
net482,5.98
net508,5.98
net566,5.98
net682,5.98
net729,5.98
net764,5.98
net856,5.98
net982,5.98
net1025,5.98
net1030,5.98
net1060,5.98
net1121,5.98
net1200,5.98
net1232,5.98
net1271,5.98
net1278,5.98
net1285,5.98
net1358,5.98
net1388,5.98
net1398,5.98
net1462,5.98
net1525,5.98
_00195_,5.965
_00765_,5.965
_00915_,5.965
_00364_,5.96
_05921_,5.96
net517,5.96
_00123_,5.945
_00445_,5.945
_00662_,5.945
_00914_,5.945
_00921_,5.945
_01836_,5.94
_03124_,5.94
_03749_,5.94
_04747_,5.94
_04902_,5.94
_05639_,5.94
net1531,5.94
_01153_,5.925
_03568_,5.92
_00356_,5.905
_01422_,5.905
_00627_,5.895
_01298_,5.895
_01512_,5.895
_00033_,5.89
_01137_,5.885
_01384_,5.885
NPC[12],5.87
_00082_,5.865
_00213_,5.865
_00420_,5.865
_01804_,5.86
_03497_,5.86
_03514_,5.86
_04829_,5.86
_05706_,5.86
net343,5.86
net352,5.86
net497,5.86
net616,5.86
net652,5.86
net676,5.86
net709,5.86
net736,5.86
_00899_,5.845
IF_ID_NPC\[30\],5.84
_01763_,5.84
_01800_,5.84
_02000_,5.84
_02313_,5.84
_02317_,5.84
_02398_,5.84
_02461_,5.84
_02626_,5.84
_02790_,5.84
_02851_,5.84
_02938_,5.84
_03016_,5.84
_03109_,5.84
_03173_,5.84
_03664_,5.84
_03737_,5.84
_03929_,5.84
_03981_,5.84
_04092_,5.84
_04255_,5.84
_04259_,5.84
_04265_,5.84
_04276_,5.84
_04322_,5.84
_04350_,5.84
_04760_,5.84
_05163_,5.84
_05294_,5.84
_05492_,5.84
_05778_,5.84
_05987_,5.84
net295,5.84
net501,5.84
net757,5.84
net788,5.84
net837,5.84
net950,5.84
net1037,5.84
net1244,5.84
net1272,5.84
DM\[2\]\[8\],5.83
_00815_,5.82
_03838_,5.82
_04196_,5.82
_04323_,5.82
_04602_,5.82
_04751_,5.82
_05905_,5.82
_00553_,5.805
_00571_,5.805
_00635_,5.805
_00828_,5.805
_00963_,5.805
_01081_,5.805
DM\[15\]\[20\],5.8
DM\[3\]\[30\],5.8
IF_ID_NPC\[12\],5.8
_02550_,5.8
_02630_,5.8
_02678_,5.8
_02764_,5.8
_02989_,5.8
_03143_,5.8
_03370_,5.8
_03776_,5.8
_03873_,5.8
_03899_,5.8
_03951_,5.8
_04073_,5.8
_04200_,5.8
_04228_,5.8
_04288_,5.8
_04417_,5.8
_04524_,5.8
_04863_,5.8
_05230_,5.8
_05386_,5.8
_05839_,5.8
_05877_,5.8
net1397,5.8
_01343_,5.78
_00068_,5.765
_00107_,5.765
_00312_,5.765
_00452_,5.765
_00579_,5.765
_00779_,5.765
_01021_,5.765
_01041_,5.765
_01065_,5.765
_01180_,5.765
_01250_,5.765
_01254_,5.765
_01283_,5.765
_01471_,5.765
_04849_,5.75
_02041_,5.74
_02193_,5.74
_02328_,5.74
_02578_,5.74
_02741_,5.74
_02799_,5.74
_02846_,5.74
_02949_,5.74
_02969_,5.74
_03313_,5.74
_03809_,5.74
_04003_,5.74
_04064_,5.74
_04069_,5.74
_04089_,5.74
_04262_,5.74
_04378_,5.74
_04403_,5.74
_05161_,5.74
_05869_,5.74
net644,5.74
net1374,5.74
_00374_,5.725
_00495_,5.725
_00742_,5.725
_01059_,5.725
_01468_,5.725
_01540_,5.725
EX_MEM_ALUOUT\[24\],5.72
_01953_,5.72
_02223_,5.72
_02293_,5.72
_02441_,5.72
_02607_,5.72
_02649_,5.72
_02732_,5.72
_02941_,5.72
_03010_,5.72
_03048_,5.72
_03051_,5.72
_03193_,5.72
_03660_,5.72
_03713_,5.72
_03748_,5.72
_03774_,5.72
_03795_,5.72
_03811_,5.72
_03871_,5.72
_04091_,5.72
_04184_,5.72
_04221_,5.72
_04258_,5.72
_04284_,5.72
_04420_,5.72
_04422_,5.72
_04869_,5.72
_05242_,5.72
_05509_,5.72
_05532_,5.72
_05834_,5.72
net329,5.72
net371,5.72
net471,5.72
net472,5.72
net630,5.72
net646,5.72
net1254,5.72
_05265_,5.71
_06006_,5.705
_01280_,5.7
_03504_,5.7
_04822_,5.7
_02291_,5.68
_02498_,5.68
_02546_,5.68
_02564_,5.68
_02590_,5.68
_02628_,5.68
_02647_,5.68
_02810_,5.68
_02842_,5.68
_02963_,5.68
_03330_,5.68
_03732_,5.68
_03845_,5.68
_04001_,5.68
_04166_,5.68
_04192_,5.68
_04269_,5.68
_04275_,5.68
_04335_,5.68
_05924_,5.68
net610,5.68
_00417_,5.645
_00129_,5.62
_00178_,5.62
_00837_,5.62
_00897_,5.62
_00964_,5.62
_01078_,5.62
_01102_,5.62
_01225_,5.62
_01411_,5.62
_01424_,5.62
_03634_,5.62
_05208_,5.62
net213,5.62
net217,5.62
net245,5.62
net334,5.62
net417,5.62
net428,5.62
net495,5.62
net516,5.62
net565,5.62
net581,5.62
net612,5.62
net656,5.62
net680,5.62
net708,5.62
net730,5.62
net750,5.62
net761,5.62
net792,5.62
net840,5.62
net871,5.62
net942,5.62
net1027,5.62
net1178,5.62
net1194,5.62
net1237,5.62
net1242,5.62
net1294,5.62
net1296,5.62
net1384,5.62
net1419,5.62
net1456,5.62
net1473,5.62
net1528,5.62
_00297_,5.605
_00401_,5.605
_00665_,5.605
_00789_,5.605
_00806_,5.605
_00818_,5.605
_00951_,5.605
_01112_,5.605
_01484_,5.605
REG\[11\]\[14\],5.6
REG\[11\]\[26\],5.6
_00035_,5.6
_03032_,5.6
_03061_,5.6
_03359_,5.6
_03672_,5.6
_05860_,5.6
net314,5.6
net777,5.6
net899,5.6
_00076_,5.58
_00884_,5.58
_01017_,5.58
_01473_,5.58
_05183_,5.58
net235,5.58
net893,5.58
net900,5.58
net1508,5.58
DM\[23\]\[16\],5.56
_00058_,5.56
_01515_,5.555
_00078_,5.545
_00191_,5.545
_00545_,5.545
_00746_,5.545
_01014_,5.545
_01207_,5.545
NPC[13],5.53
NPC[20],5.53
NPC[22],5.53
NPC[23],5.53
NPC[28],5.53
NPC[29],5.53
WB_OUT[10],5.53
WB_OUT[15],5.53
WB_OUT[26],5.53
_00256_,5.525
_03266_,5.52
_04712_,5.52
_05170_,5.52
net218,5.52
net249,5.52
net255,5.52
net260,5.52
net261,5.52
net262,5.52
net268,5.52
net279,5.52
net286,5.52
net292,5.52
net298,5.52
net300,5.52
net306,5.52
net315,5.52
net336,5.52
net337,5.52
net338,5.52
net344,5.52
net370,5.52
net385,5.52
net388,5.52
net393,5.52
net395,5.52
net400,5.52
net401,5.52
net405,5.52
net407,5.52
net418,5.52
net430,5.52
net444,5.52
net454,5.52
net459,5.52
net462,5.52
net463,5.52
net474,5.52
net483,5.52
net486,5.52
net514,5.52
net521,5.52
net523,5.52
net530,5.52
net531,5.52
net535,5.52
net543,5.52
net544,5.52
net547,5.52
net550,5.52
net556,5.52
net563,5.52
net570,5.52
net573,5.52
net583,5.52
net584,5.52
net590,5.52
net607,5.52
net621,5.52
net629,5.52
net633,5.52
net639,5.52
net643,5.52
net648,5.52
net662,5.52
net663,5.52
net673,5.52
net679,5.52
net694,5.52
net699,5.52
net725,5.52
net735,5.52
net747,5.52
net754,5.52
net755,5.52
net762,5.52
net765,5.52
net768,5.52
net772,5.52
net789,5.52
net791,5.52
net798,5.52
net806,5.52
net810,5.52
net812,5.52
net814,5.52
net817,5.52
net822,5.52
net824,5.52
net829,5.52
net842,5.52
net853,5.52
net901,5.52
net905,5.52
net930,5.52
net936,5.52
net941,5.52
net949,5.52
net963,5.52
net966,5.52
net981,5.52
net984,5.52
net985,5.52
net994,5.52
net997,5.52
net1002,5.52
net1018,5.52
net1041,5.52
net1044,5.52
net1047,5.52
net1048,5.52
net1056,5.52
net1061,5.52
net1087,5.52
net1094,5.52
net1096,5.52
net1100,5.52
net1118,5.52
net1124,5.52
net1137,5.52
net1140,5.52
net1146,5.52
net1154,5.52
net1156,5.52
net1171,5.52
net1173,5.52
net1226,5.52
net1239,5.52
net1270,5.52
net1305,5.52
net1319,5.52
net1453,5.52
_00496_,5.505
_00722_,5.505
_00931_,5.505
_01036_,5.505
net346,5.5
net668,5.5
net693,5.5
net1446,5.5
_05551_,5.48
_00708_,5.465
_00995_,5.46
_00602_,5.445
_01456_,5.445
_05988_,5.445
_00439_,5.435
_00569_,5.435
_00672_,5.435
_00807_,5.435
_00933_,5.435
_01013_,5.435
_01108_,5.435
_01462_,5.435
_01465_,5.435
_00347_,5.425
_00762_,5.425
_01064_,5.425
_01293_,5.425
_01294_,5.425
_04756_,5.41
_04685_,5.4
_05085_,5.4
_05469_,5.4
_05564_,5.4
net631,5.4
net913,5.4
net1066,5.4
net1069,5.4
_04645_,5.395
_01937_,5.38
_02212_,5.38
_02390_,5.38
_02468_,5.38
_02505_,5.38
_02510_,5.38
_02543_,5.38
_02636_,5.38
_02747_,5.38
_03777_,5.38
_03778_,5.38
_03861_,5.38
_04059_,5.38
_04082_,5.38
_04247_,5.38
_04410_,5.38
_04661_,5.38
_05160_,5.38
_05580_,5.38
_05615_,5.38
_05791_,5.38
net619,5.38
net848,5.38
net858,5.38
net960,5.38
net1103,5.38
net1149,5.38
net1219,5.38
net1308,5.38
net1341,5.38
net1364,5.38
net1521,5.38
_03136_,5.36
_03342_,5.36
_03850_,5.36
_04832_,5.36
_00205_,5.345
_00630_,5.345
_00733_,5.345
_00817_,5.345
_01223_,5.345
_01311_,5.345
_01344_,5.345
_05993_,5.345
_06013_,5.345
DM\[19\]\[31\],5.34
DM\[4\]\[13\],5.34
_01823_,5.34
_02114_,5.34
_02121_,5.34
_02248_,5.34
_02282_,5.34
_02382_,5.34
_02702_,5.34
_02775_,5.34
_02824_,5.34
_02825_,5.34
_02827_,5.34
_02910_,5.34
_02918_,5.34
_02964_,5.34
_03338_,5.34
_03378_,5.34
_03442_,5.34
_03586_,5.34
_03670_,5.34
_03869_,5.34
_04055_,5.34
_04075_,5.34
_04106_,5.34
_04128_,5.34
_04140_,5.34
_04167_,5.34
_04235_,5.34
_04239_,5.34
_04250_,5.34
_04387_,5.34
_05853_,5.34
net1073,5.34
net1313,5.34
net1483,5.34
_05571_,5.33
_00913_,5.32
_01404_,5.32
_00249_,5.315
_00424_,5.315
_00805_,5.315
_00889_,5.315
_00906_,5.315
_05995_,5.315
_00187_,5.305
_00245_,5.305
_00261_,5.305
_00735_,5.305
_01149_,5.305
_01324_,5.305
_01539_,5.305
_00973_,5.28
_02054_,5.28
_03053_,5.28
_03983_,5.28
_04201_,5.28
_04212_,5.28
_05402_,5.28
_05607_,5.28
_05941_,5.28
_00134_,5.265
_00323_,5.265
_00483_,5.265
_00522_,5.265
_00989_,5.265
_00997_,5.265
_01106_,5.265
_01418_,5.265
_01743_,5.26
_01790_,5.26
_01904_,5.26
_01951_,5.26
_02273_,5.26
_02338_,5.26
_02470_,5.26
_02482_,5.26
_02837_,5.26
_03039_,5.26
_03041_,5.26
_03311_,5.26
_03855_,5.26
_04053_,5.26
_04099_,5.26
_04224_,5.26
_04237_,5.26
_04261_,5.26
_04299_,5.26
_04320_,5.26
_04381_,5.26
_04640_,5.26
_04717_,5.26
_04738_,5.26
_05069_,5.26
_05601_,5.26
_05696_,5.26
_05819_,5.26
_05942_,5.26
net320,5.26
net412,5.26
net915,5.26
net1136,5.26
net1383,5.26
_00468_,5.24
_05748_,5.24
_02613_,5.22
_02687_,5.22
_03019_,5.22
_03942_,5.22
_03958_,5.22
_03993_,5.22
_04161_,5.22
_04163_,5.22
_04775_,5.22
_05275_,5.22
_05390_,5.22
_05901_,5.22
_01351_,5.2
NPC[15],5.19
NPC[18],5.19
WB_OUT[27],5.19
WB_OUT[30],5.19
WB_OUT[3],5.19
WB_OUT[9],5.19
_00354_,5.185
_00512_,5.185
_00960_,5.185
_01199_,5.185
_06015_,5.18
_00165_,5.16
_00535_,5.16
_00867_,5.16
_00909_,5.16
_00956_,5.16
_01437_,5.16
_01469_,5.16
_01498_,5.16
_01728_,5.16
_03235_,5.16
_03712_,5.16
_04469_,5.16
_05244_,5.16
_05992_,5.16
_06014_,5.16
net220,5.16
net236,5.16
net280,5.16
net290,5.16
net390,5.16
net421,5.16
net489,5.16
net580,5.16
net609,5.16
net637,5.16
net659,5.16
net681,5.16
net714,5.16
net779,5.16
net805,5.16
net945,5.16
net989,5.16
net996,5.16
net1052,5.16
net1055,5.16
net1076,5.16
net1115,5.16
net1155,5.16
net1167,5.16
net1206,5.16
net1221,5.16
net1228,5.16
net1243,5.16
net1315,5.16
net1366,5.16
net1378,5.16
net1385,5.16
net1403,5.16
net1407,5.16
net1517,5.16
net1540,5.16
_00784_,5.145
_02301_,5.14
_05444_,5.14
_05800_,5.14
net455,5.14
_02443_,5.12
_03397_,5.12
net683,5.12
net1201,5.12
net1474,5.12
_00329_,5.095
_00462_,5.095
_00802_,5.095
_00961_,5.095
_01011_,5.095
_00189_,5.085
_00970_,5.085
_01091_,5.085
_01519_,5.085
_01813_,5.06
_05283_,5.06
_05684_,5.06
net287,5.06
net330,5.06
net335,5.06
net340,5.06
net342,5.06
net384,5.06
net406,5.06
net436,5.06
net457,5.06
net509,5.06
net512,5.06
net537,5.06
net552,5.06
net562,5.06
net576,5.06
net582,5.06
net598,5.06
net627,5.06
net641,5.06
net688,5.06
net712,5.06
net719,5.06
net739,5.06
net752,5.06
net770,5.06
net776,5.06
net778,5.06
net782,5.06
net801,5.06
net834,5.06
net846,5.06
net862,5.06
net881,5.06
net886,5.06
net896,5.06
net897,5.06
net903,5.06
net906,5.06
net911,5.06
net923,5.06
net933,5.06
net938,5.06
net947,5.06
net948,5.06
net969,5.06
net986,5.06
net1006,5.06
net1008,5.06
net1010,5.06
net1020,5.06
net1024,5.06
net1043,5.06
net1053,5.06
net1068,5.06
net1074,5.06
net1078,5.06
net1088,5.06
net1090,5.06
net1101,5.06
net1108,5.06
net1112,5.06
net1122,5.06
net1130,5.06
net1131,5.06
net1134,5.06
net1150,5.06
net1160,5.06
net1172,5.06
net1179,5.06
net1184,5.06
net1212,5.06
net1214,5.06
net1227,5.06
net1233,5.06
net1241,5.06
net1246,5.06
net1257,5.06
net1277,5.06
net1281,5.06
net1284,5.06
net1286,5.06
net1292,5.06
net1303,5.06
net1307,5.06
net1309,5.06
net1310,5.06
net1318,5.06
net1321,5.06
net1323,5.06
net1328,5.06
net1329,5.06
net1331,5.06
net1335,5.06
net1339,5.06
net1340,5.06
net1342,5.06
net1345,5.06
net1346,5.06
net1347,5.06
net1350,5.06
net1359,5.06
net1365,5.06
net1368,5.06
net1370,5.06
net1371,5.06
net1376,5.06
net1390,5.06
net1393,5.06
net1400,5.06
net1401,5.06
net1406,5.06
net1408,5.06
net1409,5.06
net1410,5.06
net1416,5.06
net1418,5.06
net1420,5.06
net1423,5.06
net1426,5.06
net1429,5.06
net1430,5.06
net1435,5.06
net1437,5.06
net1439,5.06
net1444,5.06
net1472,5.06
net1476,5.06
net1480,5.06
net1487,5.06
net1492,5.06
net1495,5.06
net1496,5.06
net1497,5.06
net1500,5.06
net1515,5.06
net1520,5.06
net1522,5.06
net1523,5.06
net1534,5.06
_00115_,5.045
_00128_,5.045
_00133_,5.045
_01003_,5.045
_01083_,5.045
_01155_,5.045
_00088_,5.04
_01781_,5.04
_01810_,5.04
_04770_,5.04
_04782_,5.04
net225,5.04
net613,5.04
net1007,5.04
MEM_WB_ALUOUT\[7\],5.02
_00465_,5.02
net998,5.02
net1518,5.02
_00350_,5.015
_00557_,5.015
_01350_,5.005
_05432_,5
_00184_,4.985
_00192_,4.985
_00194_,4.985
_00435_,4.985
_00476_,4.985
_00721_,4.985
_01145_,4.985
_00467_,4.975
_00525_,4.975
_00729_,4.975
_00788_,4.975
_00886_,4.975
_00928_,4.975
_01071_,4.975
_00366_,4.965
_00448_,4.965
_00925_,4.965
_01006_,4.965
IF_ID_NPC\[31\],4.94
_01288_,4.94
_01900_,4.94
_04746_,4.94
_04816_,4.94
_05594_,4.94
net153,4.94
IF_ID_IR\[0\],4.92
_01694_,4.92
_01755_,4.92
_01773_,4.92
_01864_,4.92
_01914_,4.92
_02206_,4.92
_02310_,4.92
_02407_,4.92
_02439_,4.92
_02884_,4.92
_02981_,4.92
_02999_,4.92
_03433_,4.92
_03454_,4.92
_03642_,4.92
_03691_,4.92
_03707_,4.92
_03831_,4.92
_03938_,4.92
_03944_,4.92
_04158_,4.92
_04160_,4.92
_04204_,4.92
_04333_,4.92
_04365_,4.92
_04376_,4.92
_04414_,4.92
_04895_,4.92
_04933_,4.92
_05179_,4.92
_05665_,4.92
_05827_,4.92
_05937_,4.92
net72,4.92
net485,4.92
net559,4.92
net614,4.92
net902,4.92
net1038,4.92
net1070,4.92
net1113,4.92
net1396,4.92
net1524,4.92
_02681_,4.9
_05256_,4.9
_05563_,4.9
_00351_,4.895
_00798_,4.895
_03541_,4.89
_00367_,4.885
_00412_,4.885
_00466_,4.885
_00948_,4.885
_00966_,4.885
_01322_,4.885
_01335_,4.885
_01396_,4.885
_01400_,4.885
_01432_,4.885
IF_ID_NPC\[1\],4.88
IF_ID_NPC\[7\],4.88
_02724_,4.88
_02751_,4.88
_03156_,4.88
_03808_,4.88
_03862_,4.88
_03903_,4.88
_03941_,4.88
_03947_,4.88
_03966_,4.88
_04162_,4.88
_04222_,4.88
_04352_,4.88
_04419_,4.88
_04871_,4.88
_05110_,4.88
_05232_,4.88
_05430_,4.88
_05475_,4.88
net795,4.88
_00327_,4.865
_05493_,4.86
NPC[16],4.85
NPC[19],4.85
NPC[24],4.85
NPC[25],4.85
NPC[31],4.85
WB_OUT[24],4.85
WB_OUT[8],4.85
_00231_,4.845
_00344_,4.845
_00492_,4.845
_00699_,4.845
_00866_,4.845
_00900_,4.845
_00907_,4.845
_01334_,4.845
_01392_,4.845
_06000_,4.845
_00362_,4.82
_01069_,4.82
_02589_,4.82
_03021_,4.82
_04007_,4.82
_00380_,4.805
_00396_,4.805
_00584_,4.805
_00666_,4.805
_00674_,4.805
_00744_,4.805
_00816_,4.805
_01057_,4.805
_01305_,4.805
_01748_,4.8
_02142_,4.8
_02300_,4.8
_02385_,4.8
_02394_,4.8
_02406_,4.8
_02471_,4.8
_02803_,4.8
_03270_,4.8
_03444_,4.8
_03509_,4.8
_03968_,4.8
_03970_,4.8
_04062_,4.8
_04144_,4.8
_04154_,4.8
_04217_,4.8
_04271_,4.8
_04326_,4.8
_04588_,4.8
_04730_,4.8
_04901_,4.8
_05066_,4.8
_05362_,4.8
_05368_,4.8
_05451_,4.8
_05589_,4.8
_05893_,4.8
net301,4.8
net353,4.8
net365,4.8
net437,4.8
net649,4.8
net697,4.8
net1039,4.8
net1189,4.8
_01188_,4.785
DM\[19\]\[19\],4.78
_05724_,4.78
_05783_,4.78
_02244_,4.76
_02891_,4.76
_02933_,4.76
_03011_,4.76
_03860_,4.76
_03866_,4.76
_03943_,4.76
_03965_,4.76
_04132_,4.76
_04180_,4.76
_04771_,4.76
_05012_,4.76
_05779_,4.76
_00204_,4.755
_00759_,4.725
_00853_,4.725
_00179_,4.7
_00212_,4.7
_00606_,4.7
_00813_,4.7
_00943_,4.7
_01206_,4.7
_01227_,4.7
_01234_,4.7
_01253_,4.7
_01466_,4.7
_05074_,4.7
_05403_,4.7
net212,4.7
net308,4.7
net422,4.7
net473,4.7
net574,4.7
net700,4.7
net749,4.7
net759,4.7
net877,4.7
net921,4.7
net964,4.7
net999,4.7
net1012,4.7
net1016,4.7
net1123,4.7
net1183,4.7
net1300,4.7
_00678_,4.695
_02676_,4.68
_03031_,4.68
_03237_,4.68
_03473_,4.68
_04187_,4.68
net427,4.68
net844,4.68
net1509,4.68
_03102_,4.66
_03385_,4.66
_03544_,4.66
_05257_,4.66
net364,4.66
net1438,4.66
_00132_,4.635
_00940_,4.635
_00942_,4.635
_00392_,4.625
_01099_,4.625
_01174_,4.625
_00210_,4.605
_00224_,4.605
_05345_,4.6
_05630_,4.6
_00131_,4.585
_00161_,4.585
_00217_,4.585
_00240_,4.585
_00308_,4.585
_00334_,4.585
_00379_,4.585
_00405_,4.585
_00408_,4.585
_00556_,4.585
_00575_,4.585
_00582_,4.585
_00716_,4.585
_00794_,4.585
_01051_,4.585
_01117_,4.585
_01262_,4.585
_01373_,4.585
_01399_,4.585
_01401_,4.585
_00166_,4.58
_00229_,4.58
_00761_,4.58
_00787_,4.58
_05588_,4.58
_01839_,4.56
_03090_,4.56
_04626_,4.56
_05856_,4.56
_00517_,4.555
_00990_,4.555
_00051_,4.54
_03335_,4.54
_00300_,4.525
_00840_,4.525
_01110_,4.525
_01201_,4.525
_01527_,4.525
_01528_,4.525
_00724_,4.505
_01198_,4.505
_00208_,4.5
_01860_,4.49
_03155_,4.49
_01159_,4.48
_01754_,4.48
_01990_,4.48
_03196_,4.48
_04438_,4.48
_04697_,4.48
_04767_,4.48
_04982_,4.48
_05022_,4.48
net151,4.48
EX_MEM_ALUOUT\[11\],4.46
EX_MEM_ALUOUT\[26\],4.46
IF_ID_NPC\[9\],4.46
_01736_,4.46
_01975_,4.46
_02052_,4.46
_02107_,4.46
_02138_,4.46
_02184_,4.46
_02285_,4.46
_02286_,4.46
_02422_,4.46
_02507_,4.46
_02569_,4.46
_02588_,4.46
_02609_,4.46
_02701_,4.46
_02845_,4.46
_02866_,4.46
_03030_,4.46
_03050_,4.46
_03705_,4.46
_03728_,4.46
_03979_,4.46
_04176_,4.46
_04189_,4.46
_04220_,4.46
_04307_,4.46
_04383_,4.46
_04523_,4.46
_04807_,4.46
_05235_,4.46
_05253_,4.46
_05854_,4.46
net787,4.46
net1454,4.46
MEM_WB_ALUOUT\[0\],4.44
_01264_,4.44
_04279_,4.44
_04425_,4.44
_05670_,4.44
_00583_,4.425
_00619_,4.425
_00664_,4.425
_00675_,4.425
_00780_,4.425
_01023_,4.425
_01043_,4.425
_01161_,4.425
_01487_,4.425
_05989_,4.425
ID_EX_IR\[9\],4.42
IF_ID_NPC\[11\],4.42
_00057_,4.42
_02246_,4.42
_02354_,4.42
_02808_,4.42
_03859_,4.42
_04139_,4.42
_04149_,4.42
_04197_,4.42
_04397_,4.42
_04401_,4.42
net1516,4.42
_00047_,4.41
_00095_,4.385
_00099_,4.385
_00346_,4.385
_00494_,4.385
_00534_,4.385
_00548_,4.385
_00755_,4.385
_00941_,4.385
_00957_,4.385
_01016_,4.385
_01158_,4.385
_01166_,4.385
_01541_,4.385
_01147_,4.36
_01806_,4.36
_01845_,4.36
_02080_,4.36
_02096_,4.36
_02788_,4.36
_03025_,4.36
_03176_,4.36
_03666_,4.36
_03910_,4.36
_04317_,4.36
_04404_,4.36
_05196_,4.36
_01745_,4.34
_01753_,4.34
_01954_,4.34
_02045_,4.34
_02160_,4.34
_02187_,4.34
_02269_,4.34
_02275_,4.34
_02362_,4.34
_02370_,4.34
_02387_,4.34
_02393_,4.34
_02484_,4.34
_02688_,4.34
_02822_,4.34
_02908_,4.34
_02913_,4.34
_03095_,4.34
_03594_,4.34
_03702_,4.34
_03718_,4.34
_03719_,4.34
_03741_,4.34
_03800_,4.34
_03843_,4.34
_03851_,4.34
_03858_,4.34
_03887_,4.34
_03939_,4.34
_04186_,4.34
_04242_,4.34
_04248_,4.34
_04380_,4.34
_04683_,4.34
_04778_,4.34
_04858_,4.34
_04931_,4.34
_05371_,4.34
_05410_,4.34
_05491_,4.34
_05811_,4.34
_05875_,4.34
net241,4.34
net445,4.34
net525,4.34
net553,4.34
net597,4.34
net721,4.34
net1019,4.34
net1091,4.34
net1471,4.34
_00670_,4.335
_00219_,4.325
_05353_,4.32
_01156_,4.305
_00199_,4.295
_00266_,4.295
_00626_,4.295
_00677_,4.295
_00689_,4.295
_00700_,4.295
_00810_,4.295
_00841_,4.295
_00756_,4.285
_00139_,4.265
_00580_,4.265
_00987_,4.265
_00998_,4.265
_01211_,4.265
_01033_,4.26
_01219_,4.26
_01229_,4.255
_00143_,4.24
_00183_,4.24
_00207_,4.24
_00747_,4.24
_00773_,4.24
_00901_,4.24
_00946_,4.24
_00962_,4.24
_01378_,4.24
_01537_,4.24
_04911_,4.24
_05039_,4.24
_05250_,4.24
_05361_,4.24
_05761_,4.24
net258,4.24
net305,4.24
net313,4.24
net339,4.24
net359,4.24
net528,4.24
net602,4.24
net605,4.24
net717,4.24
net843,4.24
net867,4.24
net971,4.24
net973,4.24
net1004,4.24
net1081,4.24
net1205,4.24
net1468,4.24
DM\[20\]\[2\],4.22
_01775_,4.22
_01789_,4.22
_02438_,4.22
_05103_,4.22
_05920_,4.22
_00984_,4.215
net513,4.2
net1258,4.2
_00801_,4.18
_01230_,4.165
_01309_,4.165
_03573_,4.15
_05527_,4.14
_05645_,4.14
_00168_,4.125
_00294_,4.125
_00393_,4.125
_00934_,4.125
_00988_,4.125
_01406_,4.125
_01037_,4.12
_03131_,4.12
_04614_,4.12
_05484_,4.12
_05549_,4.12
_05762_,4.12
_05916_,4.12
net382,4.12
_05363_,4.1
_05592_,4.1
_05754_,4.09
_00442_,4.085
_00639_,4.085
_00981_,4.085
_01148_,4.085
_01240_,4.085
_00349_,4.065
_00691_,4.065
_00911_,4.065
_01524_,4.065
_00062_,4.05
_00453_,4.045
_00533_,4.045
_01026_,4.045
_01239_,4.045
_01816_,4.02
_03049_,4.02
_03281_,4.02
_05158_,4.02
_05278_,4.02
_05598_,4.02
IF_ID_NPC\[24\],4
_01735_,4
_01778_,4
_01844_,4
_02017_,4
_02295_,4
_02404_,4
_02424_,4
_02767_,4
_02869_,4
_02894_,4
_02936_,4
_03135_,4
_03199_,4
_03283_,4
_03612_,4
_03648_,4
_03717_,4
_03892_,4
_04087_,4
_04125_,4
_04190_,4
_04214_,4
_04241_,4
_04283_,4
_04450_,4
_04581_,4
_04586_,4
_04638_,4
_04753_,4
_04768_,4
_05041_,4
_05186_,4
_05193_,4
_05458_,4
_05545_,4
_05923_,4
_05947_,4
_06003_,4
_06005_,4
net587,4
net962,4
net1109,4
net1110,4
net1478,4
_02930_,3.98
_03201_,3.98
_05461_,3.98
_00279_,3.965
_00321_,3.965
_00365_,3.965
_00563_,3.965
_00707_,3.965
_00847_,3.965
_01115_,3.965
_01178_,3.965
_01218_,3.965
_01348_,3.965
_01449_,3.965
_03653_,3.93
_00149_,3.925
_00257_,3.925
_00404_,3.925
_00684_,3.925
_00725_,3.925
_00772_,3.925
_00923_,3.925
_01060_,3.925
_01086_,3.925
_01393_,3.925
_01497_,3.925
_01518_,3.925
_01546_,3.925
_00395_,3.9
_01752_,3.9
_02026_,3.9
_02480_,3.9
_02849_,3.9
_02956_,3.9
_03038_,3.9
_03362_,3.9
_04025_,3.9
_00335_,3.88
_02117_,3.88
_02292_,3.88
_02314_,3.88
_02434_,3.88
_02459_,3.88
_02677_,3.88
_02748_,3.88
_02778_,3.88
_02782_,3.88
_02814_,3.88
_02868_,3.88
_02886_,3.88
_02980_,3.88
_03064_,3.88
_03406_,3.88
_03492_,3.88
_03552_,3.88
_03928_,3.88
_04104_,3.88
_04358_,3.88
_05277_,3.88
_05330_,3.88
_05483_,3.88
_05519_,3.88
_05669_,3.88
_05927_,3.88
net480,3.88
net494,3.88
net1170,3.88
_00079_,3.865
_00406_,3.865
_00876_,3.865
_01316_,3.865
_01320_,3.865
_01326_,3.865
_05990_,3.865
_06018_,3.865
_00314_,3.805
_00506_,3.805
_01377_,3.805
_01434_,3.805
_00222_,3.8
_00508_,3.8
_00671_,3.8
_00826_,3.8
_00991_,3.8
_01085_,3.8
_01157_,3.8
_01162_,3.8
_01256_,3.8
_01336_,3.8
_01361_,3.8
_00450_,3.78
_00456_,3.78
_00504_,3.78
_00634_,3.78
_00638_,3.78
_00944_,3.78
_01235_,3.78
_01380_,3.78
_01381_,3.78
_01438_,3.78
_01730_,3.78
_03404_,3.78
net429,3.78
net461,3.78
net515,3.78
net542,3.78
net571,3.78
net578,3.78
net737,3.78
net852,3.78
net929,3.78
net1001,3.78
net1105,3.78
net1114,3.78
net1461,3.78
net1544,3.78
DM\[20\]\[27\],3.76
_02719_,3.76
_05095_,3.76
_05336_,3.76
net1080,3.76
_00197_,3.755
_01837_,3.74
_05939_,3.74
_00524_,3.705
_00546_,3.705
_00694_,3.705
_00799_,3.705
_00850_,3.705
_00939_,3.705
_01494_,3.705
_05642_,3.68
_05781_,3.68
net170,3.68
net179,3.68
_00055_,3.66
_01793_,3.66
_03525_,3.66
_05427_,3.66
_05678_,3.66
_05928_,3.66
net376,3.66
net713,3.66
net748,3.66
_01281_,3.655
_05349_,3.64
_00147_,3.625
_00233_,3.625
_00241_,3.625
_00624_,3.625
_00827_,3.625
_00996_,3.625
_01342_,3.625
_01366_,3.625
_01374_,3.625
_01472_,3.625
_01483_,3.625
_05462_,3.62
_00061_,3.61
_00510_,3.605
_00113_,3.585
_00428_,3.585
_00591_,3.585
_01004_,3.585
_01049_,3.585
_01139_,3.585
_01445_,3.585
ID_EX_IR\[7\],3.56
IF_ID_NPC\[28\],3.56
_03467_,3.56
_03486_,3.56
_03520_,3.56
_04407_,3.56
_04583_,3.56
_04973_,3.56
EX_MEM_ALUOUT\[19\],3.54
IF_ID_NPC\[21\],3.54
IF_ID_NPC\[22\],3.54
_01782_,3.54
_02027_,3.54
_02039_,3.54
_02225_,3.54
_02302_,3.54
_02426_,3.54
_02563_,3.54
_02735_,3.54
_02848_,3.54
_03023_,3.54
_03460_,3.54
_03462_,3.54
_03877_,3.54
_04065_,3.54
_04356_,3.54
_04967_,3.54
_05217_,3.54
_05304_,3.54
_05333_,3.54
_05420_,3.54
_05425_,3.54
_05731_,3.54
_05832_,3.54
_05883_,3.54
net481,3.54
net980,3.54
net1011,3.54
net1098,3.54
net1181,3.54
MEM_WB_LDM\[29\],3.52
_01096_,3.515
_00148_,3.505
_00338_,3.505
_00410_,3.505
_00449_,3.505
_00702_,3.505
_00781_,3.505
_00822_,3.505
_00835_,3.505
_00903_,3.505
_00955_,3.505
_01048_,3.505
_01114_,3.505
_01116_,3.505
_01228_,3.505
_01308_,3.505
_01375_,3.505
_01054_,3.48
_00091_,3.465
_00186_,3.465
_00355_,3.465
_00434_,3.465
_00752_,3.465
_00803_,3.465
_00954_,3.465
_00979_,3.465
_01005_,3.465
_01121_,3.465
_01183_,3.465
_01191_,3.465
_01258_,3.465
_01371_,3.465
_01499_,3.465
_01514_,3.465
_01516_,3.465
_00656_,3.44
_00757_,3.44
_00776_,3.44
_00790_,3.44
_01192_,3.44
_01295_,3.44
_02329_,3.44
_02514_,3.44
_02856_,3.44
_02870_,3.44
_03059_,3.44
_04254_,3.44
_04364_,3.44
_04396_,3.44
_04415_,3.44
_05119_,3.44
_05175_,3.44
_05443_,3.44
_05757_,3.44
_01182_,3.42
_01572_,3.42
_01820_,3.42
_01961_,3.42
_02145_,3.42
_02289_,3.42
_02396_,3.42
_02416_,3.42
_02445_,3.42
_02756_,3.42
_02867_,3.42
_02881_,3.42
_03008_,3.42
_03208_,3.42
_03233_,3.42
_04049_,3.42
_04067_,3.42
_04088_,3.42
_04344_,3.42
_04750_,3.42
_04805_,3.42
_04852_,3.42
_04934_,3.42
_05489_,3.42
_05863_,3.42
_05874_,3.42
net206,3.42
net638,3.42
net1133,3.42
_00106_,3.405
_00118_,3.405
_00188_,3.405
_00341_,3.405
_00352_,3.405
_00491_,3.405
_00527_,3.405
_00667_,3.405
_00668_,3.405
_00683_,3.405
_00768_,3.405
_00843_,3.405
_00861_,3.405
_01237_,3.405
_01241_,3.405
_01282_,3.405
_01290_,3.405
_01300_,3.405
_01302_,3.405
_01328_,3.405
_01345_,3.405
_01349_,3.405
_01433_,3.405
_00916_,3.38
_00059_,3.35
_00121_,3.345
_00384_,3.345
_00427_,3.345
_01187_,3.345
_01307_,3.345
_01510_,3.345
_01535_,3.345
_00080_,3.34
_00093_,3.34
_00156_,3.34
_00180_,3.34
_00198_,3.34
_00239_,3.34
_00244_,3.34
_00278_,3.34
_00280_,3.34
_00293_,3.34
_00342_,3.34
_00411_,3.34
_00459_,3.34
_00461_,3.34
_00581_,3.34
_00617_,3.34
_00669_,3.34
_00731_,3.34
_00745_,3.34
_00857_,3.34
_01092_,3.34
_01113_,3.34
_01123_,3.34
_01208_,3.34
_01221_,3.34
_01236_,3.34
_01244_,3.34
_01272_,3.34
_01299_,3.34
_01338_,3.34
_01354_,3.34
_01430_,3.34
_01446_,3.34
_01508_,3.34
_00686_,3.32
_00786_,3.32
_00980_,3.32
_01072_,3.32
_01141_,3.32
_01163_,3.32
_01291_,3.32
_03602_,3.32
net319,3.32
net324,3.32
net331,3.32
net438,3.32
net451,3.32
net453,3.32
net500,3.32
net568,3.32
net593,3.32
net634,3.32
net716,3.32
net744,3.32
net815,3.32
net864,3.32
net891,3.32
net916,3.32
net1093,3.32
net1126,3.32
net1330,3.32
net1351,3.32
_00043_,3.3
_03276_,3.3
_03688_,3.3
net488,3.3
net1059,3.3
_00685_,3.295
_00111_,3.245
_00282_,3.245
_00381_,3.245
_00402_,3.245
_00409_,3.245
_00529_,3.245
_00547_,3.245
_00562_,3.245
_00770_,3.245
_01074_,3.245
_01132_,3.245
_01273_,3.245
_01376_,3.245
_00457_,3.225
_01216_,3.225
_01760_,3.22
_01785_,3.22
_03179_,3.22
_03469_,3.22
_05281_,3.22
_05454_,3.22
MEM_WB_IR\[12\],3.2
_03227_,3.2
_04595_,3.2
_05200_,3.2
net956,3.2
net1209,3.2
_03562_,3.195
_05306_,3.19
_04904_,3.18
_00064_,3.175
_00141_,3.175
_00142_,3.175
_00255_,3.175
_01093_,3.175
_01094_,3.175
_01098_,3.175
_01329_,3.175
_00560_,3.145
_00859_,3.145
_00860_,3.145
_00875_,3.145
_00993_,3.145
_01301_,3.145
_00651_,3.125
_05178_,3.11
_03113_,3.1
_03188_,3.1
_03263_,3.1
_03375_,3.1
_03632_,3.1
_05245_,3.1
_05385_,3.1
_05710_,3.1
_05743_,3.1
_05885_,3.1
EX_MEM_ALUOUT\[13\],3.08
IF_ID_IR\[14\],3.08
IF_ID_NPC\[6\],3.08
_02277_,3.08
_02283_,3.08
_02358_,3.08
_02410_,3.08
_02474_,3.08
_02513_,3.08
_02574_,3.08
_02745_,3.08
_02758_,3.08
_02765_,3.08
_03096_,3.08
_03296_,3.08
_03326_,3.08
_03440_,3.08
_03578_,3.08
_03735_,3.08
_04408_,3.08
_04969_,3.08
_05011_,3.08
_05104_,3.08
_05326_,3.08
_05513_,3.08
_06011_,3.08
net1005,3.08
_02697_,3.06
_00433_,3.055
_00478_,3.055
_01224_,3.055
_00182_,3.045
_00368_,3.045
_00531_,3.045
_00540_,3.045
_00766_,3.045
_00796_,3.045
_00834_,3.045
_00846_,3.045
_01185_,3.045
_00053_,3.01
_00299_,3.005
_00369_,3.005
_00388_,3.005
_00586_,3.005
_00868_,3.005
_00891_,3.005
_00971_,3.005
_00986_,3.005
_01144_,3.005
_01233_,3.005
_01420_,3.005
_01501_,3.005
_01529_,3.005
_01549_,3.005
_01040_,3
_00202_,2.98
_00348_,2.98
_00577_,2.98
_00869_,2.98
_00949_,2.98
_01104_,2.98
_01330_,2.98
_01933_,2.98
_02006_,2.98
_02082_,2.98
_02086_,2.98
_02089_,2.98
_02481_,2.98
_02794_,2.98
_02862_,2.98
_02982_,2.98
_03044_,2.98
_03738_,2.98
_03783_,2.98
_03789_,2.98
_03797_,2.98
_03814_,2.98
_03950_,2.98
_03955_,2.98
_03997_,2.98
_04117_,2.98
_04159_,2.98
_04216_,2.98
_04301_,2.98
_04302_,2.98
_04369_,2.98
_05320_,2.98
_05536_,2.98
_01189_,2.96
_01965_,2.96
_02440_,2.96
_02532_,2.96
_02535_,2.96
_02568_,2.96
_02594_,2.96
_02850_,2.96
_02922_,2.96
_02939_,2.96
_02943_,2.96
_03063_,2.96
_03084_,2.96
_03122_,2.96
_03126_,2.96
_03218_,2.96
_03249_,2.96
_03532_,2.96
_03548_,2.96
_03644_,2.96
_03710_,2.96
_03731_,2.96
_03964_,2.96
_03973_,2.96
_03975_,2.96
_04043_,2.96
_04131_,2.96
_04164_,2.96
net1071,2.96
_00073_,2.945
_00100_,2.945
_00138_,2.945
_00140_,2.945
_00144_,2.945
_00150_,2.945
_00206_,2.945
_00214_,2.945
_00269_,2.945
_00271_,2.945
_00272_,2.945
_00285_,2.945
_00286_,2.945
_00311_,2.945
_00357_,2.945
_00387_,2.945
_00407_,2.945
_00426_,2.945
_00429_,2.945
_00432_,2.945
_00437_,2.945
_00438_,2.945
_00475_,2.945
_00498_,2.945
_00513_,2.945
_00550_,2.945
_00572_,2.945
_00592_,2.945
_00593_,2.945
_00595_,2.945
_00601_,2.945
_00611_,2.945
_00614_,2.945
_00620_,2.945
_00621_,2.945
_00629_,2.945
_00701_,2.945
_00706_,2.945
_00769_,2.945
_00830_,2.945
_00831_,2.945
_00839_,2.945
_00849_,2.945
_00858_,2.945
_00865_,2.945
_00870_,2.945
_00871_,2.945
_00872_,2.945
_00878_,2.945
_00879_,2.945
_00918_,2.945
_00920_,2.945
_00965_,2.945
_01100_,2.945
_01109_,2.945
_01118_,2.945
_01126_,2.945
_01179_,2.945
_01186_,2.945
_01195_,2.945
_01200_,2.945
_01217_,2.945
_01286_,2.945
_01312_,2.945
_01317_,2.945
_01325_,2.945
_01331_,2.945
_01333_,2.945
_01339_,2.945
_01358_,2.945
_01359_,2.945
_01362_,2.945
_01383_,2.945
_01394_,2.945
_01408_,2.945
_01419_,2.945
_01427_,2.945
_01435_,2.945
_01442_,2.945
_01458_,2.945
_01481_,2.945
_01489_,2.945
_01506_,2.945
_01517_,2.945
_01543_,2.945
_01548_,2.945
_00038_,2.89
_00045_,2.89
_00378_,2.885
_00652_,2.885
_00732_,2.885
_00750_,2.885
_01150_,2.885
_01204_,2.885
_01493_,2.885
_00164_,2.86
_00196_,2.86
_00482_,2.86
_00748_,2.86
_01008_,2.86
_01089_,2.86
_01314_,2.86
_02843_,2.86
_03254_,2.86
_05247_,2.86
_05452_,2.86
net294,2.86
net502,2.86
net667,2.86
net715,2.86
net720,2.86
net723,2.86
net773,2.86
net836,2.86
net847,2.86
net873,2.86
net910,2.86
net925,2.86
net927,2.86
net928,2.86
net967,2.86
net991,2.86
net992,2.86
net1014,2.86
net1017,2.86
net1034,2.86
net1132,2.86
net1153,2.86
net1157,2.86
net1185,2.86
net1187,2.86
net1314,2.86
net1322,2.86
net1334,2.86
net1348,2.86
net1353,2.86
net1361,2.86
net1442,2.86
net1507,2.86
_00039_,2.84
_00040_,2.84
_00048_,2.84
_02061_,2.84
_04734_,2.84
_00268_,2.835
_00305_,2.835
_01143_,2.835
_05595_,2.82
_00067_,2.785
_00253_,2.785
_00273_,2.785
_00359_,2.785
_00451_,2.785
_00488_,2.785
_00570_,2.785
_00578_,2.785
_00588_,2.785
_00618_,2.785
_00632_,2.785
_00697_,2.785
_00809_,2.785
_00814_,2.785
_00882_,2.785
_00883_,2.785
_00922_,2.785
_00982_,2.785
_00983_,2.785
_00985_,2.785
_01209_,2.785
_01386_,2.785
_01388_,2.785
_01511_,2.785
_01525_,2.785
_00470_,2.765
_00566_,2.765
_01737_,2.76
_01819_,2.76
_03309_,2.76
_03458_,2.76
_03560_,2.76
_03640_,2.76
_04743_,2.76
_05534_,2.76
_05591_,2.76
net888,2.76
_01570_,2.74
_01787_,2.74
_05262_,2.74
_05476_,2.74
net524,2.74
_05378_,2.72
_00146_,2.715
_00151_,2.715
_00211_,2.715
_00243_,2.715
_00246_,2.715
_00337_,2.715
_00400_,2.715
_00415_,2.715
_00472_,2.715
_00554_,2.715
_00567_,2.715
_00734_,2.715
_00749_,2.715
_00783_,2.715
_00851_,2.715
_00952_,2.715
_01052_,2.715
_01088_,2.715
_01131_,2.715
_01243_,2.715
_01263_,2.715
_05238_,2.68
_00454_,2.665
_05422_,2.66
IF_ID_NPC\[10\],2.64
_03423_,2.64
_05032_,2.64
_05176_,2.64
_05445_,2.64
_05604_,2.64
_05729_,2.64
EX_MEM_ALUOUT\[23\],2.62
IF_ID_NPC\[4\],2.62
_01181_,2.62
_02024_,2.62
_02288_,2.62
_02368_,2.62
_02444_,2.62
_02528_,2.62
_02592_,2.62
_02642_,2.62
_02674_,2.62
_02686_,2.62
_02726_,2.62
_02835_,2.62
_02838_,2.62
_03328_,2.62
_03528_,2.62
_03608_,2.62
_03685_,2.62
_03827_,2.62
_03920_,2.62
_03952_,2.62
_04029_,2.62
_04177_,2.62
_04218_,2.62
_04285_,2.62
_04353_,2.62
_04398_,2.62
_04739_,2.62
_05227_,2.62
_05342_,2.62
_05369_,2.62
_05609_,2.62
_05702_,2.62
_05926_,2.62
_06001_,2.62
_00336_,2.595
_00505_,2.595
_00530_,2.595
_00775_,2.595
_01030_,2.595
_01034_,2.595
_01061_,2.595
_01067_,2.595
_01214_,2.595
_01287_,2.595
_01292_,2.595
_01387_,2.595
_01410_,2.595
_01491_,2.595
_01523_,2.595
_00176_,2.585
_00248_,2.585
_00680_,2.585
_00864_,2.585
_01231_,2.585
_01355_,2.585
_04874_,2.55
_00109_,2.545
_00175_,2.545
_00193_,2.545
_00236_,2.545
_00265_,2.545
_00315_,2.545
_00320_,2.545
_00425_,2.545
_00464_,2.545
_00565_,2.545
_00568_,2.545
_00585_,2.545
_00598_,2.545
_00641_,2.545
_00649_,2.545
_00710_,2.545
_00795_,2.545
_00811_,2.545
_00890_,2.545
_01079_,2.545
_01130_,2.545
_01168_,2.545
_01193_,2.545
_01266_,2.545
_01289_,2.545
_01304_,2.545
_01327_,2.545
_01486_,2.545
_01504_,2.545
_01507_,2.545
_01509_,2.545
_01526_,2.545
_01530_,2.545
_03323_,2.54
_05415_,2.54
_00117_,2.52
_01267_,2.52
_01278_,2.52
_02172_,2.52
_02487_,2.52
_02499_,2.52
_02524_,2.52
_02763_,2.52
_02840_,2.52
_02883_,2.52
_02888_,2.52
_02957_,2.52
_02996_,2.52
_03007_,2.52
_03040_,2.52
_03055_,2.52
_03058_,2.52
_03119_,2.52
_03287_,2.52
_03696_,2.52
_03768_,2.52
_03804_,2.52
_03848_,2.52
_03886_,2.52
_03957_,2.52
_04023_,2.52
_04100_,2.52
_04101_,2.52
_04234_,2.52
_04308_,2.52
_04334_,2.52
_04372_,2.52
_05766_,2.52
_05829_,2.52
_05411_,2.51
EX_MEM_ALUOUT\[12\],2.5
_01190_,2.5
_01741_,2.5
_02033_,2.5
_02131_,2.5
_02342_,2.5
_02878_,2.5
_02893_,2.5
_02927_,2.5
_02929_,2.5
_02944_,2.5
_03027_,2.5
_03105_,2.5
_03148_,2.5
_03430_,2.5
_03624_,2.5
_03683_,2.5
_03704_,2.5
_03829_,2.5
_03830_,2.5
_03914_,2.5
_04035_,2.5
_04070_,2.5
_04107_,2.5
_04179_,2.5
_04195_,2.5
_04203_,2.5
_04253_,2.5
_04669_,2.5
_04950_,2.5
_05108_,2.5
_05187_,2.5
_05246_,2.5
_05249_,2.5
_05337_,2.5
_05376_,2.5
_05394_,2.5
_05616_,2.5
_05632_,2.5
net378,2.5
net424,2.5
net432,2.5
net1128,2.5
net1129,2.5
net1283,2.5
_01194_,2.435
_01346_,2.435
_00044_,2.43
_00046_,2.43
_01249_,2.425
_02640_,2.4
_03272_,2.4
_04860_,2.4
_05171_,2.4
_05946_,2.4
net299,2.4
net413,2.4
net466,2.4
net498,2.4
net538,2.4
net628,2.4
net1139,2.4
net1151,2.4
net1159,2.4
_00034_,2.38
_00037_,2.38
_00056_,2.38
_05932_,2.38
_00751_,2.375
_00753_,2.375
_01068_,2.375
_01134_,2.375
_01140_,2.375
_01151_,2.375
_01170_,2.375
_01352_,2.375
_01412_,2.375
_00081_,2.325
_00126_,2.325
_00169_,2.325
_00170_,2.325
_00283_,2.325
_00343_,2.325
_00353_,2.325
_00419_,2.325
_00421_,2.325
_00608_,2.325
_00821_,2.325
_00881_,2.325
_00959_,2.325
_00974_,2.325
_00992_,2.325
_01095_,2.325
_01097_,2.325
_01165_,2.325
_01167_,2.325
_01171_,2.325
_01176_,2.325
_01177_,2.325
_01296_,2.325
_01372_,2.325
_01426_,2.325
_01452_,2.325
_01500_,2.325
_06009_,2.325
_03133_,2.3
_03415_,2.3
_03488_,2.3
_03522_,2.3
_04736_,2.3
_04755_,2.3
_05013_,2.3
_05251_,2.3
_05292_,2.3
_05426_,2.3
_05511_,2.3
_05631_,2.3
net447,2.3
net572,2.28
_02914_,2.275
_04772_,2.27
_00862_,2.26
_00089_,2.255
_00114_,2.255
_00226_,2.255
_00238_,2.255
_00727_,2.255
_01056_,2.255
_01169_,2.255
_01173_,2.255
_01215_,2.255
_01260_,2.255
_01365_,2.255
_01409_,2.255
_01417_,2.255
_01464_,2.255
IF_ID_IR\[13\],2.18
_01769_,2.18
_01808_,2.18
_03162_,2.18
_03256_,2.18
_03349_,2.18
_03530_,2.18
_03610_,2.18
_03658_,2.18
_04731_,2.18
_05472_,2.18
_05635_,2.18
_05809_,2.18
_05828_,2.18
_01578_,2.16
_01734_,2.16
_01784_,2.16
_02038_,2.16
_02124_,2.16
_02242_,2.16
_02333_,2.16
_02403_,2.16
_02454_,2.16
_02552_,2.16
_02667_,2.16
_02831_,2.16
_02844_,2.16
_02895_,2.16
_02965_,2.16
_03035_,2.16
_03351_,2.16
_03387_,2.16
_03421_,2.16
_03512_,2.16
_03726_,2.16
_03876_,2.16
_03883_,2.16
_03918_,2.16
_03976_,2.16
_04019_,2.16
_04057_,2.16
_04085_,2.16
_04199_,2.16
_04205_,2.16
_04268_,2.16
_04400_,2.16
_04742_,2.16
_04745_,2.16
_04748_,2.16
_05003_,2.16
_05153_,2.16
_05322_,2.16
_05525_,2.16
_05667_,2.16
_05711_,2.16
_05732_,2.16
_05741_,2.16
_05830_,2.16
_05859_,2.16
net363,2.16
net907,2.16
_00072_,2.125
_00332_,2.125
_00444_,2.125
_01022_,2.125
_01038_,2.125
_01076_,2.125
_01197_,2.125
_01242_,2.125
_01297_,2.125
_01382_,2.125
_01444_,2.125
_02312_,2.1
_00092_,2.085
_00124_,2.085
_00481_,2.085
_00489_,2.085
_00590_,2.085
_00636_,2.085
_00688_,2.085
_00715_,2.085
_00836_,2.085
_00892_,2.085
_00924_,2.085
_00926_,2.085
_01020_,2.085
_01042_,2.085
_01044_,2.085
_01075_,2.085
_01077_,2.085
_01128_,2.085
_01138_,2.085
_01184_,2.085
_01303_,2.085
_01379_,2.085
_01395_,2.085
_01447_,2.085
_00947_,2.06
_01850_,2.06
_02189_,2.06
_02334_,2.06
_02380_,2.06
_02408_,2.06
_02479_,2.06
_02509_,2.06
_02560_,2.06
_02952_,2.06
_02994_,2.06
_03730_,2.06
_03782_,2.06
_03802_,2.06
_03815_,2.06
_03896_,2.06
_03974_,2.06
_04021_,2.06
_04124_,2.06
_04127_,2.06
_04223_,2.06
_04343_,2.06
_04386_,2.06
_05280_,2.06
_05807_,2.06
_02235_,2.04
_02252_,2.04
_02695_,2.04
_02705_,2.04
_02761_,2.04
_02769_,2.04
_02902_,2.04
_03183_,2.04
_03425_,2.04
_03449_,2.04
_03556_,2.04
_03667_,2.04
_03822_,2.04
_03875_,2.04
_03908_,2.04
_03995_,2.04
_04005_,2.04
_04080_,2.04
_04227_,2.04
_04232_,2.04
_04233_,2.04
_04678_,2.04
_05029_,2.04
_05209_,2.04
_05298_,2.04
_05738_,2.04
_05742_,2.04
_05751_,2.04
_05940_,2.04
_01175_,2.035
_02967_,1.94
_03139_,1.94
_04906_,1.94
net504,1.94
net551,1.94
net664,1.94
net706,1.94
net954,1.94
net965,1.94
net1498,1.94
net1532,1.94
_00174_,1.915
_00288_,1.915
_00477_,1.915
_00741_,1.915
_01055_,1.915
_01238_,1.915
_01259_,1.915
_01340_,1.915
_00065_,1.865
_00103_,1.865
_00110_,1.865
_00116_,1.865
_00125_,1.865
_00130_,1.865
_00136_,1.865
_00218_,1.865
_00242_,1.865
_00251_,1.865
_00259_,1.865
_00316_,1.865
_00319_,1.865
_00330_,1.865
_00414_,1.865
_00422_,1.865
_00431_,1.865
_00516_,1.865
_00520_,1.865
_00543_,1.865
_00574_,1.865
_00728_,1.865
_00824_,1.865
_00825_,1.865
_00895_,1.865
_00912_,1.865
_00958_,1.865
_00978_,1.865
_00994_,1.865
_00999_,1.865
_01001_,1.865
_01007_,1.865
_01009_,1.865
_01019_,1.865
_01090_,1.865
_01103_,1.865
_01105_,1.865
_01120_,1.865
_01129_,1.865
_01135_,1.865
_01245_,1.865
_01247_,1.865
_01252_,1.865
_01268_,1.865
_01276_,1.865
_01321_,1.865
_01323_,1.865
_01370_,1.865
_01413_,1.865
_01421_,1.865
_01428_,1.865
_01450_,1.865
_01474_,1.865
_01485_,1.865
_01492_,1.865
_01505_,1.865
_01513_,1.865
_01779_,1.84
_01842_,1.84
_05079_,1.84
_05482_,1.84
_05636_,1.84
_05688_,1.84
_05822_,1.84
_00049_,1.82
_00052_,1.82
_00054_,1.82
_03244_,1.82
_03394_,1.82
_03413_,1.82
_03584_,1.82
_03616_,1.82
_05846_,1.82
_05882_,1.82
_00036_,1.75
_00230_,1.745
IF_ID_NPC\[26\],1.72
IF_ID_NPC\[29\],1.72
IF_ID_NPC\[5\],1.72
_01796_,1.72
_04528_,1.72
_04764_,1.72
_05717_,1.72
_05895_,1.72
IF_ID_NPC\[14\],1.7
IF_ID_NPC\[18\],1.7
_01758_,1.7
_01772_,1.7
_01856_,1.7
_01875_,1.7
_02002_,1.7
_02508_,1.7
_02700_,1.7
_02887_,1.7
_03154_,1.7
_03159_,1.7
_03495_,1.7
_03516_,1.7
_03723_,1.7
_03856_,1.7
_04015_,1.7
_04051_,1.7
_04209_,1.7
_04765_,1.7
_05189_,1.7
_05321_,1.7
_05373_,1.7
_05391_,1.7
_05416_,1.7
_05775_,1.7
_05934_,1.7
IF_ID_NPC\[16\],1.6
_02055_,1.6
_02162_,1.6
_02175_,1.6
_02180_,1.6
_02231_,1.6
_02316_,1.6
_02427_,1.6
_02428_,1.6
_02462_,1.6
_02495_,1.6
_02503_,1.6
_02515_,1.6
_02527_,1.6
_02542_,1.6
_02547_,1.6
_02557_,1.6
_02624_,1.6
_02632_,1.6
_02680_,1.6
_02792_,1.6
_02847_,1.6
_02931_,1.6
_03564_,1.6
_03721_,1.6
_03764_,1.6
_03788_,1.6
_03790_,1.6
_03801_,1.6
_03835_,1.6
_03880_,1.6
_03894_,1.6
_03897_,1.6
_03902_,1.6
_03925_,1.6
_03927_,1.6
_03953_,1.6
_03954_,1.6
_04138_,1.6
_04173_,1.6
_04181_,1.6
_04238_,1.6
_04305_,1.6
_04416_,1.6
_04421_,1.6
_05102_,1.6
_05182_,1.6
_05370_,1.6
_05747_,1.6
_00145_,1.575
_00190_,1.575
_00232_,1.575
_00252_,1.575
_00277_,1.575
_00589_,1.575
_00838_,1.575
_00845_,1.575
_01058_,1.575
_01210_,1.575
_01318_,1.575
_01347_,1.575
_01356_,1.575
_01385_,1.575
_01453_,1.575
_02762_,1.48
_03346_,1.48
_03656_,1.48
_03870_,1.48
_04185_,1.48
_04762_,1.48
_05113_,1.48
_05435_,1.48
net367,1.48
net479,1.48
net575,1.48
net632,1.48
net939,1.48
net1009,1.48
net1079,1.48
_00842_,1.46
_00938_,1.46
_01045_,1.46
_01101_,1.46
_00102_,1.405
_00162_,1.405
_00215_,1.405
_00237_,1.405
_00317_,1.405
_00474_,1.405
_00576_,1.405
_00604_,1.405
_00682_,1.405
_00698_,1.405
_00935_,1.405
_01031_,1.405
_01062_,1.405
_01125_,1.405
_01257_,1.405
_01285_,1.405
_01310_,1.405
_01313_,1.405
_01315_,1.405
_01364_,1.405
_01415_,1.405
_01416_,1.405
_01441_,1.405
_01457_,1.405
_04722_,1.38
_04727_,1.38
_04882_,1.38
_05569_,1.38
_00041_,1.36
_00050_,1.36
_03169_,1.36
net368,1.36
ID_EX_IR\[8\],1.26
IF_ID_NPC\[15\],1.26
IF_ID_NPC\[25\],1.26
_03620_,1.26
_04436_,1.26
_05586_,1.26
_01568_,1.14
_01923_,1.14
_02164_,1.14
_02173_,1.14
_02179_,1.14
_02202_,1.14
_02204_,1.14
_02210_,1.14
_02214_,1.14
_02221_,1.14
_02250_,1.14
_02254_,1.14
_02262_,1.14
_02270_,1.14
_02280_,1.14
_02294_,1.14
_02297_,1.14
_02305_,1.14
_02307_,1.14
_02322_,1.14
_02324_,1.14
_02335_,1.14
_02337_,1.14
_02344_,1.14
_02345_,1.14
_02348_,1.14
_02351_,1.14
_02357_,1.14
_02359_,1.14
_02360_,1.14
_02364_,1.14
_02365_,1.14
_02374_,1.14
_02433_,1.14
_02442_,1.14
_02447_,1.14
_02472_,1.14
_02519_,1.14
_02529_,1.14
_02536_,1.14
_02544_,1.14
_02549_,1.14
_02553_,1.14
_02556_,1.14
_02566_,1.14
_02579_,1.14
_02581_,1.14
_02582_,1.14
_02611_,1.14
_02663_,1.14
_02704_,1.14
_02716_,1.14
_02736_,1.14
_02753_,1.14
_02776_,1.14
_02793_,1.14
_02858_,1.14
_02861_,1.14
_02872_,1.14
_02879_,1.14
_02882_,1.14
_02892_,1.14
_02920_,1.14
_02934_,1.14
_02935_,1.14
_02942_,1.14
_02958_,1.14
_02959_,1.14
_02960_,1.14
_02970_,1.14
_02978_,1.14
_02992_,1.14
_03003_,1.14
_03012_,1.14
_03014_,1.14
_03015_,1.14
_03022_,1.14
_03024_,1.14
_03029_,1.14
_03062_,1.14
_03066_,1.14
_03389_,1.14
_03669_,1.14
_03675_,1.14
_03676_,1.14
_03679_,1.14
_03682_,1.14
_03686_,1.14
_03692_,1.14
_03694_,1.14
_03701_,1.14
_03708_,1.14
_03711_,1.14
_03716_,1.14
_03722_,1.14
_03743_,1.14
_03750_,1.14
_03751_,1.14
_03780_,1.14
_03785_,1.14
_03796_,1.14
_03799_,1.14
_03812_,1.14
_03816_,1.14
_03833_,1.14
_03846_,1.14
_03847_,1.14
_03854_,1.14
_03865_,1.14
_03867_,1.14
_03872_,1.14
_03881_,1.14
_03895_,1.14
_03905_,1.14
_03909_,1.14
_03915_,1.14
_03922_,1.14
_03937_,1.14
_03940_,1.14
_03946_,1.14
_03959_,1.14
_03977_,1.14
_04017_,1.14
_04037_,1.14
_04041_,1.14
_04047_,1.14
_04084_,1.14
_04102_,1.14
_04119_,1.14
_04126_,1.14
_04129_,1.14
_04151_,1.14
_04170_,1.14
_04175_,1.14
_04182_,1.14
_04188_,1.14
_04191_,1.14
_04193_,1.14
_04211_,1.14
_04263_,1.14
_04266_,1.14
_04270_,1.14
_04273_,1.14
_04287_,1.14
_04303_,1.14
_04306_,1.14
_04310_,1.14
_04314_,1.14
_04315_,1.14
_04345_,1.14
_04347_,1.14
_04349_,1.14
_04351_,1.14
_04362_,1.14
_04368_,1.14
_04405_,1.14
_04406_,1.14
_04412_,1.14
_04418_,1.14
_04424_,1.14
_04773_,1.14
_05698_,1.14
_03290_,1.02
_03554_,1.02
net561,1.02
net794,1.02
net1459,1.02
_04886_,0.92
_05004_,0.92
_05286_,0.92
_05622_,0.92
EX_MEM_ALUOUT\[10\],0.8
ID_EX_IR\[10\],0.8
IF_ID_IR\[12\],0.8
IF_ID_NPC\[13\],0.8
IF_ID_NPC\[17\],0.8
IF_ID_NPC\[27\],0.8
_04428_,0.46
_04636_,0.46
_05948_,0.46
net1533,0.46
net1539,0.46
