
===========================================================================
report_checks -path_delay max (Setup)
============================================================================
======================= Fastest Corner ===================================

Startpoint: _252_ (rising edge-triggered flip-flop clocked by clk)
Endpoint: rx_data[5] (output port clocked by clk)
Path Group: clk
Path Type: max
Corner: Fastest

Fanout     Cap    Slew   Delay    Time   Description
-----------------------------------------------------------------------------
                          0.00    0.00   clock clk (rise edge)
                          0.00    0.00   clock source latency
                  0.06    0.04    0.04 ^ clk (in)
     1    0.02                           clk (net)
                  0.06    0.00    0.04 ^ clkbuf_0_clk/A (sky130_fd_sc_hd__clkbuf_16)
                  0.05    0.11    0.15 ^ clkbuf_0_clk/X (sky130_fd_sc_hd__clkbuf_16)
     4    0.04                           clknet_0_clk (net)
                  0.05    0.00    0.15 ^ clkbuf_2_0__f_clk/A (sky130_fd_sc_hd__clkbuf_16)
                  0.04    0.10    0.25 ^ clkbuf_2_0__f_clk/X (sky130_fd_sc_hd__clkbuf_16)
     9    0.03                           clknet_2_0__leaf_clk (net)
                  0.04    0.00    0.26 ^ _252_/CLK (sky130_fd_sc_hd__dfrtp_1)
                  0.06    0.27    0.53 v _252_/Q (sky130_fd_sc_hd__dfrtp_1)
     2    0.01                           net16 (net)
                  0.06    0.00    0.53 v output16/A (sky130_fd_sc_hd__clkbuf_4)
                  0.06    0.14    0.67 v output16/X (sky130_fd_sc_hd__clkbuf_4)
     1    0.03                           rx_data[5] (net)
                  0.06    0.00    0.67 v rx_data[5] (out)
                                  0.67   data arrival time

                         20.00   20.00   clock clk (rise edge)
                          0.00   20.00   clock network delay (propagated)
                         -0.25   19.75   clock uncertainty
                          0.00   19.75   clock reconvergence pessimism
                         -4.00   15.75   output external delay
                                 15.75   data required time
-----------------------------------------------------------------------------
                                 15.75   data required time
                                 -0.67   data arrival time
-----------------------------------------------------------------------------
                                 15.08   slack (MET)


Startpoint: _254_ (rising edge-triggered flip-flop clocked by clk)
Endpoint: rx_data[7] (output port clocked by clk)
Path Group: clk
Path Type: max
Corner: Fastest

Fanout     Cap    Slew   Delay    Time   Description
-----------------------------------------------------------------------------
                          0.00    0.00   clock clk (rise edge)
                          0.00    0.00   clock source latency
                  0.06    0.04    0.04 ^ clk (in)
     1    0.02                           clk (net)
                  0.06    0.00    0.04 ^ clkbuf_0_clk/A (sky130_fd_sc_hd__clkbuf_16)
                  0.05    0.11    0.15 ^ clkbuf_0_clk/X (sky130_fd_sc_hd__clkbuf_16)
     4    0.04                           clknet_0_clk (net)
                  0.05    0.00    0.15 ^ clkbuf_2_0__f_clk/A (sky130_fd_sc_hd__clkbuf_16)
                  0.04    0.10    0.25 ^ clkbuf_2_0__f_clk/X (sky130_fd_sc_hd__clkbuf_16)
     9    0.03                           clknet_2_0__leaf_clk (net)
                  0.04    0.00    0.26 ^ _254_/CLK (sky130_fd_sc_hd__dfrtp_1)
                  0.05    0.26    0.51 v _254_/Q (sky130_fd_sc_hd__dfrtp_1)
     2    0.01                           net18 (net)
                  0.05    0.00    0.52 v output18/A (sky130_fd_sc_hd__clkbuf_4)
                  0.06    0.14    0.65 v output18/X (sky130_fd_sc_hd__clkbuf_4)
     1    0.03                           rx_data[7] (net)
                  0.06    0.00    0.65 v rx_data[7] (out)
                                  0.65   data arrival time

                         20.00   20.00   clock clk (rise edge)
                          0.00   20.00   clock network delay (propagated)
                         -0.25   19.75   clock uncertainty
                          0.00   19.75   clock reconvergence pessimism
                         -4.00   15.75   output external delay
                                 15.75   data required time
-----------------------------------------------------------------------------
                                 15.75   data required time
                                 -0.65   data arrival time
-----------------------------------------------------------------------------
                                 15.10   slack (MET)


Startpoint: _248_ (rising edge-triggered flip-flop clocked by clk)
Endpoint: rx_data[1] (output port clocked by clk)
Path Group: clk
Path Type: max
Corner: Fastest

Fanout     Cap    Slew   Delay    Time   Description
-----------------------------------------------------------------------------
                          0.00    0.00   clock clk (rise edge)
                          0.00    0.00   clock source latency
                  0.06    0.04    0.04 ^ clk (in)
     1    0.02                           clk (net)
                  0.06    0.00    0.04 ^ clkbuf_0_clk/A (sky130_fd_sc_hd__clkbuf_16)
                  0.05    0.11    0.15 ^ clkbuf_0_clk/X (sky130_fd_sc_hd__clkbuf_16)
     4    0.04                           clknet_0_clk (net)
                  0.05    0.00    0.15 ^ clkbuf_2_1__f_clk/A (sky130_fd_sc_hd__clkbuf_16)
                  0.04    0.10    0.25 ^ clkbuf_2_1__f_clk/X (sky130_fd_sc_hd__clkbuf_16)
     9    0.03                           clknet_2_1__leaf_clk (net)
                  0.04    0.00    0.25 ^ _248_/CLK (sky130_fd_sc_hd__dfrtp_1)
                  0.05    0.26    0.51 v _248_/Q (sky130_fd_sc_hd__dfrtp_1)
     2    0.01                           net12 (net)
                  0.05    0.00    0.51 v output12/A (sky130_fd_sc_hd__clkbuf_4)
                  0.06    0.14    0.65 v output12/X (sky130_fd_sc_hd__clkbuf_4)
     1    0.03                           rx_data[1] (net)
                  0.06    0.00    0.65 v rx_data[1] (out)
                                  0.65   data arrival time

                         20.00   20.00   clock clk (rise edge)
                          0.00   20.00   clock network delay (propagated)
                         -0.25   19.75   clock uncertainty
                          0.00   19.75   clock reconvergence pessimism
                         -4.00   15.75   output external delay
                                 15.75   data required time
-----------------------------------------------------------------------------
                                 15.75   data required time
                                 -0.65   data arrival time
-----------------------------------------------------------------------------
                                 15.10   slack (MET)


Startpoint: _246_ (rising edge-triggered flip-flop clocked by clk)
Endpoint: rx_done (output port clocked by clk)
Path Group: clk
Path Type: max
Corner: Fastest

Fanout     Cap    Slew   Delay    Time   Description
-----------------------------------------------------------------------------
                          0.00    0.00   clock clk (rise edge)
                          0.00    0.00   clock source latency
                  0.06    0.04    0.04 ^ clk (in)
     1    0.02                           clk (net)
                  0.06    0.00    0.04 ^ clkbuf_0_clk/A (sky130_fd_sc_hd__clkbuf_16)
                  0.05    0.11    0.15 ^ clkbuf_0_clk/X (sky130_fd_sc_hd__clkbuf_16)
     4    0.04                           clknet_0_clk (net)
                  0.05    0.00    0.15 ^ clkbuf_2_0__f_clk/A (sky130_fd_sc_hd__clkbuf_16)
                  0.04    0.10    0.25 ^ clkbuf_2_0__f_clk/X (sky130_fd_sc_hd__clkbuf_16)
     9    0.03                           clknet_2_0__leaf_clk (net)
                  0.04    0.00    0.26 ^ _246_/CLK (sky130_fd_sc_hd__dfrtp_1)
                  0.05    0.26    0.51 v _246_/Q (sky130_fd_sc_hd__dfrtp_1)
     2    0.01                           net19 (net)
                  0.05    0.00    0.51 v output19/A (sky130_fd_sc_hd__clkbuf_4)
                  0.06    0.14    0.65 v output19/X (sky130_fd_sc_hd__clkbuf_4)
     1    0.03                           rx_done (net)
                  0.06    0.00    0.65 v rx_done (out)
                                  0.65   data arrival time

                         20.00   20.00   clock clk (rise edge)
                          0.00   20.00   clock network delay (propagated)
                         -0.25   19.75   clock uncertainty
                          0.00   19.75   clock reconvergence pessimism
                         -4.00   15.75   output external delay
                                 15.75   data required time
-----------------------------------------------------------------------------
                                 15.75   data required time
                                 -0.65   data arrival time
-----------------------------------------------------------------------------
                                 15.10   slack (MET)


Startpoint: _247_ (rising edge-triggered flip-flop clocked by clk)
Endpoint: rx_data[0] (output port clocked by clk)
Path Group: clk
Path Type: max
Corner: Fastest

Fanout     Cap    Slew   Delay    Time   Description
-----------------------------------------------------------------------------
                          0.00    0.00   clock clk (rise edge)
                          0.00    0.00   clock source latency
                  0.06    0.04    0.04 ^ clk (in)
     1    0.02                           clk (net)
                  0.06    0.00    0.04 ^ clkbuf_0_clk/A (sky130_fd_sc_hd__clkbuf_16)
                  0.05    0.11    0.15 ^ clkbuf_0_clk/X (sky130_fd_sc_hd__clkbuf_16)
     4    0.04                           clknet_0_clk (net)
                  0.05    0.00    0.15 ^ clkbuf_2_2__f_clk/A (sky130_fd_sc_hd__clkbuf_16)
                  0.03    0.09    0.25 ^ clkbuf_2_2__f_clk/X (sky130_fd_sc_hd__clkbuf_16)
     6    0.02                           clknet_2_2__leaf_clk (net)
                  0.03    0.00    0.25 ^ _247_/CLK (sky130_fd_sc_hd__dfrtp_1)
                  0.05    0.26    0.51 v _247_/Q (sky130_fd_sc_hd__dfrtp_1)
     2    0.01                           net11 (net)
                  0.05    0.00    0.51 v output11/A (sky130_fd_sc_hd__clkbuf_4)
                  0.06    0.14    0.64 v output11/X (sky130_fd_sc_hd__clkbuf_4)
     1    0.03                           rx_data[0] (net)
                  0.06    0.00    0.65 v rx_data[0] (out)
                                  0.65   data arrival time

                         20.00   20.00   clock clk (rise edge)
                          0.00   20.00   clock network delay (propagated)
                         -0.25   19.75   clock uncertainty
                          0.00   19.75   clock reconvergence pessimism
                         -4.00   15.75   output external delay
                                 15.75   data required time
-----------------------------------------------------------------------------
                                 15.75   data required time
                                 -0.65   data arrival time
-----------------------------------------------------------------------------
                                 15.10   slack (MET)


Startpoint: _249_ (rising edge-triggered flip-flop clocked by clk)
Endpoint: rx_data[2] (output port clocked by clk)
Path Group: clk
Path Type: max
Corner: Fastest

Fanout     Cap    Slew   Delay    Time   Description
-----------------------------------------------------------------------------
                          0.00    0.00   clock clk (rise edge)
                          0.00    0.00   clock source latency
                  0.06    0.04    0.04 ^ clk (in)
     1    0.02                           clk (net)
                  0.06    0.00    0.04 ^ clkbuf_0_clk/A (sky130_fd_sc_hd__clkbuf_16)
                  0.05    0.11    0.15 ^ clkbuf_0_clk/X (sky130_fd_sc_hd__clkbuf_16)
     4    0.04                           clknet_0_clk (net)
                  0.05    0.00    0.15 ^ clkbuf_2_0__f_clk/A (sky130_fd_sc_hd__clkbuf_16)
                  0.04    0.10    0.25 ^ clkbuf_2_0__f_clk/X (sky130_fd_sc_hd__clkbuf_16)
     9    0.03                           clknet_2_0__leaf_clk (net)
                  0.04    0.00    0.26 ^ _249_/CLK (sky130_fd_sc_hd__dfrtp_1)
                  0.04    0.25    0.50 v _249_/Q (sky130_fd_sc_hd__dfrtp_1)
     2    0.01                           net13 (net)
                  0.04    0.00    0.50 v output13/A (sky130_fd_sc_hd__clkbuf_4)
                  0.06    0.13    0.64 v output13/X (sky130_fd_sc_hd__clkbuf_4)
     1    0.03                           rx_data[2] (net)
                  0.06    0.00    0.64 v rx_data[2] (out)
                                  0.64   data arrival time

                         20.00   20.00   clock clk (rise edge)
                          0.00   20.00   clock network delay (propagated)
                         -0.25   19.75   clock uncertainty
                          0.00   19.75   clock reconvergence pessimism
                         -4.00   15.75   output external delay
                                 15.75   data required time
-----------------------------------------------------------------------------
                                 15.75   data required time
                                 -0.64   data arrival time
-----------------------------------------------------------------------------
                                 15.11   slack (MET)


Startpoint: _253_ (rising edge-triggered flip-flop clocked by clk)
Endpoint: rx_data[6] (output port clocked by clk)
Path Group: clk
Path Type: max
Corner: Fastest

Fanout     Cap    Slew   Delay    Time   Description
-----------------------------------------------------------------------------
                          0.00    0.00   clock clk (rise edge)
                          0.00    0.00   clock source latency
                  0.06    0.04    0.04 ^ clk (in)
     1    0.02                           clk (net)
                  0.06    0.00    0.04 ^ clkbuf_0_clk/A (sky130_fd_sc_hd__clkbuf_16)
                  0.05    0.11    0.15 ^ clkbuf_0_clk/X (sky130_fd_sc_hd__clkbuf_16)
     4    0.04                           clknet_0_clk (net)
                  0.05    0.00    0.15 ^ clkbuf_2_3__f_clk/A (sky130_fd_sc_hd__clkbuf_16)
                  0.04    0.10    0.25 ^ clkbuf_2_3__f_clk/X (sky130_fd_sc_hd__clkbuf_16)
     9    0.03                           clknet_2_3__leaf_clk (net)
                  0.04    0.00    0.25 ^ _253_/CLK (sky130_fd_sc_hd__dfrtp_1)
                  0.04    0.25    0.50 v _253_/Q (sky130_fd_sc_hd__dfrtp_1)
     2    0.01                           net17 (net)
                  0.04    0.00    0.50 v output17/A (sky130_fd_sc_hd__clkbuf_4)
                  0.06    0.13    0.64 v output17/X (sky130_fd_sc_hd__clkbuf_4)
     1    0.03                           rx_data[6] (net)
                  0.06    0.00    0.64 v rx_data[6] (out)
                                  0.64   data arrival time

                         20.00   20.00   clock clk (rise edge)
                          0.00   20.00   clock network delay (propagated)
                         -0.25   19.75   clock uncertainty
                          0.00   19.75   clock reconvergence pessimism
                         -4.00   15.75   output external delay
                                 15.75   data required time
-----------------------------------------------------------------------------
                                 15.75   data required time
                                 -0.64   data arrival time
-----------------------------------------------------------------------------
                                 15.11   slack (MET)


Startpoint: _238_ (rising edge-triggered flip-flop clocked by clk)
Endpoint: tx_done (output port clocked by clk)
Path Group: clk
Path Type: max
Corner: Fastest

Fanout     Cap    Slew   Delay    Time   Description
-----------------------------------------------------------------------------
                          0.00    0.00   clock clk (rise edge)
                          0.00    0.00   clock source latency
                  0.06    0.04    0.04 ^ clk (in)
     1    0.02                           clk (net)
                  0.06    0.00    0.04 ^ clkbuf_0_clk/A (sky130_fd_sc_hd__clkbuf_16)
                  0.05    0.11    0.15 ^ clkbuf_0_clk/X (sky130_fd_sc_hd__clkbuf_16)
     4    0.04                           clknet_0_clk (net)
                  0.05    0.00    0.15 ^ clkbuf_2_2__f_clk/A (sky130_fd_sc_hd__clkbuf_16)
                  0.03    0.09    0.25 ^ clkbuf_2_2__f_clk/X (sky130_fd_sc_hd__clkbuf_16)
     6    0.02                           clknet_2_2__leaf_clk (net)
                  0.03    0.00    0.25 ^ _238_/CLK (sky130_fd_sc_hd__dfrtp_1)
                  0.06    0.23    0.48 ^ _238_/Q (sky130_fd_sc_hd__dfrtp_1)
     2    0.01                           net20 (net)
                  0.06    0.00    0.48 ^ output20/A (sky130_fd_sc_hd__buf_2)
                  0.13    0.15    0.64 ^ output20/X (sky130_fd_sc_hd__buf_2)
     1    0.03                           tx_done (net)
                  0.13    0.00    0.64 ^ tx_done (out)
                                  0.64   data arrival time

                         20.00   20.00   clock clk (rise edge)
                          0.00   20.00   clock network delay (propagated)
                         -0.25   19.75   clock uncertainty
                          0.00   19.75   clock reconvergence pessimism
                         -4.00   15.75   output external delay
                                 15.75   data required time
-----------------------------------------------------------------------------
                                 15.75   data required time
                                 -0.64   data arrival time
-----------------------------------------------------------------------------
                                 15.11   slack (MET)


Startpoint: _250_ (rising edge-triggered flip-flop clocked by clk)
Endpoint: rx_data[3] (output port clocked by clk)
Path Group: clk
Path Type: max
Corner: Fastest

Fanout     Cap    Slew   Delay    Time   Description
-----------------------------------------------------------------------------
                          0.00    0.00   clock clk (rise edge)
                          0.00    0.00   clock source latency
                  0.06    0.04    0.04 ^ clk (in)
     1    0.02                           clk (net)
                  0.06    0.00    0.04 ^ clkbuf_0_clk/A (sky130_fd_sc_hd__clkbuf_16)
                  0.05    0.11    0.15 ^ clkbuf_0_clk/X (sky130_fd_sc_hd__clkbuf_16)
     4    0.04                           clknet_0_clk (net)
                  0.05    0.00    0.15 ^ clkbuf_2_0__f_clk/A (sky130_fd_sc_hd__clkbuf_16)
                  0.04    0.10    0.25 ^ clkbuf_2_0__f_clk/X (sky130_fd_sc_hd__clkbuf_16)
     9    0.03                           clknet_2_0__leaf_clk (net)
                  0.04    0.00    0.26 ^ _250_/CLK (sky130_fd_sc_hd__dfrtp_1)
                  0.04    0.25    0.50 v _250_/Q (sky130_fd_sc_hd__dfrtp_1)
     2    0.01                           net14 (net)
                  0.04    0.00    0.50 v output14/A (sky130_fd_sc_hd__clkbuf_4)
                  0.06    0.13    0.64 v output14/X (sky130_fd_sc_hd__clkbuf_4)
     1    0.03                           rx_data[3] (net)
                  0.06    0.00    0.64 v rx_data[3] (out)
                                  0.64   data arrival time

                         20.00   20.00   clock clk (rise edge)
                          0.00   20.00   clock network delay (propagated)
                         -0.25   19.75   clock uncertainty
                          0.00   19.75   clock reconvergence pessimism
                         -4.00   15.75   output external delay
                                 15.75   data required time
-----------------------------------------------------------------------------
                                 15.75   data required time
                                 -0.64   data arrival time
-----------------------------------------------------------------------------
                                 15.11   slack (MET)


Startpoint: _251_ (rising edge-triggered flip-flop clocked by clk)
Endpoint: rx_data[4] (output port clocked by clk)
Path Group: clk
Path Type: max
Corner: Fastest

Fanout     Cap    Slew   Delay    Time   Description
-----------------------------------------------------------------------------
                          0.00    0.00   clock clk (rise edge)
                          0.00    0.00   clock source latency
                  0.06    0.04    0.04 ^ clk (in)
     1    0.02                           clk (net)
                  0.06    0.00    0.04 ^ clkbuf_0_clk/A (sky130_fd_sc_hd__clkbuf_16)
                  0.05    0.11    0.15 ^ clkbuf_0_clk/X (sky130_fd_sc_hd__clkbuf_16)
     4    0.04                           clknet_0_clk (net)
                  0.05    0.00    0.15 ^ clkbuf_2_2__f_clk/A (sky130_fd_sc_hd__clkbuf_16)
                  0.03    0.09    0.25 ^ clkbuf_2_2__f_clk/X (sky130_fd_sc_hd__clkbuf_16)
     6    0.02                           clknet_2_2__leaf_clk (net)
                  0.03    0.00    0.25 ^ _251_/CLK (sky130_fd_sc_hd__dfrtp_1)
                  0.04    0.24    0.49 v _251_/Q (sky130_fd_sc_hd__dfrtp_1)
     2    0.01                           net15 (net)
                  0.04    0.00    0.49 v output15/A (sky130_fd_sc_hd__clkbuf_4)
                  0.06    0.13    0.62 v output15/X (sky130_fd_sc_hd__clkbuf_4)
     1    0.03                           rx_data[4] (net)
                  0.06    0.00    0.63 v rx_data[4] (out)
                                  0.63   data arrival time

                         20.00   20.00   clock clk (rise edge)
                          0.00   20.00   clock network delay (propagated)
                         -0.25   19.75   clock uncertainty
                          0.00   19.75   clock reconvergence pessimism
                         -4.00   15.75   output external delay
                                 15.75   data required time
-----------------------------------------------------------------------------
                                 15.75   data required time
                                 -0.63   data arrival time
-----------------------------------------------------------------------------
                                 15.12   slack (MET)


Startpoint: reset (input port clocked by clk)
Endpoint: _260_ (rising edge-triggered flip-flop clocked by clk)
Path Group: clk
Path Type: max
Corner: Fastest

Fanout     Cap    Slew   Delay    Time   Description
-----------------------------------------------------------------------------
                          0.00    0.00   clock clk (rise edge)
                          0.00    0.00   clock network delay (propagated)
                          4.00    4.00 ^ input external delay
                  0.02    0.01    4.01 ^ reset (in)
     1    0.00                           reset (net)
                  0.02    0.00    4.01 ^ input1/A (sky130_fd_sc_hd__clkbuf_4)
                  0.11    0.14    4.16 ^ input1/X (sky130_fd_sc_hd__clkbuf_4)
     7    0.05                           net1 (net)
                  0.11    0.00    4.16 ^ _185_/A (sky130_fd_sc_hd__inv_2)
                  0.03    0.03    4.19 v _185_/Y (sky130_fd_sc_hd__inv_2)
     2    0.01                           _008_ (net)
                  0.03    0.00    4.19 v _212_/C (sky130_fd_sc_hd__and3_1)
                  0.03    0.11    4.30 v _212_/X (sky130_fd_sc_hd__and3_1)
     1    0.00                           _104_ (net)
                  0.03    0.00    4.30 v _213_/A (sky130_fd_sc_hd__clkbuf_4)
                  0.06    0.13    4.43 v _213_/X (sky130_fd_sc_hd__clkbuf_4)
     8    0.04                           _105_ (net)
                  0.07    0.00    4.44 v _224_/S (sky130_fd_sc_hd__mux2_1)
                  0.04    0.20    4.64 v _224_/X (sky130_fd_sc_hd__mux2_1)
     1    0.00                           _111_ (net)
                  0.04    0.00    4.64 v _225_/A (sky130_fd_sc_hd__clkbuf_1)
                  0.02    0.06    4.70 v _225_/X (sky130_fd_sc_hd__clkbuf_1)
     1    0.00                           _054_ (net)
                  0.02    0.00    4.70 v _260_/D (sky130_fd_sc_hd__dfxtp_1)
                                  4.70   data arrival time

                         20.00   20.00   clock clk (rise edge)
                          0.00   20.00   clock source latency
                  0.06    0.04   20.04 ^ clk (in)
     1    0.02                           clk (net)
                  0.06    0.00   20.04 ^ clkbuf_0_clk/A (sky130_fd_sc_hd__clkbuf_16)
                  0.05    0.10   20.14 ^ clkbuf_0_clk/X (sky130_fd_sc_hd__clkbuf_16)
     4    0.04                           clknet_0_clk (net)
                  0.05    0.00   20.14 ^ clkbuf_2_1__f_clk/A (sky130_fd_sc_hd__clkbuf_16)
                  0.04    0.09   20.23 ^ clkbuf_2_1__f_clk/X (sky130_fd_sc_hd__clkbuf_16)
     9    0.03                           clknet_2_1__leaf_clk (net)
                  0.04    0.00   20.23 ^ _260_/CLK (sky130_fd_sc_hd__dfxtp_1)
                         -0.25   19.98   clock uncertainty
                          0.00   19.98   clock reconvergence pessimism
                         -0.06   19.92   library setup time
                                 19.92   data required time
-----------------------------------------------------------------------------
                                 19.92   data required time
                                 -4.70   data arrival time
-----------------------------------------------------------------------------
                                 15.21   slack (MET)


Startpoint: reset (input port clocked by clk)
Endpoint: _262_ (rising edge-triggered flip-flop clocked by clk)
Path Group: clk
Path Type: max
Corner: Fastest

Fanout     Cap    Slew   Delay    Time   Description
-----------------------------------------------------------------------------
                          0.00    0.00   clock clk (rise edge)
                          0.00    0.00   clock network delay (propagated)
                          4.00    4.00 ^ input external delay
                  0.02    0.01    4.01 ^ reset (in)
     1    0.00                           reset (net)
                  0.02    0.00    4.01 ^ input1/A (sky130_fd_sc_hd__clkbuf_4)
                  0.11    0.14    4.16 ^ input1/X (sky130_fd_sc_hd__clkbuf_4)
     7    0.05                           net1 (net)
                  0.11    0.00    4.16 ^ _185_/A (sky130_fd_sc_hd__inv_2)
                  0.03    0.03    4.19 v _185_/Y (sky130_fd_sc_hd__inv_2)
     2    0.01                           _008_ (net)
                  0.03    0.00    4.19 v _212_/C (sky130_fd_sc_hd__and3_1)
                  0.03    0.11    4.30 v _212_/X (sky130_fd_sc_hd__and3_1)
     1    0.00                           _104_ (net)
                  0.03    0.00    4.30 v _213_/A (sky130_fd_sc_hd__clkbuf_4)
                  0.06    0.13    4.43 v _213_/X (sky130_fd_sc_hd__clkbuf_4)
     8    0.04                           _105_ (net)
                  0.07    0.00    4.44 v _228_/S (sky130_fd_sc_hd__mux2_1)
                  0.04    0.20    4.64 v _228_/X (sky130_fd_sc_hd__mux2_1)
     1    0.00                           _113_ (net)
                  0.04    0.00    4.64 v _229_/A (sky130_fd_sc_hd__clkbuf_1)
                  0.02    0.06    4.70 v _229_/X (sky130_fd_sc_hd__clkbuf_1)
     1    0.00                           _056_ (net)
                  0.02    0.00    4.70 v _262_/D (sky130_fd_sc_hd__dfxtp_1)
                                  4.70   data arrival time

                         20.00   20.00   clock clk (rise edge)
                          0.00   20.00   clock source latency
                  0.06    0.04   20.04 ^ clk (in)
     1    0.02                           clk (net)
                  0.06    0.00   20.04 ^ clkbuf_0_clk/A (sky130_fd_sc_hd__clkbuf_16)
                  0.05    0.10   20.14 ^ clkbuf_0_clk/X (sky130_fd_sc_hd__clkbuf_16)
     4    0.04                           clknet_0_clk (net)
                  0.05    0.00   20.14 ^ clkbuf_2_1__f_clk/A (sky130_fd_sc_hd__clkbuf_16)
                  0.04    0.09   20.23 ^ clkbuf_2_1__f_clk/X (sky130_fd_sc_hd__clkbuf_16)
     9    0.03                           clknet_2_1__leaf_clk (net)
                  0.04    0.00   20.23 ^ _262_/CLK (sky130_fd_sc_hd__dfxtp_1)
                         -0.25   19.98   clock uncertainty
                          0.00   19.98   clock reconvergence pessimism
                         -0.06   19.92   library setup time
                                 19.92   data required time
-----------------------------------------------------------------------------
                                 19.92   data required time
                                 -4.70   data arrival time
-----------------------------------------------------------------------------
                                 15.21   slack (MET)


Startpoint: reset (input port clocked by clk)
Endpoint: _257_ (rising edge-triggered flip-flop clocked by clk)
Path Group: clk
Path Type: max
Corner: Fastest

Fanout     Cap    Slew   Delay    Time   Description
-----------------------------------------------------------------------------
                          0.00    0.00   clock clk (rise edge)
                          0.00    0.00   clock network delay (propagated)
                          4.00    4.00 ^ input external delay
                  0.02    0.01    4.01 ^ reset (in)
     1    0.00                           reset (net)
                  0.02    0.00    4.01 ^ input1/A (sky130_fd_sc_hd__clkbuf_4)
                  0.11    0.14    4.16 ^ input1/X (sky130_fd_sc_hd__clkbuf_4)
     7    0.05                           net1 (net)
                  0.11    0.00    4.16 ^ _185_/A (sky130_fd_sc_hd__inv_2)
                  0.03    0.03    4.19 v _185_/Y (sky130_fd_sc_hd__inv_2)
     2    0.01                           _008_ (net)
                  0.03    0.00    4.19 v _212_/C (sky130_fd_sc_hd__and3_1)
                  0.03    0.11    4.30 v _212_/X (sky130_fd_sc_hd__and3_1)
     1    0.00                           _104_ (net)
                  0.03    0.00    4.30 v _213_/A (sky130_fd_sc_hd__clkbuf_4)
                  0.06    0.13    4.43 v _213_/X (sky130_fd_sc_hd__clkbuf_4)
     8    0.04                           _105_ (net)
                  0.07    0.00    4.44 v _218_/S (sky130_fd_sc_hd__mux2_1)
                  0.04    0.20    4.63 v _218_/X (sky130_fd_sc_hd__mux2_1)
     1    0.00                           _108_ (net)
                  0.04    0.00    4.63 v _219_/A (sky130_fd_sc_hd__clkbuf_1)
                  0.02    0.06    4.70 v _219_/X (sky130_fd_sc_hd__clkbuf_1)
     1    0.00                           _051_ (net)
                  0.02    0.00    4.70 v _257_/D (sky130_fd_sc_hd__dfxtp_1)
                                  4.70   data arrival time

                         20.00   20.00   clock clk (rise edge)
                          0.00   20.00   clock source latency
                  0.06    0.04   20.04 ^ clk (in)
     1    0.02                           clk (net)
                  0.06    0.00   20.04 ^ clkbuf_0_clk/A (sky130_fd_sc_hd__clkbuf_16)
                  0.05    0.10   20.14 ^ clkbuf_0_clk/X (sky130_fd_sc_hd__clkbuf_16)
     4    0.04                           clknet_0_clk (net)
                  0.05    0.00   20.14 ^ clkbuf_2_1__f_clk/A (sky130_fd_sc_hd__clkbuf_16)
                  0.04    0.09   20.23 ^ clkbuf_2_1__f_clk/X (sky130_fd_sc_hd__clkbuf_16)
     9    0.03                           clknet_2_1__leaf_clk (net)
                  0.04    0.00   20.23 ^ _257_/CLK (sky130_fd_sc_hd__dfxtp_1)
                         -0.25   19.98   clock uncertainty
                          0.00   19.98   clock reconvergence pessimism
                         -0.07   19.91   library setup time
                                 19.91   data required time
-----------------------------------------------------------------------------
                                 19.91   data required time
                                 -4.70   data arrival time
-----------------------------------------------------------------------------
                                 15.22   slack (MET)


Startpoint: reset (input port clocked by clk)
Endpoint: _259_ (rising edge-triggered flip-flop clocked by clk)
Path Group: clk
Path Type: max
Corner: Fastest

Fanout     Cap    Slew   Delay    Time   Description
-----------------------------------------------------------------------------
                          0.00    0.00   clock clk (rise edge)
                          0.00    0.00   clock network delay (propagated)
                          4.00    4.00 ^ input external delay
                  0.02    0.01    4.01 ^ reset (in)
     1    0.00                           reset (net)
                  0.02    0.00    4.01 ^ input1/A (sky130_fd_sc_hd__clkbuf_4)
                  0.11    0.14    4.16 ^ input1/X (sky130_fd_sc_hd__clkbuf_4)
     7    0.05                           net1 (net)
                  0.11    0.00    4.16 ^ _185_/A (sky130_fd_sc_hd__inv_2)
                  0.03    0.03    4.19 v _185_/Y (sky130_fd_sc_hd__inv_2)
     2    0.01                           _008_ (net)
                  0.03    0.00    4.19 v _212_/C (sky130_fd_sc_hd__and3_1)
                  0.03    0.11    4.30 v _212_/X (sky130_fd_sc_hd__and3_1)
     1    0.00                           _104_ (net)
                  0.03    0.00    4.30 v _213_/A (sky130_fd_sc_hd__clkbuf_4)
                  0.06    0.13    4.43 v _213_/X (sky130_fd_sc_hd__clkbuf_4)
     8    0.04                           _105_ (net)
                  0.07    0.00    4.44 v _222_/S (sky130_fd_sc_hd__mux2_1)
                  0.04    0.20    4.64 v _222_/X (sky130_fd_sc_hd__mux2_1)
     1    0.00                           _110_ (net)
                  0.04    0.00    4.64 v _223_/A (sky130_fd_sc_hd__clkbuf_1)
                  0.02    0.06    4.70 v _223_/X (sky130_fd_sc_hd__clkbuf_1)
     1    0.00                           _053_ (net)
                  0.02    0.00    4.70 v _259_/D (sky130_fd_sc_hd__dfxtp_1)
                                  4.70   data arrival time

                         20.00   20.00   clock clk (rise edge)
                          0.00   20.00   clock source latency
                  0.06    0.04   20.04 ^ clk (in)
     1    0.02                           clk (net)
                  0.06    0.00   20.04 ^ clkbuf_0_clk/A (sky130_fd_sc_hd__clkbuf_16)
                  0.05    0.10   20.14 ^ clkbuf_0_clk/X (sky130_fd_sc_hd__clkbuf_16)
     4    0.04                           clknet_0_clk (net)
                  0.05    0.00   20.14 ^ clkbuf_2_1__f_clk/A (sky130_fd_sc_hd__clkbuf_16)
                  0.04    0.09   20.23 ^ clkbuf_2_1__f_clk/X (sky130_fd_sc_hd__clkbuf_16)
     9    0.03                           clknet_2_1__leaf_clk (net)
                  0.04    0.00   20.23 ^ _259_/CLK (sky130_fd_sc_hd__dfxtp_1)
                         -0.25   19.98   clock uncertainty
                          0.00   19.98   clock reconvergence pessimism
                         -0.06   19.92   library setup time
                                 19.92   data required time
-----------------------------------------------------------------------------
                                 19.92   data required time
                                 -4.70   data arrival time
-----------------------------------------------------------------------------
                                 15.22   slack (MET)


Startpoint: reset (input port clocked by clk)
Endpoint: _255_ (rising edge-triggered flip-flop clocked by clk)
Path Group: clk
Path Type: max
Corner: Fastest

Fanout     Cap    Slew   Delay    Time   Description
-----------------------------------------------------------------------------
                          0.00    0.00   clock clk (rise edge)
                          0.00    0.00   clock network delay (propagated)
                          4.00    4.00 ^ input external delay
                  0.02    0.01    4.01 ^ reset (in)
     1    0.00                           reset (net)
                  0.02    0.00    4.01 ^ input1/A (sky130_fd_sc_hd__clkbuf_4)
                  0.11    0.14    4.16 ^ input1/X (sky130_fd_sc_hd__clkbuf_4)
     7    0.05                           net1 (net)
                  0.11    0.00    4.16 ^ _185_/A (sky130_fd_sc_hd__inv_2)
                  0.03    0.03    4.19 v _185_/Y (sky130_fd_sc_hd__inv_2)
     2    0.01                           _008_ (net)
                  0.03    0.00    4.19 v _212_/C (sky130_fd_sc_hd__and3_1)
                  0.03    0.11    4.30 v _212_/X (sky130_fd_sc_hd__and3_1)
     1    0.00                           _104_ (net)
                  0.03    0.00    4.30 v _213_/A (sky130_fd_sc_hd__clkbuf_4)
                  0.06    0.13    4.43 v _213_/X (sky130_fd_sc_hd__clkbuf_4)
     8    0.04                           _105_ (net)
                  0.07    0.00    4.44 v _214_/S (sky130_fd_sc_hd__mux2_1)
                  0.04    0.20    4.64 v _214_/X (sky130_fd_sc_hd__mux2_1)
     1    0.00                           _106_ (net)
                  0.04    0.00    4.64 v _215_/A (sky130_fd_sc_hd__clkbuf_1)
                  0.02    0.06    4.70 v _215_/X (sky130_fd_sc_hd__clkbuf_1)
     1    0.00                           _049_ (net)
                  0.02    0.00    4.70 v _255_/D (sky130_fd_sc_hd__dfxtp_1)
                                  4.70   data arrival time

                         20.00   20.00   clock clk (rise edge)
                          0.00   20.00   clock source latency
                  0.06    0.04   20.04 ^ clk (in)
     1    0.02                           clk (net)
                  0.06    0.00   20.04 ^ clkbuf_0_clk/A (sky130_fd_sc_hd__clkbuf_16)
                  0.05    0.10   20.14 ^ clkbuf_0_clk/X (sky130_fd_sc_hd__clkbuf_16)
     4    0.04                           clknet_0_clk (net)
                  0.05    0.00   20.14 ^ clkbuf_2_1__f_clk/A (sky130_fd_sc_hd__clkbuf_16)
                  0.04    0.09   20.23 ^ clkbuf_2_1__f_clk/X (sky130_fd_sc_hd__clkbuf_16)
     9    0.03                           clknet_2_1__leaf_clk (net)
                  0.04    0.00   20.23 ^ _255_/CLK (sky130_fd_sc_hd__dfxtp_1)
                         -0.25   19.98   clock uncertainty
                          0.00   19.98   clock reconvergence pessimism
                         -0.06   19.92   library setup time
                                 19.92   data required time
-----------------------------------------------------------------------------
                                 19.92   data required time
                                 -4.70   data arrival time
-----------------------------------------------------------------------------
                                 15.22   slack (MET)


Startpoint: reset (input port clocked by clk)
Endpoint: _258_ (rising edge-triggered flip-flop clocked by clk)
Path Group: clk
Path Type: max
Corner: Fastest

Fanout     Cap    Slew   Delay    Time   Description
-----------------------------------------------------------------------------
                          0.00    0.00   clock clk (rise edge)
                          0.00    0.00   clock network delay (propagated)
                          4.00    4.00 ^ input external delay
                  0.02    0.01    4.01 ^ reset (in)
     1    0.00                           reset (net)
                  0.02    0.00    4.01 ^ input1/A (sky130_fd_sc_hd__clkbuf_4)
                  0.11    0.14    4.16 ^ input1/X (sky130_fd_sc_hd__clkbuf_4)
     7    0.05                           net1 (net)
                  0.11    0.00    4.16 ^ _185_/A (sky130_fd_sc_hd__inv_2)
                  0.03    0.03    4.19 v _185_/Y (sky130_fd_sc_hd__inv_2)
     2    0.01                           _008_ (net)
                  0.03    0.00    4.19 v _212_/C (sky130_fd_sc_hd__and3_1)
                  0.03    0.11    4.30 v _212_/X (sky130_fd_sc_hd__and3_1)
     1    0.00                           _104_ (net)
                  0.03    0.00    4.30 v _213_/A (sky130_fd_sc_hd__clkbuf_4)
                  0.06    0.13    4.43 v _213_/X (sky130_fd_sc_hd__clkbuf_4)
     8    0.04                           _105_ (net)
                  0.07    0.00    4.44 v _220_/S (sky130_fd_sc_hd__mux2_1)
                  0.04    0.20    4.63 v _220_/X (sky130_fd_sc_hd__mux2_1)
     1    0.00                           _109_ (net)
                  0.04    0.00    4.63 v _221_/A (sky130_fd_sc_hd__clkbuf_1)
                  0.02    0.06    4.70 v _221_/X (sky130_fd_sc_hd__clkbuf_1)
     1    0.00                           _052_ (net)
                  0.02    0.00    4.70 v _258_/D (sky130_fd_sc_hd__dfxtp_1)
                                  4.70   data arrival time

                         20.00   20.00   clock clk (rise edge)
                          0.00   20.00   clock source latency
                  0.06    0.04   20.04 ^ clk (in)
     1    0.02                           clk (net)
                  0.06    0.00   20.04 ^ clkbuf_0_clk/A (sky130_fd_sc_hd__clkbuf_16)
                  0.05    0.10   20.14 ^ clkbuf_0_clk/X (sky130_fd_sc_hd__clkbuf_16)
     4    0.04                           clknet_0_clk (net)
                  0.05    0.00   20.14 ^ clkbuf_2_1__f_clk/A (sky130_fd_sc_hd__clkbuf_16)
                  0.04    0.09   20.23 ^ clkbuf_2_1__f_clk/X (sky130_fd_sc_hd__clkbuf_16)
     9    0.03                           clknet_2_1__leaf_clk (net)
                  0.04    0.00   20.23 ^ _258_/CLK (sky130_fd_sc_hd__dfxtp_1)
                         -0.25   19.98   clock uncertainty
                          0.00   19.98   clock reconvergence pessimism
                         -0.06   19.92   library setup time
                                 19.92   data required time
-----------------------------------------------------------------------------
                                 19.92   data required time
                                 -4.70   data arrival time
-----------------------------------------------------------------------------
                                 15.22   slack (MET)


Startpoint: reset (input port clocked by clk)
Endpoint: _256_ (rising edge-triggered flip-flop clocked by clk)
Path Group: clk
Path Type: max
Corner: Fastest

Fanout     Cap    Slew   Delay    Time   Description
-----------------------------------------------------------------------------
                          0.00    0.00   clock clk (rise edge)
                          0.00    0.00   clock network delay (propagated)
                          4.00    4.00 ^ input external delay
                  0.02    0.01    4.01 ^ reset (in)
     1    0.00                           reset (net)
                  0.02    0.00    4.01 ^ input1/A (sky130_fd_sc_hd__clkbuf_4)
                  0.11    0.14    4.16 ^ input1/X (sky130_fd_sc_hd__clkbuf_4)
     7    0.05                           net1 (net)
                  0.11    0.00    4.16 ^ _185_/A (sky130_fd_sc_hd__inv_2)
                  0.03    0.03    4.19 v _185_/Y (sky130_fd_sc_hd__inv_2)
     2    0.01                           _008_ (net)
                  0.03    0.00    4.19 v _212_/C (sky130_fd_sc_hd__and3_1)
                  0.03    0.11    4.30 v _212_/X (sky130_fd_sc_hd__and3_1)
     1    0.00                           _104_ (net)
                  0.03    0.00    4.30 v _213_/A (sky130_fd_sc_hd__clkbuf_4)
                  0.06    0.13    4.43 v _213_/X (sky130_fd_sc_hd__clkbuf_4)
     8    0.04                           _105_ (net)
                  0.07    0.00    4.44 v _216_/S (sky130_fd_sc_hd__mux2_1)
                  0.04    0.20    4.64 v _216_/X (sky130_fd_sc_hd__mux2_1)
     1    0.00                           _107_ (net)
                  0.04    0.00    4.64 v _217_/A (sky130_fd_sc_hd__clkbuf_1)
                  0.02    0.06    4.70 v _217_/X (sky130_fd_sc_hd__clkbuf_1)
     1    0.00                           _050_ (net)
                  0.02    0.00    4.70 v _256_/D (sky130_fd_sc_hd__dfxtp_1)
                                  4.70   data arrival time

                         20.00   20.00   clock clk (rise edge)
                          0.00   20.00   clock source latency
                  0.06    0.04   20.04 ^ clk (in)
     1    0.02                           clk (net)
                  0.06    0.00   20.04 ^ clkbuf_0_clk/A (sky130_fd_sc_hd__clkbuf_16)
                  0.05    0.10   20.14 ^ clkbuf_0_clk/X (sky130_fd_sc_hd__clkbuf_16)
     4    0.04                           clknet_0_clk (net)
                  0.05    0.00   20.14 ^ clkbuf_2_1__f_clk/A (sky130_fd_sc_hd__clkbuf_16)
                  0.04    0.09   20.23 ^ clkbuf_2_1__f_clk/X (sky130_fd_sc_hd__clkbuf_16)
     9    0.03                           clknet_2_1__leaf_clk (net)
                  0.04    0.00   20.23 ^ _256_/CLK (sky130_fd_sc_hd__dfxtp_1)
                         -0.25   19.98   clock uncertainty
                          0.00   19.98   clock reconvergence pessimism
                         -0.06   19.92   library setup time
                                 19.92   data required time
-----------------------------------------------------------------------------
                                 19.92   data required time
                                 -4.70   data arrival time
-----------------------------------------------------------------------------
                                 15.22   slack (MET)


Startpoint: reset (input port clocked by clk)
Endpoint: _261_ (rising edge-triggered flip-flop clocked by clk)
Path Group: clk
Path Type: max
Corner: Fastest

Fanout     Cap    Slew   Delay    Time   Description
-----------------------------------------------------------------------------
                          0.00    0.00   clock clk (rise edge)
                          0.00    0.00   clock network delay (propagated)
                          4.00    4.00 ^ input external delay
                  0.02    0.01    4.01 ^ reset (in)
     1    0.00                           reset (net)
                  0.02    0.00    4.01 ^ input1/A (sky130_fd_sc_hd__clkbuf_4)
                  0.11    0.14    4.16 ^ input1/X (sky130_fd_sc_hd__clkbuf_4)
     7    0.05                           net1 (net)
                  0.11    0.00    4.16 ^ _185_/A (sky130_fd_sc_hd__inv_2)
                  0.03    0.03    4.19 v _185_/Y (sky130_fd_sc_hd__inv_2)
     2    0.01                           _008_ (net)
                  0.03    0.00    4.19 v _212_/C (sky130_fd_sc_hd__and3_1)
                  0.03    0.11    4.30 v _212_/X (sky130_fd_sc_hd__and3_1)
     1    0.00                           _104_ (net)
                  0.03    0.00    4.30 v _213_/A (sky130_fd_sc_hd__clkbuf_4)
                  0.06    0.13    4.43 v _213_/X (sky130_fd_sc_hd__clkbuf_4)
     8    0.04                           _105_ (net)
                  0.07    0.00    4.44 v _226_/S (sky130_fd_sc_hd__mux2_1)
                  0.04    0.19    4.63 v _226_/X (sky130_fd_sc_hd__mux2_1)
     1    0.00                           _112_ (net)
                  0.04    0.00    4.63 v _227_/A (sky130_fd_sc_hd__clkbuf_1)
                  0.02    0.06    4.69 v _227_/X (sky130_fd_sc_hd__clkbuf_1)
     1    0.00                           _055_ (net)
                  0.02    0.00    4.69 v _261_/D (sky130_fd_sc_hd__dfxtp_1)
                                  4.69   data arrival time

                         20.00   20.00   clock clk (rise edge)
                          0.00   20.00   clock source latency
                  0.06    0.04   20.04 ^ clk (in)
     1    0.02                           clk (net)
                  0.06    0.00   20.04 ^ clkbuf_0_clk/A (sky130_fd_sc_hd__clkbuf_16)
                  0.05    0.10   20.14 ^ clkbuf_0_clk/X (sky130_fd_sc_hd__clkbuf_16)
     4    0.04                           clknet_0_clk (net)
                  0.05    0.00   20.14 ^ clkbuf_2_1__f_clk/A (sky130_fd_sc_hd__clkbuf_16)
                  0.04    0.09   20.23 ^ clkbuf_2_1__f_clk/X (sky130_fd_sc_hd__clkbuf_16)
     9    0.03                           clknet_2_1__leaf_clk (net)
                  0.04    0.00   20.23 ^ _261_/CLK (sky130_fd_sc_hd__dfxtp_1)
                         -0.25   19.98   clock uncertainty
                          0.00   19.98   clock reconvergence pessimism
                         -0.06   19.92   library setup time
                                 19.92   data required time
-----------------------------------------------------------------------------
                                 19.92   data required time
                                 -4.69   data arrival time
-----------------------------------------------------------------------------
                                 15.22   slack (MET)


Startpoint: start (input port clocked by clk)
Endpoint: _242_ (rising edge-triggered flip-flop clocked by clk)
Path Group: clk
Path Type: max
Corner: Fastest

Fanout     Cap    Slew   Delay    Time   Description
-----------------------------------------------------------------------------
                          0.00    0.00   clock clk (rise edge)
                          0.00    0.00   clock network delay (propagated)
                          4.00    4.00 ^ input external delay
                  0.02    0.01    4.01 ^ start (in)
     1    0.00                           start (net)
                  0.02    0.00    4.01 ^ input2/A (sky130_fd_sc_hd__buf_1)
                  0.14    0.13    4.14 ^ input2/X (sky130_fd_sc_hd__buf_1)
     2    0.02                           net2 (net)
                  0.14    0.00    4.14 ^ _170_/A (sky130_fd_sc_hd__inv_2)
                  0.03    0.03    4.16 v _170_/Y (sky130_fd_sc_hd__inv_2)
     2    0.01                           _095_ (net)
                  0.04    0.00    4.16 v _171_/A2 (sky130_fd_sc_hd__a21o_1)
                  0.02    0.12    4.28 v _171_/X (sky130_fd_sc_hd__a21o_1)
     1    0.00                           _006_ (net)
                  0.02    0.00    4.28 v _242_/D (sky130_fd_sc_hd__dfstp_1)
                                  4.28   data arrival time

                         20.00   20.00   clock clk (rise edge)
                          0.00   20.00   clock source latency
                  0.06    0.04   20.04 ^ clk (in)
     1    0.02                           clk (net)
                  0.06    0.00   20.04 ^ clkbuf_0_clk/A (sky130_fd_sc_hd__clkbuf_16)
                  0.05    0.10   20.14 ^ clkbuf_0_clk/X (sky130_fd_sc_hd__clkbuf_16)
     4    0.04                           clknet_0_clk (net)
                  0.05    0.00   20.14 ^ clkbuf_2_3__f_clk/A (sky130_fd_sc_hd__clkbuf_16)
                  0.04    0.09   20.23 ^ clkbuf_2_3__f_clk/X (sky130_fd_sc_hd__clkbuf_16)
     9    0.03                           clknet_2_3__leaf_clk (net)
                  0.04    0.00   20.23 ^ _242_/CLK (sky130_fd_sc_hd__dfstp_1)
                         -0.25   19.98   clock uncertainty
                          0.00   19.98   clock reconvergence pessimism
                         -0.04   19.94   library setup time
                                 19.94   data required time
-----------------------------------------------------------------------------
                                 19.94   data required time
                                 -4.28   data arrival time
-----------------------------------------------------------------------------
                                 15.66   slack (MET)


Startpoint: start (input port clocked by clk)
Endpoint: _244_ (rising edge-triggered flip-flop clocked by clk)
Path Group: clk
Path Type: max
Corner: Fastest

Fanout     Cap    Slew   Delay    Time   Description
-----------------------------------------------------------------------------
                          0.00    0.00   clock clk (rise edge)
                          0.00    0.00   clock network delay (propagated)
                          4.00    4.00 ^ input external delay
                  0.02    0.01    4.01 ^ start (in)
     1    0.00                           start (net)
                  0.02    0.00    4.01 ^ input2/A (sky130_fd_sc_hd__buf_1)
                  0.14    0.13    4.14 ^ input2/X (sky130_fd_sc_hd__buf_1)
     2    0.02                           net2 (net)
                  0.14    0.00    4.14 ^ _170_/A (sky130_fd_sc_hd__inv_2)
                  0.03    0.03    4.16 v _170_/Y (sky130_fd_sc_hd__inv_2)
     2    0.01                           _095_ (net)
                  0.04    0.00    4.16 v _176_/B (sky130_fd_sc_hd__nor2_1)
                  0.06    0.06    4.23 ^ _176_/Y (sky130_fd_sc_hd__nor2_1)
     1    0.00                           _002_ (net)
                  0.06    0.00    4.23 ^ _244_/D (sky130_fd_sc_hd__dfrtp_1)
                                  4.23   data arrival time

                         20.00   20.00   clock clk (rise edge)
                          0.00   20.00   clock source latency
                  0.06    0.04   20.04 ^ clk (in)
     1    0.02                           clk (net)
                  0.06    0.00   20.04 ^ clkbuf_0_clk/A (sky130_fd_sc_hd__clkbuf_16)
                  0.05    0.10   20.14 ^ clkbuf_0_clk/X (sky130_fd_sc_hd__clkbuf_16)
     4    0.04                           clknet_0_clk (net)
                  0.05    0.00   20.14 ^ clkbuf_2_3__f_clk/A (sky130_fd_sc_hd__clkbuf_16)
                  0.04    0.09   20.23 ^ clkbuf_2_3__f_clk/X (sky130_fd_sc_hd__clkbuf_16)
     9    0.03                           clknet_2_3__leaf_clk (net)
                  0.04    0.00   20.23 ^ _244_/CLK (sky130_fd_sc_hd__dfrtp_1)
                         -0.25   19.98   clock uncertainty
                          0.00   19.98   clock reconvergence pessimism
                         -0.04   19.94   library setup time
                                 19.94   data required time
-----------------------------------------------------------------------------
                                 19.94   data required time
                                 -4.23   data arrival time
-----------------------------------------------------------------------------
                                 15.72   slack (MET)


Startpoint: reset (input port clocked by clk)
Endpoint: _237_ (recovery check against rising-edge clock clk)
Path Group: asynchronous
Path Type: max
Corner: Fastest

Fanout     Cap    Slew   Delay    Time   Description
-----------------------------------------------------------------------------
                          0.00    0.00   clock clk (rise edge)
                          0.00    0.00   clock network delay (propagated)
                          4.00    4.00 v input external delay
                  0.01    0.00    4.00 v reset (in)
     1    0.00                           reset (net)
                  0.01    0.00    4.00 v input1/A (sky130_fd_sc_hd__clkbuf_4)
                  0.07    0.13    4.13 v input1/X (sky130_fd_sc_hd__clkbuf_4)
     7    0.04                           net1 (net)
                  0.07    0.01    4.14 v _186_/A (sky130_fd_sc_hd__buf_4)
                  0.07    0.15    4.29 v _186_/X (sky130_fd_sc_hd__buf_4)
    10    0.06                           _102_ (net)
                  0.07    0.01    4.29 v _193_/A (sky130_fd_sc_hd__inv_2)
                  0.03    0.05    4.34 ^ _193_/Y (sky130_fd_sc_hd__inv_2)
     1    0.00                           _015_ (net)
                  0.03    0.00    4.34 ^ _237_/SET_B (sky130_fd_sc_hd__dfstp_1)
                                  4.34   data arrival time

                         20.00   20.00   clock clk (rise edge)
                          0.00   20.00   clock source latency
                  0.06    0.04   20.04 ^ clk (in)
     1    0.02                           clk (net)
                  0.06    0.00   20.04 ^ clkbuf_0_clk/A (sky130_fd_sc_hd__clkbuf_16)
                  0.05    0.10   20.14 ^ clkbuf_0_clk/X (sky130_fd_sc_hd__clkbuf_16)
     4    0.04                           clknet_0_clk (net)
                  0.05    0.00   20.14 ^ clkbuf_2_3__f_clk/A (sky130_fd_sc_hd__clkbuf_16)
                  0.04    0.09   20.23 ^ clkbuf_2_3__f_clk/X (sky130_fd_sc_hd__clkbuf_16)
     9    0.03                           clknet_2_3__leaf_clk (net)
                  0.04    0.00   20.23 ^ _237_/CLK (sky130_fd_sc_hd__dfstp_1)
                         -0.25   19.98   clock uncertainty
                          0.00   19.98   clock reconvergence pessimism
                          0.09   20.07   library recovery time
                                 20.07   data required time
-----------------------------------------------------------------------------
                                 20.07   data required time
                                 -4.34   data arrival time
-----------------------------------------------------------------------------
                                 15.73   slack (MET)


Startpoint: reset (input port clocked by clk)
Endpoint: _242_ (recovery check against rising-edge clock clk)
Path Group: asynchronous
Path Type: max
Corner: Fastest

Fanout     Cap    Slew   Delay    Time   Description
-----------------------------------------------------------------------------
                          0.00    0.00   clock clk (rise edge)
                          0.00    0.00   clock network delay (propagated)
                          4.00    4.00 v input external delay
                  0.01    0.00    4.00 v reset (in)
     1    0.00                           reset (net)
                  0.01    0.00    4.00 v input1/A (sky130_fd_sc_hd__clkbuf_4)
                  0.07    0.13    4.13 v input1/X (sky130_fd_sc_hd__clkbuf_4)
     7    0.04                           net1 (net)
                  0.07    0.01    4.13 v _197_/A (sky130_fd_sc_hd__buf_4)
                  0.07    0.15    4.29 v _197_/X (sky130_fd_sc_hd__buf_4)
    10    0.06                           _103_ (net)
                  0.07    0.01    4.29 v _199_/A (sky130_fd_sc_hd__inv_2)
                  0.03    0.05    4.34 ^ _199_/Y (sky130_fd_sc_hd__inv_2)
     1    0.00                           _020_ (net)
                  0.03    0.00    4.34 ^ _242_/SET_B (sky130_fd_sc_hd__dfstp_1)
                                  4.34   data arrival time

                         20.00   20.00   clock clk (rise edge)
                          0.00   20.00   clock source latency
                  0.06    0.04   20.04 ^ clk (in)
     1    0.02                           clk (net)
                  0.06    0.00   20.04 ^ clkbuf_0_clk/A (sky130_fd_sc_hd__clkbuf_16)
                  0.05    0.10   20.14 ^ clkbuf_0_clk/X (sky130_fd_sc_hd__clkbuf_16)
     4    0.04                           clknet_0_clk (net)
                  0.05    0.00   20.14 ^ clkbuf_2_3__f_clk/A (sky130_fd_sc_hd__clkbuf_16)
                  0.04    0.09   20.23 ^ clkbuf_2_3__f_clk/X (sky130_fd_sc_hd__clkbuf_16)
     9    0.03                           clknet_2_3__leaf_clk (net)
                  0.04    0.00   20.23 ^ _242_/CLK (sky130_fd_sc_hd__dfstp_1)
                         -0.25   19.98   clock uncertainty
                          0.00   19.98   clock reconvergence pessimism
                          0.09   20.07   library recovery time
                                 20.07   data required time
-----------------------------------------------------------------------------
                                 20.07   data required time
                                 -4.34   data arrival time
-----------------------------------------------------------------------------
                                 15.73   slack (MET)


Startpoint: reset (input port clocked by clk)
Endpoint: _235_ (recovery check against rising-edge clock clk)
Path Group: asynchronous
Path Type: max
Corner: Fastest

Fanout     Cap    Slew   Delay    Time   Description
-----------------------------------------------------------------------------
                          0.00    0.00   clock clk (rise edge)
                          0.00    0.00   clock network delay (propagated)
                          4.00    4.00 v input external delay
                  0.01    0.00    4.00 v reset (in)
     1    0.00                           reset (net)
                  0.01    0.00    4.00 v input1/A (sky130_fd_sc_hd__clkbuf_4)
                  0.07    0.13    4.13 v input1/X (sky130_fd_sc_hd__clkbuf_4)
     7    0.04                           net1 (net)
                  0.07    0.01    4.14 v _186_/A (sky130_fd_sc_hd__buf_4)
                  0.07    0.15    4.29 v _186_/X (sky130_fd_sc_hd__buf_4)
    10    0.06                           _102_ (net)
                  0.07    0.00    4.29 v _191_/A (sky130_fd_sc_hd__inv_2)
                  0.03    0.05    4.34 ^ _191_/Y (sky130_fd_sc_hd__inv_2)
     1    0.01                           _013_ (net)
                  0.03    0.00    4.34 ^ _235_/RESET_B (sky130_fd_sc_hd__dfrtp_4)
                                  4.34   data arrival time

                         20.00   20.00   clock clk (rise edge)
                          0.00   20.00   clock source latency
                  0.06    0.04   20.04 ^ clk (in)
     1    0.02                           clk (net)
                  0.06    0.00   20.04 ^ clkbuf_0_clk/A (sky130_fd_sc_hd__clkbuf_16)
                  0.05    0.10   20.14 ^ clkbuf_0_clk/X (sky130_fd_sc_hd__clkbuf_16)
     4    0.04                           clknet_0_clk (net)
                  0.05    0.00   20.14 ^ clkbuf_2_3__f_clk/A (sky130_fd_sc_hd__clkbuf_16)
                  0.04    0.09   20.23 ^ clkbuf_2_3__f_clk/X (sky130_fd_sc_hd__clkbuf_16)
     9    0.03                           clknet_2_3__leaf_clk (net)
                  0.04    0.00   20.23 ^ _235_/CLK (sky130_fd_sc_hd__dfrtp_4)
                         -0.25   19.98   clock uncertainty
                          0.00   19.98   clock reconvergence pessimism
                          0.13   20.11   library recovery time
                                 20.11   data required time
-----------------------------------------------------------------------------
                                 20.11   data required time
                                 -4.34   data arrival time
-----------------------------------------------------------------------------
                                 15.77   slack (MET)


Startpoint: reset (input port clocked by clk)
Endpoint: _234_ (recovery check against rising-edge clock clk)
Path Group: asynchronous
Path Type: max
Corner: Fastest

Fanout     Cap    Slew   Delay    Time   Description
-----------------------------------------------------------------------------
                          0.00    0.00   clock clk (rise edge)
                          0.00    0.00   clock network delay (propagated)
                          4.00    4.00 v input external delay
                  0.01    0.00    4.00 v reset (in)
     1    0.00                           reset (net)
                  0.01    0.00    4.00 v input1/A (sky130_fd_sc_hd__clkbuf_4)
                  0.07    0.13    4.13 v input1/X (sky130_fd_sc_hd__clkbuf_4)
     7    0.04                           net1 (net)
                  0.07    0.01    4.14 v _186_/A (sky130_fd_sc_hd__buf_4)
                  0.07    0.15    4.29 v _186_/X (sky130_fd_sc_hd__buf_4)
    10    0.06                           _102_ (net)
                  0.07    0.00    4.29 v _190_/A (sky130_fd_sc_hd__inv_2)
                  0.03    0.05    4.34 ^ _190_/Y (sky130_fd_sc_hd__inv_2)
     1    0.00                           _012_ (net)
                  0.03    0.00    4.34 ^ _234_/RESET_B (sky130_fd_sc_hd__dfrtp_4)
                                  4.34   data arrival time

                         20.00   20.00   clock clk (rise edge)
                          0.00   20.00   clock source latency
                  0.06    0.04   20.04 ^ clk (in)
     1    0.02                           clk (net)
                  0.06    0.00   20.04 ^ clkbuf_0_clk/A (sky130_fd_sc_hd__clkbuf_16)
                  0.05    0.10   20.14 ^ clkbuf_0_clk/X (sky130_fd_sc_hd__clkbuf_16)
     4    0.04                           clknet_0_clk (net)
                  0.05    0.00   20.14 ^ clkbuf_2_3__f_clk/A (sky130_fd_sc_hd__clkbuf_16)
                  0.04    0.09   20.23 ^ clkbuf_2_3__f_clk/X (sky130_fd_sc_hd__clkbuf_16)
     9    0.03                           clknet_2_3__leaf_clk (net)
                  0.04    0.00   20.23 ^ _234_/CLK (sky130_fd_sc_hd__dfrtp_4)
                         -0.25   19.98   clock uncertainty
                          0.00   19.98   clock reconvergence pessimism
                          0.13   20.11   library recovery time
                                 20.11   data required time
-----------------------------------------------------------------------------
                                 20.11   data required time
                                 -4.34   data arrival time
-----------------------------------------------------------------------------
                                 15.77   slack (MET)


Startpoint: reset (input port clocked by clk)
Endpoint: _231_ (recovery check against rising-edge clock clk)
Path Group: asynchronous
Path Type: max
Corner: Fastest

Fanout     Cap    Slew   Delay    Time   Description
-----------------------------------------------------------------------------
                          0.00    0.00   clock clk (rise edge)
                          0.00    0.00   clock network delay (propagated)
                          4.00    4.00 v input external delay
                  0.01    0.00    4.00 v reset (in)
     1    0.00                           reset (net)
                  0.01    0.00    4.00 v input1/A (sky130_fd_sc_hd__clkbuf_4)
                  0.07    0.13    4.13 v input1/X (sky130_fd_sc_hd__clkbuf_4)
     7    0.04                           net1 (net)
                  0.07    0.01    4.14 v _186_/A (sky130_fd_sc_hd__buf_4)
                  0.07    0.15    4.29 v _186_/X (sky130_fd_sc_hd__buf_4)
    10    0.06                           _102_ (net)
                  0.07    0.01    4.29 v _187_/A (sky130_fd_sc_hd__inv_2)
                  0.03    0.05    4.34 ^ _187_/Y (sky130_fd_sc_hd__inv_2)
     1    0.00                           _009_ (net)
                  0.03    0.00    4.34 ^ _231_/RESET_B (sky130_fd_sc_hd__dfrtp_2)
                                  4.34   data arrival time

                         20.00   20.00   clock clk (rise edge)
                          0.00   20.00   clock source latency
                  0.06    0.04   20.04 ^ clk (in)
     1    0.02                           clk (net)
                  0.06    0.00   20.04 ^ clkbuf_0_clk/A (sky130_fd_sc_hd__clkbuf_16)
                  0.05    0.10   20.14 ^ clkbuf_0_clk/X (sky130_fd_sc_hd__clkbuf_16)
     4    0.04                           clknet_0_clk (net)
                  0.05    0.00   20.14 ^ clkbuf_2_0__f_clk/A (sky130_fd_sc_hd__clkbuf_16)
                  0.04    0.09   20.23 ^ clkbuf_2_0__f_clk/X (sky130_fd_sc_hd__clkbuf_16)
     9    0.03                           clknet_2_0__leaf_clk (net)
                  0.04    0.00   20.23 ^ _231_/CLK (sky130_fd_sc_hd__dfrtp_2)
                         -0.25   19.98   clock uncertainty
                          0.00   19.98   clock reconvergence pessimism
                          0.14   20.12   library recovery time
                                 20.12   data required time
-----------------------------------------------------------------------------
                                 20.12   data required time
                                 -4.34   data arrival time
-----------------------------------------------------------------------------
                                 15.77   slack (MET)


Startpoint: reset (input port clocked by clk)
Endpoint: _240_ (recovery check against rising-edge clock clk)
Path Group: asynchronous
Path Type: max
Corner: Fastest

Fanout     Cap    Slew   Delay    Time   Description
-----------------------------------------------------------------------------
                          0.00    0.00   clock clk (rise edge)
                          0.00    0.00   clock network delay (propagated)
                          4.00    4.00 v input external delay
                  0.01    0.00    4.00 v reset (in)
     1    0.00                           reset (net)
                  0.01    0.00    4.00 v input1/A (sky130_fd_sc_hd__clkbuf_4)
                  0.07    0.13    4.13 v input1/X (sky130_fd_sc_hd__clkbuf_4)
     7    0.04                           net1 (net)
                  0.07    0.01    4.14 v _186_/A (sky130_fd_sc_hd__buf_4)
                  0.07    0.15    4.29 v _186_/X (sky130_fd_sc_hd__buf_4)
    10    0.06                           _102_ (net)
                  0.07    0.01    4.29 v _196_/A (sky130_fd_sc_hd__inv_2)
                  0.03    0.05    4.34 ^ _196_/Y (sky130_fd_sc_hd__inv_2)
     1    0.00                           _018_ (net)
                  0.03    0.00    4.34 ^ _240_/RESET_B (sky130_fd_sc_hd__dfrtp_4)
                                  4.34   data arrival time

                         20.00   20.00   clock clk (rise edge)
                          0.00   20.00   clock source latency
                  0.06    0.04   20.04 ^ clk (in)
     1    0.02                           clk (net)
                  0.06    0.00   20.04 ^ clkbuf_0_clk/A (sky130_fd_sc_hd__clkbuf_16)
                  0.05    0.10   20.14 ^ clkbuf_0_clk/X (sky130_fd_sc_hd__clkbuf_16)
     4    0.04                           clknet_0_clk (net)
                  0.05    0.00   20.14 ^ clkbuf_2_0__f_clk/A (sky130_fd_sc_hd__clkbuf_16)
                  0.04    0.09   20.23 ^ clkbuf_2_0__f_clk/X (sky130_fd_sc_hd__clkbuf_16)
     9    0.03                           clknet_2_0__leaf_clk (net)
                  0.04    0.00   20.23 ^ _240_/CLK (sky130_fd_sc_hd__dfrtp_4)
                         -0.25   19.98   clock uncertainty
                          0.00   19.98   clock reconvergence pessimism
                          0.13   20.12   library recovery time
                                 20.12   data required time
-----------------------------------------------------------------------------
                                 20.12   data required time
                                 -4.34   data arrival time
-----------------------------------------------------------------------------
                                 15.77   slack (MET)


Startpoint: reset (input port clocked by clk)
Endpoint: _243_ (recovery check against rising-edge clock clk)
Path Group: asynchronous
Path Type: max
Corner: Fastest

Fanout     Cap    Slew   Delay    Time   Description
-----------------------------------------------------------------------------
                          0.00    0.00   clock clk (rise edge)
                          0.00    0.00   clock network delay (propagated)
                          4.00    4.00 v input external delay
                  0.01    0.00    4.00 v reset (in)
     1    0.00                           reset (net)
                  0.01    0.00    4.00 v input1/A (sky130_fd_sc_hd__clkbuf_4)
                  0.07    0.13    4.13 v input1/X (sky130_fd_sc_hd__clkbuf_4)
     7    0.04                           net1 (net)
                  0.07    0.01    4.13 v _197_/A (sky130_fd_sc_hd__buf_4)
                  0.07    0.15    4.29 v _197_/X (sky130_fd_sc_hd__buf_4)
    10    0.06                           _103_ (net)
                  0.07    0.01    4.29 v _200_/A (sky130_fd_sc_hd__inv_2)
                  0.03    0.05    4.34 ^ _200_/Y (sky130_fd_sc_hd__inv_2)
     1    0.00                           _021_ (net)
                  0.03    0.00    4.34 ^ _243_/RESET_B (sky130_fd_sc_hd__dfrtp_4)
                                  4.34   data arrival time

                         20.00   20.00   clock clk (rise edge)
                          0.00   20.00   clock source latency
                  0.06    0.04   20.04 ^ clk (in)
     1    0.02                           clk (net)
                  0.06    0.00   20.04 ^ clkbuf_0_clk/A (sky130_fd_sc_hd__clkbuf_16)
                  0.05    0.10   20.14 ^ clkbuf_0_clk/X (sky130_fd_sc_hd__clkbuf_16)
     4    0.04                           clknet_0_clk (net)
                  0.05    0.00   20.14 ^ clkbuf_2_3__f_clk/A (sky130_fd_sc_hd__clkbuf_16)
                  0.04    0.09   20.23 ^ clkbuf_2_3__f_clk/X (sky130_fd_sc_hd__clkbuf_16)
     9    0.03                           clknet_2_3__leaf_clk (net)
                  0.04    0.00   20.23 ^ _243_/CLK (sky130_fd_sc_hd__dfrtp_4)
                         -0.25   19.98   clock uncertainty
                          0.00   19.98   clock reconvergence pessimism
                          0.13   20.11   library recovery time
                                 20.11   data required time
-----------------------------------------------------------------------------
                                 20.11   data required time
                                 -4.34   data arrival time
-----------------------------------------------------------------------------
                                 15.77   slack (MET)


Startpoint: reset (input port clocked by clk)
Endpoint: _233_ (recovery check against rising-edge clock clk)
Path Group: asynchronous
Path Type: max
Corner: Fastest

Fanout     Cap    Slew   Delay    Time   Description
-----------------------------------------------------------------------------
                          0.00    0.00   clock clk (rise edge)
                          0.00    0.00   clock network delay (propagated)
                          4.00    4.00 v input external delay
                  0.01    0.00    4.00 v reset (in)
     1    0.00                           reset (net)
                  0.01    0.00    4.00 v input1/A (sky130_fd_sc_hd__clkbuf_4)
                  0.07    0.13    4.13 v input1/X (sky130_fd_sc_hd__clkbuf_4)
     7    0.04                           net1 (net)
                  0.07    0.01    4.14 v _186_/A (sky130_fd_sc_hd__buf_4)
                  0.07    0.15    4.29 v _186_/X (sky130_fd_sc_hd__buf_4)
    10    0.06                           _102_ (net)
                  0.07    0.01    4.29 v _189_/A (sky130_fd_sc_hd__inv_2)
                  0.03    0.05    4.34 ^ _189_/Y (sky130_fd_sc_hd__inv_2)
     1    0.00                           _011_ (net)
                  0.03    0.00    4.34 ^ _233_/RESET_B (sky130_fd_sc_hd__dfrtp_1)
                                  4.34   data arrival time

                         20.00   20.00   clock clk (rise edge)
                          0.00   20.00   clock source latency
                  0.06    0.04   20.04 ^ clk (in)
     1    0.02                           clk (net)
                  0.06    0.00   20.04 ^ clkbuf_0_clk/A (sky130_fd_sc_hd__clkbuf_16)
                  0.05    0.10   20.14 ^ clkbuf_0_clk/X (sky130_fd_sc_hd__clkbuf_16)
     4    0.04                           clknet_0_clk (net)
                  0.05    0.00   20.14 ^ clkbuf_2_2__f_clk/A (sky130_fd_sc_hd__clkbuf_16)
                  0.03    0.09   20.22 ^ clkbuf_2_2__f_clk/X (sky130_fd_sc_hd__clkbuf_16)
     6    0.02                           clknet_2_2__leaf_clk (net)
                  0.03    0.00   20.23 ^ _233_/CLK (sky130_fd_sc_hd__dfrtp_1)
                         -0.25   19.98   clock uncertainty
                          0.00   19.98   clock reconvergence pessimism
                          0.14   20.12   library recovery time
                                 20.12   data required time
-----------------------------------------------------------------------------
                                 20.12   data required time
                                 -4.34   data arrival time
-----------------------------------------------------------------------------
                                 15.78   slack (MET)


Startpoint: reset (input port clocked by clk)
Endpoint: _241_ (recovery check against rising-edge clock clk)
Path Group: asynchronous
Path Type: max
Corner: Fastest

Fanout     Cap    Slew   Delay    Time   Description
-----------------------------------------------------------------------------
                          0.00    0.00   clock clk (rise edge)
                          0.00    0.00   clock network delay (propagated)
                          4.00    4.00 v input external delay
                  0.01    0.00    4.00 v reset (in)
     1    0.00                           reset (net)
                  0.01    0.00    4.00 v input1/A (sky130_fd_sc_hd__clkbuf_4)
                  0.07    0.13    4.13 v input1/X (sky130_fd_sc_hd__clkbuf_4)
     7    0.04                           net1 (net)
                  0.07    0.01    4.13 v _197_/A (sky130_fd_sc_hd__buf_4)
                  0.07    0.15    4.29 v _197_/X (sky130_fd_sc_hd__buf_4)
    10    0.06                           _103_ (net)
                  0.07    0.00    4.29 v _198_/A (sky130_fd_sc_hd__inv_2)
                  0.03    0.05    4.34 ^ _198_/Y (sky130_fd_sc_hd__inv_2)
     1    0.00                           _019_ (net)
                  0.03    0.00    4.34 ^ _241_/RESET_B (sky130_fd_sc_hd__dfrtp_4)
                                  4.34   data arrival time

                         20.00   20.00   clock clk (rise edge)
                          0.00   20.00   clock source latency
                  0.06    0.04   20.04 ^ clk (in)
     1    0.02                           clk (net)
                  0.06    0.00   20.04 ^ clkbuf_0_clk/A (sky130_fd_sc_hd__clkbuf_16)
                  0.05    0.10   20.14 ^ clkbuf_0_clk/X (sky130_fd_sc_hd__clkbuf_16)
     4    0.04                           clknet_0_clk (net)
                  0.05    0.00   20.14 ^ clkbuf_2_0__f_clk/A (sky130_fd_sc_hd__clkbuf_16)
                  0.04    0.09   20.23 ^ clkbuf_2_0__f_clk/X (sky130_fd_sc_hd__clkbuf_16)
     9    0.03                           clknet_2_0__leaf_clk (net)
                  0.04    0.00   20.23 ^ _241_/CLK (sky130_fd_sc_hd__dfrtp_4)
                         -0.25   19.98   clock uncertainty
                          0.00   19.98   clock reconvergence pessimism
                          0.13   20.11   library recovery time
                                 20.11   data required time
-----------------------------------------------------------------------------
                                 20.11   data required time
                                 -4.34   data arrival time
-----------------------------------------------------------------------------
                                 15.78   slack (MET)


Startpoint: reset (input port clocked by clk)
Endpoint: _232_ (recovery check against rising-edge clock clk)
Path Group: asynchronous
Path Type: max
Corner: Fastest

Fanout     Cap    Slew   Delay    Time   Description
-----------------------------------------------------------------------------
                          0.00    0.00   clock clk (rise edge)
                          0.00    0.00   clock network delay (propagated)
                          4.00    4.00 v input external delay
                  0.01    0.00    4.00 v reset (in)
     1    0.00                           reset (net)
                  0.01    0.00    4.00 v input1/A (sky130_fd_sc_hd__clkbuf_4)
                  0.07    0.13    4.13 v input1/X (sky130_fd_sc_hd__clkbuf_4)
     7    0.04                           net1 (net)
                  0.07    0.01    4.14 v _186_/A (sky130_fd_sc_hd__buf_4)
                  0.07    0.15    4.29 v _186_/X (sky130_fd_sc_hd__buf_4)
    10    0.06                           _102_ (net)
                  0.07    0.01    4.29 v _188_/A (sky130_fd_sc_hd__inv_2)
                  0.03    0.05    4.34 ^ _188_/Y (sky130_fd_sc_hd__inv_2)
     1    0.00                           _010_ (net)
                  0.03    0.00    4.34 ^ _232_/RESET_B (sky130_fd_sc_hd__dfrtp_1)
                                  4.34   data arrival time

                         20.00   20.00   clock clk (rise edge)
                          0.00   20.00   clock source latency
                  0.06    0.04   20.04 ^ clk (in)
     1    0.02                           clk (net)
                  0.06    0.00   20.04 ^ clkbuf_0_clk/A (sky130_fd_sc_hd__clkbuf_16)
                  0.05    0.10   20.14 ^ clkbuf_0_clk/X (sky130_fd_sc_hd__clkbuf_16)
     4    0.04                           clknet_0_clk (net)
                  0.05    0.00   20.14 ^ clkbuf_2_2__f_clk/A (sky130_fd_sc_hd__clkbuf_16)
                  0.03    0.09   20.22 ^ clkbuf_2_2__f_clk/X (sky130_fd_sc_hd__clkbuf_16)
     6    0.02                           clknet_2_2__leaf_clk (net)
                  0.03    0.00   20.23 ^ _232_/CLK (sky130_fd_sc_hd__dfrtp_1)
                         -0.25   19.98   clock uncertainty
                          0.00   19.98   clock reconvergence pessimism
                          0.14   20.12   library recovery time
                                 20.12   data required time
-----------------------------------------------------------------------------
                                 20.12   data required time
                                 -4.34   data arrival time
-----------------------------------------------------------------------------
                                 15.78   slack (MET)


Startpoint: reset (input port clocked by clk)
Endpoint: _247_ (recovery check against rising-edge clock clk)
Path Group: asynchronous
Path Type: max
Corner: Fastest

Fanout     Cap    Slew   Delay    Time   Description
-----------------------------------------------------------------------------
                          0.00    0.00   clock clk (rise edge)
                          0.00    0.00   clock network delay (propagated)
                          4.00    4.00 v input external delay
                  0.01    0.00    4.00 v reset (in)
     1    0.00                           reset (net)
                  0.01    0.00    4.00 v input1/A (sky130_fd_sc_hd__clkbuf_4)
                  0.07    0.13    4.13 v input1/X (sky130_fd_sc_hd__clkbuf_4)
     7    0.04                           net1 (net)
                  0.07    0.01    4.13 v _197_/A (sky130_fd_sc_hd__buf_4)
                  0.07    0.15    4.29 v _197_/X (sky130_fd_sc_hd__buf_4)
    10    0.06                           _103_ (net)
                  0.07    0.01    4.29 v _204_/A (sky130_fd_sc_hd__inv_2)
                  0.03    0.05    4.34 ^ _204_/Y (sky130_fd_sc_hd__inv_2)
     1    0.00                           _025_ (net)
                  0.03    0.00    4.34 ^ _247_/RESET_B (sky130_fd_sc_hd__dfrtp_1)
                                  4.34   data arrival time

                         20.00   20.00   clock clk (rise edge)
                          0.00   20.00   clock source latency
                  0.06    0.04   20.04 ^ clk (in)
     1    0.02                           clk (net)
                  0.06    0.00   20.04 ^ clkbuf_0_clk/A (sky130_fd_sc_hd__clkbuf_16)
                  0.05    0.10   20.14 ^ clkbuf_0_clk/X (sky130_fd_sc_hd__clkbuf_16)
     4    0.04                           clknet_0_clk (net)
                  0.05    0.00   20.14 ^ clkbuf_2_2__f_clk/A (sky130_fd_sc_hd__clkbuf_16)
                  0.03    0.09   20.22 ^ clkbuf_2_2__f_clk/X (sky130_fd_sc_hd__clkbuf_16)
     6    0.02                           clknet_2_2__leaf_clk (net)
                  0.03    0.00   20.23 ^ _247_/CLK (sky130_fd_sc_hd__dfrtp_1)
                         -0.25   19.98   clock uncertainty
                          0.00   19.98   clock reconvergence pessimism
                          0.14   20.12   library recovery time
                                 20.12   data required time
-----------------------------------------------------------------------------
                                 20.12   data required time
                                 -4.34   data arrival time
-----------------------------------------------------------------------------
                                 15.78   slack (MET)


Startpoint: reset (input port clocked by clk)
Endpoint: _238_ (recovery check against rising-edge clock clk)
Path Group: asynchronous
Path Type: max
Corner: Fastest

Fanout     Cap    Slew   Delay    Time   Description
-----------------------------------------------------------------------------
                          0.00    0.00   clock clk (rise edge)
                          0.00    0.00   clock network delay (propagated)
                          4.00    4.00 v input external delay
                  0.01    0.00    4.00 v reset (in)
     1    0.00                           reset (net)
                  0.01    0.00    4.00 v input1/A (sky130_fd_sc_hd__clkbuf_4)
                  0.07    0.13    4.13 v input1/X (sky130_fd_sc_hd__clkbuf_4)
     7    0.04                           net1 (net)
                  0.07    0.01    4.14 v _186_/A (sky130_fd_sc_hd__buf_4)
                  0.07    0.15    4.29 v _186_/X (sky130_fd_sc_hd__buf_4)
    10    0.06                           _102_ (net)
                  0.07    0.01    4.29 v _194_/A (sky130_fd_sc_hd__inv_2)
                  0.03    0.05    4.34 ^ _194_/Y (sky130_fd_sc_hd__inv_2)
     1    0.00                           _016_ (net)
                  0.03    0.00    4.34 ^ _238_/RESET_B (sky130_fd_sc_hd__dfrtp_1)
                                  4.34   data arrival time

                         20.00   20.00   clock clk (rise edge)
                          0.00   20.00   clock source latency
                  0.06    0.04   20.04 ^ clk (in)
     1    0.02                           clk (net)
                  0.06    0.00   20.04 ^ clkbuf_0_clk/A (sky130_fd_sc_hd__clkbuf_16)
                  0.05    0.10   20.14 ^ clkbuf_0_clk/X (sky130_fd_sc_hd__clkbuf_16)
     4    0.04                           clknet_0_clk (net)
                  0.05    0.00   20.14 ^ clkbuf_2_2__f_clk/A (sky130_fd_sc_hd__clkbuf_16)
                  0.03    0.09   20.22 ^ clkbuf_2_2__f_clk/X (sky130_fd_sc_hd__clkbuf_16)
     6    0.02                           clknet_2_2__leaf_clk (net)
                  0.03    0.00   20.23 ^ _238_/CLK (sky130_fd_sc_hd__dfrtp_1)
                         -0.25   19.98   clock uncertainty
                          0.00   19.98   clock reconvergence pessimism
                          0.14   20.12   library recovery time
                                 20.12   data required time
-----------------------------------------------------------------------------
                                 20.12   data required time
                                 -4.34   data arrival time
-----------------------------------------------------------------------------
                                 15.78   slack (MET)


Startpoint: reset (input port clocked by clk)
Endpoint: _244_ (recovery check against rising-edge clock clk)
Path Group: asynchronous
Path Type: max
Corner: Fastest

Fanout     Cap    Slew   Delay    Time   Description
-----------------------------------------------------------------------------
                          0.00    0.00   clock clk (rise edge)
                          0.00    0.00   clock network delay (propagated)
                          4.00    4.00 v input external delay
                  0.01    0.00    4.00 v reset (in)
     1    0.00                           reset (net)
                  0.01    0.00    4.00 v input1/A (sky130_fd_sc_hd__clkbuf_4)
                  0.07    0.13    4.13 v input1/X (sky130_fd_sc_hd__clkbuf_4)
     7    0.04                           net1 (net)
                  0.07    0.01    4.13 v _197_/A (sky130_fd_sc_hd__buf_4)
                  0.07    0.15    4.29 v _197_/X (sky130_fd_sc_hd__buf_4)
    10    0.06                           _103_ (net)
                  0.07    0.01    4.29 v _201_/A (sky130_fd_sc_hd__inv_2)
                  0.03    0.05    4.34 ^ _201_/Y (sky130_fd_sc_hd__inv_2)
     1    0.00                           _022_ (net)
                  0.03    0.00    4.34 ^ _244_/RESET_B (sky130_fd_sc_hd__dfrtp_1)
                                  4.34   data arrival time

                         20.00   20.00   clock clk (rise edge)
                          0.00   20.00   clock source latency
                  0.06    0.04   20.04 ^ clk (in)
     1    0.02                           clk (net)
                  0.06    0.00   20.04 ^ clkbuf_0_clk/A (sky130_fd_sc_hd__clkbuf_16)
                  0.05    0.10   20.14 ^ clkbuf_0_clk/X (sky130_fd_sc_hd__clkbuf_16)
     4    0.04                           clknet_0_clk (net)
                  0.05    0.00   20.14 ^ clkbuf_2_3__f_clk/A (sky130_fd_sc_hd__clkbuf_16)
                  0.04    0.09   20.23 ^ clkbuf_2_3__f_clk/X (sky130_fd_sc_hd__clkbuf_16)
     9    0.03                           clknet_2_3__leaf_clk (net)
                  0.04    0.00   20.23 ^ _244_/CLK (sky130_fd_sc_hd__dfrtp_1)
                         -0.25   19.98   clock uncertainty
                          0.00   19.98   clock reconvergence pessimism
                          0.15   20.13   library recovery time
                                 20.13   data required time
-----------------------------------------------------------------------------
                                 20.13   data required time
                                 -4.34   data arrival time
-----------------------------------------------------------------------------
                                 15.78   slack (MET)


Startpoint: reset (input port clocked by clk)
Endpoint: _246_ (recovery check against rising-edge clock clk)
Path Group: asynchronous
Path Type: max
Corner: Fastest

Fanout     Cap    Slew   Delay    Time   Description
-----------------------------------------------------------------------------
                          0.00    0.00   clock clk (rise edge)
                          0.00    0.00   clock network delay (propagated)
                          4.00    4.00 v input external delay
                  0.01    0.00    4.00 v reset (in)
     1    0.00                           reset (net)
                  0.01    0.00    4.00 v input1/A (sky130_fd_sc_hd__clkbuf_4)
                  0.07    0.13    4.13 v input1/X (sky130_fd_sc_hd__clkbuf_4)
     7    0.04                           net1 (net)
                  0.07    0.01    4.13 v _197_/A (sky130_fd_sc_hd__buf_4)
                  0.07    0.15    4.29 v _197_/X (sky130_fd_sc_hd__buf_4)
    10    0.06                           _103_ (net)
                  0.07    0.00    4.29 v _203_/A (sky130_fd_sc_hd__inv_2)
                  0.03    0.05    4.34 ^ _203_/Y (sky130_fd_sc_hd__inv_2)
     1    0.00                           _024_ (net)
                  0.03    0.00    4.34 ^ _246_/RESET_B (sky130_fd_sc_hd__dfrtp_1)
                                  4.34   data arrival time

                         20.00   20.00   clock clk (rise edge)
                          0.00   20.00   clock source latency
                  0.06    0.04   20.04 ^ clk (in)
     1    0.02                           clk (net)
                  0.06    0.00   20.04 ^ clkbuf_0_clk/A (sky130_fd_sc_hd__clkbuf_16)
                  0.05    0.10   20.14 ^ clkbuf_0_clk/X (sky130_fd_sc_hd__clkbuf_16)
     4    0.04                           clknet_0_clk (net)
                  0.05    0.00   20.14 ^ clkbuf_2_0__f_clk/A (sky130_fd_sc_hd__clkbuf_16)
                  0.04    0.09   20.23 ^ clkbuf_2_0__f_clk/X (sky130_fd_sc_hd__clkbuf_16)
     9    0.03                           clknet_2_0__leaf_clk (net)
                  0.04    0.00   20.23 ^ _246_/CLK (sky130_fd_sc_hd__dfrtp_1)
                         -0.25   19.98   clock uncertainty
                          0.00   19.98   clock reconvergence pessimism
                          0.15   20.13   library recovery time
                                 20.13   data required time
-----------------------------------------------------------------------------
                                 20.13   data required time
                                 -4.34   data arrival time
-----------------------------------------------------------------------------
                                 15.79   slack (MET)


Startpoint: reset (input port clocked by clk)
Endpoint: _239_ (recovery check against rising-edge clock clk)
Path Group: asynchronous
Path Type: max
Corner: Fastest

Fanout     Cap    Slew   Delay    Time   Description
-----------------------------------------------------------------------------
                          0.00    0.00   clock clk (rise edge)
                          0.00    0.00   clock network delay (propagated)
                          4.00    4.00 v input external delay
                  0.01    0.00    4.00 v reset (in)
     1    0.00                           reset (net)
                  0.01    0.00    4.00 v input1/A (sky130_fd_sc_hd__clkbuf_4)
                  0.07    0.13    4.13 v input1/X (sky130_fd_sc_hd__clkbuf_4)
     7    0.04                           net1 (net)
                  0.07    0.01    4.14 v _186_/A (sky130_fd_sc_hd__buf_4)
                  0.07    0.15    4.29 v _186_/X (sky130_fd_sc_hd__buf_4)
    10    0.06                           _102_ (net)
                  0.07    0.01    4.29 v _195_/A (sky130_fd_sc_hd__inv_2)
                  0.03    0.05    4.34 ^ _195_/Y (sky130_fd_sc_hd__inv_2)
     1    0.00                           _017_ (net)
                  0.03    0.00    4.34 ^ _239_/RESET_B (sky130_fd_sc_hd__dfrtp_1)
                                  4.34   data arrival time

                         20.00   20.00   clock clk (rise edge)
                          0.00   20.00   clock source latency
                  0.06    0.04   20.04 ^ clk (in)
     1    0.02                           clk (net)
                  0.06    0.00   20.04 ^ clkbuf_0_clk/A (sky130_fd_sc_hd__clkbuf_16)
                  0.05    0.10   20.14 ^ clkbuf_0_clk/X (sky130_fd_sc_hd__clkbuf_16)
     4    0.04                           clknet_0_clk (net)
                  0.05    0.00   20.14 ^ clkbuf_2_0__f_clk/A (sky130_fd_sc_hd__clkbuf_16)
                  0.04    0.09   20.23 ^ clkbuf_2_0__f_clk/X (sky130_fd_sc_hd__clkbuf_16)
     9    0.03                           clknet_2_0__leaf_clk (net)
                  0.04    0.00   20.23 ^ _239_/CLK (sky130_fd_sc_hd__dfrtp_1)
                         -0.25   19.98   clock uncertainty
                          0.00   19.98   clock reconvergence pessimism
                          0.15   20.13   library recovery time
                                 20.13   data required time
-----------------------------------------------------------------------------
                                 20.13   data required time
                                 -4.34   data arrival time
-----------------------------------------------------------------------------
                                 15.79   slack (MET)


Startpoint: reset (input port clocked by clk)
Endpoint: _245_ (recovery check against rising-edge clock clk)
Path Group: asynchronous
Path Type: max
Corner: Fastest

Fanout     Cap    Slew   Delay    Time   Description
-----------------------------------------------------------------------------
                          0.00    0.00   clock clk (rise edge)
                          0.00    0.00   clock network delay (propagated)
                          4.00    4.00 v input external delay
                  0.01    0.00    4.00 v reset (in)
     1    0.00                           reset (net)
                  0.01    0.00    4.00 v input1/A (sky130_fd_sc_hd__clkbuf_4)
                  0.07    0.13    4.13 v input1/X (sky130_fd_sc_hd__clkbuf_4)
     7    0.04                           net1 (net)
                  0.07    0.01    4.13 v _197_/A (sky130_fd_sc_hd__buf_4)
                  0.07    0.15    4.29 v _197_/X (sky130_fd_sc_hd__buf_4)
    10    0.06                           _103_ (net)
                  0.07    0.01    4.29 v _202_/A (sky130_fd_sc_hd__inv_2)
                  0.03    0.05    4.34 ^ _202_/Y (sky130_fd_sc_hd__inv_2)
     1    0.00                           _023_ (net)
                  0.03    0.00    4.34 ^ _245_/RESET_B (sky130_fd_sc_hd__dfrtp_1)
                                  4.34   data arrival time

                         20.00   20.00   clock clk (rise edge)
                          0.00   20.00   clock source latency
                  0.06    0.04   20.04 ^ clk (in)
     1    0.02                           clk (net)
                  0.06    0.00   20.04 ^ clkbuf_0_clk/A (sky130_fd_sc_hd__clkbuf_16)
                  0.05    0.10   20.14 ^ clkbuf_0_clk/X (sky130_fd_sc_hd__clkbuf_16)
     4    0.04                           clknet_0_clk (net)
                  0.05    0.00   20.14 ^ clkbuf_2_3__f_clk/A (sky130_fd_sc_hd__clkbuf_16)
                  0.04    0.09   20.23 ^ clkbuf_2_3__f_clk/X (sky130_fd_sc_hd__clkbuf_16)
     9    0.03                           clknet_2_3__leaf_clk (net)
                  0.04    0.00   20.23 ^ _245_/CLK (sky130_fd_sc_hd__dfrtp_1)
                         -0.25   19.98   clock uncertainty
                          0.00   19.98   clock reconvergence pessimism
                          0.15   20.13   library recovery time
                                 20.13   data required time
-----------------------------------------------------------------------------
                                 20.13   data required time
                                 -4.34   data arrival time
-----------------------------------------------------------------------------
                                 15.79   slack (MET)


Startpoint: reset (input port clocked by clk)
Endpoint: _248_ (recovery check against rising-edge clock clk)
Path Group: asynchronous
Path Type: max
Corner: Fastest

Fanout     Cap    Slew   Delay    Time   Description
-----------------------------------------------------------------------------
                          0.00    0.00   clock clk (rise edge)
                          0.00    0.00   clock network delay (propagated)
                          4.00    4.00 v input external delay
                  0.01    0.00    4.00 v reset (in)
     1    0.00                           reset (net)
                  0.01    0.00    4.00 v input1/A (sky130_fd_sc_hd__clkbuf_4)
                  0.07    0.13    4.13 v input1/X (sky130_fd_sc_hd__clkbuf_4)
     7    0.04                           net1 (net)
                  0.07    0.01    4.13 v _197_/A (sky130_fd_sc_hd__buf_4)
                  0.07    0.15    4.29 v _197_/X (sky130_fd_sc_hd__buf_4)
    10    0.06                           _103_ (net)
                  0.07    0.00    4.29 v _205_/A (sky130_fd_sc_hd__inv_2)
                  0.03    0.05    4.34 ^ _205_/Y (sky130_fd_sc_hd__inv_2)
     1    0.00                           _026_ (net)
                  0.03    0.00    4.34 ^ _248_/RESET_B (sky130_fd_sc_hd__dfrtp_1)
                                  4.34   data arrival time

                         20.00   20.00   clock clk (rise edge)
                          0.00   20.00   clock source latency
                  0.06    0.04   20.04 ^ clk (in)
     1    0.02                           clk (net)
                  0.06    0.00   20.04 ^ clkbuf_0_clk/A (sky130_fd_sc_hd__clkbuf_16)
                  0.05    0.10   20.14 ^ clkbuf_0_clk/X (sky130_fd_sc_hd__clkbuf_16)
     4    0.04                           clknet_0_clk (net)
                  0.05    0.00   20.14 ^ clkbuf_2_1__f_clk/A (sky130_fd_sc_hd__clkbuf_16)
                  0.04    0.09   20.23 ^ clkbuf_2_1__f_clk/X (sky130_fd_sc_hd__clkbuf_16)
     9    0.03                           clknet_2_1__leaf_clk (net)
                  0.04    0.00   20.23 ^ _248_/CLK (sky130_fd_sc_hd__dfrtp_1)
                         -0.25   19.98   clock uncertainty
                          0.00   19.98   clock reconvergence pessimism
                          0.15   20.12   library recovery time
                                 20.12   data required time
-----------------------------------------------------------------------------
                                 20.12   data required time
                                 -4.34   data arrival time
-----------------------------------------------------------------------------
                                 15.79   slack (MET)


Startpoint: reset (input port clocked by clk)
Endpoint: _236_ (recovery check against rising-edge clock clk)
Path Group: asynchronous
Path Type: max
Corner: Fastest

Fanout     Cap    Slew   Delay    Time   Description
-----------------------------------------------------------------------------
                          0.00    0.00   clock clk (rise edge)
                          0.00    0.00   clock network delay (propagated)
                          4.00    4.00 v input external delay
                  0.01    0.00    4.00 v reset (in)
     1    0.00                           reset (net)
                  0.01    0.00    4.00 v input1/A (sky130_fd_sc_hd__clkbuf_4)
                  0.07    0.13    4.13 v input1/X (sky130_fd_sc_hd__clkbuf_4)
     7    0.04                           net1 (net)
                  0.07    0.01    4.14 v _186_/A (sky130_fd_sc_hd__buf_4)
                  0.07    0.15    4.29 v _186_/X (sky130_fd_sc_hd__buf_4)
    10    0.06                           _102_ (net)
                  0.07    0.00    4.29 v _192_/A (sky130_fd_sc_hd__inv_2)
                  0.03    0.05    4.34 ^ _192_/Y (sky130_fd_sc_hd__inv_2)
     1    0.00                           _014_ (net)
                  0.03    0.00    4.34 ^ _236_/RESET_B (sky130_fd_sc_hd__dfrtp_1)
                                  4.34   data arrival time

                         20.00   20.00   clock clk (rise edge)
                          0.00   20.00   clock source latency
                  0.06    0.04   20.04 ^ clk (in)
     1    0.02                           clk (net)
                  0.06    0.00   20.04 ^ clkbuf_0_clk/A (sky130_fd_sc_hd__clkbuf_16)
                  0.05    0.10   20.14 ^ clkbuf_0_clk/X (sky130_fd_sc_hd__clkbuf_16)
     4    0.04                           clknet_0_clk (net)
                  0.05    0.00   20.14 ^ clkbuf_2_3__f_clk/A (sky130_fd_sc_hd__clkbuf_16)
                  0.04    0.09   20.23 ^ clkbuf_2_3__f_clk/X (sky130_fd_sc_hd__clkbuf_16)
     9    0.03                           clknet_2_3__leaf_clk (net)
                  0.04    0.00   20.23 ^ _236_/CLK (sky130_fd_sc_hd__dfrtp_1)
                         -0.25   19.98   clock uncertainty
                          0.00   19.98   clock reconvergence pessimism
                          0.15   20.13   library recovery time
                                 20.13   data required time
-----------------------------------------------------------------------------
                                 20.13   data required time
                                 -4.34   data arrival time
-----------------------------------------------------------------------------
                                 15.79   slack (MET)


Startpoint: reset (input port clocked by clk)
Endpoint: _249_ (recovery check against rising-edge clock clk)
Path Group: asynchronous
Path Type: max
Corner: Fastest

Fanout     Cap    Slew   Delay    Time   Description
-----------------------------------------------------------------------------
                          0.00    0.00   clock clk (rise edge)
                          0.00    0.00   clock network delay (propagated)
                          4.00    4.00 v input external delay
                  0.01    0.00    4.00 v reset (in)
     1    0.00                           reset (net)
                  0.01    0.00    4.00 v input1/A (sky130_fd_sc_hd__clkbuf_4)
                  0.07    0.13    4.13 v input1/X (sky130_fd_sc_hd__clkbuf_4)
     7    0.04                           net1 (net)
                  0.07    0.01    4.13 v _197_/A (sky130_fd_sc_hd__buf_4)
                  0.07    0.15    4.29 v _197_/X (sky130_fd_sc_hd__buf_4)
    10    0.06                           _103_ (net)
                  0.07    0.00    4.29 v _206_/A (sky130_fd_sc_hd__inv_2)
                  0.03    0.05    4.34 ^ _206_/Y (sky130_fd_sc_hd__inv_2)
     1    0.00                           _027_ (net)
                  0.03    0.00    4.34 ^ _249_/RESET_B (sky130_fd_sc_hd__dfrtp_1)
                                  4.34   data arrival time

                         20.00   20.00   clock clk (rise edge)
                          0.00   20.00   clock source latency
                  0.06    0.04   20.04 ^ clk (in)
     1    0.02                           clk (net)
                  0.06    0.00   20.04 ^ clkbuf_0_clk/A (sky130_fd_sc_hd__clkbuf_16)
                  0.05    0.10   20.14 ^ clkbuf_0_clk/X (sky130_fd_sc_hd__clkbuf_16)
     4    0.04                           clknet_0_clk (net)
                  0.05    0.00   20.14 ^ clkbuf_2_0__f_clk/A (sky130_fd_sc_hd__clkbuf_16)
                  0.04    0.09   20.23 ^ clkbuf_2_0__f_clk/X (sky130_fd_sc_hd__clkbuf_16)
     9    0.03                           clknet_2_0__leaf_clk (net)
                  0.04    0.00   20.23 ^ _249_/CLK (sky130_fd_sc_hd__dfrtp_1)
                         -0.25   19.98   clock uncertainty
                          0.00   19.98   clock reconvergence pessimism
                          0.15   20.13   library recovery time
                                 20.13   data required time
-----------------------------------------------------------------------------
                                 20.13   data required time
                                 -4.34   data arrival time
-----------------------------------------------------------------------------
                                 15.79   slack (MET)


Startpoint: reset (input port clocked by clk)
Endpoint: _250_ (recovery check against rising-edge clock clk)
Path Group: asynchronous
Path Type: max
Corner: Fastest

Fanout     Cap    Slew   Delay    Time   Description
-----------------------------------------------------------------------------
                          0.00    0.00   clock clk (rise edge)
                          0.00    0.00   clock network delay (propagated)
                          4.00    4.00 v input external delay
                  0.01    0.00    4.00 v reset (in)
     1    0.00                           reset (net)
                  0.01    0.00    4.00 v input1/A (sky130_fd_sc_hd__clkbuf_4)
                  0.07    0.13    4.13 v input1/X (sky130_fd_sc_hd__clkbuf_4)
     7    0.04                           net1 (net)
                  0.07    0.01    4.13 v _197_/A (sky130_fd_sc_hd__buf_4)
                  0.07    0.15    4.29 v _197_/X (sky130_fd_sc_hd__buf_4)
    10    0.06                           _103_ (net)
                  0.07    0.00    4.29 v _207_/A (sky130_fd_sc_hd__inv_2)
                  0.03    0.05    4.34 ^ _207_/Y (sky130_fd_sc_hd__inv_2)
     1    0.00                           _028_ (net)
                  0.03    0.00    4.34 ^ _250_/RESET_B (sky130_fd_sc_hd__dfrtp_1)
                                  4.34   data arrival time

                         20.00   20.00   clock clk (rise edge)
                          0.00   20.00   clock source latency
                  0.06    0.04   20.04 ^ clk (in)
     1    0.02                           clk (net)
                  0.06    0.00   20.04 ^ clkbuf_0_clk/A (sky130_fd_sc_hd__clkbuf_16)
                  0.05    0.10   20.14 ^ clkbuf_0_clk/X (sky130_fd_sc_hd__clkbuf_16)
     4    0.04                           clknet_0_clk (net)
                  0.05    0.00   20.14 ^ clkbuf_2_0__f_clk/A (sky130_fd_sc_hd__clkbuf_16)
                  0.04    0.09   20.23 ^ clkbuf_2_0__f_clk/X (sky130_fd_sc_hd__clkbuf_16)
     9    0.03                           clknet_2_0__leaf_clk (net)
                  0.04    0.00   20.23 ^ _250_/CLK (sky130_fd_sc_hd__dfrtp_1)
                         -0.25   19.98   clock uncertainty
                          0.00   19.98   clock reconvergence pessimism
                          0.15   20.13   library recovery time
                                 20.13   data required time
-----------------------------------------------------------------------------
                                 20.13   data required time
                                 -4.34   data arrival time
-----------------------------------------------------------------------------
                                 15.79   slack (MET)


Startpoint: reset (input port clocked by clk)
Endpoint: _230_ (recovery check against rising-edge clock clk)
Path Group: asynchronous
Path Type: max
Corner: Fastest

Fanout     Cap    Slew   Delay    Time   Description
-----------------------------------------------------------------------------
                          0.00    0.00   clock clk (rise edge)
                          0.00    0.00   clock network delay (propagated)
                          4.00    4.00 v input external delay
                  0.01    0.00    4.00 v reset (in)
     1    0.00                           reset (net)
                  0.01    0.00    4.00 v input1/A (sky130_fd_sc_hd__clkbuf_4)
                  0.07    0.13    4.13 v input1/X (sky130_fd_sc_hd__clkbuf_4)
     7    0.04                           net1 (net)
                  0.07    0.00    4.13 v _185_/A (sky130_fd_sc_hd__inv_2)
                  0.04    0.06    4.19 ^ _185_/Y (sky130_fd_sc_hd__inv_2)
     2    0.01                           _008_ (net)
                  0.04    0.00    4.19 ^ _230_/SET_B (sky130_fd_sc_hd__dfstp_1)
                                  4.19   data arrival time

                         20.00   20.00   clock clk (rise edge)
                          0.00   20.00   clock source latency
                  0.06    0.04   20.04 ^ clk (in)
     1    0.02                           clk (net)
                  0.06    0.00   20.04 ^ clkbuf_0_clk/A (sky130_fd_sc_hd__clkbuf_16)
                  0.05    0.10   20.14 ^ clkbuf_0_clk/X (sky130_fd_sc_hd__clkbuf_16)
     4    0.04                           clknet_0_clk (net)
                  0.05    0.00   20.14 ^ clkbuf_2_2__f_clk/A (sky130_fd_sc_hd__clkbuf_16)
                  0.03    0.09   20.22 ^ clkbuf_2_2__f_clk/X (sky130_fd_sc_hd__clkbuf_16)
     6    0.02                           clknet_2_2__leaf_clk (net)
                  0.03    0.00   20.23 ^ _230_/CLK (sky130_fd_sc_hd__dfstp_1)
                         -0.25   19.98   clock uncertainty
                          0.00   19.98   clock reconvergence pessimism
                          0.09   20.06   library recovery time
                                 20.06   data required time
-----------------------------------------------------------------------------
                                 20.06   data required time
                                 -4.19   data arrival time
-----------------------------------------------------------------------------
                                 15.87   slack (MET)


Startpoint: reset (input port clocked by clk)
Endpoint: _251_ (recovery check against rising-edge clock clk)
Path Group: asynchronous
Path Type: max
Corner: Fastest

Fanout     Cap    Slew   Delay    Time   Description
-----------------------------------------------------------------------------
                          0.00    0.00   clock clk (rise edge)
                          0.00    0.00   clock network delay (propagated)
                          4.00    4.00 v input external delay
                  0.01    0.00    4.00 v reset (in)
     1    0.00                           reset (net)
                  0.01    0.00    4.00 v input1/A (sky130_fd_sc_hd__clkbuf_4)
                  0.07    0.13    4.13 v input1/X (sky130_fd_sc_hd__clkbuf_4)
     7    0.04                           net1 (net)
                  0.07    0.00    4.13 v _208_/A (sky130_fd_sc_hd__inv_2)
                  0.03    0.05    4.18 ^ _208_/Y (sky130_fd_sc_hd__inv_2)
     1    0.01                           _029_ (net)
                  0.03    0.00    4.18 ^ _251_/RESET_B (sky130_fd_sc_hd__dfrtp_1)
                                  4.18   data arrival time

                         20.00   20.00   clock clk (rise edge)
                          0.00   20.00   clock source latency
                  0.06    0.04   20.04 ^ clk (in)
     1    0.02                           clk (net)
                  0.06    0.00   20.04 ^ clkbuf_0_clk/A (sky130_fd_sc_hd__clkbuf_16)
                  0.05    0.10   20.14 ^ clkbuf_0_clk/X (sky130_fd_sc_hd__clkbuf_16)
     4    0.04                           clknet_0_clk (net)
                  0.05    0.00   20.14 ^ clkbuf_2_2__f_clk/A (sky130_fd_sc_hd__clkbuf_16)
                  0.03    0.09   20.22 ^ clkbuf_2_2__f_clk/X (sky130_fd_sc_hd__clkbuf_16)
     6    0.02                           clknet_2_2__leaf_clk (net)
                  0.03    0.00   20.23 ^ _251_/CLK (sky130_fd_sc_hd__dfrtp_1)
                         -0.25   19.98   clock uncertainty
                          0.00   19.98   clock reconvergence pessimism
                          0.14   20.12   library recovery time
                                 20.12   data required time
-----------------------------------------------------------------------------
                                 20.12   data required time
                                 -4.18   data arrival time
-----------------------------------------------------------------------------
                                 15.94   slack (MET)


Startpoint: reset (input port clocked by clk)
Endpoint: _254_ (recovery check against rising-edge clock clk)
Path Group: asynchronous
Path Type: max
Corner: Fastest

Fanout     Cap    Slew   Delay    Time   Description
-----------------------------------------------------------------------------
                          0.00    0.00   clock clk (rise edge)
                          0.00    0.00   clock network delay (propagated)
                          4.00    4.00 v input external delay
                  0.01    0.00    4.00 v reset (in)
     1    0.00                           reset (net)
                  0.01    0.00    4.00 v input1/A (sky130_fd_sc_hd__clkbuf_4)
                  0.07    0.13    4.13 v input1/X (sky130_fd_sc_hd__clkbuf_4)
     7    0.04                           net1 (net)
                  0.07    0.01    4.14 v _211_/A (sky130_fd_sc_hd__inv_2)
                  0.03    0.05    4.18 ^ _211_/Y (sky130_fd_sc_hd__inv_2)
     1    0.01                           _032_ (net)
                  0.03    0.00    4.19 ^ _254_/RESET_B (sky130_fd_sc_hd__dfrtp_1)
                                  4.19   data arrival time

                         20.00   20.00   clock clk (rise edge)
                          0.00   20.00   clock source latency
                  0.06    0.04   20.04 ^ clk (in)
     1    0.02                           clk (net)
                  0.06    0.00   20.04 ^ clkbuf_0_clk/A (sky130_fd_sc_hd__clkbuf_16)
                  0.05    0.10   20.14 ^ clkbuf_0_clk/X (sky130_fd_sc_hd__clkbuf_16)
     4    0.04                           clknet_0_clk (net)
                  0.05    0.00   20.14 ^ clkbuf_2_0__f_clk/A (sky130_fd_sc_hd__clkbuf_16)
                  0.04    0.09   20.23 ^ clkbuf_2_0__f_clk/X (sky130_fd_sc_hd__clkbuf_16)
     9    0.03                           clknet_2_0__leaf_clk (net)
                  0.04    0.00   20.23 ^ _254_/CLK (sky130_fd_sc_hd__dfrtp_1)
                         -0.25   19.98   clock uncertainty
                          0.00   19.98   clock reconvergence pessimism
                          0.14   20.13   library recovery time
                                 20.13   data required time
-----------------------------------------------------------------------------
                                 20.13   data required time
                                 -4.19   data arrival time
-----------------------------------------------------------------------------
                                 15.94   slack (MET)


Startpoint: reset (input port clocked by clk)
Endpoint: _252_ (recovery check against rising-edge clock clk)
Path Group: asynchronous
Path Type: max
Corner: Fastest

Fanout     Cap    Slew   Delay    Time   Description
-----------------------------------------------------------------------------
                          0.00    0.00   clock clk (rise edge)
                          0.00    0.00   clock network delay (propagated)
                          4.00    4.00 v input external delay
                  0.01    0.00    4.00 v reset (in)
     1    0.00                           reset (net)
                  0.01    0.00    4.00 v input1/A (sky130_fd_sc_hd__clkbuf_4)
                  0.07    0.13    4.13 v input1/X (sky130_fd_sc_hd__clkbuf_4)
     7    0.04                           net1 (net)
                  0.07    0.01    4.13 v _209_/A (sky130_fd_sc_hd__inv_2)
                  0.03    0.05    4.18 ^ _209_/Y (sky130_fd_sc_hd__inv_2)
     1    0.00                           _030_ (net)
                  0.03    0.00    4.18 ^ _252_/RESET_B (sky130_fd_sc_hd__dfrtp_1)
                                  4.18   data arrival time

                         20.00   20.00   clock clk (rise edge)
                          0.00   20.00   clock source latency
                  0.06    0.04   20.04 ^ clk (in)
     1    0.02                           clk (net)
                  0.06    0.00   20.04 ^ clkbuf_0_clk/A (sky130_fd_sc_hd__clkbuf_16)
                  0.05    0.10   20.14 ^ clkbuf_0_clk/X (sky130_fd_sc_hd__clkbuf_16)
     4    0.04                           clknet_0_clk (net)
                  0.05    0.00   20.14 ^ clkbuf_2_0__f_clk/A (sky130_fd_sc_hd__clkbuf_16)
                  0.04    0.09   20.23 ^ clkbuf_2_0__f_clk/X (sky130_fd_sc_hd__clkbuf_16)
     9    0.03                           clknet_2_0__leaf_clk (net)
                  0.04    0.00   20.23 ^ _252_/CLK (sky130_fd_sc_hd__dfrtp_1)
                         -0.25   19.98   clock uncertainty
                          0.00   19.98   clock reconvergence pessimism
                          0.15   20.13   library recovery time
                                 20.13   data required time
-----------------------------------------------------------------------------
                                 20.13   data required time
                                 -4.18   data arrival time
-----------------------------------------------------------------------------
                                 15.94   slack (MET)


Startpoint: reset (input port clocked by clk)
Endpoint: _253_ (recovery check against rising-edge clock clk)
Path Group: asynchronous
Path Type: max
Corner: Fastest

Fanout     Cap    Slew   Delay    Time   Description
-----------------------------------------------------------------------------
                          0.00    0.00   clock clk (rise edge)
                          0.00    0.00   clock network delay (propagated)
                          4.00    4.00 v input external delay
                  0.01    0.00    4.00 v reset (in)
     1    0.00                           reset (net)
                  0.01    0.00    4.00 v input1/A (sky130_fd_sc_hd__clkbuf_4)
                  0.07    0.13    4.13 v input1/X (sky130_fd_sc_hd__clkbuf_4)
     7    0.04                           net1 (net)
                  0.07    0.00    4.13 v _210_/A (sky130_fd_sc_hd__inv_2)
                  0.03    0.05    4.18 ^ _210_/Y (sky130_fd_sc_hd__inv_2)
     1    0.00                           _031_ (net)
                  0.03    0.00    4.18 ^ _253_/RESET_B (sky130_fd_sc_hd__dfrtp_1)
                                  4.18   data arrival time

                         20.00   20.00   clock clk (rise edge)
                          0.00   20.00   clock source latency
                  0.06    0.04   20.04 ^ clk (in)
     1    0.02                           clk (net)
                  0.06    0.00   20.04 ^ clkbuf_0_clk/A (sky130_fd_sc_hd__clkbuf_16)
                  0.05    0.10   20.14 ^ clkbuf_0_clk/X (sky130_fd_sc_hd__clkbuf_16)
     4    0.04                           clknet_0_clk (net)
                  0.05    0.00   20.14 ^ clkbuf_2_3__f_clk/A (sky130_fd_sc_hd__clkbuf_16)
                  0.04    0.09   20.23 ^ clkbuf_2_3__f_clk/X (sky130_fd_sc_hd__clkbuf_16)
     9    0.03                           clknet_2_3__leaf_clk (net)
                  0.04    0.00   20.23 ^ _253_/CLK (sky130_fd_sc_hd__dfrtp_1)
                         -0.25   19.98   clock uncertainty
                          0.00   19.98   clock reconvergence pessimism
                          0.15   20.13   library recovery time
                                 20.13   data required time
-----------------------------------------------------------------------------
                                 20.13   data required time
                                 -4.18   data arrival time
-----------------------------------------------------------------------------
                                 15.95   slack (MET)


Startpoint: _233_ (rising edge-triggered flip-flop clocked by clk)
Endpoint: _246_ (rising edge-triggered flip-flop clocked by clk)
Path Group: clk
Path Type: max
Corner: Fastest

Fanout     Cap    Slew   Delay    Time   Description
-----------------------------------------------------------------------------
                          0.00    0.00   clock clk (rise edge)
                          0.00    0.00   clock source latency
                  0.06    0.04    0.04 ^ clk (in)
     1    0.02                           clk (net)
                  0.06    0.00    0.04 ^ clkbuf_0_clk/A (sky130_fd_sc_hd__clkbuf_16)
                  0.05    0.11    0.15 ^ clkbuf_0_clk/X (sky130_fd_sc_hd__clkbuf_16)
     4    0.04                           clknet_0_clk (net)
                  0.05    0.00    0.15 ^ clkbuf_2_2__f_clk/A (sky130_fd_sc_hd__clkbuf_16)
                  0.03    0.09    0.25 ^ clkbuf_2_2__f_clk/X (sky130_fd_sc_hd__clkbuf_16)
     6    0.02                           clknet_2_2__leaf_clk (net)
                  0.03    0.00    0.25 ^ _233_/CLK (sky130_fd_sc_hd__dfrtp_1)
                  0.06    0.27    0.52 v _233_/Q (sky130_fd_sc_hd__dfrtp_1)
     5    0.01                           rx_inst.state[3] (net)
                  0.06    0.00    0.52 v hold35/A (sky130_fd_sc_hd__dlygate4sd3_1)
                  0.04    0.39    0.91 v hold35/X (sky130_fd_sc_hd__dlygate4sd3_1)
     1    0.00                           net55 (net)
                  0.04    0.00    0.91 v _149_/A1 (sky130_fd_sc_hd__o21a_1)
                  0.04    0.14    1.05 v _149_/X (sky130_fd_sc_hd__o21a_1)
     2    0.01                           _000_ (net)
                  0.04    0.00    1.05 v _150_/B1 (sky130_fd_sc_hd__o22a_1)
                  0.03    0.12    1.17 v _150_/X (sky130_fd_sc_hd__o22a_1)
     1    0.00                           _040_ (net)
                  0.03    0.00    1.17 v hold10/A (sky130_fd_sc_hd__dlygate4sd3_1)
                  0.05    0.39    1.56 v hold10/X (sky130_fd_sc_hd__dlygate4sd3_1)
     1    0.01                           net30 (net)
                  0.05    0.00    1.56 v _246_/D (sky130_fd_sc_hd__dfrtp_1)
                                  1.56   data arrival time

                         20.00   20.00   clock clk (rise edge)
                          0.00   20.00   clock source latency
                  0.06    0.04   20.04 ^ clk (in)
     1    0.02                           clk (net)
                  0.06    0.00   20.04 ^ clkbuf_0_clk/A (sky130_fd_sc_hd__clkbuf_16)
                  0.05    0.10   20.14 ^ clkbuf_0_clk/X (sky130_fd_sc_hd__clkbuf_16)
     4    0.04                           clknet_0_clk (net)
                  0.05    0.00   20.14 ^ clkbuf_2_0__f_clk/A (sky130_fd_sc_hd__clkbuf_16)
                  0.04    0.09   20.23 ^ clkbuf_2_0__f_clk/X (sky130_fd_sc_hd__clkbuf_16)
     9    0.03                           clknet_2_0__leaf_clk (net)
                  0.04    0.00   20.23 ^ _246_/CLK (sky130_fd_sc_hd__dfrtp_1)
                         -0.25   19.98   clock uncertainty
                          0.01   20.00   clock reconvergence pessimism
                         -0.08   19.92   library setup time
                                 19.92   data required time
-----------------------------------------------------------------------------
                                 19.92   data required time
                                 -1.56   data arrival time
-----------------------------------------------------------------------------
                                 18.36   slack (MET)


Startpoint: _242_ (rising edge-triggered flip-flop clocked by clk)
Endpoint: _238_ (rising edge-triggered flip-flop clocked by clk)
Path Group: clk
Path Type: max
Corner: Fastest

Fanout     Cap    Slew   Delay    Time   Description
-----------------------------------------------------------------------------
                          0.00    0.00   clock clk (rise edge)
                          0.00    0.00   clock source latency
                  0.06    0.04    0.04 ^ clk (in)
     1    0.02                           clk (net)
                  0.06    0.00    0.04 ^ clkbuf_0_clk/A (sky130_fd_sc_hd__clkbuf_16)
                  0.05    0.11    0.15 ^ clkbuf_0_clk/X (sky130_fd_sc_hd__clkbuf_16)
     4    0.04                           clknet_0_clk (net)
                  0.05    0.00    0.15 ^ clkbuf_2_3__f_clk/A (sky130_fd_sc_hd__clkbuf_16)
                  0.04    0.10    0.25 ^ clkbuf_2_3__f_clk/X (sky130_fd_sc_hd__clkbuf_16)
     9    0.03                           clknet_2_3__leaf_clk (net)
                  0.04    0.00    0.25 ^ _242_/CLK (sky130_fd_sc_hd__dfstp_1)
                  0.07    0.35    0.60 ^ _242_/Q (sky130_fd_sc_hd__dfstp_1)
     3    0.01                           tx_inst.state[0] (net)
                  0.07    0.00    0.60 ^ hold7/A (sky130_fd_sc_hd__dlygate4sd3_1)
                  0.07    0.43    1.03 ^ hold7/X (sky130_fd_sc_hd__dlygate4sd3_1)
     2    0.01                           net27 (net)
                  0.07    0.00    1.03 ^ _159_/A (sky130_fd_sc_hd__inv_2)
                  0.02    0.03    1.06 v _159_/Y (sky130_fd_sc_hd__inv_2)
     2    0.01                           _088_ (net)
                  0.02    0.00    1.06 v _160_/A2 (sky130_fd_sc_hd__a21o_1)
                  0.02    0.11    1.17 v _160_/X (sky130_fd_sc_hd__a21o_1)
     1    0.00                           _036_ (net)
                  0.02    0.00    1.17 v hold6/A (sky130_fd_sc_hd__dlygate4sd3_1)
                  0.04    0.37    1.54 v hold6/X (sky130_fd_sc_hd__dlygate4sd3_1)
     1    0.00                           net26 (net)
                  0.04    0.00    1.54 v _238_/D (sky130_fd_sc_hd__dfrtp_1)
                                  1.54   data arrival time

                         20.00   20.00   clock clk (rise edge)
                          0.00   20.00   clock source latency
                  0.06    0.04   20.04 ^ clk (in)
     1    0.02                           clk (net)
                  0.06    0.00   20.04 ^ clkbuf_0_clk/A (sky130_fd_sc_hd__clkbuf_16)
                  0.05    0.10   20.14 ^ clkbuf_0_clk/X (sky130_fd_sc_hd__clkbuf_16)
     4    0.04                           clknet_0_clk (net)
                  0.05    0.00   20.14 ^ clkbuf_2_2__f_clk/A (sky130_fd_sc_hd__clkbuf_16)
                  0.03    0.09   20.22 ^ clkbuf_2_2__f_clk/X (sky130_fd_sc_hd__clkbuf_16)
     6    0.02                           clknet_2_2__leaf_clk (net)
                  0.03    0.00   20.23 ^ _238_/CLK (sky130_fd_sc_hd__dfrtp_1)
                         -0.25   19.98   clock uncertainty
                          0.01   19.99   clock reconvergence pessimism
                         -0.07   19.92   library setup time
                                 19.92   data required time
-----------------------------------------------------------------------------
                                 19.92   data required time
                                 -1.54   data arrival time
-----------------------------------------------------------------------------
                                 18.37   slack (MET)


Startpoint: _237_ (rising edge-triggered flip-flop clocked by clk)
Endpoint: _233_ (rising edge-triggered flip-flop clocked by clk)
Path Group: clk
Path Type: max
Corner: Fastest

Fanout     Cap    Slew   Delay    Time   Description
-----------------------------------------------------------------------------
                          0.00    0.00   clock clk (rise edge)
                          0.00    0.00   clock source latency
                  0.06    0.04    0.04 ^ clk (in)
     1    0.02                           clk (net)
                  0.06    0.00    0.04 ^ clkbuf_0_clk/A (sky130_fd_sc_hd__clkbuf_16)
                  0.05    0.11    0.15 ^ clkbuf_0_clk/X (sky130_fd_sc_hd__clkbuf_16)
     4    0.04                           clknet_0_clk (net)
                  0.05    0.00    0.15 ^ clkbuf_2_3__f_clk/A (sky130_fd_sc_hd__clkbuf_16)
                  0.04    0.10    0.25 ^ clkbuf_2_3__f_clk/X (sky130_fd_sc_hd__clkbuf_16)
     9    0.03                           clknet_2_3__leaf_clk (net)
                  0.04    0.00    0.25 ^ _237_/CLK (sky130_fd_sc_hd__dfstp_1)
                  0.05    0.33    0.58 ^ _237_/Q (sky130_fd_sc_hd__dfstp_1)
     2    0.01                           rx_inst.rx (net)
                  0.05    0.00    0.58 ^ hold17/A (sky130_fd_sc_hd__dlygate4sd3_1)
                  0.06    0.41    1.00 ^ hold17/X (sky130_fd_sc_hd__dlygate4sd3_1)
     1    0.01                           net37 (net)
                  0.06    0.00    1.00 ^ _174_/A (sky130_fd_sc_hd__inv_2)
                  0.02    0.02    1.02 v _174_/Y (sky130_fd_sc_hd__inv_2)
     1    0.00                           _096_ (net)
                  0.02    0.00    1.02 v _175_/B1 (sky130_fd_sc_hd__a32o_1)
                  0.02    0.07    1.09 v _175_/X (sky130_fd_sc_hd__a32o_1)
     1    0.00                           _005_ (net)
                  0.02    0.00    1.09 v hold18/A (sky130_fd_sc_hd__dlygate4sd3_1)
                  0.04    0.37    1.46 v hold18/X (sky130_fd_sc_hd__dlygate4sd3_1)
     1    0.00                           net38 (net)
                  0.04    0.00    1.46 v _233_/D (sky130_fd_sc_hd__dfrtp_1)
                                  1.46   data arrival time

                         20.00   20.00   clock clk (rise edge)
                          0.00   20.00   clock source latency
                  0.06    0.04   20.04 ^ clk (in)
     1    0.02                           clk (net)
                  0.06    0.00   20.04 ^ clkbuf_0_clk/A (sky130_fd_sc_hd__clkbuf_16)
                  0.05    0.10   20.14 ^ clkbuf_0_clk/X (sky130_fd_sc_hd__clkbuf_16)
     4    0.04                           clknet_0_clk (net)
                  0.05    0.00   20.14 ^ clkbuf_2_2__f_clk/A (sky130_fd_sc_hd__clkbuf_16)
                  0.03    0.09   20.22 ^ clkbuf_2_2__f_clk/X (sky130_fd_sc_hd__clkbuf_16)
     6    0.02                           clknet_2_2__leaf_clk (net)
                  0.03    0.00   20.23 ^ _233_/CLK (sky130_fd_sc_hd__dfrtp_1)
                         -0.25   19.98   clock uncertainty
                          0.01   19.99   clock reconvergence pessimism
                         -0.07   19.92   library setup time
                                 19.92   data required time
-----------------------------------------------------------------------------
                                 19.92   data required time
                                 -1.46   data arrival time
-----------------------------------------------------------------------------
                                 18.45   slack (MET)


Startpoint: _234_ (rising edge-triggered flip-flop clocked by clk)
Endpoint: _234_ (rising edge-triggered flip-flop clocked by clk)
Path Group: clk
Path Type: max
Corner: Fastest

Fanout     Cap    Slew   Delay    Time   Description
-----------------------------------------------------------------------------
                          0.00    0.00   clock clk (rise edge)
                          0.00    0.00   clock source latency
                  0.06    0.04    0.04 ^ clk (in)
     1    0.02                           clk (net)
                  0.06    0.00    0.04 ^ clkbuf_0_clk/A (sky130_fd_sc_hd__clkbuf_16)
                  0.05    0.11    0.15 ^ clkbuf_0_clk/X (sky130_fd_sc_hd__clkbuf_16)
     4    0.04                           clknet_0_clk (net)
                  0.05    0.00    0.15 ^ clkbuf_2_3__f_clk/A (sky130_fd_sc_hd__clkbuf_16)
                  0.04    0.10    0.25 ^ clkbuf_2_3__f_clk/X (sky130_fd_sc_hd__clkbuf_16)
     9    0.03                           clknet_2_3__leaf_clk (net)
                  0.04    0.00    0.25 ^ _234_/CLK (sky130_fd_sc_hd__dfrtp_4)
                  0.07    0.35    0.60 v _234_/Q (sky130_fd_sc_hd__dfrtp_4)
     9    0.03                           tx_inst.bit_count[0] (net)
                  0.07    0.00    0.60 v hold27/A (sky130_fd_sc_hd__dlygate4sd3_1)
                  0.04    0.40    1.00 v hold27/X (sky130_fd_sc_hd__dlygate4sd3_1)
     1    0.00                           net47 (net)
                  0.04    0.00    1.00 v _169_/A1 (sky130_fd_sc_hd__a21oi_1)
                  0.07    0.08    1.08 ^ _169_/Y (sky130_fd_sc_hd__a21oi_1)
     1    0.00                           _033_ (net)
                  0.07    0.00    1.08 ^ hold28/A (sky130_fd_sc_hd__dlygate4sd3_1)
                  0.04    0.40    1.48 ^ hold28/X (sky130_fd_sc_hd__dlygate4sd3_1)
     1    0.00                           net48 (net)
                  0.04    0.00    1.48 ^ _234_/D (sky130_fd_sc_hd__dfrtp_4)
                                  1.48   data arrival time

                         20.00   20.00   clock clk (rise edge)
                          0.00   20.00   clock source latency
                  0.06    0.04   20.04 ^ clk (in)
     1    0.02                           clk (net)
                  0.06    0.00   20.04 ^ clkbuf_0_clk/A (sky130_fd_sc_hd__clkbuf_16)
                  0.05    0.10   20.14 ^ clkbuf_0_clk/X (sky130_fd_sc_hd__clkbuf_16)
     4    0.04                           clknet_0_clk (net)
                  0.05    0.00   20.14 ^ clkbuf_2_3__f_clk/A (sky130_fd_sc_hd__clkbuf_16)
                  0.04    0.09   20.23 ^ clkbuf_2_3__f_clk/X (sky130_fd_sc_hd__clkbuf_16)
     9    0.03                           clknet_2_3__leaf_clk (net)
                  0.04    0.00   20.23 ^ _234_/CLK (sky130_fd_sc_hd__dfrtp_4)
                         -0.25   19.98   clock uncertainty
                          0.02   20.00   clock reconvergence pessimism
                         -0.04   19.97   library setup time
                                 19.97   data required time
-----------------------------------------------------------------------------
                                 19.97   data required time
                                 -1.48   data arrival time
-----------------------------------------------------------------------------
                                 18.49   slack (MET)


Startpoint: _232_ (rising edge-triggered flip-flop clocked by clk)
Endpoint: _231_ (rising edge-triggered flip-flop clocked by clk)
Path Group: clk
Path Type: max
Corner: Fastest

Fanout     Cap    Slew   Delay    Time   Description
-----------------------------------------------------------------------------
                          0.00    0.00   clock clk (rise edge)
                          0.00    0.00   clock source latency
                  0.06    0.04    0.04 ^ clk (in)
     1    0.02                           clk (net)
                  0.06    0.00    0.04 ^ clkbuf_0_clk/A (sky130_fd_sc_hd__clkbuf_16)
                  0.05    0.11    0.15 ^ clkbuf_0_clk/X (sky130_fd_sc_hd__clkbuf_16)
     4    0.04                           clknet_0_clk (net)
                  0.05    0.00    0.15 ^ clkbuf_2_2__f_clk/A (sky130_fd_sc_hd__clkbuf_16)
                  0.03    0.09    0.25 ^ clkbuf_2_2__f_clk/X (sky130_fd_sc_hd__clkbuf_16)
     6    0.02                           clknet_2_2__leaf_clk (net)
                  0.03    0.00    0.25 ^ _232_/CLK (sky130_fd_sc_hd__dfrtp_1)
                  0.06    0.27    0.52 v _232_/Q (sky130_fd_sc_hd__dfrtp_1)
     4    0.01                           rx_inst.state[2] (net)
                  0.06    0.00    0.52 v hold3/A (sky130_fd_sc_hd__dlygate4sd3_1)
                  0.05    0.41    0.94 v hold3/X (sky130_fd_sc_hd__dlygate4sd3_1)
     1    0.01                           net23 (net)
                  0.05    0.00    0.94 v _172_/B1 (sky130_fd_sc_hd__a21o_1)
                  0.02    0.08    1.01 v _172_/X (sky130_fd_sc_hd__a21o_1)
     1    0.00                           _004_ (net)
                  0.02    0.00    1.01 v hold4/A (sky130_fd_sc_hd__dlygate4sd3_1)
                  0.04    0.37    1.39 v hold4/X (sky130_fd_sc_hd__dlygate4sd3_1)
     1    0.00                           net24 (net)
                  0.04    0.00    1.39 v _231_/D (sky130_fd_sc_hd__dfrtp_2)
                                  1.39   data arrival time

                         20.00   20.00   clock clk (rise edge)
                          0.00   20.00   clock source latency
                  0.06    0.04   20.04 ^ clk (in)
     1    0.02                           clk (net)
                  0.06    0.00   20.04 ^ clkbuf_0_clk/A (sky130_fd_sc_hd__clkbuf_16)
                  0.05    0.10   20.14 ^ clkbuf_0_clk/X (sky130_fd_sc_hd__clkbuf_16)
     4    0.04                           clknet_0_clk (net)
                  0.05    0.00   20.14 ^ clkbuf_2_0__f_clk/A (sky130_fd_sc_hd__clkbuf_16)
                  0.04    0.09   20.23 ^ clkbuf_2_0__f_clk/X (sky130_fd_sc_hd__clkbuf_16)
     9    0.03                           clknet_2_0__leaf_clk (net)
                  0.04    0.00   20.23 ^ _231_/CLK (sky130_fd_sc_hd__dfrtp_2)
                         -0.25   19.98   clock uncertainty
                          0.01   20.00   clock reconvergence pessimism
                         -0.07   19.92   library setup time
                                 19.92   data required time
-----------------------------------------------------------------------------
                                 19.92   data required time
                                 -1.39   data arrival time
-----------------------------------------------------------------------------
                                 18.53   slack (MET)


Startpoint: _233_ (rising edge-triggered flip-flop clocked by clk)
Endpoint: _250_ (rising edge-triggered flip-flop clocked by clk)
Path Group: clk
Path Type: max
Corner: Fastest

Fanout     Cap    Slew   Delay    Time   Description
-----------------------------------------------------------------------------
                          0.00    0.00   clock clk (rise edge)
                          0.00    0.00   clock source latency
                  0.06    0.04    0.04 ^ clk (in)
     1    0.02                           clk (net)
                  0.06    0.00    0.04 ^ clkbuf_0_clk/A (sky130_fd_sc_hd__clkbuf_16)
                  0.05    0.11    0.15 ^ clkbuf_0_clk/X (sky130_fd_sc_hd__clkbuf_16)
     4    0.04                           clknet_0_clk (net)
                  0.05    0.00    0.15 ^ clkbuf_2_2__f_clk/A (sky130_fd_sc_hd__clkbuf_16)
                  0.03    0.09    0.25 ^ clkbuf_2_2__f_clk/X (sky130_fd_sc_hd__clkbuf_16)
     6    0.02                           clknet_2_2__leaf_clk (net)
                  0.03    0.00    0.25 ^ _233_/CLK (sky130_fd_sc_hd__dfrtp_1)
                  0.06    0.27    0.52 v _233_/Q (sky130_fd_sc_hd__dfrtp_1)
     5    0.01                           rx_inst.state[3] (net)
                  0.06    0.00    0.52 v _119_/A (sky130_fd_sc_hd__or3_2)
                  0.08    0.34    0.86 v _119_/X (sky130_fd_sc_hd__or3_2)
     6    0.02                           _061_ (net)
                  0.08    0.00    0.87 v _136_/D (sky130_fd_sc_hd__or4_1)
                  0.07    0.27    1.13 v _136_/X (sky130_fd_sc_hd__or4_1)
     1    0.01                           _074_ (net)
                  0.07    0.00    1.13 v _137_/S (sky130_fd_sc_hd__mux2_1)
                  0.04    0.20    1.33 v _137_/X (sky130_fd_sc_hd__mux2_1)
     1    0.00                           _075_ (net)
                  0.04    0.00    1.33 v _138_/A (sky130_fd_sc_hd__clkbuf_1)
                  0.02    0.06    1.39 v _138_/X (sky130_fd_sc_hd__clkbuf_1)
     1    0.00                           _044_ (net)
                  0.02    0.00    1.40 v _250_/D (sky130_fd_sc_hd__dfrtp_1)
                                  1.40   data arrival time

                         20.00   20.00   clock clk (rise edge)
                          0.00   20.00   clock source latency
                  0.06    0.04   20.04 ^ clk (in)
     1    0.02                           clk (net)
                  0.06    0.00   20.04 ^ clkbuf_0_clk/A (sky130_fd_sc_hd__clkbuf_16)
                  0.05    0.10   20.14 ^ clkbuf_0_clk/X (sky130_fd_sc_hd__clkbuf_16)
     4    0.04                           clknet_0_clk (net)
                  0.05    0.00   20.14 ^ clkbuf_2_0__f_clk/A (sky130_fd_sc_hd__clkbuf_16)
                  0.04    0.09   20.23 ^ clkbuf_2_0__f_clk/X (sky130_fd_sc_hd__clkbuf_16)
     9    0.03                           clknet_2_0__leaf_clk (net)
                  0.04    0.00   20.23 ^ _250_/CLK (sky130_fd_sc_hd__dfrtp_1)
                         -0.25   19.98   clock uncertainty
                          0.01   20.00   clock reconvergence pessimism
                         -0.07   19.93   library setup time
                                 19.93   data required time
-----------------------------------------------------------------------------
                                 19.93   data required time
                                 -1.40   data arrival time
-----------------------------------------------------------------------------
                                 18.53   slack (MET)


Startpoint: _233_ (rising edge-triggered flip-flop clocked by clk)
Endpoint: _248_ (rising edge-triggered flip-flop clocked by clk)
Path Group: clk
Path Type: max
Corner: Fastest

Fanout     Cap    Slew   Delay    Time   Description
-----------------------------------------------------------------------------
                          0.00    0.00   clock clk (rise edge)
                          0.00    0.00   clock source latency
                  0.06    0.04    0.04 ^ clk (in)
     1    0.02                           clk (net)
                  0.06    0.00    0.04 ^ clkbuf_0_clk/A (sky130_fd_sc_hd__clkbuf_16)
                  0.05    0.11    0.15 ^ clkbuf_0_clk/X (sky130_fd_sc_hd__clkbuf_16)
     4    0.04                           clknet_0_clk (net)
                  0.05    0.00    0.15 ^ clkbuf_2_2__f_clk/A (sky130_fd_sc_hd__clkbuf_16)
                  0.03    0.09    0.25 ^ clkbuf_2_2__f_clk/X (sky130_fd_sc_hd__clkbuf_16)
     6    0.02                           clknet_2_2__leaf_clk (net)
                  0.03    0.00    0.25 ^ _233_/CLK (sky130_fd_sc_hd__dfrtp_1)
                  0.06    0.27    0.52 v _233_/Q (sky130_fd_sc_hd__dfrtp_1)
     5    0.01                           rx_inst.state[3] (net)
                  0.06    0.00    0.52 v _119_/A (sky130_fd_sc_hd__or3_2)
                  0.08    0.34    0.86 v _119_/X (sky130_fd_sc_hd__or3_2)
     6    0.02                           _061_ (net)
                  0.08    0.00    0.87 v _142_/D (sky130_fd_sc_hd__or4_1)
                  0.06    0.25    1.12 v _142_/X (sky130_fd_sc_hd__or4_1)
     1    0.00                           _078_ (net)
                  0.06    0.00    1.12 v _143_/S (sky130_fd_sc_hd__mux2_1)
                  0.04    0.20    1.32 v _143_/X (sky130_fd_sc_hd__mux2_1)
     1    0.00                           _079_ (net)
                  0.04    0.00    1.32 v _144_/A (sky130_fd_sc_hd__clkbuf_1)
                  0.02    0.06    1.38 v _144_/X (sky130_fd_sc_hd__clkbuf_1)
     1    0.00                           _042_ (net)
                  0.02    0.00    1.38 v _248_/D (sky130_fd_sc_hd__dfrtp_1)
                                  1.38   data arrival time

                         20.00   20.00   clock clk (rise edge)
                          0.00   20.00   clock source latency
                  0.06    0.04   20.04 ^ clk (in)
     1    0.02                           clk (net)
                  0.06    0.00   20.04 ^ clkbuf_0_clk/A (sky130_fd_sc_hd__clkbuf_16)
                  0.05    0.10   20.14 ^ clkbuf_0_clk/X (sky130_fd_sc_hd__clkbuf_16)
     4    0.04                           clknet_0_clk (net)
                  0.05    0.00   20.14 ^ clkbuf_2_1__f_clk/A (sky130_fd_sc_hd__clkbuf_16)
                  0.04    0.09   20.23 ^ clkbuf_2_1__f_clk/X (sky130_fd_sc_hd__clkbuf_16)
     9    0.03                           clknet_2_1__leaf_clk (net)
                  0.04    0.00   20.23 ^ _248_/CLK (sky130_fd_sc_hd__dfrtp_1)
                         -0.25   19.98   clock uncertainty
                          0.01   19.99   clock reconvergence pessimism
                         -0.07   19.93   library setup time
                                 19.93   data required time
-----------------------------------------------------------------------------
                                 19.93   data required time
                                 -1.38   data arrival time
-----------------------------------------------------------------------------
                                 18.55   slack (MET)


Startpoint: _233_ (rising edge-triggered flip-flop clocked by clk)
Endpoint: _249_ (rising edge-triggered flip-flop clocked by clk)
Path Group: clk
Path Type: max
Corner: Fastest

Fanout     Cap    Slew   Delay    Time   Description
-----------------------------------------------------------------------------
                          0.00    0.00   clock clk (rise edge)
                          0.00    0.00   clock source latency
                  0.06    0.04    0.04 ^ clk (in)
     1    0.02                           clk (net)
                  0.06    0.00    0.04 ^ clkbuf_0_clk/A (sky130_fd_sc_hd__clkbuf_16)
                  0.05    0.11    0.15 ^ clkbuf_0_clk/X (sky130_fd_sc_hd__clkbuf_16)
     4    0.04                           clknet_0_clk (net)
                  0.05    0.00    0.15 ^ clkbuf_2_2__f_clk/A (sky130_fd_sc_hd__clkbuf_16)
                  0.03    0.09    0.25 ^ clkbuf_2_2__f_clk/X (sky130_fd_sc_hd__clkbuf_16)
     6    0.02                           clknet_2_2__leaf_clk (net)
                  0.03    0.00    0.25 ^ _233_/CLK (sky130_fd_sc_hd__dfrtp_1)
                  0.06    0.27    0.52 v _233_/Q (sky130_fd_sc_hd__dfrtp_1)
     5    0.01                           rx_inst.state[3] (net)
                  0.06    0.00    0.52 v _119_/A (sky130_fd_sc_hd__or3_2)
                  0.08    0.34    0.86 v _119_/X (sky130_fd_sc_hd__or3_2)
     6    0.02                           _061_ (net)
                  0.08    0.00    0.87 v _139_/D (sky130_fd_sc_hd__or4_1)
                  0.06    0.26    1.12 v _139_/X (sky130_fd_sc_hd__or4_1)
     1    0.00                           _076_ (net)
                  0.06    0.00    1.12 v _140_/S (sky130_fd_sc_hd__mux2_1)
                  0.04    0.19    1.32 v _140_/X (sky130_fd_sc_hd__mux2_1)
     1    0.00                           _077_ (net)
                  0.04    0.00    1.32 v _141_/A (sky130_fd_sc_hd__clkbuf_1)
                  0.02    0.06    1.38 v _141_/X (sky130_fd_sc_hd__clkbuf_1)
     1    0.00                           _043_ (net)
                  0.02    0.00    1.38 v _249_/D (sky130_fd_sc_hd__dfrtp_1)
                                  1.38   data arrival time

                         20.00   20.00   clock clk (rise edge)
                          0.00   20.00   clock source latency
                  0.06    0.04   20.04 ^ clk (in)
     1    0.02                           clk (net)
                  0.06    0.00   20.04 ^ clkbuf_0_clk/A (sky130_fd_sc_hd__clkbuf_16)
                  0.05    0.10   20.14 ^ clkbuf_0_clk/X (sky130_fd_sc_hd__clkbuf_16)
     4    0.04                           clknet_0_clk (net)
                  0.05    0.00   20.14 ^ clkbuf_2_0__f_clk/A (sky130_fd_sc_hd__clkbuf_16)
                  0.04    0.09   20.23 ^ clkbuf_2_0__f_clk/X (sky130_fd_sc_hd__clkbuf_16)
     9    0.03                           clknet_2_0__leaf_clk (net)
                  0.04    0.00   20.23 ^ _249_/CLK (sky130_fd_sc_hd__dfrtp_1)
                         -0.25   19.98   clock uncertainty
                          0.01   20.00   clock reconvergence pessimism
                         -0.07   19.93   library setup time
                                 19.93   data required time
-----------------------------------------------------------------------------
                                 19.93   data required time
                                 -1.38   data arrival time
-----------------------------------------------------------------------------
                                 18.55   slack (MET)


Startpoint: _236_ (rising edge-triggered flip-flop clocked by clk)
Endpoint: _236_ (rising edge-triggered flip-flop clocked by clk)
Path Group: clk
Path Type: max
Corner: Fastest

Fanout     Cap    Slew   Delay    Time   Description
-----------------------------------------------------------------------------
                          0.00    0.00   clock clk (rise edge)
                          0.00    0.00   clock source latency
                  0.06    0.04    0.04 ^ clk (in)
     1    0.02                           clk (net)
                  0.06    0.00    0.04 ^ clkbuf_0_clk/A (sky130_fd_sc_hd__clkbuf_16)
                  0.05    0.11    0.15 ^ clkbuf_0_clk/X (sky130_fd_sc_hd__clkbuf_16)
     4    0.04                           clknet_0_clk (net)
                  0.05    0.00    0.15 ^ clkbuf_2_3__f_clk/A (sky130_fd_sc_hd__clkbuf_16)
                  0.04    0.10    0.25 ^ clkbuf_2_3__f_clk/X (sky130_fd_sc_hd__clkbuf_16)
     9    0.03                           clknet_2_3__leaf_clk (net)
                  0.04    0.00    0.25 ^ _236_/CLK (sky130_fd_sc_hd__dfrtp_1)
                  0.06    0.27    0.53 v _236_/Q (sky130_fd_sc_hd__dfrtp_1)
     5    0.01                           tx_inst.bit_count[2] (net)
                  0.06    0.00    0.53 v hold14/A (sky130_fd_sc_hd__dlygate4sd3_1)
                  0.04    0.39    0.91 v hold14/X (sky130_fd_sc_hd__dlygate4sd3_1)
     1    0.00                           net34 (net)
                  0.04    0.00    0.91 v _162_/B2 (sky130_fd_sc_hd__a32o_1)
                  0.03    0.09    1.00 v _162_/X (sky130_fd_sc_hd__a32o_1)
     1    0.00                           _035_ (net)
                  0.03    0.00    1.00 v hold15/A (sky130_fd_sc_hd__dlygate4sd3_1)
                  0.04    0.37    1.37 v hold15/X (sky130_fd_sc_hd__dlygate4sd3_1)
     1    0.00                           net35 (net)
                  0.04    0.00    1.37 v _236_/D (sky130_fd_sc_hd__dfrtp_1)
                                  1.37   data arrival time

                         20.00   20.00   clock clk (rise edge)
                          0.00   20.00   clock source latency
                  0.06    0.04   20.04 ^ clk (in)
     1    0.02                           clk (net)
                  0.06    0.00   20.04 ^ clkbuf_0_clk/A (sky130_fd_sc_hd__clkbuf_16)
                  0.05    0.10   20.14 ^ clkbuf_0_clk/X (sky130_fd_sc_hd__clkbuf_16)
     4    0.04                           clknet_0_clk (net)
                  0.05    0.00   20.14 ^ clkbuf_2_3__f_clk/A (sky130_fd_sc_hd__clkbuf_16)
                  0.04    0.09   20.23 ^ clkbuf_2_3__f_clk/X (sky130_fd_sc_hd__clkbuf_16)
     9    0.03                           clknet_2_3__leaf_clk (net)
                  0.04    0.00   20.23 ^ _236_/CLK (sky130_fd_sc_hd__dfrtp_1)
                         -0.25   19.98   clock uncertainty
                          0.02   20.00   clock reconvergence pessimism
                         -0.07   19.93   library setup time
                                 19.93   data required time
-----------------------------------------------------------------------------
                                 19.93   data required time
                                 -1.37   data arrival time
-----------------------------------------------------------------------------
                                 18.56   slack (MET)


Startpoint: _233_ (rising edge-triggered flip-flop clocked by clk)
Endpoint: _253_ (rising edge-triggered flip-flop clocked by clk)
Path Group: clk
Path Type: max
Corner: Fastest

Fanout     Cap    Slew   Delay    Time   Description
-----------------------------------------------------------------------------
                          0.00    0.00   clock clk (rise edge)
                          0.00    0.00   clock source latency
                  0.06    0.04    0.04 ^ clk (in)
     1    0.02                           clk (net)
                  0.06    0.00    0.04 ^ clkbuf_0_clk/A (sky130_fd_sc_hd__clkbuf_16)
                  0.05    0.11    0.15 ^ clkbuf_0_clk/X (sky130_fd_sc_hd__clkbuf_16)
     4    0.04                           clknet_0_clk (net)
                  0.05    0.00    0.15 ^ clkbuf_2_2__f_clk/A (sky130_fd_sc_hd__clkbuf_16)
                  0.03    0.09    0.25 ^ clkbuf_2_2__f_clk/X (sky130_fd_sc_hd__clkbuf_16)
     6    0.02                           clknet_2_2__leaf_clk (net)
                  0.03    0.00    0.25 ^ _233_/CLK (sky130_fd_sc_hd__dfrtp_1)
                  0.06    0.27    0.52 v _233_/Q (sky130_fd_sc_hd__dfrtp_1)
     5    0.01                           rx_inst.state[3] (net)
                  0.06    0.00    0.52 v _126_/A (sky130_fd_sc_hd__or4b_1)
                  0.08    0.36    0.88 v _126_/X (sky130_fd_sc_hd__or4b_1)
     3    0.01                           _067_ (net)
                  0.08    0.00    0.88 v _127_/C (sky130_fd_sc_hd__or3_1)
                  0.07    0.23    1.11 v _127_/X (sky130_fd_sc_hd__or3_1)
     1    0.01                           _068_ (net)
                  0.07    0.00    1.11 v _128_/S (sky130_fd_sc_hd__mux2_1)
                  0.04    0.20    1.30 v _128_/X (sky130_fd_sc_hd__mux2_1)
     1    0.00                           _069_ (net)
                  0.04    0.00    1.30 v _129_/A (sky130_fd_sc_hd__clkbuf_1)
                  0.02    0.06    1.37 v _129_/X (sky130_fd_sc_hd__clkbuf_1)
     1    0.00                           _047_ (net)
                  0.02    0.00    1.37 v _253_/D (sky130_fd_sc_hd__dfrtp_1)
                                  1.37   data arrival time

                         20.00   20.00   clock clk (rise edge)
                          0.00   20.00   clock source latency
                  0.06    0.04   20.04 ^ clk (in)
     1    0.02                           clk (net)
                  0.06    0.00   20.04 ^ clkbuf_0_clk/A (sky130_fd_sc_hd__clkbuf_16)
                  0.05    0.10   20.14 ^ clkbuf_0_clk/X (sky130_fd_sc_hd__clkbuf_16)
     4    0.04                           clknet_0_clk (net)
                  0.05    0.00   20.14 ^ clkbuf_2_3__f_clk/A (sky130_fd_sc_hd__clkbuf_16)
                  0.04    0.09   20.23 ^ clkbuf_2_3__f_clk/X (sky130_fd_sc_hd__clkbuf_16)
     9    0.03                           clknet_2_3__leaf_clk (net)
                  0.04    0.00   20.23 ^ _253_/CLK (sky130_fd_sc_hd__dfrtp_1)
                         -0.25   19.98   clock uncertainty
                          0.01   19.99   clock reconvergence pessimism
                         -0.07   19.93   library setup time
                                 19.93   data required time
-----------------------------------------------------------------------------
                                 19.93   data required time
                                 -1.37   data arrival time
-----------------------------------------------------------------------------
                                 18.56   slack (MET)


Startpoint: _233_ (rising edge-triggered flip-flop clocked by clk)
Endpoint: _251_ (rising edge-triggered flip-flop clocked by clk)
Path Group: clk
Path Type: max
Corner: Fastest

Fanout     Cap    Slew   Delay    Time   Description
-----------------------------------------------------------------------------
                          0.00    0.00   clock clk (rise edge)
                          0.00    0.00   clock source latency
                  0.06    0.04    0.04 ^ clk (in)
     1    0.02                           clk (net)
                  0.06    0.00    0.04 ^ clkbuf_0_clk/A (sky130_fd_sc_hd__clkbuf_16)
                  0.05    0.11    0.15 ^ clkbuf_0_clk/X (sky130_fd_sc_hd__clkbuf_16)
     4    0.04                           clknet_0_clk (net)
                  0.05    0.00    0.15 ^ clkbuf_2_2__f_clk/A (sky130_fd_sc_hd__clkbuf_16)
                  0.03    0.09    0.25 ^ clkbuf_2_2__f_clk/X (sky130_fd_sc_hd__clkbuf_16)
     6    0.02                           clknet_2_2__leaf_clk (net)
                  0.03    0.00    0.25 ^ _233_/CLK (sky130_fd_sc_hd__dfrtp_1)
                  0.06    0.27    0.52 v _233_/Q (sky130_fd_sc_hd__dfrtp_1)
     5    0.01                           rx_inst.state[3] (net)
                  0.06    0.00    0.52 v _126_/A (sky130_fd_sc_hd__or4b_1)
                  0.08    0.36    0.88 v _126_/X (sky130_fd_sc_hd__or4b_1)
     3    0.01                           _067_ (net)
                  0.08    0.00    0.88 v _133_/C (sky130_fd_sc_hd__or3_1)
                  0.06    0.22    1.10 v _133_/X (sky130_fd_sc_hd__or3_1)
     1    0.01                           _072_ (net)
                  0.06    0.00    1.10 v _134_/S (sky130_fd_sc_hd__mux2_1)
                  0.04    0.20    1.30 v _134_/X (sky130_fd_sc_hd__mux2_1)
     1    0.00                           _073_ (net)
                  0.04    0.00    1.30 v _135_/A (sky130_fd_sc_hd__clkbuf_1)
                  0.02    0.06    1.36 v _135_/X (sky130_fd_sc_hd__clkbuf_1)
     1    0.00                           _045_ (net)
                  0.02    0.00    1.36 v _251_/D (sky130_fd_sc_hd__dfrtp_1)
                                  1.36   data arrival time

                         20.00   20.00   clock clk (rise edge)
                          0.00   20.00   clock source latency
                  0.06    0.04   20.04 ^ clk (in)
     1    0.02                           clk (net)
                  0.06    0.00   20.04 ^ clkbuf_0_clk/A (sky130_fd_sc_hd__clkbuf_16)
                  0.05    0.10   20.14 ^ clkbuf_0_clk/X (sky130_fd_sc_hd__clkbuf_16)
     4    0.04                           clknet_0_clk (net)
                  0.05    0.00   20.14 ^ clkbuf_2_2__f_clk/A (sky130_fd_sc_hd__clkbuf_16)
                  0.03    0.09   20.22 ^ clkbuf_2_2__f_clk/X (sky130_fd_sc_hd__clkbuf_16)
     6    0.02                           clknet_2_2__leaf_clk (net)
                  0.03    0.00   20.23 ^ _251_/CLK (sky130_fd_sc_hd__dfrtp_1)
                         -0.25   19.98   clock uncertainty
                          0.02   20.00   clock reconvergence pessimism
                         -0.07   19.93   library setup time
                                 19.93   data required time
-----------------------------------------------------------------------------
                                 19.93   data required time
                                 -1.36   data arrival time
-----------------------------------------------------------------------------
                                 18.57   slack (MET)


Startpoint: _244_ (rising edge-triggered flip-flop clocked by clk)
Endpoint: _243_ (rising edge-triggered flip-flop clocked by clk)
Path Group: clk
Path Type: max
Corner: Fastest

Fanout     Cap    Slew   Delay    Time   Description
-----------------------------------------------------------------------------
                          0.00    0.00   clock clk (rise edge)
                          0.00    0.00   clock source latency
                  0.06    0.04    0.04 ^ clk (in)
     1    0.02                           clk (net)
                  0.06    0.00    0.04 ^ clkbuf_0_clk/A (sky130_fd_sc_hd__clkbuf_16)
                  0.05    0.11    0.15 ^ clkbuf_0_clk/X (sky130_fd_sc_hd__clkbuf_16)
     4    0.04                           clknet_0_clk (net)
                  0.05    0.00    0.15 ^ clkbuf_2_3__f_clk/A (sky130_fd_sc_hd__clkbuf_16)
                  0.04    0.10    0.25 ^ clkbuf_2_3__f_clk/X (sky130_fd_sc_hd__clkbuf_16)
     9    0.03                           clknet_2_3__leaf_clk (net)
                  0.04    0.00    0.25 ^ _244_/CLK (sky130_fd_sc_hd__dfrtp_1)
                  0.03    0.24    0.50 v _244_/Q (sky130_fd_sc_hd__dfrtp_1)
     2    0.00                           tx_inst.state[2] (net)
                  0.03    0.00    0.50 v hold1/A (sky130_fd_sc_hd__dlygate4sd3_1)
                  0.04    0.38    0.88 v hold1/X (sky130_fd_sc_hd__dlygate4sd3_1)
     1    0.00                           net21 (net)
                  0.04    0.00    0.88 v _173_/B1 (sky130_fd_sc_hd__a21o_1)
                  0.02    0.07    0.95 v _173_/X (sky130_fd_sc_hd__a21o_1)
     1    0.00                           _007_ (net)
                  0.02    0.00    0.95 v hold2/A (sky130_fd_sc_hd__dlygate4sd3_1)
                  0.04    0.37    1.33 v hold2/X (sky130_fd_sc_hd__dlygate4sd3_1)
     1    0.00                           net22 (net)
                  0.04    0.00    1.33 v _243_/D (sky130_fd_sc_hd__dfrtp_4)
                                  1.33   data arrival time

                         20.00   20.00   clock clk (rise edge)
                          0.00   20.00   clock source latency
                  0.06    0.04   20.04 ^ clk (in)
     1    0.02                           clk (net)
                  0.06    0.00   20.04 ^ clkbuf_0_clk/A (sky130_fd_sc_hd__clkbuf_16)
                  0.05    0.10   20.14 ^ clkbuf_0_clk/X (sky130_fd_sc_hd__clkbuf_16)
     4    0.04                           clknet_0_clk (net)
                  0.05    0.00   20.14 ^ clkbuf_2_3__f_clk/A (sky130_fd_sc_hd__clkbuf_16)
                  0.04    0.09   20.23 ^ clkbuf_2_3__f_clk/X (sky130_fd_sc_hd__clkbuf_16)
     9    0.03                           clknet_2_3__leaf_clk (net)
                  0.04    0.00   20.23 ^ _243_/CLK (sky130_fd_sc_hd__dfrtp_4)
                         -0.25   19.98   clock uncertainty
                          0.02   20.00   clock reconvergence pessimism
                         -0.07   19.93   library setup time
                                 19.93   data required time
-----------------------------------------------------------------------------
                                 19.93   data required time
                                 -1.33   data arrival time
-----------------------------------------------------------------------------
                                 18.61   slack (MET)


Startpoint: _233_ (rising edge-triggered flip-flop clocked by clk)
Endpoint: _247_ (rising edge-triggered flip-flop clocked by clk)
Path Group: clk
Path Type: max
Corner: Fastest

Fanout     Cap    Slew   Delay    Time   Description
-----------------------------------------------------------------------------
                          0.00    0.00   clock clk (rise edge)
                          0.00    0.00   clock source latency
                  0.06    0.04    0.04 ^ clk (in)
     1    0.02                           clk (net)
                  0.06    0.00    0.04 ^ clkbuf_0_clk/A (sky130_fd_sc_hd__clkbuf_16)
                  0.05    0.11    0.15 ^ clkbuf_0_clk/X (sky130_fd_sc_hd__clkbuf_16)
     4    0.04                           clknet_0_clk (net)
                  0.05    0.00    0.15 ^ clkbuf_2_2__f_clk/A (sky130_fd_sc_hd__clkbuf_16)
                  0.03    0.09    0.25 ^ clkbuf_2_2__f_clk/X (sky130_fd_sc_hd__clkbuf_16)
     6    0.02                           clknet_2_2__leaf_clk (net)
                  0.03    0.00    0.25 ^ _233_/CLK (sky130_fd_sc_hd__dfrtp_1)
                  0.06    0.27    0.52 v _233_/Q (sky130_fd_sc_hd__dfrtp_1)
     5    0.01                           rx_inst.state[3] (net)
                  0.06    0.00    0.52 v _119_/A (sky130_fd_sc_hd__or3_2)
                  0.08    0.34    0.86 v _119_/X (sky130_fd_sc_hd__or3_2)
     6    0.02                           _061_ (net)
                  0.08    0.00    0.87 v _145_/A (sky130_fd_sc_hd__nor2_1)
                  0.10    0.13    0.99 ^ _145_/Y (sky130_fd_sc_hd__nor2_1)
     1    0.01                           _080_ (net)
                  0.10    0.00    0.99 ^ _146_/S (sky130_fd_sc_hd__mux2_1)
                  0.04    0.20    1.19 v _146_/X (sky130_fd_sc_hd__mux2_1)
     1    0.00                           _081_ (net)
                  0.04    0.00    1.19 v _147_/A (sky130_fd_sc_hd__clkbuf_1)
                  0.02    0.06    1.25 v _147_/X (sky130_fd_sc_hd__clkbuf_1)
     1    0.00                           _041_ (net)
                  0.02    0.00    1.25 v _247_/D (sky130_fd_sc_hd__dfrtp_1)
                                  1.25   data arrival time

                         20.00   20.00   clock clk (rise edge)
                          0.00   20.00   clock source latency
                  0.06    0.04   20.04 ^ clk (in)
     1    0.02                           clk (net)
                  0.06    0.00   20.04 ^ clkbuf_0_clk/A (sky130_fd_sc_hd__clkbuf_16)
                  0.05    0.10   20.14 ^ clkbuf_0_clk/X (sky130_fd_sc_hd__clkbuf_16)
     4    0.04                           clknet_0_clk (net)
                  0.05    0.00   20.14 ^ clkbuf_2_2__f_clk/A (sky130_fd_sc_hd__clkbuf_16)
                  0.03    0.09   20.22 ^ clkbuf_2_2__f_clk/X (sky130_fd_sc_hd__clkbuf_16)
     6    0.02                           clknet_2_2__leaf_clk (net)
                  0.03    0.00   20.23 ^ _247_/CLK (sky130_fd_sc_hd__dfrtp_1)
                         -0.25   19.98   clock uncertainty
                          0.02   20.00   clock reconvergence pessimism
                         -0.07   19.93   library setup time
                                 19.93   data required time
-----------------------------------------------------------------------------
                                 19.93   data required time
                                 -1.25   data arrival time
-----------------------------------------------------------------------------
                                 18.68   slack (MET)


Startpoint: _234_ (rising edge-triggered flip-flop clocked by clk)
Endpoint: _237_ (rising edge-triggered flip-flop clocked by clk)
Path Group: clk
Path Type: max
Corner: Fastest

Fanout     Cap    Slew   Delay    Time   Description
-----------------------------------------------------------------------------
                          0.00    0.00   clock clk (rise edge)
                          0.00    0.00   clock source latency
                  0.06    0.04    0.04 ^ clk (in)
     1    0.02                           clk (net)
                  0.06    0.00    0.04 ^ clkbuf_0_clk/A (sky130_fd_sc_hd__clkbuf_16)
                  0.05    0.11    0.15 ^ clkbuf_0_clk/X (sky130_fd_sc_hd__clkbuf_16)
     4    0.04                           clknet_0_clk (net)
                  0.05    0.00    0.15 ^ clkbuf_2_3__f_clk/A (sky130_fd_sc_hd__clkbuf_16)
                  0.04    0.10    0.25 ^ clkbuf_2_3__f_clk/X (sky130_fd_sc_hd__clkbuf_16)
     9    0.03                           clknet_2_3__leaf_clk (net)
                  0.04    0.00    0.25 ^ _234_/CLK (sky130_fd_sc_hd__dfrtp_4)
                  0.09    0.31    0.57 ^ _234_/Q (sky130_fd_sc_hd__dfrtp_4)
     9    0.04                           tx_inst.bit_count[0] (net)
                  0.09    0.01    0.57 ^ _179_/S0 (sky130_fd_sc_hd__mux4_1)
                  0.07    0.30    0.88 v _179_/X (sky130_fd_sc_hd__mux4_1)
     1    0.01                           _099_ (net)
                  0.07    0.00    0.88 v _180_/A (sky130_fd_sc_hd__or2b_1)
                  0.03    0.15    1.03 v _180_/X (sky130_fd_sc_hd__or2b_1)
     1    0.00                           _100_ (net)
                  0.03    0.00    1.03 v _181_/A3 (sky130_fd_sc_hd__a311o_1)
                  0.04    0.22    1.25 v _181_/X (sky130_fd_sc_hd__a311o_1)
     1    0.00                           _114_ (net)
                  0.04    0.00    1.26 v _237_/D (sky130_fd_sc_hd__dfstp_1)
                                  1.26   data arrival time

                         20.00   20.00   clock clk (rise edge)
                          0.00   20.00   clock source latency
                  0.06    0.04   20.04 ^ clk (in)
     1    0.02                           clk (net)
                  0.06    0.00   20.04 ^ clkbuf_0_clk/A (sky130_fd_sc_hd__clkbuf_16)
                  0.05    0.10   20.14 ^ clkbuf_0_clk/X (sky130_fd_sc_hd__clkbuf_16)
     4    0.04                           clknet_0_clk (net)
                  0.05    0.00   20.14 ^ clkbuf_2_3__f_clk/A (sky130_fd_sc_hd__clkbuf_16)
                  0.04    0.09   20.23 ^ clkbuf_2_3__f_clk/X (sky130_fd_sc_hd__clkbuf_16)
     9    0.03                           clknet_2_3__leaf_clk (net)
                  0.04    0.00   20.23 ^ _237_/CLK (sky130_fd_sc_hd__dfstp_1)
                         -0.25   19.98   clock uncertainty
                          0.02   20.00   clock reconvergence pessimism
                         -0.05   19.96   library setup time
                                 19.96   data required time
-----------------------------------------------------------------------------
                                 19.96   data required time
                                 -1.26   data arrival time
-----------------------------------------------------------------------------
                                 18.70   slack (MET)


Startpoint: _239_ (rising edge-triggered flip-flop clocked by clk)
Endpoint: _239_ (rising edge-triggered flip-flop clocked by clk)
Path Group: clk
Path Type: max
Corner: Fastest

Fanout     Cap    Slew   Delay    Time   Description
-----------------------------------------------------------------------------
                          0.00    0.00   clock clk (rise edge)
                          0.00    0.00   clock source latency
                  0.06    0.04    0.04 ^ clk (in)
     1    0.02                           clk (net)
                  0.06    0.00    0.04 ^ clkbuf_0_clk/A (sky130_fd_sc_hd__clkbuf_16)
                  0.05    0.11    0.15 ^ clkbuf_0_clk/X (sky130_fd_sc_hd__clkbuf_16)
     4    0.04                           clknet_0_clk (net)
                  0.05    0.00    0.15 ^ clkbuf_2_0__f_clk/A (sky130_fd_sc_hd__clkbuf_16)
                  0.04    0.10    0.25 ^ clkbuf_2_0__f_clk/X (sky130_fd_sc_hd__clkbuf_16)
     9    0.03                           clknet_2_0__leaf_clk (net)
                  0.04    0.00    0.26 ^ _239_/CLK (sky130_fd_sc_hd__dfrtp_1)
                  0.04    0.25    0.51 v _239_/Q (sky130_fd_sc_hd__dfrtp_1)
     2    0.01                           rx_inst.bit_count[0] (net)
                  0.04    0.00    0.51 v _115_/A (sky130_fd_sc_hd__buf_2)
                  0.06    0.12    0.63 v _115_/X (sky130_fd_sc_hd__buf_2)
    10    0.03                           _057_ (net)
                  0.06    0.00    0.63 v _121_/B (sky130_fd_sc_hd__and2_1)
                  0.06    0.15    0.78 v _121_/X (sky130_fd_sc_hd__and2_1)
     4    0.02                           _063_ (net)
                  0.06    0.00    0.78 v _122_/B (sky130_fd_sc_hd__nand2_1)
                  0.09    0.10    0.88 ^ _122_/Y (sky130_fd_sc_hd__nand2_1)
     3    0.01                           _064_ (net)
                  0.09    0.00    0.88 ^ _155_/A2 (sky130_fd_sc_hd__a21boi_1)
                  0.05    0.06    0.94 v _155_/Y (sky130_fd_sc_hd__a21boi_1)
     2    0.01                           _086_ (net)
                  0.05    0.00    0.94 v _157_/A1 (sky130_fd_sc_hd__mux2_1)
                  0.04    0.16    1.10 v _157_/X (sky130_fd_sc_hd__mux2_1)
     1    0.00                           _087_ (net)
                  0.04    0.00    1.10 v _158_/A (sky130_fd_sc_hd__clkbuf_1)
                  0.02    0.06    1.17 v _158_/X (sky130_fd_sc_hd__clkbuf_1)
     1    0.00                           _037_ (net)
                  0.02    0.00    1.17 v _239_/D (sky130_fd_sc_hd__dfrtp_1)
                                  1.17   data arrival time

                         20.00   20.00   clock clk (rise edge)
                          0.00   20.00   clock source latency
                  0.06    0.04   20.04 ^ clk (in)
     1    0.02                           clk (net)
                  0.06    0.00   20.04 ^ clkbuf_0_clk/A (sky130_fd_sc_hd__clkbuf_16)
                  0.05    0.10   20.14 ^ clkbuf_0_clk/X (sky130_fd_sc_hd__clkbuf_16)
     4    0.04                           clknet_0_clk (net)
                  0.05    0.00   20.14 ^ clkbuf_2_0__f_clk/A (sky130_fd_sc_hd__clkbuf_16)
                  0.04    0.09   20.23 ^ clkbuf_2_0__f_clk/X (sky130_fd_sc_hd__clkbuf_16)
     9    0.03                           clknet_2_0__leaf_clk (net)
                  0.04    0.00   20.23 ^ _239_/CLK (sky130_fd_sc_hd__dfrtp_1)
                         -0.25   19.98   clock uncertainty
                          0.02   20.01   clock reconvergence pessimism
                         -0.07   19.94   library setup time
                                 19.94   data required time
-----------------------------------------------------------------------------
                                 19.94   data required time
                                 -1.17   data arrival time
-----------------------------------------------------------------------------
                                 18.77   slack (MET)


Startpoint: _233_ (rising edge-triggered flip-flop clocked by clk)
Endpoint: _252_ (rising edge-triggered flip-flop clocked by clk)
Path Group: clk
Path Type: max
Corner: Fastest

Fanout     Cap    Slew   Delay    Time   Description
-----------------------------------------------------------------------------
                          0.00    0.00   clock clk (rise edge)
                          0.00    0.00   clock source latency
                  0.06    0.04    0.04 ^ clk (in)
     1    0.02                           clk (net)
                  0.06    0.00    0.04 ^ clkbuf_0_clk/A (sky130_fd_sc_hd__clkbuf_16)
                  0.05    0.11    0.15 ^ clkbuf_0_clk/X (sky130_fd_sc_hd__clkbuf_16)
     4    0.04                           clknet_0_clk (net)
                  0.05    0.00    0.15 ^ clkbuf_2_2__f_clk/A (sky130_fd_sc_hd__clkbuf_16)
                  0.03    0.09    0.25 ^ clkbuf_2_2__f_clk/X (sky130_fd_sc_hd__clkbuf_16)
     6    0.02                           clknet_2_2__leaf_clk (net)
                  0.03    0.00    0.25 ^ _233_/CLK (sky130_fd_sc_hd__dfrtp_1)
                  0.06    0.27    0.52 v _233_/Q (sky130_fd_sc_hd__dfrtp_1)
     5    0.01                           rx_inst.state[3] (net)
                  0.06    0.00    0.52 v _126_/A (sky130_fd_sc_hd__or4b_1)
                  0.08    0.36    0.88 v _126_/X (sky130_fd_sc_hd__or4b_1)
     3    0.01                           _067_ (net)
                  0.08    0.00    0.88 v _131_/A3 (sky130_fd_sc_hd__o31a_1)
                  0.03    0.17    1.05 v _131_/X (sky130_fd_sc_hd__o31a_1)
     1    0.00                           _071_ (net)
                  0.03    0.00    1.05 v _132_/B1 (sky130_fd_sc_hd__a41o_1)
                  0.03    0.07    1.12 v _132_/X (sky130_fd_sc_hd__a41o_1)
     1    0.00                           _046_ (net)
                  0.03    0.00    1.12 v _252_/D (sky130_fd_sc_hd__dfrtp_1)
                                  1.12   data arrival time

                         20.00   20.00   clock clk (rise edge)
                          0.00   20.00   clock source latency
                  0.06    0.04   20.04 ^ clk (in)
     1    0.02                           clk (net)
                  0.06    0.00   20.04 ^ clkbuf_0_clk/A (sky130_fd_sc_hd__clkbuf_16)
                  0.05    0.10   20.14 ^ clkbuf_0_clk/X (sky130_fd_sc_hd__clkbuf_16)
     4    0.04                           clknet_0_clk (net)
                  0.05    0.00   20.14 ^ clkbuf_2_0__f_clk/A (sky130_fd_sc_hd__clkbuf_16)
                  0.04    0.09   20.23 ^ clkbuf_2_0__f_clk/X (sky130_fd_sc_hd__clkbuf_16)
     9    0.03                           clknet_2_0__leaf_clk (net)
                  0.04    0.00   20.23 ^ _252_/CLK (sky130_fd_sc_hd__dfrtp_1)
                         -0.25   19.98   clock uncertainty
                          0.01   20.00   clock reconvergence pessimism
                         -0.07   19.93   library setup time
                                 19.93   data required time
-----------------------------------------------------------------------------
                                 19.93   data required time
                                 -1.12   data arrival time
-----------------------------------------------------------------------------
                                 18.81   slack (MET)


Startpoint: _241_ (rising edge-triggered flip-flop clocked by clk)
Endpoint: _241_ (rising edge-triggered flip-flop clocked by clk)
Path Group: clk
Path Type: max
Corner: Fastest

Fanout     Cap    Slew   Delay    Time   Description
-----------------------------------------------------------------------------
                          0.00    0.00   clock clk (rise edge)
                          0.00    0.00   clock source latency
                  0.06    0.04    0.04 ^ clk (in)
     1    0.02                           clk (net)
                  0.06    0.00    0.04 ^ clkbuf_0_clk/A (sky130_fd_sc_hd__clkbuf_16)
                  0.05    0.11    0.15 ^ clkbuf_0_clk/X (sky130_fd_sc_hd__clkbuf_16)
     4    0.04                           clknet_0_clk (net)
                  0.05    0.00    0.15 ^ clkbuf_2_0__f_clk/A (sky130_fd_sc_hd__clkbuf_16)
                  0.04    0.10    0.25 ^ clkbuf_2_0__f_clk/X (sky130_fd_sc_hd__clkbuf_16)
     9    0.03                           clknet_2_0__leaf_clk (net)
                  0.04    0.00    0.26 ^ _241_/CLK (sky130_fd_sc_hd__dfrtp_4)
                  0.07    0.34    0.60 v _241_/Q (sky130_fd_sc_hd__dfrtp_4)
     9    0.03                           rx_inst.bit_count[2] (net)
                  0.07    0.00    0.60 v hold29/A (sky130_fd_sc_hd__dlygate4sd3_1)
                  0.04    0.39    0.99 v hold29/X (sky130_fd_sc_hd__dlygate4sd3_1)
     1    0.00                           net49 (net)
                  0.04    0.00    0.99 v _152_/B2 (sky130_fd_sc_hd__a22o_1)
                  0.03    0.10    1.10 v _152_/X (sky130_fd_sc_hd__a22o_1)
     1    0.00                           _039_ (net)
                  0.03    0.00    1.10 v _241_/D (sky130_fd_sc_hd__dfrtp_4)
                                  1.10   data arrival time

                         20.00   20.00   clock clk (rise edge)
                          0.00   20.00   clock source latency
                  0.06    0.04   20.04 ^ clk (in)
     1    0.02                           clk (net)
                  0.06    0.00   20.04 ^ clkbuf_0_clk/A (sky130_fd_sc_hd__clkbuf_16)
                  0.05    0.10   20.14 ^ clkbuf_0_clk/X (sky130_fd_sc_hd__clkbuf_16)
     4    0.04                           clknet_0_clk (net)
                  0.05    0.00   20.14 ^ clkbuf_2_0__f_clk/A (sky130_fd_sc_hd__clkbuf_16)
                  0.04    0.09   20.23 ^ clkbuf_2_0__f_clk/X (sky130_fd_sc_hd__clkbuf_16)
     9    0.03                           clknet_2_0__leaf_clk (net)
                  0.04    0.00   20.23 ^ _241_/CLK (sky130_fd_sc_hd__dfrtp_4)
                         -0.25   19.98   clock uncertainty
                          0.02   20.01   clock reconvergence pessimism
                         -0.07   19.93   library setup time
                                 19.93   data required time
-----------------------------------------------------------------------------
                                 19.93   data required time
                                 -1.10   data arrival time
-----------------------------------------------------------------------------
                                 18.84   slack (MET)


Startpoint: _241_ (rising edge-triggered flip-flop clocked by clk)
Endpoint: _254_ (rising edge-triggered flip-flop clocked by clk)
Path Group: clk
Path Type: max
Corner: Fastest

Fanout     Cap    Slew   Delay    Time   Description
-----------------------------------------------------------------------------
                          0.00    0.00   clock clk (rise edge)
                          0.00    0.00   clock source latency
                  0.06    0.04    0.04 ^ clk (in)
     1    0.02                           clk (net)
                  0.06    0.00    0.04 ^ clkbuf_0_clk/A (sky130_fd_sc_hd__clkbuf_16)
                  0.05    0.11    0.15 ^ clkbuf_0_clk/X (sky130_fd_sc_hd__clkbuf_16)
     4    0.04                           clknet_0_clk (net)
                  0.05    0.00    0.15 ^ clkbuf_2_0__f_clk/A (sky130_fd_sc_hd__clkbuf_16)
                  0.04    0.10    0.25 ^ clkbuf_2_0__f_clk/X (sky130_fd_sc_hd__clkbuf_16)
     9    0.03                           clknet_2_0__leaf_clk (net)
                  0.04    0.00    0.26 ^ _241_/CLK (sky130_fd_sc_hd__dfrtp_4)
                  0.07    0.34    0.60 v _241_/Q (sky130_fd_sc_hd__dfrtp_4)
     9    0.03                           rx_inst.bit_count[2] (net)
                  0.07    0.00    0.60 v _118_/A (sky130_fd_sc_hd__or3_1)
                  0.06    0.25    0.85 v _118_/X (sky130_fd_sc_hd__or3_1)
     2    0.01                           _060_ (net)
                  0.06    0.00    0.85 v _120_/A2 (sky130_fd_sc_hd__a21oi_1)
                  0.14    0.16    1.01 ^ _120_/Y (sky130_fd_sc_hd__a21oi_1)
     2    0.01                           _062_ (net)
                  0.14    0.00    1.01 ^ _124_/A4 (sky130_fd_sc_hd__a41o_1)
                  0.03    0.11    1.12 ^ _124_/X (sky130_fd_sc_hd__a41o_1)
     1    0.00                           _048_ (net)
                  0.03    0.00    1.12 ^ _254_/D (sky130_fd_sc_hd__dfrtp_1)
                                  1.12   data arrival time

                         20.00   20.00   clock clk (rise edge)
                          0.00   20.00   clock source latency
                  0.06    0.04   20.04 ^ clk (in)
     1    0.02                           clk (net)
                  0.06    0.00   20.04 ^ clkbuf_0_clk/A (sky130_fd_sc_hd__clkbuf_16)
                  0.05    0.10   20.14 ^ clkbuf_0_clk/X (sky130_fd_sc_hd__clkbuf_16)
     4    0.04                           clknet_0_clk (net)
                  0.05    0.00   20.14 ^ clkbuf_2_0__f_clk/A (sky130_fd_sc_hd__clkbuf_16)
                  0.04    0.09   20.23 ^ clkbuf_2_0__f_clk/X (sky130_fd_sc_hd__clkbuf_16)
     9    0.03                           clknet_2_0__leaf_clk (net)
                  0.04    0.00   20.23 ^ _254_/CLK (sky130_fd_sc_hd__dfrtp_1)
                         -0.25   19.98   clock uncertainty
                          0.02   20.01   clock reconvergence pessimism
                         -0.03   19.97   library setup time
                                 19.97   data required time
-----------------------------------------------------------------------------
                                 19.97   data required time
                                 -1.12   data arrival time
-----------------------------------------------------------------------------
                                 18.85   slack (MET)


Startpoint: _239_ (rising edge-triggered flip-flop clocked by clk)
Endpoint: _240_ (rising edge-triggered flip-flop clocked by clk)
Path Group: clk
Path Type: max
Corner: Fastest

Fanout     Cap    Slew   Delay    Time   Description
-----------------------------------------------------------------------------
                          0.00    0.00   clock clk (rise edge)
                          0.00    0.00   clock source latency
                  0.06    0.04    0.04 ^ clk (in)
     1    0.02                           clk (net)
                  0.06    0.00    0.04 ^ clkbuf_0_clk/A (sky130_fd_sc_hd__clkbuf_16)
                  0.05    0.11    0.15 ^ clkbuf_0_clk/X (sky130_fd_sc_hd__clkbuf_16)
     4    0.04                           clknet_0_clk (net)
                  0.05    0.00    0.15 ^ clkbuf_2_0__f_clk/A (sky130_fd_sc_hd__clkbuf_16)
                  0.04    0.10    0.25 ^ clkbuf_2_0__f_clk/X (sky130_fd_sc_hd__clkbuf_16)
     9    0.03                           clknet_2_0__leaf_clk (net)
                  0.04    0.00    0.26 ^ _239_/CLK (sky130_fd_sc_hd__dfrtp_1)
                  0.06    0.23    0.49 ^ _239_/Q (sky130_fd_sc_hd__dfrtp_1)
     2    0.01                           rx_inst.bit_count[0] (net)
                  0.06    0.00    0.49 ^ _115_/A (sky130_fd_sc_hd__buf_2)
                  0.12    0.14    0.63 ^ _115_/X (sky130_fd_sc_hd__buf_2)
    10    0.03                           _057_ (net)
                  0.12    0.00    0.64 ^ _121_/B (sky130_fd_sc_hd__and2_1)
                  0.12    0.16    0.80 ^ _121_/X (sky130_fd_sc_hd__and2_1)
     4    0.02                           _063_ (net)
                  0.12    0.00    0.80 ^ _122_/B (sky130_fd_sc_hd__nand2_1)
                  0.06    0.08    0.88 v _122_/Y (sky130_fd_sc_hd__nand2_1)
     3    0.01                           _064_ (net)
                  0.06    0.00    0.88 v _155_/A2 (sky130_fd_sc_hd__a21boi_1)
                  0.14    0.16    1.04 ^ _155_/Y (sky130_fd_sc_hd__a21boi_1)
     2    0.01                           _086_ (net)
                  0.14    0.00    1.04 ^ _156_/B1 (sky130_fd_sc_hd__a22o_1)
                  0.03    0.08    1.12 ^ _156_/X (sky130_fd_sc_hd__a22o_1)
     1    0.00                           _038_ (net)
                  0.03    0.00    1.12 ^ _240_/D (sky130_fd_sc_hd__dfrtp_4)
                                  1.12   data arrival time

                         20.00   20.00   clock clk (rise edge)
                          0.00   20.00   clock source latency
                  0.06    0.04   20.04 ^ clk (in)
     1    0.02                           clk (net)
                  0.06    0.00   20.04 ^ clkbuf_0_clk/A (sky130_fd_sc_hd__clkbuf_16)
                  0.05    0.10   20.14 ^ clkbuf_0_clk/X (sky130_fd_sc_hd__clkbuf_16)
     4    0.04                           clknet_0_clk (net)
                  0.05    0.00   20.14 ^ clkbuf_2_0__f_clk/A (sky130_fd_sc_hd__clkbuf_16)
                  0.04    0.09   20.23 ^ clkbuf_2_0__f_clk/X (sky130_fd_sc_hd__clkbuf_16)
     9    0.03                           clknet_2_0__leaf_clk (net)
                  0.04    0.00   20.23 ^ _240_/CLK (sky130_fd_sc_hd__dfrtp_4)
                         -0.25   19.98   clock uncertainty
                          0.02   20.01   clock reconvergence pessimism
                         -0.04   19.97   library setup time
                                 19.97   data required time
-----------------------------------------------------------------------------
                                 19.97   data required time
                                 -1.12   data arrival time
-----------------------------------------------------------------------------
                                 18.85   slack (MET)


Startpoint: _230_ (rising edge-triggered flip-flop clocked by clk)
Endpoint: _230_ (rising edge-triggered flip-flop clocked by clk)
Path Group: clk
Path Type: max
Corner: Fastest

Fanout     Cap    Slew   Delay    Time   Description
-----------------------------------------------------------------------------
                          0.00    0.00   clock clk (rise edge)
                          0.00    0.00   clock source latency
                  0.06    0.04    0.04 ^ clk (in)
     1    0.02                           clk (net)
                  0.06    0.00    0.04 ^ clkbuf_0_clk/A (sky130_fd_sc_hd__clkbuf_16)
                  0.05    0.11    0.15 ^ clkbuf_0_clk/X (sky130_fd_sc_hd__clkbuf_16)
     4    0.04                           clknet_0_clk (net)
                  0.05    0.00    0.15 ^ clkbuf_2_2__f_clk/A (sky130_fd_sc_hd__clkbuf_16)
                  0.03    0.09    0.25 ^ clkbuf_2_2__f_clk/X (sky130_fd_sc_hd__clkbuf_16)
     6    0.02                           clknet_2_2__leaf_clk (net)
                  0.03    0.00    0.25 ^ _230_/CLK (sky130_fd_sc_hd__dfstp_1)
                  0.06    0.33    0.58 ^ _230_/Q (sky130_fd_sc_hd__dfstp_1)
     3    0.01                           rx_inst.state[0] (net)
                  0.06    0.00    0.58 ^ hold11/A (sky130_fd_sc_hd__dlygate4sd3_1)
                  0.08    0.43    1.01 ^ hold11/X (sky130_fd_sc_hd__dlygate4sd3_1)
     2    0.01                           net31 (net)
                  0.08    0.00    1.01 ^ _149_/A2 (sky130_fd_sc_hd__o21a_1)
                  0.06    0.10    1.11 ^ _149_/X (sky130_fd_sc_hd__o21a_1)
     2    0.01                           _000_ (net)
                  0.06    0.00    1.11 ^ _230_/D (sky130_fd_sc_hd__dfstp_1)
                                  1.11   data arrival time

                         20.00   20.00   clock clk (rise edge)
                          0.00   20.00   clock source latency
                  0.06    0.04   20.04 ^ clk (in)
     1    0.02                           clk (net)
                  0.06    0.00   20.04 ^ clkbuf_0_clk/A (sky130_fd_sc_hd__clkbuf_16)
                  0.05    0.10   20.14 ^ clkbuf_0_clk/X (sky130_fd_sc_hd__clkbuf_16)
     4    0.04                           clknet_0_clk (net)
                  0.05    0.00   20.14 ^ clkbuf_2_2__f_clk/A (sky130_fd_sc_hd__clkbuf_16)
                  0.03    0.09   20.22 ^ clkbuf_2_2__f_clk/X (sky130_fd_sc_hd__clkbuf_16)
     6    0.02                           clknet_2_2__leaf_clk (net)
                  0.03    0.00   20.23 ^ _230_/CLK (sky130_fd_sc_hd__dfstp_1)
                         -0.25   19.98   clock uncertainty
                          0.02   20.00   clock reconvergence pessimism
                         -0.04   19.96   library setup time
                                 19.96   data required time
-----------------------------------------------------------------------------
                                 19.96   data required time
                                 -1.11   data arrival time
-----------------------------------------------------------------------------
                                 18.86   slack (MET)


Startpoint: _230_ (rising edge-triggered flip-flop clocked by clk)
Endpoint: _232_ (rising edge-triggered flip-flop clocked by clk)
Path Group: clk
Path Type: max
Corner: Fastest

Fanout     Cap    Slew   Delay    Time   Description
-----------------------------------------------------------------------------
                          0.00    0.00   clock clk (rise edge)
                          0.00    0.00   clock source latency
                  0.06    0.04    0.04 ^ clk (in)
     1    0.02                           clk (net)
                  0.06    0.00    0.04 ^ clkbuf_0_clk/A (sky130_fd_sc_hd__clkbuf_16)
                  0.05    0.11    0.15 ^ clkbuf_0_clk/X (sky130_fd_sc_hd__clkbuf_16)
     4    0.04                           clknet_0_clk (net)
                  0.05    0.00    0.15 ^ clkbuf_2_2__f_clk/A (sky130_fd_sc_hd__clkbuf_16)
                  0.03    0.09    0.25 ^ clkbuf_2_2__f_clk/X (sky130_fd_sc_hd__clkbuf_16)
     6    0.02                           clknet_2_2__leaf_clk (net)
                  0.03    0.00    0.25 ^ _230_/CLK (sky130_fd_sc_hd__dfstp_1)
                  0.06    0.33    0.58 ^ _230_/Q (sky130_fd_sc_hd__dfstp_1)
     3    0.01                           rx_inst.state[0] (net)
                  0.06    0.00    0.58 ^ hold11/A (sky130_fd_sc_hd__dlygate4sd3_1)
                  0.08    0.43    1.01 ^ hold11/X (sky130_fd_sc_hd__dlygate4sd3_1)
     2    0.01                           net31 (net)
                  0.08    0.00    1.01 ^ _148_/A (sky130_fd_sc_hd__inv_2)
                  0.03    0.03    1.04 v _148_/Y (sky130_fd_sc_hd__inv_2)
     2    0.01                           _082_ (net)
                  0.03    0.00    1.04 v _182_/A (sky130_fd_sc_hd__nor2_1)
                  0.06    0.07    1.11 ^ _182_/Y (sky130_fd_sc_hd__nor2_1)
     1    0.00                           _001_ (net)
                  0.06    0.00    1.11 ^ _232_/D (sky130_fd_sc_hd__dfrtp_1)
                                  1.11   data arrival time

                         20.00   20.00   clock clk (rise edge)
                          0.00   20.00   clock source latency
                  0.06    0.04   20.04 ^ clk (in)
     1    0.02                           clk (net)
                  0.06    0.00   20.04 ^ clkbuf_0_clk/A (sky130_fd_sc_hd__clkbuf_16)
                  0.05    0.10   20.14 ^ clkbuf_0_clk/X (sky130_fd_sc_hd__clkbuf_16)
     4    0.04                           clknet_0_clk (net)
                  0.05    0.00   20.14 ^ clkbuf_2_2__f_clk/A (sky130_fd_sc_hd__clkbuf_16)
                  0.03    0.09   20.22 ^ clkbuf_2_2__f_clk/X (sky130_fd_sc_hd__clkbuf_16)
     6    0.02                           clknet_2_2__leaf_clk (net)
                  0.03    0.00   20.23 ^ _232_/CLK (sky130_fd_sc_hd__dfrtp_1)
                         -0.25   19.98   clock uncertainty
                          0.02   20.00   clock reconvergence pessimism
                         -0.04   19.96   library setup time
                                 19.96   data required time
-----------------------------------------------------------------------------
                                 19.96   data required time
                                 -1.11   data arrival time
-----------------------------------------------------------------------------
                                 18.86   slack (MET)


Startpoint: _235_ (rising edge-triggered flip-flop clocked by clk)
Endpoint: _235_ (rising edge-triggered flip-flop clocked by clk)
Path Group: clk
Path Type: max
Corner: Fastest

Fanout     Cap    Slew   Delay    Time   Description
-----------------------------------------------------------------------------
                          0.00    0.00   clock clk (rise edge)
                          0.00    0.00   clock source latency
                  0.06    0.04    0.04 ^ clk (in)
     1    0.02                           clk (net)
                  0.06    0.00    0.04 ^ clkbuf_0_clk/A (sky130_fd_sc_hd__clkbuf_16)
                  0.05    0.11    0.15 ^ clkbuf_0_clk/X (sky130_fd_sc_hd__clkbuf_16)
     4    0.04                           clknet_0_clk (net)
                  0.05    0.00    0.15 ^ clkbuf_2_3__f_clk/A (sky130_fd_sc_hd__clkbuf_16)
                  0.04    0.10    0.25 ^ clkbuf_2_3__f_clk/X (sky130_fd_sc_hd__clkbuf_16)
     9    0.03                           clknet_2_3__leaf_clk (net)
                  0.04    0.00    0.25 ^ _235_/CLK (sky130_fd_sc_hd__dfrtp_4)
                  0.06    0.33    0.59 v _235_/Q (sky130_fd_sc_hd__dfrtp_4)
     7    0.02                           tx_inst.bit_count[1] (net)
                  0.06    0.00    0.59 v hold24/A (sky130_fd_sc_hd__dlygate4sd3_1)
                  0.04    0.39    0.99 v hold24/X (sky130_fd_sc_hd__dlygate4sd3_1)
     1    0.00                           net44 (net)
                  0.04    0.00    0.99 v _166_/B1 (sky130_fd_sc_hd__a21oi_1)
                  0.08    0.06    1.04 ^ _166_/Y (sky130_fd_sc_hd__a21oi_1)
     1    0.00                           _093_ (net)
                  0.08    0.00    1.04 ^ _167_/B1 (sky130_fd_sc_hd__a21oi_1)
                  0.03    0.03    1.07 v _167_/Y (sky130_fd_sc_hd__a21oi_1)
     1    0.00                           _034_ (net)
                  0.03    0.00    1.07 v _235_/D (sky130_fd_sc_hd__dfrtp_4)
                                  1.07   data arrival time

                         20.00   20.00   clock clk (rise edge)
                          0.00   20.00   clock source latency
                  0.06    0.04   20.04 ^ clk (in)
     1    0.02                           clk (net)
                  0.06    0.00   20.04 ^ clkbuf_0_clk/A (sky130_fd_sc_hd__clkbuf_16)
                  0.05    0.10   20.14 ^ clkbuf_0_clk/X (sky130_fd_sc_hd__clkbuf_16)
     4    0.04                           clknet_0_clk (net)
                  0.05    0.00   20.14 ^ clkbuf_2_3__f_clk/A (sky130_fd_sc_hd__clkbuf_16)
                  0.04    0.09   20.23 ^ clkbuf_2_3__f_clk/X (sky130_fd_sc_hd__clkbuf_16)
     9    0.03                           clknet_2_3__leaf_clk (net)
                  0.04    0.00   20.23 ^ _235_/CLK (sky130_fd_sc_hd__dfrtp_4)
                         -0.25   19.98   clock uncertainty
                          0.02   20.00   clock reconvergence pessimism
                         -0.07   19.93   library setup time
                                 19.93   data required time
-----------------------------------------------------------------------------
                                 19.93   data required time
                                 -1.07   data arrival time
-----------------------------------------------------------------------------
                                 18.86   slack (MET)


Startpoint: _234_ (rising edge-triggered flip-flop clocked by clk)
Endpoint: _245_ (rising edge-triggered flip-flop clocked by clk)
Path Group: clk
Path Type: max
Corner: Fastest

Fanout     Cap    Slew   Delay    Time   Description
-----------------------------------------------------------------------------
                          0.00    0.00   clock clk (rise edge)
                          0.00    0.00   clock source latency
                  0.06    0.04    0.04 ^ clk (in)
     1    0.02                           clk (net)
                  0.06    0.00    0.04 ^ clkbuf_0_clk/A (sky130_fd_sc_hd__clkbuf_16)
                  0.05    0.11    0.15 ^ clkbuf_0_clk/X (sky130_fd_sc_hd__clkbuf_16)
     4    0.04                           clknet_0_clk (net)
                  0.05    0.00    0.15 ^ clkbuf_2_3__f_clk/A (sky130_fd_sc_hd__clkbuf_16)
                  0.04    0.10    0.25 ^ clkbuf_2_3__f_clk/X (sky130_fd_sc_hd__clkbuf_16)
     9    0.03                           clknet_2_3__leaf_clk (net)
                  0.04    0.00    0.25 ^ _234_/CLK (sky130_fd_sc_hd__dfrtp_4)
                  0.07    0.35    0.60 v _234_/Q (sky130_fd_sc_hd__dfrtp_4)
     9    0.03                           tx_inst.bit_count[0] (net)
                  0.07    0.00    0.61 v _183_/C (sky130_fd_sc_hd__and4_1)
                  0.03    0.14    0.74 v _183_/X (sky130_fd_sc_hd__and4_1)
     1    0.00                           _101_ (net)
                  0.03    0.00    0.74 v _184_/A (sky130_fd_sc_hd__clkbuf_1)
                  0.02    0.06    0.80 v _184_/X (sky130_fd_sc_hd__clkbuf_1)
     1    0.00                           _003_ (net)
                  0.02    0.00    0.80 v _245_/D (sky130_fd_sc_hd__dfrtp_1)
                                  0.80   data arrival time

                         20.00   20.00   clock clk (rise edge)
                          0.00   20.00   clock source latency
                  0.06    0.04   20.04 ^ clk (in)
     1    0.02                           clk (net)
                  0.06    0.00   20.04 ^ clkbuf_0_clk/A (sky130_fd_sc_hd__clkbuf_16)
                  0.05    0.10   20.14 ^ clkbuf_0_clk/X (sky130_fd_sc_hd__clkbuf_16)
     4    0.04                           clknet_0_clk (net)
                  0.05    0.00   20.14 ^ clkbuf_2_3__f_clk/A (sky130_fd_sc_hd__clkbuf_16)
                  0.04    0.09   20.23 ^ clkbuf_2_3__f_clk/X (sky130_fd_sc_hd__clkbuf_16)
     9    0.03                           clknet_2_3__leaf_clk (net)
                  0.04    0.00   20.23 ^ _245_/CLK (sky130_fd_sc_hd__dfrtp_1)
                         -0.25   19.98   clock uncertainty
                          0.02   20.00   clock reconvergence pessimism
                         -0.07   19.94   library setup time
                                 19.94   data required time
-----------------------------------------------------------------------------
                                 19.94   data required time
                                 -0.80   data arrival time
-----------------------------------------------------------------------------
                                 19.13   slack (MET)



======================= Slowest Corner ===================================

Startpoint: _252_ (rising edge-triggered flip-flop clocked by clk)
Endpoint: rx_data[5] (output port clocked by clk)
Path Group: clk
Path Type: max
Corner: Slowest

Fanout     Cap    Slew   Delay    Time   Description
-----------------------------------------------------------------------------
                          0.00    0.00   clock clk (rise edge)
                          0.00    0.00   clock source latency
                  0.12    0.08    0.08 ^ clk (in)
     1    0.02                           clk (net)
                  0.12    0.00    0.08 ^ clkbuf_0_clk/A (sky130_fd_sc_hd__clkbuf_16)
                  0.10    0.29    0.37 ^ clkbuf_0_clk/X (sky130_fd_sc_hd__clkbuf_16)
     4    0.04                           clknet_0_clk (net)
                  0.10    0.00    0.38 ^ clkbuf_2_0__f_clk/A (sky130_fd_sc_hd__clkbuf_16)
                  0.08    0.26    0.63 ^ clkbuf_2_0__f_clk/X (sky130_fd_sc_hd__clkbuf_16)
     9    0.03                           clknet_2_0__leaf_clk (net)
                  0.08    0.00    0.63 ^ _252_/CLK (sky130_fd_sc_hd__dfrtp_1)
                  0.16    0.87    1.51 v _252_/Q (sky130_fd_sc_hd__dfrtp_1)
     2    0.01                           net16 (net)
                  0.16    0.00    1.51 v output16/A (sky130_fd_sc_hd__clkbuf_4)
                  0.14    0.39    1.89 v output16/X (sky130_fd_sc_hd__clkbuf_4)
     1    0.03                           rx_data[5] (net)
                  0.14    0.00    1.89 v rx_data[5] (out)
                                  1.89   data arrival time

                         20.00   20.00   clock clk (rise edge)
                          0.00   20.00   clock network delay (propagated)
                         -0.25   19.75   clock uncertainty
                          0.00   19.75   clock reconvergence pessimism
                         -4.00   15.75   output external delay
                                 15.75   data required time
-----------------------------------------------------------------------------
                                 15.75   data required time
                                 -1.89   data arrival time
-----------------------------------------------------------------------------
                                 13.86   slack (MET)


Startpoint: reset (input port clocked by clk)
Endpoint: _260_ (rising edge-triggered flip-flop clocked by clk)
Path Group: clk
Path Type: max
Corner: Slowest

Fanout     Cap    Slew   Delay    Time   Description
-----------------------------------------------------------------------------
                          0.00    0.00   clock clk (rise edge)
                          0.00    0.00   clock network delay (propagated)
                          4.00    4.00 ^ input external delay
                  0.04    0.02    4.02 ^ reset (in)
     1    0.00                           reset (net)
                  0.04    0.00    4.02 ^ input1/A (sky130_fd_sc_hd__clkbuf_4)
                  0.23    0.37    4.39 ^ input1/X (sky130_fd_sc_hd__clkbuf_4)
     7    0.05                           net1 (net)
                  0.23    0.00    4.39 ^ _185_/A (sky130_fd_sc_hd__inv_2)
                  0.06    0.13    4.53 v _185_/Y (sky130_fd_sc_hd__inv_2)
     2    0.01                           _008_ (net)
                  0.06    0.00    4.53 v _212_/C (sky130_fd_sc_hd__and3_1)
                  0.07    0.37    4.90 v _212_/X (sky130_fd_sc_hd__and3_1)
     1    0.00                           _104_ (net)
                  0.07    0.00    4.90 v _213_/A (sky130_fd_sc_hd__clkbuf_4)
                  0.15    0.35    5.25 v _213_/X (sky130_fd_sc_hd__clkbuf_4)
     8    0.04                           _105_ (net)
                  0.15    0.00    5.25 v _224_/S (sky130_fd_sc_hd__mux2_1)
                  0.12    0.77    6.02 v _224_/X (sky130_fd_sc_hd__mux2_1)
     1    0.00                           _111_ (net)
                  0.12    0.00    6.02 v _225_/A (sky130_fd_sc_hd__clkbuf_1)
                  0.04    0.18    6.21 v _225_/X (sky130_fd_sc_hd__clkbuf_1)
     1    0.00                           _054_ (net)
                  0.04    0.00    6.21 v _260_/D (sky130_fd_sc_hd__dfxtp_1)
                                  6.21   data arrival time

                         20.00   20.00   clock clk (rise edge)
                          0.00   20.00   clock source latency
                  0.12    0.08   20.08 ^ clk (in)
     1    0.02                           clk (net)
                  0.12    0.00   20.08 ^ clkbuf_0_clk/A (sky130_fd_sc_hd__clkbuf_16)
                  0.10    0.26   20.34 ^ clkbuf_0_clk/X (sky130_fd_sc_hd__clkbuf_16)
     4    0.04                           clknet_0_clk (net)
                  0.10    0.00   20.34 ^ clkbuf_2_1__f_clk/A (sky130_fd_sc_hd__clkbuf_16)
                  0.08    0.23   20.57 ^ clkbuf_2_1__f_clk/X (sky130_fd_sc_hd__clkbuf_16)
     9    0.03                           clknet_2_1__leaf_clk (net)
                  0.08    0.00   20.57 ^ _260_/CLK (sky130_fd_sc_hd__dfxtp_1)
                         -0.25   20.32   clock uncertainty
                          0.00   20.32   clock reconvergence pessimism
                         -0.26   20.06   library setup time
                                 20.06   data required time
-----------------------------------------------------------------------------
                                 20.06   data required time
                                 -6.21   data arrival time
-----------------------------------------------------------------------------
                                 13.86   slack (MET)


Startpoint: reset (input port clocked by clk)
Endpoint: _262_ (rising edge-triggered flip-flop clocked by clk)
Path Group: clk
Path Type: max
Corner: Slowest

Fanout     Cap    Slew   Delay    Time   Description
-----------------------------------------------------------------------------
                          0.00    0.00   clock clk (rise edge)
                          0.00    0.00   clock network delay (propagated)
                          4.00    4.00 ^ input external delay
                  0.04    0.02    4.02 ^ reset (in)
     1    0.00                           reset (net)
                  0.04    0.00    4.02 ^ input1/A (sky130_fd_sc_hd__clkbuf_4)
                  0.23    0.37    4.39 ^ input1/X (sky130_fd_sc_hd__clkbuf_4)
     7    0.05                           net1 (net)
                  0.23    0.00    4.39 ^ _185_/A (sky130_fd_sc_hd__inv_2)
                  0.06    0.13    4.53 v _185_/Y (sky130_fd_sc_hd__inv_2)
     2    0.01                           _008_ (net)
                  0.06    0.00    4.53 v _212_/C (sky130_fd_sc_hd__and3_1)
                  0.07    0.37    4.90 v _212_/X (sky130_fd_sc_hd__and3_1)
     1    0.00                           _104_ (net)
                  0.07    0.00    4.90 v _213_/A (sky130_fd_sc_hd__clkbuf_4)
                  0.15    0.35    5.25 v _213_/X (sky130_fd_sc_hd__clkbuf_4)
     8    0.04                           _105_ (net)
                  0.15    0.00    5.25 v _228_/S (sky130_fd_sc_hd__mux2_1)
                  0.11    0.76    6.02 v _228_/X (sky130_fd_sc_hd__mux2_1)
     1    0.00                           _113_ (net)
                  0.11    0.00    6.02 v _229_/A (sky130_fd_sc_hd__clkbuf_1)
                  0.04    0.18    6.20 v _229_/X (sky130_fd_sc_hd__clkbuf_1)
     1    0.00                           _056_ (net)
                  0.04    0.00    6.20 v _262_/D (sky130_fd_sc_hd__dfxtp_1)
                                  6.20   data arrival time

                         20.00   20.00   clock clk (rise edge)
                          0.00   20.00   clock source latency
                  0.12    0.08   20.08 ^ clk (in)
     1    0.02                           clk (net)
                  0.12    0.00   20.08 ^ clkbuf_0_clk/A (sky130_fd_sc_hd__clkbuf_16)
                  0.10    0.26   20.34 ^ clkbuf_0_clk/X (sky130_fd_sc_hd__clkbuf_16)
     4    0.04                           clknet_0_clk (net)
                  0.10    0.00   20.34 ^ clkbuf_2_1__f_clk/A (sky130_fd_sc_hd__clkbuf_16)
                  0.08    0.23   20.57 ^ clkbuf_2_1__f_clk/X (sky130_fd_sc_hd__clkbuf_16)
     9    0.03                           clknet_2_1__leaf_clk (net)
                  0.08    0.00   20.57 ^ _262_/CLK (sky130_fd_sc_hd__dfxtp_1)
                         -0.25   20.32   clock uncertainty
                          0.00   20.32   clock reconvergence pessimism
                         -0.26   20.06   library setup time
                                 20.06   data required time
-----------------------------------------------------------------------------
                                 20.06   data required time
                                 -6.20   data arrival time
-----------------------------------------------------------------------------
                                 13.86   slack (MET)


Startpoint: reset (input port clocked by clk)
Endpoint: _257_ (rising edge-triggered flip-flop clocked by clk)
Path Group: clk
Path Type: max
Corner: Slowest

Fanout     Cap    Slew   Delay    Time   Description
-----------------------------------------------------------------------------
                          0.00    0.00   clock clk (rise edge)
                          0.00    0.00   clock network delay (propagated)
                          4.00    4.00 ^ input external delay
                  0.04    0.02    4.02 ^ reset (in)
     1    0.00                           reset (net)
                  0.04    0.00    4.02 ^ input1/A (sky130_fd_sc_hd__clkbuf_4)
                  0.23    0.37    4.39 ^ input1/X (sky130_fd_sc_hd__clkbuf_4)
     7    0.05                           net1 (net)
                  0.23    0.00    4.39 ^ _185_/A (sky130_fd_sc_hd__inv_2)
                  0.06    0.13    4.53 v _185_/Y (sky130_fd_sc_hd__inv_2)
     2    0.01                           _008_ (net)
                  0.06    0.00    4.53 v _212_/C (sky130_fd_sc_hd__and3_1)
                  0.07    0.37    4.90 v _212_/X (sky130_fd_sc_hd__and3_1)
     1    0.00                           _104_ (net)
                  0.07    0.00    4.90 v _213_/A (sky130_fd_sc_hd__clkbuf_4)
                  0.15    0.35    5.25 v _213_/X (sky130_fd_sc_hd__clkbuf_4)
     8    0.04                           _105_ (net)
                  0.15    0.00    5.25 v _218_/S (sky130_fd_sc_hd__mux2_1)
                  0.11    0.75    6.00 v _218_/X (sky130_fd_sc_hd__mux2_1)
     1    0.00                           _108_ (net)
                  0.11    0.00    6.00 v _219_/A (sky130_fd_sc_hd__clkbuf_1)
                  0.06    0.19    6.19 v _219_/X (sky130_fd_sc_hd__clkbuf_1)
     1    0.00                           _051_ (net)
                  0.06    0.00    6.19 v _257_/D (sky130_fd_sc_hd__dfxtp_1)
                                  6.19   data arrival time

                         20.00   20.00   clock clk (rise edge)
                          0.00   20.00   clock source latency
                  0.12    0.08   20.08 ^ clk (in)
     1    0.02                           clk (net)
                  0.12    0.00   20.08 ^ clkbuf_0_clk/A (sky130_fd_sc_hd__clkbuf_16)
                  0.10    0.26   20.34 ^ clkbuf_0_clk/X (sky130_fd_sc_hd__clkbuf_16)
     4    0.04                           clknet_0_clk (net)
                  0.10    0.00   20.34 ^ clkbuf_2_1__f_clk/A (sky130_fd_sc_hd__clkbuf_16)
                  0.08    0.23   20.57 ^ clkbuf_2_1__f_clk/X (sky130_fd_sc_hd__clkbuf_16)
     9    0.03                           clknet_2_1__leaf_clk (net)
                  0.08    0.00   20.57 ^ _257_/CLK (sky130_fd_sc_hd__dfxtp_1)
                         -0.25   20.32   clock uncertainty
                          0.00   20.32   clock reconvergence pessimism
                         -0.26   20.06   library setup time
                                 20.06   data required time
-----------------------------------------------------------------------------
                                 20.06   data required time
                                 -6.19   data arrival time
-----------------------------------------------------------------------------
                                 13.87   slack (MET)


Startpoint: reset (input port clocked by clk)
Endpoint: _259_ (rising edge-triggered flip-flop clocked by clk)
Path Group: clk
Path Type: max
Corner: Slowest

Fanout     Cap    Slew   Delay    Time   Description
-----------------------------------------------------------------------------
                          0.00    0.00   clock clk (rise edge)
                          0.00    0.00   clock network delay (propagated)
                          4.00    4.00 ^ input external delay
                  0.04    0.02    4.02 ^ reset (in)
     1    0.00                           reset (net)
                  0.04    0.00    4.02 ^ input1/A (sky130_fd_sc_hd__clkbuf_4)
                  0.23    0.37    4.39 ^ input1/X (sky130_fd_sc_hd__clkbuf_4)
     7    0.05                           net1 (net)
                  0.23    0.00    4.39 ^ _185_/A (sky130_fd_sc_hd__inv_2)
                  0.06    0.13    4.53 v _185_/Y (sky130_fd_sc_hd__inv_2)
     2    0.01                           _008_ (net)
                  0.06    0.00    4.53 v _212_/C (sky130_fd_sc_hd__and3_1)
                  0.07    0.37    4.90 v _212_/X (sky130_fd_sc_hd__and3_1)
     1    0.00                           _104_ (net)
                  0.07    0.00    4.90 v _213_/A (sky130_fd_sc_hd__clkbuf_4)
                  0.15    0.35    5.25 v _213_/X (sky130_fd_sc_hd__clkbuf_4)
     8    0.04                           _105_ (net)
                  0.15    0.00    5.25 v _222_/S (sky130_fd_sc_hd__mux2_1)
                  0.11    0.76    6.01 v _222_/X (sky130_fd_sc_hd__mux2_1)
     1    0.00                           _110_ (net)
                  0.11    0.00    6.01 v _223_/A (sky130_fd_sc_hd__clkbuf_1)
                  0.04    0.18    6.19 v _223_/X (sky130_fd_sc_hd__clkbuf_1)
     1    0.00                           _053_ (net)
                  0.04    0.00    6.19 v _259_/D (sky130_fd_sc_hd__dfxtp_1)
                                  6.19   data arrival time

                         20.00   20.00   clock clk (rise edge)
                          0.00   20.00   clock source latency
                  0.12    0.08   20.08 ^ clk (in)
     1    0.02                           clk (net)
                  0.12    0.00   20.08 ^ clkbuf_0_clk/A (sky130_fd_sc_hd__clkbuf_16)
                  0.10    0.26   20.34 ^ clkbuf_0_clk/X (sky130_fd_sc_hd__clkbuf_16)
     4    0.04                           clknet_0_clk (net)
                  0.10    0.00   20.34 ^ clkbuf_2_1__f_clk/A (sky130_fd_sc_hd__clkbuf_16)
                  0.08    0.23   20.57 ^ clkbuf_2_1__f_clk/X (sky130_fd_sc_hd__clkbuf_16)
     9    0.03                           clknet_2_1__leaf_clk (net)
                  0.08    0.00   20.57 ^ _259_/CLK (sky130_fd_sc_hd__dfxtp_1)
                         -0.25   20.32   clock uncertainty
                          0.00   20.32   clock reconvergence pessimism
                         -0.26   20.06   library setup time
                                 20.06   data required time
-----------------------------------------------------------------------------
                                 20.06   data required time
                                 -6.19   data arrival time
-----------------------------------------------------------------------------
                                 13.87   slack (MET)


Startpoint: reset (input port clocked by clk)
Endpoint: _255_ (rising edge-triggered flip-flop clocked by clk)
Path Group: clk
Path Type: max
Corner: Slowest

Fanout     Cap    Slew   Delay    Time   Description
-----------------------------------------------------------------------------
                          0.00    0.00   clock clk (rise edge)
                          0.00    0.00   clock network delay (propagated)
                          4.00    4.00 ^ input external delay
                  0.04    0.02    4.02 ^ reset (in)
     1    0.00                           reset (net)
                  0.04    0.00    4.02 ^ input1/A (sky130_fd_sc_hd__clkbuf_4)
                  0.23    0.37    4.39 ^ input1/X (sky130_fd_sc_hd__clkbuf_4)
     7    0.05                           net1 (net)
                  0.23    0.00    4.39 ^ _185_/A (sky130_fd_sc_hd__inv_2)
                  0.06    0.13    4.53 v _185_/Y (sky130_fd_sc_hd__inv_2)
     2    0.01                           _008_ (net)
                  0.06    0.00    4.53 v _212_/C (sky130_fd_sc_hd__and3_1)
                  0.07    0.37    4.90 v _212_/X (sky130_fd_sc_hd__and3_1)
     1    0.00                           _104_ (net)
                  0.07    0.00    4.90 v _213_/A (sky130_fd_sc_hd__clkbuf_4)
                  0.15    0.35    5.25 v _213_/X (sky130_fd_sc_hd__clkbuf_4)
     8    0.04                           _105_ (net)
                  0.15    0.00    5.25 v _214_/S (sky130_fd_sc_hd__mux2_1)
                  0.11    0.76    6.01 v _214_/X (sky130_fd_sc_hd__mux2_1)
     1    0.00                           _106_ (net)
                  0.11    0.00    6.01 v _215_/A (sky130_fd_sc_hd__clkbuf_1)
                  0.04    0.18    6.19 v _215_/X (sky130_fd_sc_hd__clkbuf_1)
     1    0.00                           _049_ (net)
                  0.04    0.00    6.19 v _255_/D (sky130_fd_sc_hd__dfxtp_1)
                                  6.19   data arrival time

                         20.00   20.00   clock clk (rise edge)
                          0.00   20.00   clock source latency
                  0.12    0.08   20.08 ^ clk (in)
     1    0.02                           clk (net)
                  0.12    0.00   20.08 ^ clkbuf_0_clk/A (sky130_fd_sc_hd__clkbuf_16)
                  0.10    0.26   20.34 ^ clkbuf_0_clk/X (sky130_fd_sc_hd__clkbuf_16)
     4    0.04                           clknet_0_clk (net)
                  0.10    0.00   20.34 ^ clkbuf_2_1__f_clk/A (sky130_fd_sc_hd__clkbuf_16)
                  0.08    0.23   20.57 ^ clkbuf_2_1__f_clk/X (sky130_fd_sc_hd__clkbuf_16)
     9    0.03                           clknet_2_1__leaf_clk (net)
                  0.08    0.00   20.57 ^ _255_/CLK (sky130_fd_sc_hd__dfxtp_1)
                         -0.25   20.32   clock uncertainty
                          0.00   20.32   clock reconvergence pessimism
                         -0.26   20.06   library setup time
                                 20.06   data required time
-----------------------------------------------------------------------------
                                 20.06   data required time
                                 -6.19   data arrival time
-----------------------------------------------------------------------------
                                 13.87   slack (MET)


Startpoint: reset (input port clocked by clk)
Endpoint: _258_ (rising edge-triggered flip-flop clocked by clk)
Path Group: clk
Path Type: max
Corner: Slowest

Fanout     Cap    Slew   Delay    Time   Description
-----------------------------------------------------------------------------
                          0.00    0.00   clock clk (rise edge)
                          0.00    0.00   clock network delay (propagated)
                          4.00    4.00 ^ input external delay
                  0.04    0.02    4.02 ^ reset (in)
     1    0.00                           reset (net)
                  0.04    0.00    4.02 ^ input1/A (sky130_fd_sc_hd__clkbuf_4)
                  0.23    0.37    4.39 ^ input1/X (sky130_fd_sc_hd__clkbuf_4)
     7    0.05                           net1 (net)
                  0.23    0.00    4.39 ^ _185_/A (sky130_fd_sc_hd__inv_2)
                  0.06    0.13    4.53 v _185_/Y (sky130_fd_sc_hd__inv_2)
     2    0.01                           _008_ (net)
                  0.06    0.00    4.53 v _212_/C (sky130_fd_sc_hd__and3_1)
                  0.07    0.37    4.90 v _212_/X (sky130_fd_sc_hd__and3_1)
     1    0.00                           _104_ (net)
                  0.07    0.00    4.90 v _213_/A (sky130_fd_sc_hd__clkbuf_4)
                  0.15    0.35    5.25 v _213_/X (sky130_fd_sc_hd__clkbuf_4)
     8    0.04                           _105_ (net)
                  0.15    0.00    5.25 v _220_/S (sky130_fd_sc_hd__mux2_1)
                  0.11    0.75    6.00 v _220_/X (sky130_fd_sc_hd__mux2_1)
     1    0.00                           _109_ (net)
                  0.11    0.00    6.00 v _221_/A (sky130_fd_sc_hd__clkbuf_1)
                  0.05    0.19    6.19 v _221_/X (sky130_fd_sc_hd__clkbuf_1)
     1    0.00                           _052_ (net)
                  0.05    0.00    6.19 v _258_/D (sky130_fd_sc_hd__dfxtp_1)
                                  6.19   data arrival time

                         20.00   20.00   clock clk (rise edge)
                          0.00   20.00   clock source latency
                  0.12    0.08   20.08 ^ clk (in)
     1    0.02                           clk (net)
                  0.12    0.00   20.08 ^ clkbuf_0_clk/A (sky130_fd_sc_hd__clkbuf_16)
                  0.10    0.26   20.34 ^ clkbuf_0_clk/X (sky130_fd_sc_hd__clkbuf_16)
     4    0.04                           clknet_0_clk (net)
                  0.10    0.00   20.34 ^ clkbuf_2_1__f_clk/A (sky130_fd_sc_hd__clkbuf_16)
                  0.08    0.23   20.57 ^ clkbuf_2_1__f_clk/X (sky130_fd_sc_hd__clkbuf_16)
     9    0.03                           clknet_2_1__leaf_clk (net)
                  0.08    0.00   20.57 ^ _258_/CLK (sky130_fd_sc_hd__dfxtp_1)
                         -0.25   20.32   clock uncertainty
                          0.00   20.32   clock reconvergence pessimism
                         -0.26   20.06   library setup time
                                 20.06   data required time
-----------------------------------------------------------------------------
                                 20.06   data required time
                                 -6.19   data arrival time
-----------------------------------------------------------------------------
                                 13.87   slack (MET)


Startpoint: reset (input port clocked by clk)
Endpoint: _256_ (rising edge-triggered flip-flop clocked by clk)
Path Group: clk
Path Type: max
Corner: Slowest

Fanout     Cap    Slew   Delay    Time   Description
-----------------------------------------------------------------------------
                          0.00    0.00   clock clk (rise edge)
                          0.00    0.00   clock network delay (propagated)
                          4.00    4.00 ^ input external delay
                  0.04    0.02    4.02 ^ reset (in)
     1    0.00                           reset (net)
                  0.04    0.00    4.02 ^ input1/A (sky130_fd_sc_hd__clkbuf_4)
                  0.23    0.37    4.39 ^ input1/X (sky130_fd_sc_hd__clkbuf_4)
     7    0.05                           net1 (net)
                  0.23    0.00    4.39 ^ _185_/A (sky130_fd_sc_hd__inv_2)
                  0.06    0.13    4.53 v _185_/Y (sky130_fd_sc_hd__inv_2)
     2    0.01                           _008_ (net)
                  0.06    0.00    4.53 v _212_/C (sky130_fd_sc_hd__and3_1)
                  0.07    0.37    4.90 v _212_/X (sky130_fd_sc_hd__and3_1)
     1    0.00                           _104_ (net)
                  0.07    0.00    4.90 v _213_/A (sky130_fd_sc_hd__clkbuf_4)
                  0.15    0.35    5.25 v _213_/X (sky130_fd_sc_hd__clkbuf_4)
     8    0.04                           _105_ (net)
                  0.15    0.00    5.25 v _216_/S (sky130_fd_sc_hd__mux2_1)
                  0.11    0.76    6.01 v _216_/X (sky130_fd_sc_hd__mux2_1)
     1    0.00                           _107_ (net)
                  0.11    0.00    6.01 v _217_/A (sky130_fd_sc_hd__clkbuf_1)
                  0.04    0.18    6.19 v _217_/X (sky130_fd_sc_hd__clkbuf_1)
     1    0.00                           _050_ (net)
                  0.04    0.00    6.19 v _256_/D (sky130_fd_sc_hd__dfxtp_1)
                                  6.19   data arrival time

                         20.00   20.00   clock clk (rise edge)
                          0.00   20.00   clock source latency
                  0.12    0.08   20.08 ^ clk (in)
     1    0.02                           clk (net)
                  0.12    0.00   20.08 ^ clkbuf_0_clk/A (sky130_fd_sc_hd__clkbuf_16)
                  0.10    0.26   20.34 ^ clkbuf_0_clk/X (sky130_fd_sc_hd__clkbuf_16)
     4    0.04                           clknet_0_clk (net)
                  0.10    0.00   20.34 ^ clkbuf_2_1__f_clk/A (sky130_fd_sc_hd__clkbuf_16)
                  0.08    0.23   20.57 ^ clkbuf_2_1__f_clk/X (sky130_fd_sc_hd__clkbuf_16)
     9    0.03                           clknet_2_1__leaf_clk (net)
                  0.08    0.00   20.57 ^ _256_/CLK (sky130_fd_sc_hd__dfxtp_1)
                         -0.25   20.32   clock uncertainty
                          0.00   20.32   clock reconvergence pessimism
                         -0.26   20.06   library setup time
                                 20.06   data required time
-----------------------------------------------------------------------------
                                 20.06   data required time
                                 -6.19   data arrival time
-----------------------------------------------------------------------------
                                 13.87   slack (MET)


Startpoint: reset (input port clocked by clk)
Endpoint: _261_ (rising edge-triggered flip-flop clocked by clk)
Path Group: clk
Path Type: max
Corner: Slowest

Fanout     Cap    Slew   Delay    Time   Description
-----------------------------------------------------------------------------
                          0.00    0.00   clock clk (rise edge)
                          0.00    0.00   clock network delay (propagated)
                          4.00    4.00 ^ input external delay
                  0.04    0.02    4.02 ^ reset (in)
     1    0.00                           reset (net)
                  0.04    0.00    4.02 ^ input1/A (sky130_fd_sc_hd__clkbuf_4)
                  0.23    0.37    4.39 ^ input1/X (sky130_fd_sc_hd__clkbuf_4)
     7    0.05                           net1 (net)
                  0.23    0.00    4.39 ^ _185_/A (sky130_fd_sc_hd__inv_2)
                  0.06    0.13    4.53 v _185_/Y (sky130_fd_sc_hd__inv_2)
     2    0.01                           _008_ (net)
                  0.06    0.00    4.53 v _212_/C (sky130_fd_sc_hd__and3_1)
                  0.07    0.37    4.90 v _212_/X (sky130_fd_sc_hd__and3_1)
     1    0.00                           _104_ (net)
                  0.07    0.00    4.90 v _213_/A (sky130_fd_sc_hd__clkbuf_4)
                  0.15    0.35    5.25 v _213_/X (sky130_fd_sc_hd__clkbuf_4)
     8    0.04                           _105_ (net)
                  0.15    0.00    5.25 v _226_/S (sky130_fd_sc_hd__mux2_1)
                  0.10    0.75    6.00 v _226_/X (sky130_fd_sc_hd__mux2_1)
     1    0.00                           _112_ (net)
                  0.10    0.00    6.00 v _227_/A (sky130_fd_sc_hd__clkbuf_1)
                  0.04    0.18    6.18 v _227_/X (sky130_fd_sc_hd__clkbuf_1)
     1    0.00                           _055_ (net)
                  0.04    0.00    6.18 v _261_/D (sky130_fd_sc_hd__dfxtp_1)
                                  6.18   data arrival time

                         20.00   20.00   clock clk (rise edge)
                          0.00   20.00   clock source latency
                  0.12    0.08   20.08 ^ clk (in)
     1    0.02                           clk (net)
                  0.12    0.00   20.08 ^ clkbuf_0_clk/A (sky130_fd_sc_hd__clkbuf_16)
                  0.10    0.26   20.34 ^ clkbuf_0_clk/X (sky130_fd_sc_hd__clkbuf_16)
     4    0.04                           clknet_0_clk (net)
                  0.10    0.00   20.34 ^ clkbuf_2_1__f_clk/A (sky130_fd_sc_hd__clkbuf_16)
                  0.08    0.23   20.57 ^ clkbuf_2_1__f_clk/X (sky130_fd_sc_hd__clkbuf_16)
     9    0.03                           clknet_2_1__leaf_clk (net)
                  0.08    0.00   20.57 ^ _261_/CLK (sky130_fd_sc_hd__dfxtp_1)
                         -0.25   20.32   clock uncertainty
                          0.00   20.32   clock reconvergence pessimism
                         -0.26   20.06   library setup time
                                 20.06   data required time
-----------------------------------------------------------------------------
                                 20.06   data required time
                                 -6.18   data arrival time
-----------------------------------------------------------------------------
                                 13.89   slack (MET)


Startpoint: _254_ (rising edge-triggered flip-flop clocked by clk)
Endpoint: rx_data[7] (output port clocked by clk)
Path Group: clk
Path Type: max
Corner: Slowest

Fanout     Cap    Slew   Delay    Time   Description
-----------------------------------------------------------------------------
                          0.00    0.00   clock clk (rise edge)
                          0.00    0.00   clock source latency
                  0.12    0.08    0.08 ^ clk (in)
     1    0.02                           clk (net)
                  0.12    0.00    0.08 ^ clkbuf_0_clk/A (sky130_fd_sc_hd__clkbuf_16)
                  0.10    0.29    0.37 ^ clkbuf_0_clk/X (sky130_fd_sc_hd__clkbuf_16)
     4    0.04                           clknet_0_clk (net)
                  0.10    0.00    0.38 ^ clkbuf_2_0__f_clk/A (sky130_fd_sc_hd__clkbuf_16)
                  0.08    0.26    0.63 ^ clkbuf_2_0__f_clk/X (sky130_fd_sc_hd__clkbuf_16)
     9    0.03                           clknet_2_0__leaf_clk (net)
                  0.08    0.00    0.63 ^ _254_/CLK (sky130_fd_sc_hd__dfrtp_1)
                  0.13    0.84    1.47 v _254_/Q (sky130_fd_sc_hd__dfrtp_1)
     2    0.01                           net18 (net)
                  0.13    0.00    1.47 v output18/A (sky130_fd_sc_hd__clkbuf_4)
                  0.14    0.37    1.84 v output18/X (sky130_fd_sc_hd__clkbuf_4)
     1    0.03                           rx_data[7] (net)
                  0.14    0.00    1.85 v rx_data[7] (out)
                                  1.85   data arrival time

                         20.00   20.00   clock clk (rise edge)
                          0.00   20.00   clock network delay (propagated)
                         -0.25   19.75   clock uncertainty
                          0.00   19.75   clock reconvergence pessimism
                         -4.00   15.75   output external delay
                                 15.75   data required time
-----------------------------------------------------------------------------
                                 15.75   data required time
                                 -1.85   data arrival time
-----------------------------------------------------------------------------
                                 13.90   slack (MET)


Startpoint: _248_ (rising edge-triggered flip-flop clocked by clk)
Endpoint: rx_data[1] (output port clocked by clk)
Path Group: clk
Path Type: max
Corner: Slowest

Fanout     Cap    Slew   Delay    Time   Description
-----------------------------------------------------------------------------
                          0.00    0.00   clock clk (rise edge)
                          0.00    0.00   clock source latency
                  0.12    0.08    0.08 ^ clk (in)
     1    0.02                           clk (net)
                  0.12    0.00    0.08 ^ clkbuf_0_clk/A (sky130_fd_sc_hd__clkbuf_16)
                  0.10    0.29    0.37 ^ clkbuf_0_clk/X (sky130_fd_sc_hd__clkbuf_16)
     4    0.04                           clknet_0_clk (net)
                  0.10    0.00    0.37 ^ clkbuf_2_1__f_clk/A (sky130_fd_sc_hd__clkbuf_16)
                  0.08    0.25    0.63 ^ clkbuf_2_1__f_clk/X (sky130_fd_sc_hd__clkbuf_16)
     9    0.03                           clknet_2_1__leaf_clk (net)
                  0.08    0.00    0.63 ^ _248_/CLK (sky130_fd_sc_hd__dfrtp_1)
                  0.13    0.84    1.47 v _248_/Q (sky130_fd_sc_hd__dfrtp_1)
     2    0.01                           net12 (net)
                  0.13    0.00    1.47 v output12/A (sky130_fd_sc_hd__clkbuf_4)
                  0.14    0.37    1.84 v output12/X (sky130_fd_sc_hd__clkbuf_4)
     1    0.03                           rx_data[1] (net)
                  0.14    0.00    1.84 v rx_data[1] (out)
                                  1.84   data arrival time

                         20.00   20.00   clock clk (rise edge)
                          0.00   20.00   clock network delay (propagated)
                         -0.25   19.75   clock uncertainty
                          0.00   19.75   clock reconvergence pessimism
                         -4.00   15.75   output external delay
                                 15.75   data required time
-----------------------------------------------------------------------------
                                 15.75   data required time
                                 -1.84   data arrival time
-----------------------------------------------------------------------------
                                 13.91   slack (MET)


Startpoint: _246_ (rising edge-triggered flip-flop clocked by clk)
Endpoint: rx_done (output port clocked by clk)
Path Group: clk
Path Type: max
Corner: Slowest

Fanout     Cap    Slew   Delay    Time   Description
-----------------------------------------------------------------------------
                          0.00    0.00   clock clk (rise edge)
                          0.00    0.00   clock source latency
                  0.12    0.08    0.08 ^ clk (in)
     1    0.02                           clk (net)
                  0.12    0.00    0.08 ^ clkbuf_0_clk/A (sky130_fd_sc_hd__clkbuf_16)
                  0.10    0.29    0.37 ^ clkbuf_0_clk/X (sky130_fd_sc_hd__clkbuf_16)
     4    0.04                           clknet_0_clk (net)
                  0.10    0.00    0.38 ^ clkbuf_2_0__f_clk/A (sky130_fd_sc_hd__clkbuf_16)
                  0.08    0.26    0.63 ^ clkbuf_2_0__f_clk/X (sky130_fd_sc_hd__clkbuf_16)
     9    0.03                           clknet_2_0__leaf_clk (net)
                  0.08    0.00    0.63 ^ _246_/CLK (sky130_fd_sc_hd__dfrtp_1)
                  0.12    0.83    1.46 v _246_/Q (sky130_fd_sc_hd__dfrtp_1)
     2    0.01                           net19 (net)
                  0.12    0.00    1.46 v output19/A (sky130_fd_sc_hd__clkbuf_4)
                  0.14    0.37    1.83 v output19/X (sky130_fd_sc_hd__clkbuf_4)
     1    0.03                           rx_done (net)
                  0.14    0.00    1.83 v rx_done (out)
                                  1.83   data arrival time

                         20.00   20.00   clock clk (rise edge)
                          0.00   20.00   clock network delay (propagated)
                         -0.25   19.75   clock uncertainty
                          0.00   19.75   clock reconvergence pessimism
                         -4.00   15.75   output external delay
                                 15.75   data required time
-----------------------------------------------------------------------------
                                 15.75   data required time
                                 -1.83   data arrival time
-----------------------------------------------------------------------------
                                 13.92   slack (MET)


Startpoint: _247_ (rising edge-triggered flip-flop clocked by clk)
Endpoint: rx_data[0] (output port clocked by clk)
Path Group: clk
Path Type: max
Corner: Slowest

Fanout     Cap    Slew   Delay    Time   Description
-----------------------------------------------------------------------------
                          0.00    0.00   clock clk (rise edge)
                          0.00    0.00   clock source latency
                  0.12    0.08    0.08 ^ clk (in)
     1    0.02                           clk (net)
                  0.12    0.00    0.08 ^ clkbuf_0_clk/A (sky130_fd_sc_hd__clkbuf_16)
                  0.10    0.29    0.37 ^ clkbuf_0_clk/X (sky130_fd_sc_hd__clkbuf_16)
     4    0.04                           clknet_0_clk (net)
                  0.10    0.00    0.37 ^ clkbuf_2_2__f_clk/A (sky130_fd_sc_hd__clkbuf_16)
                  0.07    0.25    0.62 ^ clkbuf_2_2__f_clk/X (sky130_fd_sc_hd__clkbuf_16)
     6    0.02                           clknet_2_2__leaf_clk (net)
                  0.07    0.00    0.62 ^ _247_/CLK (sky130_fd_sc_hd__dfrtp_1)
                  0.13    0.83    1.45 v _247_/Q (sky130_fd_sc_hd__dfrtp_1)
     2    0.01                           net11 (net)
                  0.13    0.00    1.46 v output11/A (sky130_fd_sc_hd__clkbuf_4)
                  0.14    0.37    1.83 v output11/X (sky130_fd_sc_hd__clkbuf_4)
     1    0.03                           rx_data[0] (net)
                  0.14    0.00    1.83 v rx_data[0] (out)
                                  1.83   data arrival time

                         20.00   20.00   clock clk (rise edge)
                          0.00   20.00   clock network delay (propagated)
                         -0.25   19.75   clock uncertainty
                          0.00   19.75   clock reconvergence pessimism
                         -4.00   15.75   output external delay
                                 15.75   data required time
-----------------------------------------------------------------------------
                                 15.75   data required time
                                 -1.83   data arrival time
-----------------------------------------------------------------------------
                                 13.92   slack (MET)


Startpoint: _238_ (rising edge-triggered flip-flop clocked by clk)
Endpoint: tx_done (output port clocked by clk)
Path Group: clk
Path Type: max
Corner: Slowest

Fanout     Cap    Slew   Delay    Time   Description
-----------------------------------------------------------------------------
                          0.00    0.00   clock clk (rise edge)
                          0.00    0.00   clock source latency
                  0.12    0.08    0.08 ^ clk (in)
     1    0.02                           clk (net)
                  0.12    0.00    0.08 ^ clkbuf_0_clk/A (sky130_fd_sc_hd__clkbuf_16)
                  0.10    0.29    0.37 ^ clkbuf_0_clk/X (sky130_fd_sc_hd__clkbuf_16)
     4    0.04                           clknet_0_clk (net)
                  0.10    0.00    0.37 ^ clkbuf_2_2__f_clk/A (sky130_fd_sc_hd__clkbuf_16)
                  0.07    0.25    0.62 ^ clkbuf_2_2__f_clk/X (sky130_fd_sc_hd__clkbuf_16)
     6    0.02                           clknet_2_2__leaf_clk (net)
                  0.07    0.00    0.62 ^ _238_/CLK (sky130_fd_sc_hd__dfrtp_1)
                  0.12    0.82    1.44 v _238_/Q (sky130_fd_sc_hd__dfrtp_1)
     2    0.01                           net20 (net)
                  0.12    0.00    1.44 v output20/A (sky130_fd_sc_hd__buf_2)
                  0.17    0.38    1.82 v output20/X (sky130_fd_sc_hd__buf_2)
     1    0.03                           tx_done (net)
                  0.17    0.00    1.83 v tx_done (out)
                                  1.83   data arrival time

                         20.00   20.00   clock clk (rise edge)
                          0.00   20.00   clock network delay (propagated)
                         -0.25   19.75   clock uncertainty
                          0.00   19.75   clock reconvergence pessimism
                         -4.00   15.75   output external delay
                                 15.75   data required time
-----------------------------------------------------------------------------
                                 15.75   data required time
                                 -1.83   data arrival time
-----------------------------------------------------------------------------
                                 13.92   slack (MET)


Startpoint: _249_ (rising edge-triggered flip-flop clocked by clk)
Endpoint: rx_data[2] (output port clocked by clk)
Path Group: clk
Path Type: max
Corner: Slowest

Fanout     Cap    Slew   Delay    Time   Description
-----------------------------------------------------------------------------
                          0.00    0.00   clock clk (rise edge)
                          0.00    0.00   clock source latency
                  0.12    0.08    0.08 ^ clk (in)
     1    0.02                           clk (net)
                  0.12    0.00    0.08 ^ clkbuf_0_clk/A (sky130_fd_sc_hd__clkbuf_16)
                  0.10    0.29    0.37 ^ clkbuf_0_clk/X (sky130_fd_sc_hd__clkbuf_16)
     4    0.04                           clknet_0_clk (net)
                  0.10    0.00    0.38 ^ clkbuf_2_0__f_clk/A (sky130_fd_sc_hd__clkbuf_16)
                  0.08    0.26    0.63 ^ clkbuf_2_0__f_clk/X (sky130_fd_sc_hd__clkbuf_16)
     9    0.03                           clknet_2_0__leaf_clk (net)
                  0.08    0.00    0.63 ^ _249_/CLK (sky130_fd_sc_hd__dfrtp_1)
                  0.11    0.81    1.44 v _249_/Q (sky130_fd_sc_hd__dfrtp_1)
     2    0.01                           net13 (net)
                  0.11    0.00    1.45 v output13/A (sky130_fd_sc_hd__clkbuf_4)
                  0.14    0.36    1.80 v output13/X (sky130_fd_sc_hd__clkbuf_4)
     1    0.03                           rx_data[2] (net)
                  0.14    0.00    1.81 v rx_data[2] (out)
                                  1.81   data arrival time

                         20.00   20.00   clock clk (rise edge)
                          0.00   20.00   clock network delay (propagated)
                         -0.25   19.75   clock uncertainty
                          0.00   19.75   clock reconvergence pessimism
                         -4.00   15.75   output external delay
                                 15.75   data required time
-----------------------------------------------------------------------------
                                 15.75   data required time
                                 -1.81   data arrival time
-----------------------------------------------------------------------------
                                 13.94   slack (MET)


Startpoint: _253_ (rising edge-triggered flip-flop clocked by clk)
Endpoint: rx_data[6] (output port clocked by clk)
Path Group: clk
Path Type: max
Corner: Slowest

Fanout     Cap    Slew   Delay    Time   Description
-----------------------------------------------------------------------------
                          0.00    0.00   clock clk (rise edge)
                          0.00    0.00   clock source latency
                  0.12    0.08    0.08 ^ clk (in)
     1    0.02                           clk (net)
                  0.12    0.00    0.08 ^ clkbuf_0_clk/A (sky130_fd_sc_hd__clkbuf_16)
                  0.10    0.29    0.37 ^ clkbuf_0_clk/X (sky130_fd_sc_hd__clkbuf_16)
     4    0.04                           clknet_0_clk (net)
                  0.10    0.00    0.37 ^ clkbuf_2_3__f_clk/A (sky130_fd_sc_hd__clkbuf_16)
                  0.08    0.26    0.63 ^ clkbuf_2_3__f_clk/X (sky130_fd_sc_hd__clkbuf_16)
     9    0.03                           clknet_2_3__leaf_clk (net)
                  0.08    0.00    0.63 ^ _253_/CLK (sky130_fd_sc_hd__dfrtp_1)
                  0.11    0.81    1.44 v _253_/Q (sky130_fd_sc_hd__dfrtp_1)
     2    0.01                           net17 (net)
                  0.11    0.00    1.44 v output17/A (sky130_fd_sc_hd__clkbuf_4)
                  0.14    0.36    1.80 v output17/X (sky130_fd_sc_hd__clkbuf_4)
     1    0.03                           rx_data[6] (net)
                  0.14    0.00    1.80 v rx_data[6] (out)
                                  1.80   data arrival time

                         20.00   20.00   clock clk (rise edge)
                          0.00   20.00   clock network delay (propagated)
                         -0.25   19.75   clock uncertainty
                          0.00   19.75   clock reconvergence pessimism
                         -4.00   15.75   output external delay
                                 15.75   data required time
-----------------------------------------------------------------------------
                                 15.75   data required time
                                 -1.80   data arrival time
-----------------------------------------------------------------------------
                                 13.95   slack (MET)


Startpoint: _250_ (rising edge-triggered flip-flop clocked by clk)
Endpoint: rx_data[3] (output port clocked by clk)
Path Group: clk
Path Type: max
Corner: Slowest

Fanout     Cap    Slew   Delay    Time   Description
-----------------------------------------------------------------------------
                          0.00    0.00   clock clk (rise edge)
                          0.00    0.00   clock source latency
                  0.12    0.08    0.08 ^ clk (in)
     1    0.02                           clk (net)
                  0.12    0.00    0.08 ^ clkbuf_0_clk/A (sky130_fd_sc_hd__clkbuf_16)
                  0.10    0.29    0.37 ^ clkbuf_0_clk/X (sky130_fd_sc_hd__clkbuf_16)
     4    0.04                           clknet_0_clk (net)
                  0.10    0.00    0.38 ^ clkbuf_2_0__f_clk/A (sky130_fd_sc_hd__clkbuf_16)
                  0.08    0.26    0.63 ^ clkbuf_2_0__f_clk/X (sky130_fd_sc_hd__clkbuf_16)
     9    0.03                           clknet_2_0__leaf_clk (net)
                  0.08    0.00    0.63 ^ _250_/CLK (sky130_fd_sc_hd__dfrtp_1)
                  0.10    0.81    1.44 v _250_/Q (sky130_fd_sc_hd__dfrtp_1)
     2    0.01                           net14 (net)
                  0.10    0.00    1.44 v output14/A (sky130_fd_sc_hd__clkbuf_4)
                  0.14    0.36    1.80 v output14/X (sky130_fd_sc_hd__clkbuf_4)
     1    0.03                           rx_data[3] (net)
                  0.14    0.00    1.80 v rx_data[3] (out)
                                  1.80   data arrival time

                         20.00   20.00   clock clk (rise edge)
                          0.00   20.00   clock network delay (propagated)
                         -0.25   19.75   clock uncertainty
                          0.00   19.75   clock reconvergence pessimism
                         -4.00   15.75   output external delay
                                 15.75   data required time
-----------------------------------------------------------------------------
                                 15.75   data required time
                                 -1.80   data arrival time
-----------------------------------------------------------------------------
                                 13.95   slack (MET)


Startpoint: _251_ (rising edge-triggered flip-flop clocked by clk)
Endpoint: rx_data[4] (output port clocked by clk)
Path Group: clk
Path Type: max
Corner: Slowest

Fanout     Cap    Slew   Delay    Time   Description
-----------------------------------------------------------------------------
                          0.00    0.00   clock clk (rise edge)
                          0.00    0.00   clock source latency
                  0.12    0.08    0.08 ^ clk (in)
     1    0.02                           clk (net)
                  0.12    0.00    0.08 ^ clkbuf_0_clk/A (sky130_fd_sc_hd__clkbuf_16)
                  0.10    0.29    0.37 ^ clkbuf_0_clk/X (sky130_fd_sc_hd__clkbuf_16)
     4    0.04                           clknet_0_clk (net)
                  0.10    0.00    0.37 ^ clkbuf_2_2__f_clk/A (sky130_fd_sc_hd__clkbuf_16)
                  0.07    0.25    0.62 ^ clkbuf_2_2__f_clk/X (sky130_fd_sc_hd__clkbuf_16)
     6    0.02                           clknet_2_2__leaf_clk (net)
                  0.07    0.00    0.62 ^ _251_/CLK (sky130_fd_sc_hd__dfrtp_1)
                  0.10    0.80    1.42 v _251_/Q (sky130_fd_sc_hd__dfrtp_1)
     2    0.01                           net15 (net)
                  0.10    0.00    1.42 v output15/A (sky130_fd_sc_hd__clkbuf_4)
                  0.14    0.35    1.78 v output15/X (sky130_fd_sc_hd__clkbuf_4)
     1    0.03                           rx_data[4] (net)
                  0.14    0.00    1.78 v rx_data[4] (out)
                                  1.78   data arrival time

                         20.00   20.00   clock clk (rise edge)
                          0.00   20.00   clock network delay (propagated)
                         -0.25   19.75   clock uncertainty
                          0.00   19.75   clock reconvergence pessimism
                         -4.00   15.75   output external delay
                                 15.75   data required time
-----------------------------------------------------------------------------
                                 15.75   data required time
                                 -1.78   data arrival time
-----------------------------------------------------------------------------
                                 13.97   slack (MET)


Startpoint: _233_ (rising edge-triggered flip-flop clocked by clk)
Endpoint: _250_ (rising edge-triggered flip-flop clocked by clk)
Path Group: clk
Path Type: max
Corner: Slowest

Fanout     Cap    Slew   Delay    Time   Description
-----------------------------------------------------------------------------
                          0.00    0.00   clock clk (rise edge)
                          0.00    0.00   clock source latency
                  0.12    0.08    0.08 ^ clk (in)
     1    0.02                           clk (net)
                  0.12    0.00    0.08 ^ clkbuf_0_clk/A (sky130_fd_sc_hd__clkbuf_16)
                  0.10    0.29    0.37 ^ clkbuf_0_clk/X (sky130_fd_sc_hd__clkbuf_16)
     4    0.04                           clknet_0_clk (net)
                  0.10    0.00    0.37 ^ clkbuf_2_2__f_clk/A (sky130_fd_sc_hd__clkbuf_16)
                  0.07    0.25    0.62 ^ clkbuf_2_2__f_clk/X (sky130_fd_sc_hd__clkbuf_16)
     6    0.02                           clknet_2_2__leaf_clk (net)
                  0.07    0.00    0.62 ^ _233_/CLK (sky130_fd_sc_hd__dfrtp_1)
                  0.17    0.88    1.50 v _233_/Q (sky130_fd_sc_hd__dfrtp_1)
     5    0.01                           rx_inst.state[3] (net)
                  0.17    0.00    1.50 v _119_/A (sky130_fd_sc_hd__or3_2)
                  0.26    1.37    2.87 v _119_/X (sky130_fd_sc_hd__or3_2)
     6    0.02                           _061_ (net)
                  0.26    0.00    2.87 v _136_/D (sky130_fd_sc_hd__or4_1)
                  0.22    1.14    4.02 v _136_/X (sky130_fd_sc_hd__or4_1)
     1    0.01                           _074_ (net)
                  0.22    0.00    4.02 v _137_/S (sky130_fd_sc_hd__mux2_1)
                  0.11    0.78    4.80 v _137_/X (sky130_fd_sc_hd__mux2_1)
     1    0.00                           _075_ (net)
                  0.11    0.00    4.80 v _138_/A (sky130_fd_sc_hd__clkbuf_1)
                  0.05    0.18    4.98 v _138_/X (sky130_fd_sc_hd__clkbuf_1)
     1    0.00                           _044_ (net)
                  0.05    0.00    4.98 v _250_/D (sky130_fd_sc_hd__dfrtp_1)
                                  4.98   data arrival time

                         20.00   20.00   clock clk (rise edge)
                          0.00   20.00   clock source latency
                  0.12    0.08   20.08 ^ clk (in)
     1    0.02                           clk (net)
                  0.12    0.00   20.08 ^ clkbuf_0_clk/A (sky130_fd_sc_hd__clkbuf_16)
                  0.10    0.26   20.34 ^ clkbuf_0_clk/X (sky130_fd_sc_hd__clkbuf_16)
     4    0.04                           clknet_0_clk (net)
                  0.10    0.00   20.34 ^ clkbuf_2_0__f_clk/A (sky130_fd_sc_hd__clkbuf_16)
                  0.08    0.23   20.57 ^ clkbuf_2_0__f_clk/X (sky130_fd_sc_hd__clkbuf_16)
     9    0.03                           clknet_2_0__leaf_clk (net)
                  0.08    0.00   20.57 ^ _250_/CLK (sky130_fd_sc_hd__dfrtp_1)
                         -0.25   20.32   clock uncertainty
                          0.04   20.36   clock reconvergence pessimism
                         -0.27   20.09   library setup time
                                 20.09   data required time
-----------------------------------------------------------------------------
                                 20.09   data required time
                                 -4.98   data arrival time
-----------------------------------------------------------------------------
                                 15.11   slack (MET)


Startpoint: _233_ (rising edge-triggered flip-flop clocked by clk)
Endpoint: _249_ (rising edge-triggered flip-flop clocked by clk)
Path Group: clk
Path Type: max
Corner: Slowest

Fanout     Cap    Slew   Delay    Time   Description
-----------------------------------------------------------------------------
                          0.00    0.00   clock clk (rise edge)
                          0.00    0.00   clock source latency
                  0.12    0.08    0.08 ^ clk (in)
     1    0.02                           clk (net)
                  0.12    0.00    0.08 ^ clkbuf_0_clk/A (sky130_fd_sc_hd__clkbuf_16)
                  0.10    0.29    0.37 ^ clkbuf_0_clk/X (sky130_fd_sc_hd__clkbuf_16)
     4    0.04                           clknet_0_clk (net)
                  0.10    0.00    0.37 ^ clkbuf_2_2__f_clk/A (sky130_fd_sc_hd__clkbuf_16)
                  0.07    0.25    0.62 ^ clkbuf_2_2__f_clk/X (sky130_fd_sc_hd__clkbuf_16)
     6    0.02                           clknet_2_2__leaf_clk (net)
                  0.07    0.00    0.62 ^ _233_/CLK (sky130_fd_sc_hd__dfrtp_1)
                  0.17    0.88    1.50 v _233_/Q (sky130_fd_sc_hd__dfrtp_1)
     5    0.01                           rx_inst.state[3] (net)
                  0.17    0.00    1.50 v _119_/A (sky130_fd_sc_hd__or3_2)
                  0.26    1.37    2.87 v _119_/X (sky130_fd_sc_hd__or3_2)
     6    0.02                           _061_ (net)
                  0.26    0.00    2.87 v _139_/D (sky130_fd_sc_hd__or4_1)
                  0.21    1.11    3.98 v _139_/X (sky130_fd_sc_hd__or4_1)
     1    0.00                           _076_ (net)
                  0.21    0.00    3.98 v _140_/S (sky130_fd_sc_hd__mux2_1)
                  0.11    0.77    4.75 v _140_/X (sky130_fd_sc_hd__mux2_1)
     1    0.00                           _077_ (net)
                  0.11    0.00    4.75 v _141_/A (sky130_fd_sc_hd__clkbuf_1)
                  0.05    0.18    4.93 v _141_/X (sky130_fd_sc_hd__clkbuf_1)
     1    0.00                           _043_ (net)
                  0.05    0.00    4.94 v _249_/D (sky130_fd_sc_hd__dfrtp_1)
                                  4.94   data arrival time

                         20.00   20.00   clock clk (rise edge)
                          0.00   20.00   clock source latency
                  0.12    0.08   20.08 ^ clk (in)
     1    0.02                           clk (net)
                  0.12    0.00   20.08 ^ clkbuf_0_clk/A (sky130_fd_sc_hd__clkbuf_16)
                  0.10    0.26   20.34 ^ clkbuf_0_clk/X (sky130_fd_sc_hd__clkbuf_16)
     4    0.04                           clknet_0_clk (net)
                  0.10    0.00   20.34 ^ clkbuf_2_0__f_clk/A (sky130_fd_sc_hd__clkbuf_16)
                  0.08    0.23   20.57 ^ clkbuf_2_0__f_clk/X (sky130_fd_sc_hd__clkbuf_16)
     9    0.03                           clknet_2_0__leaf_clk (net)
                  0.08    0.00   20.57 ^ _249_/CLK (sky130_fd_sc_hd__dfrtp_1)
                         -0.25   20.32   clock uncertainty
                          0.04   20.36   clock reconvergence pessimism
                         -0.26   20.09   library setup time
                                 20.09   data required time
-----------------------------------------------------------------------------
                                 20.09   data required time
                                 -4.94   data arrival time
-----------------------------------------------------------------------------
                                 15.16   slack (MET)


Startpoint: _233_ (rising edge-triggered flip-flop clocked by clk)
Endpoint: _248_ (rising edge-triggered flip-flop clocked by clk)
Path Group: clk
Path Type: max
Corner: Slowest

Fanout     Cap    Slew   Delay    Time   Description
-----------------------------------------------------------------------------
                          0.00    0.00   clock clk (rise edge)
                          0.00    0.00   clock source latency
                  0.12    0.08    0.08 ^ clk (in)
     1    0.02                           clk (net)
                  0.12    0.00    0.08 ^ clkbuf_0_clk/A (sky130_fd_sc_hd__clkbuf_16)
                  0.10    0.29    0.37 ^ clkbuf_0_clk/X (sky130_fd_sc_hd__clkbuf_16)
     4    0.04                           clknet_0_clk (net)
                  0.10    0.00    0.37 ^ clkbuf_2_2__f_clk/A (sky130_fd_sc_hd__clkbuf_16)
                  0.07    0.25    0.62 ^ clkbuf_2_2__f_clk/X (sky130_fd_sc_hd__clkbuf_16)
     6    0.02                           clknet_2_2__leaf_clk (net)
                  0.07    0.00    0.62 ^ _233_/CLK (sky130_fd_sc_hd__dfrtp_1)
                  0.17    0.88    1.50 v _233_/Q (sky130_fd_sc_hd__dfrtp_1)
     5    0.01                           rx_inst.state[3] (net)
                  0.17    0.00    1.50 v _119_/A (sky130_fd_sc_hd__or3_2)
                  0.26    1.37    2.87 v _119_/X (sky130_fd_sc_hd__or3_2)
     6    0.02                           _061_ (net)
                  0.26    0.00    2.87 v _142_/D (sky130_fd_sc_hd__or4_1)
                  0.19    1.09    3.96 v _142_/X (sky130_fd_sc_hd__or4_1)
     1    0.00                           _078_ (net)
                  0.19    0.00    3.96 v _143_/S (sky130_fd_sc_hd__mux2_1)
                  0.11    0.78    4.74 v _143_/X (sky130_fd_sc_hd__mux2_1)
     1    0.00                           _079_ (net)
                  0.11    0.00    4.74 v _144_/A (sky130_fd_sc_hd__clkbuf_1)
                  0.05    0.19    4.92 v _144_/X (sky130_fd_sc_hd__clkbuf_1)
     1    0.00                           _042_ (net)
                  0.05    0.00    4.92 v _248_/D (sky130_fd_sc_hd__dfrtp_1)
                                  4.92   data arrival time

                         20.00   20.00   clock clk (rise edge)
                          0.00   20.00   clock source latency
                  0.12    0.08   20.08 ^ clk (in)
     1    0.02                           clk (net)
                  0.12    0.00   20.08 ^ clkbuf_0_clk/A (sky130_fd_sc_hd__clkbuf_16)
                  0.10    0.26   20.34 ^ clkbuf_0_clk/X (sky130_fd_sc_hd__clkbuf_16)
     4    0.04                           clknet_0_clk (net)
                  0.10    0.00   20.34 ^ clkbuf_2_1__f_clk/A (sky130_fd_sc_hd__clkbuf_16)
                  0.08    0.23   20.57 ^ clkbuf_2_1__f_clk/X (sky130_fd_sc_hd__clkbuf_16)
     9    0.03                           clknet_2_1__leaf_clk (net)
                  0.08    0.00   20.57 ^ _248_/CLK (sky130_fd_sc_hd__dfrtp_1)
                         -0.25   20.32   clock uncertainty
                          0.04   20.36   clock reconvergence pessimism
                         -0.27   20.09   library setup time
                                 20.09   data required time
-----------------------------------------------------------------------------
                                 20.09   data required time
                                 -4.92   data arrival time
-----------------------------------------------------------------------------
                                 15.17   slack (MET)


Startpoint: _233_ (rising edge-triggered flip-flop clocked by clk)
Endpoint: _253_ (rising edge-triggered flip-flop clocked by clk)
Path Group: clk
Path Type: max
Corner: Slowest

Fanout     Cap    Slew   Delay    Time   Description
-----------------------------------------------------------------------------
                          0.00    0.00   clock clk (rise edge)
                          0.00    0.00   clock source latency
                  0.12    0.08    0.08 ^ clk (in)
     1    0.02                           clk (net)
                  0.12    0.00    0.08 ^ clkbuf_0_clk/A (sky130_fd_sc_hd__clkbuf_16)
                  0.10    0.29    0.37 ^ clkbuf_0_clk/X (sky130_fd_sc_hd__clkbuf_16)
     4    0.04                           clknet_0_clk (net)
                  0.10    0.00    0.37 ^ clkbuf_2_2__f_clk/A (sky130_fd_sc_hd__clkbuf_16)
                  0.07    0.25    0.62 ^ clkbuf_2_2__f_clk/X (sky130_fd_sc_hd__clkbuf_16)
     6    0.02                           clknet_2_2__leaf_clk (net)
                  0.07    0.00    0.62 ^ _233_/CLK (sky130_fd_sc_hd__dfrtp_1)
                  0.17    0.88    1.50 v _233_/Q (sky130_fd_sc_hd__dfrtp_1)
     5    0.01                           rx_inst.state[3] (net)
                  0.17    0.00    1.50 v _126_/A (sky130_fd_sc_hd__or4b_1)
                  0.26    1.43    2.93 v _126_/X (sky130_fd_sc_hd__or4b_1)
     3    0.01                           _067_ (net)
                  0.26    0.00    2.93 v _127_/C (sky130_fd_sc_hd__or3_1)
                  0.19    0.91    3.84 v _127_/X (sky130_fd_sc_hd__or3_1)
     1    0.01                           _068_ (net)
                  0.19    0.00    3.84 v _128_/S (sky130_fd_sc_hd__mux2_1)
                  0.11    0.77    4.61 v _128_/X (sky130_fd_sc_hd__mux2_1)
     1    0.00                           _069_ (net)
                  0.11    0.00    4.61 v _129_/A (sky130_fd_sc_hd__clkbuf_1)
                  0.05    0.19    4.80 v _129_/X (sky130_fd_sc_hd__clkbuf_1)
     1    0.00                           _047_ (net)
                  0.05    0.00    4.80 v _253_/D (sky130_fd_sc_hd__dfrtp_1)
                                  4.80   data arrival time

                         20.00   20.00   clock clk (rise edge)
                          0.00   20.00   clock source latency
                  0.12    0.08   20.08 ^ clk (in)
     1    0.02                           clk (net)
                  0.12    0.00   20.08 ^ clkbuf_0_clk/A (sky130_fd_sc_hd__clkbuf_16)
                  0.10    0.26   20.34 ^ clkbuf_0_clk/X (sky130_fd_sc_hd__clkbuf_16)
     4    0.04                           clknet_0_clk (net)
                  0.10    0.00   20.34 ^ clkbuf_2_3__f_clk/A (sky130_fd_sc_hd__clkbuf_16)
                  0.08    0.23   20.57 ^ clkbuf_2_3__f_clk/X (sky130_fd_sc_hd__clkbuf_16)
     9    0.03                           clknet_2_3__leaf_clk (net)
                  0.08    0.00   20.57 ^ _253_/CLK (sky130_fd_sc_hd__dfrtp_1)
                         -0.25   20.32   clock uncertainty
                          0.04   20.36   clock reconvergence pessimism
                         -0.27   20.09   library setup time
                                 20.09   data required time
-----------------------------------------------------------------------------
                                 20.09   data required time
                                 -4.80   data arrival time
-----------------------------------------------------------------------------
                                 15.29   slack (MET)


Startpoint: _233_ (rising edge-triggered flip-flop clocked by clk)
Endpoint: _246_ (rising edge-triggered flip-flop clocked by clk)
Path Group: clk
Path Type: max
Corner: Slowest

Fanout     Cap    Slew   Delay    Time   Description
-----------------------------------------------------------------------------
                          0.00    0.00   clock clk (rise edge)
                          0.00    0.00   clock source latency
                  0.12    0.08    0.08 ^ clk (in)
     1    0.02                           clk (net)
                  0.12    0.00    0.08 ^ clkbuf_0_clk/A (sky130_fd_sc_hd__clkbuf_16)
                  0.10    0.29    0.37 ^ clkbuf_0_clk/X (sky130_fd_sc_hd__clkbuf_16)
     4    0.04                           clknet_0_clk (net)
                  0.10    0.00    0.37 ^ clkbuf_2_2__f_clk/A (sky130_fd_sc_hd__clkbuf_16)
                  0.07    0.25    0.62 ^ clkbuf_2_2__f_clk/X (sky130_fd_sc_hd__clkbuf_16)
     6    0.02                           clknet_2_2__leaf_clk (net)
                  0.07    0.00    0.62 ^ _233_/CLK (sky130_fd_sc_hd__dfrtp_1)
                  0.17    0.88    1.50 v _233_/Q (sky130_fd_sc_hd__dfrtp_1)
     5    0.01                           rx_inst.state[3] (net)
                  0.17    0.00    1.50 v hold35/A (sky130_fd_sc_hd__dlygate4sd3_1)
                  0.11    1.23    2.73 v hold35/X (sky130_fd_sc_hd__dlygate4sd3_1)
     1    0.00                           net55 (net)
                  0.11    0.00    2.73 v _149_/A1 (sky130_fd_sc_hd__o21a_1)
                  0.10    0.41    3.14 v _149_/X (sky130_fd_sc_hd__o21a_1)
     2    0.01                           _000_ (net)
                  0.10    0.00    3.14 v _150_/B1 (sky130_fd_sc_hd__o22a_1)
                  0.10    0.39    3.53 v _150_/X (sky130_fd_sc_hd__o22a_1)
     1    0.00                           _040_ (net)
                  0.10    0.00    3.53 v hold10/A (sky130_fd_sc_hd__dlygate4sd3_1)
                  0.13    1.23    4.76 v hold10/X (sky130_fd_sc_hd__dlygate4sd3_1)
     1    0.01                           net30 (net)
                  0.13    0.00    4.76 v _246_/D (sky130_fd_sc_hd__dfrtp_1)
                                  4.76   data arrival time

                         20.00   20.00   clock clk (rise edge)
                          0.00   20.00   clock source latency
                  0.12    0.08   20.08 ^ clk (in)
     1    0.02                           clk (net)
                  0.12    0.00   20.08 ^ clkbuf_0_clk/A (sky130_fd_sc_hd__clkbuf_16)
                  0.10    0.26   20.34 ^ clkbuf_0_clk/X (sky130_fd_sc_hd__clkbuf_16)
     4    0.04                           clknet_0_clk (net)
                  0.10    0.00   20.34 ^ clkbuf_2_0__f_clk/A (sky130_fd_sc_hd__clkbuf_16)
                  0.08    0.23   20.57 ^ clkbuf_2_0__f_clk/X (sky130_fd_sc_hd__clkbuf_16)
     9    0.03                           clknet_2_0__leaf_clk (net)
                  0.08    0.00   20.57 ^ _246_/CLK (sky130_fd_sc_hd__dfrtp_1)
                         -0.25   20.32   clock uncertainty
                          0.04   20.36   clock reconvergence pessimism
                         -0.30   20.06   library setup time
                                 20.06   data required time
-----------------------------------------------------------------------------
                                 20.06   data required time
                                 -4.76   data arrival time
-----------------------------------------------------------------------------
                                 15.30   slack (MET)


Startpoint: _233_ (rising edge-triggered flip-flop clocked by clk)
Endpoint: _251_ (rising edge-triggered flip-flop clocked by clk)
Path Group: clk
Path Type: max
Corner: Slowest

Fanout     Cap    Slew   Delay    Time   Description
-----------------------------------------------------------------------------
                          0.00    0.00   clock clk (rise edge)
                          0.00    0.00   clock source latency
                  0.12    0.08    0.08 ^ clk (in)
     1    0.02                           clk (net)
                  0.12    0.00    0.08 ^ clkbuf_0_clk/A (sky130_fd_sc_hd__clkbuf_16)
                  0.10    0.29    0.37 ^ clkbuf_0_clk/X (sky130_fd_sc_hd__clkbuf_16)
     4    0.04                           clknet_0_clk (net)
                  0.10    0.00    0.37 ^ clkbuf_2_2__f_clk/A (sky130_fd_sc_hd__clkbuf_16)
                  0.07    0.25    0.62 ^ clkbuf_2_2__f_clk/X (sky130_fd_sc_hd__clkbuf_16)
     6    0.02                           clknet_2_2__leaf_clk (net)
                  0.07    0.00    0.62 ^ _233_/CLK (sky130_fd_sc_hd__dfrtp_1)
                  0.17    0.88    1.50 v _233_/Q (sky130_fd_sc_hd__dfrtp_1)
     5    0.01                           rx_inst.state[3] (net)
                  0.17    0.00    1.50 v _126_/A (sky130_fd_sc_hd__or4b_1)
                  0.26    1.43    2.93 v _126_/X (sky130_fd_sc_hd__or4b_1)
     3    0.01                           _067_ (net)
                  0.26    0.00    2.93 v _133_/C (sky130_fd_sc_hd__or3_1)
                  0.18    0.90    3.83 v _133_/X (sky130_fd_sc_hd__or3_1)
     1    0.01                           _072_ (net)
                  0.18    0.00    3.83 v _134_/S (sky130_fd_sc_hd__mux2_1)
                  0.11    0.77    4.59 v _134_/X (sky130_fd_sc_hd__mux2_1)
     1    0.00                           _073_ (net)
                  0.11    0.00    4.59 v _135_/A (sky130_fd_sc_hd__clkbuf_1)
                  0.04    0.18    4.77 v _135_/X (sky130_fd_sc_hd__clkbuf_1)
     1    0.00                           _045_ (net)
                  0.04    0.00    4.77 v _251_/D (sky130_fd_sc_hd__dfrtp_1)
                                  4.77   data arrival time

                         20.00   20.00   clock clk (rise edge)
                          0.00   20.00   clock source latency
                  0.12    0.08   20.08 ^ clk (in)
     1    0.02                           clk (net)
                  0.12    0.00   20.08 ^ clkbuf_0_clk/A (sky130_fd_sc_hd__clkbuf_16)
                  0.10    0.26   20.34 ^ clkbuf_0_clk/X (sky130_fd_sc_hd__clkbuf_16)
     4    0.04                           clknet_0_clk (net)
                  0.10    0.00   20.34 ^ clkbuf_2_2__f_clk/A (sky130_fd_sc_hd__clkbuf_16)
                  0.07    0.22   20.56 ^ clkbuf_2_2__f_clk/X (sky130_fd_sc_hd__clkbuf_16)
     6    0.02                           clknet_2_2__leaf_clk (net)
                  0.07    0.00   20.56 ^ _251_/CLK (sky130_fd_sc_hd__dfrtp_1)
                         -0.25   20.31   clock uncertainty
                          0.06   20.37   clock reconvergence pessimism
                         -0.27   20.11   library setup time
                                 20.11   data required time
-----------------------------------------------------------------------------
                                 20.11   data required time
                                 -4.77   data arrival time
-----------------------------------------------------------------------------
                                 15.34   slack (MET)


Startpoint: start (input port clocked by clk)
Endpoint: _242_ (rising edge-triggered flip-flop clocked by clk)
Path Group: clk
Path Type: max
Corner: Slowest

Fanout     Cap    Slew   Delay    Time   Description
-----------------------------------------------------------------------------
                          0.00    0.00   clock clk (rise edge)
                          0.00    0.00   clock network delay (propagated)
                          4.00    4.00 ^ input external delay
                  0.04    0.02    4.02 ^ start (in)
     1    0.00                           start (net)
                  0.04    0.00    4.02 ^ input2/A (sky130_fd_sc_hd__buf_1)
                  0.29    0.31    4.33 ^ input2/X (sky130_fd_sc_hd__buf_1)
     2    0.01                           net2 (net)
                  0.29    0.00    4.33 ^ _170_/A (sky130_fd_sc_hd__inv_2)
                  0.07    0.15    4.48 v _170_/Y (sky130_fd_sc_hd__inv_2)
     2    0.01                           _095_ (net)
                  0.07    0.00    4.48 v _171_/A2 (sky130_fd_sc_hd__a21o_1)
                  0.06    0.33    4.81 v _171_/X (sky130_fd_sc_hd__a21o_1)
     1    0.00                           _006_ (net)
                  0.06    0.00    4.81 v _242_/D (sky130_fd_sc_hd__dfstp_1)
                                  4.81   data arrival time

                         20.00   20.00   clock clk (rise edge)
                          0.00   20.00   clock source latency
                  0.12    0.08   20.08 ^ clk (in)
     1    0.02                           clk (net)
                  0.12    0.00   20.08 ^ clkbuf_0_clk/A (sky130_fd_sc_hd__clkbuf_16)
                  0.10    0.26   20.34 ^ clkbuf_0_clk/X (sky130_fd_sc_hd__clkbuf_16)
     4    0.04                           clknet_0_clk (net)
                  0.10    0.00   20.34 ^ clkbuf_2_3__f_clk/A (sky130_fd_sc_hd__clkbuf_16)
                  0.08    0.23   20.57 ^ clkbuf_2_3__f_clk/X (sky130_fd_sc_hd__clkbuf_16)
     9    0.03                           clknet_2_3__leaf_clk (net)
                  0.08    0.00   20.57 ^ _242_/CLK (sky130_fd_sc_hd__dfstp_1)
                         -0.25   20.32   clock uncertainty
                          0.00   20.32   clock reconvergence pessimism
                         -0.14   20.18   library setup time
                                 20.18   data required time
-----------------------------------------------------------------------------
                                 20.18   data required time
                                 -4.81   data arrival time
-----------------------------------------------------------------------------
                                 15.37   slack (MET)


Startpoint: _242_ (rising edge-triggered flip-flop clocked by clk)
Endpoint: _238_ (rising edge-triggered flip-flop clocked by clk)
Path Group: clk
Path Type: max
Corner: Slowest

Fanout     Cap    Slew   Delay    Time   Description
-----------------------------------------------------------------------------
                          0.00    0.00   clock clk (rise edge)
                          0.00    0.00   clock source latency
                  0.12    0.08    0.08 ^ clk (in)
     1    0.02                           clk (net)
                  0.12    0.00    0.08 ^ clkbuf_0_clk/A (sky130_fd_sc_hd__clkbuf_16)
                  0.10    0.29    0.37 ^ clkbuf_0_clk/X (sky130_fd_sc_hd__clkbuf_16)
     4    0.04                           clknet_0_clk (net)
                  0.10    0.00    0.37 ^ clkbuf_2_3__f_clk/A (sky130_fd_sc_hd__clkbuf_16)
                  0.08    0.26    0.63 ^ clkbuf_2_3__f_clk/X (sky130_fd_sc_hd__clkbuf_16)
     9    0.03                           clknet_2_3__leaf_clk (net)
                  0.08    0.00    0.63 ^ _242_/CLK (sky130_fd_sc_hd__dfstp_1)
                  0.15    1.19    1.82 ^ _242_/Q (sky130_fd_sc_hd__dfstp_1)
     3    0.01                           tx_inst.state[0] (net)
                  0.15    0.00    1.82 ^ hold7/A (sky130_fd_sc_hd__dlygate4sd3_1)
                  0.16    1.20    3.02 ^ hold7/X (sky130_fd_sc_hd__dlygate4sd3_1)
     2    0.01                           net27 (net)
                  0.16    0.00    3.02 ^ _159_/A (sky130_fd_sc_hd__inv_2)
                  0.05    0.11    3.13 v _159_/Y (sky130_fd_sc_hd__inv_2)
     2    0.01                           _088_ (net)
                  0.05    0.00    3.13 v _160_/A2 (sky130_fd_sc_hd__a21o_1)
                  0.05    0.31    3.44 v _160_/X (sky130_fd_sc_hd__a21o_1)
     1    0.00                           _036_ (net)
                  0.05    0.00    3.44 v hold6/A (sky130_fd_sc_hd__dlygate4sd3_1)
                  0.10    1.17    4.61 v hold6/X (sky130_fd_sc_hd__dlygate4sd3_1)
     1    0.00                           net26 (net)
                  0.10    0.00    4.61 v _238_/D (sky130_fd_sc_hd__dfrtp_1)
                                  4.61   data arrival time

                         20.00   20.00   clock clk (rise edge)
                          0.00   20.00   clock source latency
                  0.12    0.08   20.08 ^ clk (in)
     1    0.02                           clk (net)
                  0.12    0.00   20.08 ^ clkbuf_0_clk/A (sky130_fd_sc_hd__clkbuf_16)
                  0.10    0.26   20.34 ^ clkbuf_0_clk/X (sky130_fd_sc_hd__clkbuf_16)
     4    0.04                           clknet_0_clk (net)
                  0.10    0.00   20.34 ^ clkbuf_2_2__f_clk/A (sky130_fd_sc_hd__clkbuf_16)
                  0.07    0.22   20.56 ^ clkbuf_2_2__f_clk/X (sky130_fd_sc_hd__clkbuf_16)
     6    0.02                           clknet_2_2__leaf_clk (net)
                  0.07    0.00   20.56 ^ _238_/CLK (sky130_fd_sc_hd__dfrtp_1)
                         -0.25   20.31   clock uncertainty
                          0.04   20.35   clock reconvergence pessimism
                         -0.29   20.06   library setup time
                                 20.06   data required time
-----------------------------------------------------------------------------
                                 20.06   data required time
                                 -4.61   data arrival time
-----------------------------------------------------------------------------
                                 15.45   slack (MET)


Startpoint: _237_ (rising edge-triggered flip-flop clocked by clk)
Endpoint: _233_ (rising edge-triggered flip-flop clocked by clk)
Path Group: clk
Path Type: max
Corner: Slowest

Fanout     Cap    Slew   Delay    Time   Description
-----------------------------------------------------------------------------
                          0.00    0.00   clock clk (rise edge)
                          0.00    0.00   clock source latency
                  0.12    0.08    0.08 ^ clk (in)
     1    0.02                           clk (net)
                  0.12    0.00    0.08 ^ clkbuf_0_clk/A (sky130_fd_sc_hd__clkbuf_16)
                  0.10    0.29    0.37 ^ clkbuf_0_clk/X (sky130_fd_sc_hd__clkbuf_16)
     4    0.04                           clknet_0_clk (net)
                  0.10    0.00    0.37 ^ clkbuf_2_3__f_clk/A (sky130_fd_sc_hd__clkbuf_16)
                  0.08    0.26    0.63 ^ clkbuf_2_3__f_clk/X (sky130_fd_sc_hd__clkbuf_16)
     9    0.03                           clknet_2_3__leaf_clk (net)
                  0.08    0.00    0.63 ^ _237_/CLK (sky130_fd_sc_hd__dfstp_1)
                  0.10    1.15    1.78 ^ _237_/Q (sky130_fd_sc_hd__dfstp_1)
     2    0.01                           rx_inst.rx (net)
                  0.10    0.00    1.78 ^ hold17/A (sky130_fd_sc_hd__dlygate4sd3_1)
                  0.14    1.15    2.94 ^ hold17/X (sky130_fd_sc_hd__dlygate4sd3_1)
     1    0.01                           net37 (net)
                  0.14    0.00    2.94 ^ _174_/A (sky130_fd_sc_hd__inv_2)
                  0.04    0.09    3.02 v _174_/Y (sky130_fd_sc_hd__inv_2)
     1    0.00                           _096_ (net)
                  0.04    0.00    3.02 v _175_/B1 (sky130_fd_sc_hd__a32o_1)
                  0.06    0.36    3.38 v _175_/X (sky130_fd_sc_hd__a32o_1)
     1    0.00                           _005_ (net)
                  0.06    0.00    3.38 v hold18/A (sky130_fd_sc_hd__dlygate4sd3_1)
                  0.10    1.17    4.55 v hold18/X (sky130_fd_sc_hd__dlygate4sd3_1)
     1    0.00                           net38 (net)
                  0.10    0.00    4.55 v _233_/D (sky130_fd_sc_hd__dfrtp_1)
                                  4.55   data arrival time

                         20.00   20.00   clock clk (rise edge)
                          0.00   20.00   clock source latency
                  0.12    0.08   20.08 ^ clk (in)
     1    0.02                           clk (net)
                  0.12    0.00   20.08 ^ clkbuf_0_clk/A (sky130_fd_sc_hd__clkbuf_16)
                  0.10    0.26   20.34 ^ clkbuf_0_clk/X (sky130_fd_sc_hd__clkbuf_16)
     4    0.04                           clknet_0_clk (net)
                  0.10    0.00   20.34 ^ clkbuf_2_2__f_clk/A (sky130_fd_sc_hd__clkbuf_16)
                  0.07    0.22   20.56 ^ clkbuf_2_2__f_clk/X (sky130_fd_sc_hd__clkbuf_16)
     6    0.02                           clknet_2_2__leaf_clk (net)
                  0.07    0.00   20.56 ^ _233_/CLK (sky130_fd_sc_hd__dfrtp_1)
                         -0.25   20.31   clock uncertainty
                          0.04   20.35   clock reconvergence pessimism
                         -0.29   20.06   library setup time
                                 20.06   data required time
-----------------------------------------------------------------------------
                                 20.06   data required time
                                 -4.55   data arrival time
-----------------------------------------------------------------------------
                                 15.50   slack (MET)


Startpoint: start (input port clocked by clk)
Endpoint: _244_ (rising edge-triggered flip-flop clocked by clk)
Path Group: clk
Path Type: max
Corner: Slowest

Fanout     Cap    Slew   Delay    Time   Description
-----------------------------------------------------------------------------
                          0.00    0.00   clock clk (rise edge)
                          0.00    0.00   clock network delay (propagated)
                          4.00    4.00 ^ input external delay
                  0.04    0.02    4.02 ^ start (in)
     1    0.00                           start (net)
                  0.04    0.00    4.02 ^ input2/A (sky130_fd_sc_hd__buf_1)
                  0.29    0.31    4.33 ^ input2/X (sky130_fd_sc_hd__buf_1)
     2    0.01                           net2 (net)
                  0.29    0.00    4.33 ^ _170_/A (sky130_fd_sc_hd__inv_2)
                  0.07    0.15    4.48 v _170_/Y (sky130_fd_sc_hd__inv_2)
     2    0.01                           _095_ (net)
                  0.07    0.00    4.48 v _176_/B (sky130_fd_sc_hd__nor2_1)
                  0.13    0.15    4.63 ^ _176_/Y (sky130_fd_sc_hd__nor2_1)
     1    0.00                           _002_ (net)
                  0.13    0.00    4.63 ^ _244_/D (sky130_fd_sc_hd__dfrtp_1)
                                  4.63   data arrival time

                         20.00   20.00   clock clk (rise edge)
                          0.00   20.00   clock source latency
                  0.12    0.08   20.08 ^ clk (in)
     1    0.02                           clk (net)
                  0.12    0.00   20.08 ^ clkbuf_0_clk/A (sky130_fd_sc_hd__clkbuf_16)
                  0.10    0.26   20.34 ^ clkbuf_0_clk/X (sky130_fd_sc_hd__clkbuf_16)
     4    0.04                           clknet_0_clk (net)
                  0.10    0.00   20.34 ^ clkbuf_2_3__f_clk/A (sky130_fd_sc_hd__clkbuf_16)
                  0.08    0.23   20.57 ^ clkbuf_2_3__f_clk/X (sky130_fd_sc_hd__clkbuf_16)
     9    0.03                           clknet_2_3__leaf_clk (net)
                  0.08    0.00   20.57 ^ _244_/CLK (sky130_fd_sc_hd__dfrtp_1)
                         -0.25   20.32   clock uncertainty
                          0.00   20.32   clock reconvergence pessimism
                         -0.15   20.18   library setup time
                                 20.18   data required time
-----------------------------------------------------------------------------
                                 20.18   data required time
                                 -4.63   data arrival time
-----------------------------------------------------------------------------
                                 15.55   slack (MET)


Startpoint: reset (input port clocked by clk)
Endpoint: _237_ (recovery check against rising-edge clock clk)
Path Group: asynchronous
Path Type: max
Corner: Slowest

Fanout     Cap    Slew   Delay    Time   Description
-----------------------------------------------------------------------------
                          0.00    0.00   clock clk (rise edge)
                          0.00    0.00   clock network delay (propagated)
                          4.00    4.00 v input external delay
                  0.02    0.01    4.01 v reset (in)
     1    0.00                           reset (net)
                  0.02    0.00    4.01 v input1/A (sky130_fd_sc_hd__clkbuf_4)
                  0.17    0.34    4.35 v input1/X (sky130_fd_sc_hd__clkbuf_4)
     7    0.04                           net1 (net)
                  0.17    0.01    4.36 v _186_/A (sky130_fd_sc_hd__buf_4)
                  0.16    0.42    4.78 v _186_/X (sky130_fd_sc_hd__buf_4)
    10    0.06                           _102_ (net)
                  0.16    0.01    4.78 v _193_/A (sky130_fd_sc_hd__inv_2)
                  0.06    0.11    4.89 ^ _193_/Y (sky130_fd_sc_hd__inv_2)
     1    0.00                           _015_ (net)
                  0.06    0.00    4.89 ^ _237_/SET_B (sky130_fd_sc_hd__dfstp_1)
                                  4.89   data arrival time

                         20.00   20.00   clock clk (rise edge)
                          0.00   20.00   clock source latency
                  0.12    0.08   20.08 ^ clk (in)
     1    0.02                           clk (net)
                  0.12    0.00   20.08 ^ clkbuf_0_clk/A (sky130_fd_sc_hd__clkbuf_16)
                  0.10    0.26   20.34 ^ clkbuf_0_clk/X (sky130_fd_sc_hd__clkbuf_16)
     4    0.04                           clknet_0_clk (net)
                  0.10    0.00   20.34 ^ clkbuf_2_3__f_clk/A (sky130_fd_sc_hd__clkbuf_16)
                  0.08    0.23   20.57 ^ clkbuf_2_3__f_clk/X (sky130_fd_sc_hd__clkbuf_16)
     9    0.03                           clknet_2_3__leaf_clk (net)
                  0.08    0.00   20.57 ^ _237_/CLK (sky130_fd_sc_hd__dfstp_1)
                         -0.25   20.32   clock uncertainty
                          0.00   20.32   clock reconvergence pessimism
                          0.27   20.60   library recovery time
                                 20.60   data required time
-----------------------------------------------------------------------------
                                 20.60   data required time
                                 -4.89   data arrival time
-----------------------------------------------------------------------------
                                 15.70   slack (MET)


Startpoint: reset (input port clocked by clk)
Endpoint: _242_ (recovery check against rising-edge clock clk)
Path Group: asynchronous
Path Type: max
Corner: Slowest

Fanout     Cap    Slew   Delay    Time   Description
-----------------------------------------------------------------------------
                          0.00    0.00   clock clk (rise edge)
                          0.00    0.00   clock network delay (propagated)
                          4.00    4.00 v input external delay
                  0.02    0.01    4.01 v reset (in)
     1    0.00                           reset (net)
                  0.02    0.00    4.01 v input1/A (sky130_fd_sc_hd__clkbuf_4)
                  0.17    0.34    4.35 v input1/X (sky130_fd_sc_hd__clkbuf_4)
     7    0.04                           net1 (net)
                  0.17    0.01    4.36 v _197_/A (sky130_fd_sc_hd__buf_4)
                  0.16    0.42    4.77 v _197_/X (sky130_fd_sc_hd__buf_4)
    10    0.06                           _103_ (net)
                  0.16    0.01    4.78 v _199_/A (sky130_fd_sc_hd__inv_2)
                  0.06    0.11    4.89 ^ _199_/Y (sky130_fd_sc_hd__inv_2)
     1    0.00                           _020_ (net)
                  0.06    0.00    4.89 ^ _242_/SET_B (sky130_fd_sc_hd__dfstp_1)
                                  4.89   data arrival time

                         20.00   20.00   clock clk (rise edge)
                          0.00   20.00   clock source latency
                  0.12    0.08   20.08 ^ clk (in)
     1    0.02                           clk (net)
                  0.12    0.00   20.08 ^ clkbuf_0_clk/A (sky130_fd_sc_hd__clkbuf_16)
                  0.10    0.26   20.34 ^ clkbuf_0_clk/X (sky130_fd_sc_hd__clkbuf_16)
     4    0.04                           clknet_0_clk (net)
                  0.10    0.00   20.34 ^ clkbuf_2_3__f_clk/A (sky130_fd_sc_hd__clkbuf_16)
                  0.08    0.23   20.57 ^ clkbuf_2_3__f_clk/X (sky130_fd_sc_hd__clkbuf_16)
     9    0.03                           clknet_2_3__leaf_clk (net)
                  0.08    0.00   20.57 ^ _242_/CLK (sky130_fd_sc_hd__dfstp_1)
                         -0.25   20.32   clock uncertainty
                          0.00   20.32   clock reconvergence pessimism
                          0.27   20.60   library recovery time
                                 20.60   data required time
-----------------------------------------------------------------------------
                                 20.60   data required time
                                 -4.89   data arrival time
-----------------------------------------------------------------------------
                                 15.71   slack (MET)


Startpoint: _232_ (rising edge-triggered flip-flop clocked by clk)
Endpoint: _231_ (rising edge-triggered flip-flop clocked by clk)
Path Group: clk
Path Type: max
Corner: Slowest

Fanout     Cap    Slew   Delay    Time   Description
-----------------------------------------------------------------------------
                          0.00    0.00   clock clk (rise edge)
                          0.00    0.00   clock source latency
                  0.12    0.08    0.08 ^ clk (in)
     1    0.02                           clk (net)
                  0.12    0.00    0.08 ^ clkbuf_0_clk/A (sky130_fd_sc_hd__clkbuf_16)
                  0.10    0.29    0.37 ^ clkbuf_0_clk/X (sky130_fd_sc_hd__clkbuf_16)
     4    0.04                           clknet_0_clk (net)
                  0.10    0.00    0.37 ^ clkbuf_2_2__f_clk/A (sky130_fd_sc_hd__clkbuf_16)
                  0.07    0.25    0.62 ^ clkbuf_2_2__f_clk/X (sky130_fd_sc_hd__clkbuf_16)
     6    0.02                           clknet_2_2__leaf_clk (net)
                  0.07    0.00    0.62 ^ _232_/CLK (sky130_fd_sc_hd__dfrtp_1)
                  0.16    0.87    1.50 v _232_/Q (sky130_fd_sc_hd__dfrtp_1)
     4    0.01                           rx_inst.state[2] (net)
                  0.16    0.00    1.50 v hold3/A (sky130_fd_sc_hd__dlygate4sd3_1)
                  0.15    1.29    2.79 v hold3/X (sky130_fd_sc_hd__dlygate4sd3_1)
     1    0.01                           net23 (net)
                  0.15    0.00    2.79 v _172_/B1 (sky130_fd_sc_hd__a21o_1)
                  0.05    0.31    3.11 v _172_/X (sky130_fd_sc_hd__a21o_1)
     1    0.00                           _004_ (net)
                  0.05    0.00    3.11 v hold4/A (sky130_fd_sc_hd__dlygate4sd3_1)
                  0.10    1.16    4.27 v hold4/X (sky130_fd_sc_hd__dlygate4sd3_1)
     1    0.00                           net24 (net)
                  0.10    0.00    4.27 v _231_/D (sky130_fd_sc_hd__dfrtp_2)
                                  4.27   data arrival time

                         20.00   20.00   clock clk (rise edge)
                          0.00   20.00   clock source latency
                  0.12    0.08   20.08 ^ clk (in)
     1    0.02                           clk (net)
                  0.12    0.00   20.08 ^ clkbuf_0_clk/A (sky130_fd_sc_hd__clkbuf_16)
                  0.10    0.26   20.34 ^ clkbuf_0_clk/X (sky130_fd_sc_hd__clkbuf_16)
     4    0.04                           clknet_0_clk (net)
                  0.10    0.00   20.34 ^ clkbuf_2_0__f_clk/A (sky130_fd_sc_hd__clkbuf_16)
                  0.08    0.23   20.57 ^ clkbuf_2_0__f_clk/X (sky130_fd_sc_hd__clkbuf_16)
     9    0.03                           clknet_2_0__leaf_clk (net)
                  0.08    0.00   20.57 ^ _231_/CLK (sky130_fd_sc_hd__dfrtp_2)
                         -0.25   20.32   clock uncertainty
                          0.04   20.36   clock reconvergence pessimism
                         -0.29   20.07   library setup time
                                 20.07   data required time
-----------------------------------------------------------------------------
                                 20.07   data required time
                                 -4.27   data arrival time
-----------------------------------------------------------------------------
                                 15.80   slack (MET)


Startpoint: _236_ (rising edge-triggered flip-flop clocked by clk)
Endpoint: _236_ (rising edge-triggered flip-flop clocked by clk)
Path Group: clk
Path Type: max
Corner: Slowest

Fanout     Cap    Slew   Delay    Time   Description
-----------------------------------------------------------------------------
                          0.00    0.00   clock clk (rise edge)
                          0.00    0.00   clock source latency
                  0.12    0.08    0.08 ^ clk (in)
     1    0.02                           clk (net)
                  0.12    0.00    0.08 ^ clkbuf_0_clk/A (sky130_fd_sc_hd__clkbuf_16)
                  0.10    0.29    0.37 ^ clkbuf_0_clk/X (sky130_fd_sc_hd__clkbuf_16)
     4    0.04                           clknet_0_clk (net)
                  0.10    0.00    0.37 ^ clkbuf_2_3__f_clk/A (sky130_fd_sc_hd__clkbuf_16)
                  0.08    0.26    0.63 ^ clkbuf_2_3__f_clk/X (sky130_fd_sc_hd__clkbuf_16)
     9    0.03                           clknet_2_3__leaf_clk (net)
                  0.08    0.00    0.63 ^ _236_/CLK (sky130_fd_sc_hd__dfrtp_1)
                  0.16    0.87    1.50 v _236_/Q (sky130_fd_sc_hd__dfrtp_1)
     5    0.01                           tx_inst.bit_count[2] (net)
                  0.16    0.00    1.50 v hold14/A (sky130_fd_sc_hd__dlygate4sd3_1)
                  0.10    1.21    2.72 v hold14/X (sky130_fd_sc_hd__dlygate4sd3_1)
     1    0.00                           net34 (net)
                  0.10    0.00    2.72 v _162_/B2 (sky130_fd_sc_hd__a32o_1)
                  0.07    0.40    3.12 v _162_/X (sky130_fd_sc_hd__a32o_1)
     1    0.00                           _035_ (net)
                  0.07    0.00    3.12 v hold15/A (sky130_fd_sc_hd__dlygate4sd3_1)
                  0.10    1.17    4.29 v hold15/X (sky130_fd_sc_hd__dlygate4sd3_1)
     1    0.00                           net35 (net)
                  0.10    0.00    4.29 v _236_/D (sky130_fd_sc_hd__dfrtp_1)
                                  4.29   data arrival time

                         20.00   20.00   clock clk (rise edge)
                          0.00   20.00   clock source latency
                  0.12    0.08   20.08 ^ clk (in)
     1    0.02                           clk (net)
                  0.12    0.00   20.08 ^ clkbuf_0_clk/A (sky130_fd_sc_hd__clkbuf_16)
                  0.10    0.26   20.34 ^ clkbuf_0_clk/X (sky130_fd_sc_hd__clkbuf_16)
     4    0.04                           clknet_0_clk (net)
                  0.10    0.00   20.34 ^ clkbuf_2_3__f_clk/A (sky130_fd_sc_hd__clkbuf_16)
                  0.08    0.23   20.57 ^ clkbuf_2_3__f_clk/X (sky130_fd_sc_hd__clkbuf_16)
     9    0.03                           clknet_2_3__leaf_clk (net)
                  0.08    0.00   20.57 ^ _236_/CLK (sky130_fd_sc_hd__dfrtp_1)
                         -0.25   20.32   clock uncertainty
                          0.06   20.38   clock reconvergence pessimism
                         -0.29   20.10   library setup time
                                 20.10   data required time
-----------------------------------------------------------------------------
                                 20.10   data required time
                                 -4.29   data arrival time
-----------------------------------------------------------------------------
                                 15.81   slack (MET)


Startpoint: reset (input port clocked by clk)
Endpoint: _235_ (recovery check against rising-edge clock clk)
Path Group: asynchronous
Path Type: max
Corner: Slowest

Fanout     Cap    Slew   Delay    Time   Description
-----------------------------------------------------------------------------
                          0.00    0.00   clock clk (rise edge)
                          0.00    0.00   clock network delay (propagated)
                          4.00    4.00 v input external delay
                  0.02    0.01    4.01 v reset (in)
     1    0.00                           reset (net)
                  0.02    0.00    4.01 v input1/A (sky130_fd_sc_hd__clkbuf_4)
                  0.17    0.34    4.35 v input1/X (sky130_fd_sc_hd__clkbuf_4)
     7    0.04                           net1 (net)
                  0.17    0.01    4.36 v _186_/A (sky130_fd_sc_hd__buf_4)
                  0.16    0.42    4.78 v _186_/X (sky130_fd_sc_hd__buf_4)
    10    0.06                           _102_ (net)
                  0.16    0.00    4.78 v _191_/A (sky130_fd_sc_hd__inv_2)
                  0.07    0.12    4.90 ^ _191_/Y (sky130_fd_sc_hd__inv_2)
     1    0.01                           _013_ (net)
                  0.07    0.00    4.90 ^ _235_/RESET_B (sky130_fd_sc_hd__dfrtp_4)
                                  4.90   data arrival time

                         20.00   20.00   clock clk (rise edge)
                          0.00   20.00   clock source latency
                  0.12    0.08   20.08 ^ clk (in)
     1    0.02                           clk (net)
                  0.12    0.00   20.08 ^ clkbuf_0_clk/A (sky130_fd_sc_hd__clkbuf_16)
                  0.10    0.26   20.34 ^ clkbuf_0_clk/X (sky130_fd_sc_hd__clkbuf_16)
     4    0.04                           clknet_0_clk (net)
                  0.10    0.00   20.34 ^ clkbuf_2_3__f_clk/A (sky130_fd_sc_hd__clkbuf_16)
                  0.08    0.23   20.57 ^ clkbuf_2_3__f_clk/X (sky130_fd_sc_hd__clkbuf_16)
     9    0.03                           clknet_2_3__leaf_clk (net)
                  0.08    0.00   20.57 ^ _235_/CLK (sky130_fd_sc_hd__dfrtp_4)
                         -0.25   20.32   clock uncertainty
                          0.00   20.32   clock reconvergence pessimism
                          0.45   20.77   library recovery time
                                 20.77   data required time
-----------------------------------------------------------------------------
                                 20.77   data required time
                                 -4.90   data arrival time
-----------------------------------------------------------------------------
                                 15.87   slack (MET)


Startpoint: reset (input port clocked by clk)
Endpoint: _231_ (recovery check against rising-edge clock clk)
Path Group: asynchronous
Path Type: max
Corner: Slowest

Fanout     Cap    Slew   Delay    Time   Description
-----------------------------------------------------------------------------
                          0.00    0.00   clock clk (rise edge)
                          0.00    0.00   clock network delay (propagated)
                          4.00    4.00 v input external delay
                  0.02    0.01    4.01 v reset (in)
     1    0.00                           reset (net)
                  0.02    0.00    4.01 v input1/A (sky130_fd_sc_hd__clkbuf_4)
                  0.17    0.34    4.35 v input1/X (sky130_fd_sc_hd__clkbuf_4)
     7    0.04                           net1 (net)
                  0.17    0.01    4.36 v _186_/A (sky130_fd_sc_hd__buf_4)
                  0.16    0.42    4.78 v _186_/X (sky130_fd_sc_hd__buf_4)
    10    0.06                           _102_ (net)
                  0.16    0.01    4.78 v _187_/A (sky130_fd_sc_hd__inv_2)
                  0.06    0.11    4.90 ^ _187_/Y (sky130_fd_sc_hd__inv_2)
     1    0.00                           _009_ (net)
                  0.06    0.00    4.90 ^ _231_/RESET_B (sky130_fd_sc_hd__dfrtp_2)
                                  4.90   data arrival time

                         20.00   20.00   clock clk (rise edge)
                          0.00   20.00   clock source latency
                  0.12    0.08   20.08 ^ clk (in)
     1    0.02                           clk (net)
                  0.12    0.00   20.08 ^ clkbuf_0_clk/A (sky130_fd_sc_hd__clkbuf_16)
                  0.10    0.26   20.34 ^ clkbuf_0_clk/X (sky130_fd_sc_hd__clkbuf_16)
     4    0.04                           clknet_0_clk (net)
                  0.10    0.00   20.34 ^ clkbuf_2_0__f_clk/A (sky130_fd_sc_hd__clkbuf_16)
                  0.08    0.23   20.57 ^ clkbuf_2_0__f_clk/X (sky130_fd_sc_hd__clkbuf_16)
     9    0.03                           clknet_2_0__leaf_clk (net)
                  0.08    0.00   20.57 ^ _231_/CLK (sky130_fd_sc_hd__dfrtp_2)
                         -0.25   20.32   clock uncertainty
                          0.00   20.32   clock reconvergence pessimism
                          0.45   20.77   library recovery time
                                 20.77   data required time
-----------------------------------------------------------------------------
                                 20.77   data required time
                                 -4.90   data arrival time
-----------------------------------------------------------------------------
                                 15.88   slack (MET)


Startpoint: reset (input port clocked by clk)
Endpoint: _233_ (recovery check against rising-edge clock clk)
Path Group: asynchronous
Path Type: max
Corner: Slowest

Fanout     Cap    Slew   Delay    Time   Description
-----------------------------------------------------------------------------
                          0.00    0.00   clock clk (rise edge)
                          0.00    0.00   clock network delay (propagated)
                          4.00    4.00 v input external delay
                  0.02    0.01    4.01 v reset (in)
     1    0.00                           reset (net)
                  0.02    0.00    4.01 v input1/A (sky130_fd_sc_hd__clkbuf_4)
                  0.17    0.34    4.35 v input1/X (sky130_fd_sc_hd__clkbuf_4)
     7    0.04                           net1 (net)
                  0.17    0.01    4.36 v _186_/A (sky130_fd_sc_hd__buf_4)
                  0.16    0.42    4.78 v _186_/X (sky130_fd_sc_hd__buf_4)
    10    0.06                           _102_ (net)
                  0.16    0.01    4.78 v _189_/A (sky130_fd_sc_hd__inv_2)
                  0.06    0.12    4.90 ^ _189_/Y (sky130_fd_sc_hd__inv_2)
     1    0.00                           _011_ (net)
                  0.06    0.00    4.90 ^ _233_/RESET_B (sky130_fd_sc_hd__dfrtp_1)
                                  4.90   data arrival time

                         20.00   20.00   clock clk (rise edge)
                          0.00   20.00   clock source latency
                  0.12    0.08   20.08 ^ clk (in)
     1    0.02                           clk (net)
                  0.12    0.00   20.08 ^ clkbuf_0_clk/A (sky130_fd_sc_hd__clkbuf_16)
                  0.10    0.26   20.34 ^ clkbuf_0_clk/X (sky130_fd_sc_hd__clkbuf_16)
     4    0.04                           clknet_0_clk (net)
                  0.10    0.00   20.34 ^ clkbuf_2_2__f_clk/A (sky130_fd_sc_hd__clkbuf_16)
                  0.07    0.22   20.56 ^ clkbuf_2_2__f_clk/X (sky130_fd_sc_hd__clkbuf_16)
     6    0.02                           clknet_2_2__leaf_clk (net)
                  0.07    0.00   20.56 ^ _233_/CLK (sky130_fd_sc_hd__dfrtp_1)
                         -0.25   20.31   clock uncertainty
                          0.00   20.31   clock reconvergence pessimism
                          0.46   20.78   library recovery time
                                 20.78   data required time
-----------------------------------------------------------------------------
                                 20.78   data required time
                                 -4.90   data arrival time
-----------------------------------------------------------------------------
                                 15.88   slack (MET)


Startpoint: reset (input port clocked by clk)
Endpoint: _234_ (recovery check against rising-edge clock clk)
Path Group: asynchronous
Path Type: max
Corner: Slowest

Fanout     Cap    Slew   Delay    Time   Description
-----------------------------------------------------------------------------
                          0.00    0.00   clock clk (rise edge)
                          0.00    0.00   clock network delay (propagated)
                          4.00    4.00 v input external delay
                  0.02    0.01    4.01 v reset (in)
     1    0.00                           reset (net)
                  0.02    0.00    4.01 v input1/A (sky130_fd_sc_hd__clkbuf_4)
                  0.17    0.34    4.35 v input1/X (sky130_fd_sc_hd__clkbuf_4)
     7    0.04                           net1 (net)
                  0.17    0.01    4.36 v _186_/A (sky130_fd_sc_hd__buf_4)
                  0.16    0.42    4.78 v _186_/X (sky130_fd_sc_hd__buf_4)
    10    0.06                           _102_ (net)
                  0.16    0.00    4.78 v _190_/A (sky130_fd_sc_hd__inv_2)
                  0.06    0.11    4.90 ^ _190_/Y (sky130_fd_sc_hd__inv_2)
     1    0.00                           _012_ (net)
                  0.06    0.00    4.90 ^ _234_/RESET_B (sky130_fd_sc_hd__dfrtp_4)
                                  4.90   data arrival time

                         20.00   20.00   clock clk (rise edge)
                          0.00   20.00   clock source latency
                  0.12    0.08   20.08 ^ clk (in)
     1    0.02                           clk (net)
                  0.12    0.00   20.08 ^ clkbuf_0_clk/A (sky130_fd_sc_hd__clkbuf_16)
                  0.10    0.26   20.34 ^ clkbuf_0_clk/X (sky130_fd_sc_hd__clkbuf_16)
     4    0.04                           clknet_0_clk (net)
                  0.10    0.00   20.34 ^ clkbuf_2_3__f_clk/A (sky130_fd_sc_hd__clkbuf_16)
                  0.08    0.23   20.57 ^ clkbuf_2_3__f_clk/X (sky130_fd_sc_hd__clkbuf_16)
     9    0.03                           clknet_2_3__leaf_clk (net)
                  0.08    0.00   20.57 ^ _234_/CLK (sky130_fd_sc_hd__dfrtp_4)
                         -0.25   20.32   clock uncertainty
                          0.00   20.32   clock reconvergence pessimism
                          0.45   20.77   library recovery time
                                 20.77   data required time
-----------------------------------------------------------------------------
                                 20.77   data required time
                                 -4.90   data arrival time
-----------------------------------------------------------------------------
                                 15.88   slack (MET)


Startpoint: _234_ (rising edge-triggered flip-flop clocked by clk)
Endpoint: _234_ (rising edge-triggered flip-flop clocked by clk)
Path Group: clk
Path Type: max
Corner: Slowest

Fanout     Cap    Slew   Delay    Time   Description
-----------------------------------------------------------------------------
                          0.00    0.00   clock clk (rise edge)
                          0.00    0.00   clock source latency
                  0.12    0.08    0.08 ^ clk (in)
     1    0.02                           clk (net)
                  0.12    0.00    0.08 ^ clkbuf_0_clk/A (sky130_fd_sc_hd__clkbuf_16)
                  0.10    0.29    0.37 ^ clkbuf_0_clk/X (sky130_fd_sc_hd__clkbuf_16)
     4    0.04                           clknet_0_clk (net)
                  0.10    0.00    0.37 ^ clkbuf_2_3__f_clk/A (sky130_fd_sc_hd__clkbuf_16)
                  0.08    0.26    0.63 ^ clkbuf_2_3__f_clk/X (sky130_fd_sc_hd__clkbuf_16)
     9    0.03                           clknet_2_3__leaf_clk (net)
                  0.08    0.00    0.63 ^ _234_/CLK (sky130_fd_sc_hd__dfrtp_4)
                  0.18    1.15    1.78 v _234_/Q (sky130_fd_sc_hd__dfrtp_4)
     9    0.03                           tx_inst.bit_count[0] (net)
                  0.18    0.00    1.78 v hold27/A (sky130_fd_sc_hd__dlygate4sd3_1)
                  0.11    1.25    3.03 v hold27/X (sky130_fd_sc_hd__dlygate4sd3_1)
     1    0.00                           net47 (net)
                  0.11    0.00    3.03 v _169_/A1 (sky130_fd_sc_hd__a21oi_1)
                  0.15    0.22    3.24 ^ _169_/Y (sky130_fd_sc_hd__a21oi_1)
     1    0.00                           _033_ (net)
                  0.15    0.00    3.24 ^ hold28/A (sky130_fd_sc_hd__dlygate4sd3_1)
                  0.09    1.12    4.36 ^ hold28/X (sky130_fd_sc_hd__dlygate4sd3_1)
     1    0.00                           net48 (net)
                  0.09    0.00    4.36 ^ _234_/D (sky130_fd_sc_hd__dfrtp_4)
                                  4.36   data arrival time

                         20.00   20.00   clock clk (rise edge)
                          0.00   20.00   clock source latency
                  0.12    0.08   20.08 ^ clk (in)
     1    0.02                           clk (net)
                  0.12    0.00   20.08 ^ clkbuf_0_clk/A (sky130_fd_sc_hd__clkbuf_16)
                  0.10    0.26   20.34 ^ clkbuf_0_clk/X (sky130_fd_sc_hd__clkbuf_16)
     4    0.04                           clknet_0_clk (net)
                  0.10    0.00   20.34 ^ clkbuf_2_3__f_clk/A (sky130_fd_sc_hd__clkbuf_16)
                  0.08    0.23   20.57 ^ clkbuf_2_3__f_clk/X (sky130_fd_sc_hd__clkbuf_16)
     9    0.03                           clknet_2_3__leaf_clk (net)
                  0.08    0.00   20.57 ^ _234_/CLK (sky130_fd_sc_hd__dfrtp_4)
                         -0.25   20.32   clock uncertainty
                          0.06   20.38   clock reconvergence pessimism
                         -0.14   20.24   library setup time
                                 20.24   data required time
-----------------------------------------------------------------------------
                                 20.24   data required time
                                 -4.36   data arrival time
-----------------------------------------------------------------------------
                                 15.88   slack (MET)


Startpoint: reset (input port clocked by clk)
Endpoint: _240_ (recovery check against rising-edge clock clk)
Path Group: asynchronous
Path Type: max
Corner: Slowest

Fanout     Cap    Slew   Delay    Time   Description
-----------------------------------------------------------------------------
                          0.00    0.00   clock clk (rise edge)
                          0.00    0.00   clock network delay (propagated)
                          4.00    4.00 v input external delay
                  0.02    0.01    4.01 v reset (in)
     1    0.00                           reset (net)
                  0.02    0.00    4.01 v input1/A (sky130_fd_sc_hd__clkbuf_4)
                  0.17    0.34    4.35 v input1/X (sky130_fd_sc_hd__clkbuf_4)
     7    0.04                           net1 (net)
                  0.17    0.01    4.36 v _186_/A (sky130_fd_sc_hd__buf_4)
                  0.16    0.42    4.78 v _186_/X (sky130_fd_sc_hd__buf_4)
    10    0.06                           _102_ (net)
                  0.16    0.01    4.78 v _196_/A (sky130_fd_sc_hd__inv_2)
                  0.06    0.11    4.89 ^ _196_/Y (sky130_fd_sc_hd__inv_2)
     1    0.00                           _018_ (net)
                  0.06    0.00    4.89 ^ _240_/RESET_B (sky130_fd_sc_hd__dfrtp_4)
                                  4.89   data arrival time

                         20.00   20.00   clock clk (rise edge)
                          0.00   20.00   clock source latency
                  0.12    0.08   20.08 ^ clk (in)
     1    0.02                           clk (net)
                  0.12    0.00   20.08 ^ clkbuf_0_clk/A (sky130_fd_sc_hd__clkbuf_16)
                  0.10    0.26   20.34 ^ clkbuf_0_clk/X (sky130_fd_sc_hd__clkbuf_16)
     4    0.04                           clknet_0_clk (net)
                  0.10    0.00   20.34 ^ clkbuf_2_0__f_clk/A (sky130_fd_sc_hd__clkbuf_16)
                  0.08    0.23   20.57 ^ clkbuf_2_0__f_clk/X (sky130_fd_sc_hd__clkbuf_16)
     9    0.03                           clknet_2_0__leaf_clk (net)
                  0.08    0.00   20.57 ^ _240_/CLK (sky130_fd_sc_hd__dfrtp_4)
                         -0.25   20.32   clock uncertainty
                          0.00   20.32   clock reconvergence pessimism
                          0.45   20.78   library recovery time
                                 20.78   data required time
-----------------------------------------------------------------------------
                                 20.78   data required time
                                 -4.89   data arrival time
-----------------------------------------------------------------------------
                                 15.88   slack (MET)


Startpoint: reset (input port clocked by clk)
Endpoint: _243_ (recovery check against rising-edge clock clk)
Path Group: asynchronous
Path Type: max
Corner: Slowest

Fanout     Cap    Slew   Delay    Time   Description
-----------------------------------------------------------------------------
                          0.00    0.00   clock clk (rise edge)
                          0.00    0.00   clock network delay (propagated)
                          4.00    4.00 v input external delay
                  0.02    0.01    4.01 v reset (in)
     1    0.00                           reset (net)
                  0.02    0.00    4.01 v input1/A (sky130_fd_sc_hd__clkbuf_4)
                  0.17    0.34    4.35 v input1/X (sky130_fd_sc_hd__clkbuf_4)
     7    0.04                           net1 (net)
                  0.17    0.01    4.36 v _197_/A (sky130_fd_sc_hd__buf_4)
                  0.16    0.42    4.77 v _197_/X (sky130_fd_sc_hd__buf_4)
    10    0.06                           _103_ (net)
                  0.16    0.01    4.78 v _200_/A (sky130_fd_sc_hd__inv_2)
                  0.06    0.11    4.89 ^ _200_/Y (sky130_fd_sc_hd__inv_2)
     1    0.00                           _021_ (net)
                  0.06    0.00    4.89 ^ _243_/RESET_B (sky130_fd_sc_hd__dfrtp_4)
                                  4.89   data arrival time

                         20.00   20.00   clock clk (rise edge)
                          0.00   20.00   clock source latency
                  0.12    0.08   20.08 ^ clk (in)
     1    0.02                           clk (net)
                  0.12    0.00   20.08 ^ clkbuf_0_clk/A (sky130_fd_sc_hd__clkbuf_16)
                  0.10    0.26   20.34 ^ clkbuf_0_clk/X (sky130_fd_sc_hd__clkbuf_16)
     4    0.04                           clknet_0_clk (net)
                  0.10    0.00   20.34 ^ clkbuf_2_3__f_clk/A (sky130_fd_sc_hd__clkbuf_16)
                  0.08    0.23   20.57 ^ clkbuf_2_3__f_clk/X (sky130_fd_sc_hd__clkbuf_16)
     9    0.03                           clknet_2_3__leaf_clk (net)
                  0.08    0.00   20.57 ^ _243_/CLK (sky130_fd_sc_hd__dfrtp_4)
                         -0.25   20.32   clock uncertainty
                          0.00   20.32   clock reconvergence pessimism
                          0.45   20.78   library recovery time
                                 20.78   data required time
-----------------------------------------------------------------------------
                                 20.78   data required time
                                 -4.89   data arrival time
-----------------------------------------------------------------------------
                                 15.88   slack (MET)


Startpoint: reset (input port clocked by clk)
Endpoint: _241_ (recovery check against rising-edge clock clk)
Path Group: asynchronous
Path Type: max
Corner: Slowest

Fanout     Cap    Slew   Delay    Time   Description
-----------------------------------------------------------------------------
                          0.00    0.00   clock clk (rise edge)
                          0.00    0.00   clock network delay (propagated)
                          4.00    4.00 v input external delay
                  0.02    0.01    4.01 v reset (in)
     1    0.00                           reset (net)
                  0.02    0.00    4.01 v input1/A (sky130_fd_sc_hd__clkbuf_4)
                  0.17    0.34    4.35 v input1/X (sky130_fd_sc_hd__clkbuf_4)
     7    0.04                           net1 (net)
                  0.17    0.01    4.36 v _197_/A (sky130_fd_sc_hd__buf_4)
                  0.16    0.42    4.77 v _197_/X (sky130_fd_sc_hd__buf_4)
    10    0.06                           _103_ (net)
                  0.16    0.00    4.78 v _198_/A (sky130_fd_sc_hd__inv_2)
                  0.06    0.11    4.89 ^ _198_/Y (sky130_fd_sc_hd__inv_2)
     1    0.00                           _019_ (net)
                  0.06    0.00    4.89 ^ _241_/RESET_B (sky130_fd_sc_hd__dfrtp_4)
                                  4.89   data arrival time

                         20.00   20.00   clock clk (rise edge)
                          0.00   20.00   clock source latency
                  0.12    0.08   20.08 ^ clk (in)
     1    0.02                           clk (net)
                  0.12    0.00   20.08 ^ clkbuf_0_clk/A (sky130_fd_sc_hd__clkbuf_16)
                  0.10    0.26   20.34 ^ clkbuf_0_clk/X (sky130_fd_sc_hd__clkbuf_16)
     4    0.04                           clknet_0_clk (net)
                  0.10    0.00   20.34 ^ clkbuf_2_0__f_clk/A (sky130_fd_sc_hd__clkbuf_16)
                  0.08    0.23   20.57 ^ clkbuf_2_0__f_clk/X (sky130_fd_sc_hd__clkbuf_16)
     9    0.03                           clknet_2_0__leaf_clk (net)
                  0.08    0.00   20.57 ^ _241_/CLK (sky130_fd_sc_hd__dfrtp_4)
                         -0.25   20.32   clock uncertainty
                          0.00   20.32   clock reconvergence pessimism
                          0.45   20.78   library recovery time
                                 20.78   data required time
-----------------------------------------------------------------------------
                                 20.78   data required time
                                 -4.89   data arrival time
-----------------------------------------------------------------------------
                                 15.88   slack (MET)


Startpoint: reset (input port clocked by clk)
Endpoint: _247_ (recovery check against rising-edge clock clk)
Path Group: asynchronous
Path Type: max
Corner: Slowest

Fanout     Cap    Slew   Delay    Time   Description
-----------------------------------------------------------------------------
                          0.00    0.00   clock clk (rise edge)
                          0.00    0.00   clock network delay (propagated)
                          4.00    4.00 v input external delay
                  0.02    0.01    4.01 v reset (in)
     1    0.00                           reset (net)
                  0.02    0.00    4.01 v input1/A (sky130_fd_sc_hd__clkbuf_4)
                  0.17    0.34    4.35 v input1/X (sky130_fd_sc_hd__clkbuf_4)
     7    0.04                           net1 (net)
                  0.17    0.01    4.36 v _197_/A (sky130_fd_sc_hd__buf_4)
                  0.16    0.42    4.77 v _197_/X (sky130_fd_sc_hd__buf_4)
    10    0.06                           _103_ (net)
                  0.16    0.01    4.78 v _204_/A (sky130_fd_sc_hd__inv_2)
                  0.06    0.11    4.89 ^ _204_/Y (sky130_fd_sc_hd__inv_2)
     1    0.00                           _025_ (net)
                  0.06    0.00    4.89 ^ _247_/RESET_B (sky130_fd_sc_hd__dfrtp_1)
                                  4.89   data arrival time

                         20.00   20.00   clock clk (rise edge)
                          0.00   20.00   clock source latency
                  0.12    0.08   20.08 ^ clk (in)
     1    0.02                           clk (net)
                  0.12    0.00   20.08 ^ clkbuf_0_clk/A (sky130_fd_sc_hd__clkbuf_16)
                  0.10    0.26   20.34 ^ clkbuf_0_clk/X (sky130_fd_sc_hd__clkbuf_16)
     4    0.04                           clknet_0_clk (net)
                  0.10    0.00   20.34 ^ clkbuf_2_2__f_clk/A (sky130_fd_sc_hd__clkbuf_16)
                  0.07    0.22   20.56 ^ clkbuf_2_2__f_clk/X (sky130_fd_sc_hd__clkbuf_16)
     6    0.02                           clknet_2_2__leaf_clk (net)
                  0.07    0.00   20.56 ^ _247_/CLK (sky130_fd_sc_hd__dfrtp_1)
                         -0.25   20.31   clock uncertainty
                          0.00   20.31   clock reconvergence pessimism
                          0.47   20.78   library recovery time
                                 20.78   data required time
-----------------------------------------------------------------------------
                                 20.78   data required time
                                 -4.89   data arrival time
-----------------------------------------------------------------------------
                                 15.88   slack (MET)


Startpoint: reset (input port clocked by clk)
Endpoint: _232_ (recovery check against rising-edge clock clk)
Path Group: asynchronous
Path Type: max
Corner: Slowest

Fanout     Cap    Slew   Delay    Time   Description
-----------------------------------------------------------------------------
                          0.00    0.00   clock clk (rise edge)
                          0.00    0.00   clock network delay (propagated)
                          4.00    4.00 v input external delay
                  0.02    0.01    4.01 v reset (in)
     1    0.00                           reset (net)
                  0.02    0.00    4.01 v input1/A (sky130_fd_sc_hd__clkbuf_4)
                  0.17    0.34    4.35 v input1/X (sky130_fd_sc_hd__clkbuf_4)
     7    0.04                           net1 (net)
                  0.17    0.01    4.36 v _186_/A (sky130_fd_sc_hd__buf_4)
                  0.16    0.42    4.78 v _186_/X (sky130_fd_sc_hd__buf_4)
    10    0.06                           _102_ (net)
                  0.16    0.01    4.78 v _188_/A (sky130_fd_sc_hd__inv_2)
                  0.06    0.11    4.89 ^ _188_/Y (sky130_fd_sc_hd__inv_2)
     1    0.00                           _010_ (net)
                  0.06    0.00    4.89 ^ _232_/RESET_B (sky130_fd_sc_hd__dfrtp_1)
                                  4.89   data arrival time

                         20.00   20.00   clock clk (rise edge)
                          0.00   20.00   clock source latency
                  0.12    0.08   20.08 ^ clk (in)
     1    0.02                           clk (net)
                  0.12    0.00   20.08 ^ clkbuf_0_clk/A (sky130_fd_sc_hd__clkbuf_16)
                  0.10    0.26   20.34 ^ clkbuf_0_clk/X (sky130_fd_sc_hd__clkbuf_16)
     4    0.04                           clknet_0_clk (net)
                  0.10    0.00   20.34 ^ clkbuf_2_2__f_clk/A (sky130_fd_sc_hd__clkbuf_16)
                  0.07    0.22   20.56 ^ clkbuf_2_2__f_clk/X (sky130_fd_sc_hd__clkbuf_16)
     6    0.02                           clknet_2_2__leaf_clk (net)
                  0.07    0.00   20.56 ^ _232_/CLK (sky130_fd_sc_hd__dfrtp_1)
                         -0.25   20.31   clock uncertainty
                          0.00   20.31   clock reconvergence pessimism
                          0.47   20.78   library recovery time
                                 20.78   data required time
-----------------------------------------------------------------------------
                                 20.78   data required time
                                 -4.89   data arrival time
-----------------------------------------------------------------------------
                                 15.89   slack (MET)


Startpoint: reset (input port clocked by clk)
Endpoint: _238_ (recovery check against rising-edge clock clk)
Path Group: asynchronous
Path Type: max
Corner: Slowest

Fanout     Cap    Slew   Delay    Time   Description
-----------------------------------------------------------------------------
                          0.00    0.00   clock clk (rise edge)
                          0.00    0.00   clock network delay (propagated)
                          4.00    4.00 v input external delay
                  0.02    0.01    4.01 v reset (in)
     1    0.00                           reset (net)
                  0.02    0.00    4.01 v input1/A (sky130_fd_sc_hd__clkbuf_4)
                  0.17    0.34    4.35 v input1/X (sky130_fd_sc_hd__clkbuf_4)
     7    0.04                           net1 (net)
                  0.17    0.01    4.36 v _186_/A (sky130_fd_sc_hd__buf_4)
                  0.16    0.42    4.78 v _186_/X (sky130_fd_sc_hd__buf_4)
    10    0.06                           _102_ (net)
                  0.16    0.01    4.78 v _194_/A (sky130_fd_sc_hd__inv_2)
                  0.06    0.11    4.89 ^ _194_/Y (sky130_fd_sc_hd__inv_2)
     1    0.00                           _016_ (net)
                  0.06    0.00    4.89 ^ _238_/RESET_B (sky130_fd_sc_hd__dfrtp_1)
                                  4.89   data arrival time

                         20.00   20.00   clock clk (rise edge)
                          0.00   20.00   clock source latency
                  0.12    0.08   20.08 ^ clk (in)
     1    0.02                           clk (net)
                  0.12    0.00   20.08 ^ clkbuf_0_clk/A (sky130_fd_sc_hd__clkbuf_16)
                  0.10    0.26   20.34 ^ clkbuf_0_clk/X (sky130_fd_sc_hd__clkbuf_16)
     4    0.04                           clknet_0_clk (net)
                  0.10    0.00   20.34 ^ clkbuf_2_2__f_clk/A (sky130_fd_sc_hd__clkbuf_16)
                  0.07    0.22   20.56 ^ clkbuf_2_2__f_clk/X (sky130_fd_sc_hd__clkbuf_16)
     6    0.02                           clknet_2_2__leaf_clk (net)
                  0.07    0.00   20.56 ^ _238_/CLK (sky130_fd_sc_hd__dfrtp_1)
                         -0.25   20.31   clock uncertainty
                          0.00   20.31   clock reconvergence pessimism
                          0.47   20.78   library recovery time
                                 20.78   data required time
-----------------------------------------------------------------------------
                                 20.78   data required time
                                 -4.89   data arrival time
-----------------------------------------------------------------------------
                                 15.89   slack (MET)


Startpoint: reset (input port clocked by clk)
Endpoint: _246_ (recovery check against rising-edge clock clk)
Path Group: asynchronous
Path Type: max
Corner: Slowest

Fanout     Cap    Slew   Delay    Time   Description
-----------------------------------------------------------------------------
                          0.00    0.00   clock clk (rise edge)
                          0.00    0.00   clock network delay (propagated)
                          4.00    4.00 v input external delay
                  0.02    0.01    4.01 v reset (in)
     1    0.00                           reset (net)
                  0.02    0.00    4.01 v input1/A (sky130_fd_sc_hd__clkbuf_4)
                  0.17    0.34    4.35 v input1/X (sky130_fd_sc_hd__clkbuf_4)
     7    0.04                           net1 (net)
                  0.17    0.01    4.36 v _197_/A (sky130_fd_sc_hd__buf_4)
                  0.16    0.42    4.77 v _197_/X (sky130_fd_sc_hd__buf_4)
    10    0.06                           _103_ (net)
                  0.16    0.00    4.78 v _203_/A (sky130_fd_sc_hd__inv_2)
                  0.06    0.12    4.90 ^ _203_/Y (sky130_fd_sc_hd__inv_2)
     1    0.00                           _024_ (net)
                  0.06    0.00    4.90 ^ _246_/RESET_B (sky130_fd_sc_hd__dfrtp_1)
                                  4.90   data arrival time

                         20.00   20.00   clock clk (rise edge)
                          0.00   20.00   clock source latency
                  0.12    0.08   20.08 ^ clk (in)
     1    0.02                           clk (net)
                  0.12    0.00   20.08 ^ clkbuf_0_clk/A (sky130_fd_sc_hd__clkbuf_16)
                  0.10    0.26   20.34 ^ clkbuf_0_clk/X (sky130_fd_sc_hd__clkbuf_16)
     4    0.04                           clknet_0_clk (net)
                  0.10    0.00   20.34 ^ clkbuf_2_0__f_clk/A (sky130_fd_sc_hd__clkbuf_16)
                  0.08    0.23   20.57 ^ clkbuf_2_0__f_clk/X (sky130_fd_sc_hd__clkbuf_16)
     9    0.03                           clknet_2_0__leaf_clk (net)
                  0.08    0.00   20.57 ^ _246_/CLK (sky130_fd_sc_hd__dfrtp_1)
                         -0.25   20.32   clock uncertainty
                          0.00   20.32   clock reconvergence pessimism
                          0.47   20.79   library recovery time
                                 20.79   data required time
-----------------------------------------------------------------------------
                                 20.79   data required time
                                 -4.90   data arrival time
-----------------------------------------------------------------------------
                                 15.90   slack (MET)


Startpoint: reset (input port clocked by clk)
Endpoint: _244_ (recovery check against rising-edge clock clk)
Path Group: asynchronous
Path Type: max
Corner: Slowest

Fanout     Cap    Slew   Delay    Time   Description
-----------------------------------------------------------------------------
                          0.00    0.00   clock clk (rise edge)
                          0.00    0.00   clock network delay (propagated)
                          4.00    4.00 v input external delay
                  0.02    0.01    4.01 v reset (in)
     1    0.00                           reset (net)
                  0.02    0.00    4.01 v input1/A (sky130_fd_sc_hd__clkbuf_4)
                  0.17    0.34    4.35 v input1/X (sky130_fd_sc_hd__clkbuf_4)
     7    0.04                           net1 (net)
                  0.17    0.01    4.36 v _197_/A (sky130_fd_sc_hd__buf_4)
                  0.16    0.42    4.77 v _197_/X (sky130_fd_sc_hd__buf_4)
    10    0.06                           _103_ (net)
                  0.16    0.01    4.78 v _201_/A (sky130_fd_sc_hd__inv_2)
                  0.06    0.11    4.89 ^ _201_/Y (sky130_fd_sc_hd__inv_2)
     1    0.00                           _022_ (net)
                  0.06    0.00    4.89 ^ _244_/RESET_B (sky130_fd_sc_hd__dfrtp_1)
                                  4.89   data arrival time

                         20.00   20.00   clock clk (rise edge)
                          0.00   20.00   clock source latency
                  0.12    0.08   20.08 ^ clk (in)
     1    0.02                           clk (net)
                  0.12    0.00   20.08 ^ clkbuf_0_clk/A (sky130_fd_sc_hd__clkbuf_16)
                  0.10    0.26   20.34 ^ clkbuf_0_clk/X (sky130_fd_sc_hd__clkbuf_16)
     4    0.04                           clknet_0_clk (net)
                  0.10    0.00   20.34 ^ clkbuf_2_3__f_clk/A (sky130_fd_sc_hd__clkbuf_16)
                  0.08    0.23   20.57 ^ clkbuf_2_3__f_clk/X (sky130_fd_sc_hd__clkbuf_16)
     9    0.03                           clknet_2_3__leaf_clk (net)
                  0.08    0.00   20.57 ^ _244_/CLK (sky130_fd_sc_hd__dfrtp_1)
                         -0.25   20.32   clock uncertainty
                          0.00   20.32   clock reconvergence pessimism
                          0.47   20.79   library recovery time
                                 20.79   data required time
-----------------------------------------------------------------------------
                                 20.79   data required time
                                 -4.89   data arrival time
-----------------------------------------------------------------------------
                                 15.90   slack (MET)


Startpoint: reset (input port clocked by clk)
Endpoint: _239_ (recovery check against rising-edge clock clk)
Path Group: asynchronous
Path Type: max
Corner: Slowest

Fanout     Cap    Slew   Delay    Time   Description
-----------------------------------------------------------------------------
                          0.00    0.00   clock clk (rise edge)
                          0.00    0.00   clock network delay (propagated)
                          4.00    4.00 v input external delay
                  0.02    0.01    4.01 v reset (in)
     1    0.00                           reset (net)
                  0.02    0.00    4.01 v input1/A (sky130_fd_sc_hd__clkbuf_4)
                  0.17    0.34    4.35 v input1/X (sky130_fd_sc_hd__clkbuf_4)
     7    0.04                           net1 (net)
                  0.17    0.01    4.36 v _186_/A (sky130_fd_sc_hd__buf_4)
                  0.16    0.42    4.78 v _186_/X (sky130_fd_sc_hd__buf_4)
    10    0.06                           _102_ (net)
                  0.16    0.01    4.78 v _195_/A (sky130_fd_sc_hd__inv_2)
                  0.06    0.11    4.89 ^ _195_/Y (sky130_fd_sc_hd__inv_2)
     1    0.00                           _017_ (net)
                  0.06    0.00    4.89 ^ _239_/RESET_B (sky130_fd_sc_hd__dfrtp_1)
                                  4.89   data arrival time

                         20.00   20.00   clock clk (rise edge)
                          0.00   20.00   clock source latency
                  0.12    0.08   20.08 ^ clk (in)
     1    0.02                           clk (net)
                  0.12    0.00   20.08 ^ clkbuf_0_clk/A (sky130_fd_sc_hd__clkbuf_16)
                  0.10    0.26   20.34 ^ clkbuf_0_clk/X (sky130_fd_sc_hd__clkbuf_16)
     4    0.04                           clknet_0_clk (net)
                  0.10    0.00   20.34 ^ clkbuf_2_0__f_clk/A (sky130_fd_sc_hd__clkbuf_16)
                  0.08    0.23   20.57 ^ clkbuf_2_0__f_clk/X (sky130_fd_sc_hd__clkbuf_16)
     9    0.03                           clknet_2_0__leaf_clk (net)
                  0.08    0.00   20.57 ^ _239_/CLK (sky130_fd_sc_hd__dfrtp_1)
                         -0.25   20.32   clock uncertainty
                          0.00   20.32   clock reconvergence pessimism
                          0.47   20.79   library recovery time
                                 20.79   data required time
-----------------------------------------------------------------------------
                                 20.79   data required time
                                 -4.89   data arrival time
-----------------------------------------------------------------------------
                                 15.90   slack (MET)


Startpoint: reset (input port clocked by clk)
Endpoint: _248_ (recovery check against rising-edge clock clk)
Path Group: asynchronous
Path Type: max
Corner: Slowest

Fanout     Cap    Slew   Delay    Time   Description
-----------------------------------------------------------------------------
                          0.00    0.00   clock clk (rise edge)
                          0.00    0.00   clock network delay (propagated)
                          4.00    4.00 v input external delay
                  0.02    0.01    4.01 v reset (in)
     1    0.00                           reset (net)
                  0.02    0.00    4.01 v input1/A (sky130_fd_sc_hd__clkbuf_4)
                  0.17    0.34    4.35 v input1/X (sky130_fd_sc_hd__clkbuf_4)
     7    0.04                           net1 (net)
                  0.17    0.01    4.36 v _197_/A (sky130_fd_sc_hd__buf_4)
                  0.16    0.42    4.77 v _197_/X (sky130_fd_sc_hd__buf_4)
    10    0.06                           _103_ (net)
                  0.16    0.00    4.78 v _205_/A (sky130_fd_sc_hd__inv_2)
                  0.06    0.11    4.89 ^ _205_/Y (sky130_fd_sc_hd__inv_2)
     1    0.00                           _026_ (net)
                  0.06    0.00    4.89 ^ _248_/RESET_B (sky130_fd_sc_hd__dfrtp_1)
                                  4.89   data arrival time

                         20.00   20.00   clock clk (rise edge)
                          0.00   20.00   clock source latency
                  0.12    0.08   20.08 ^ clk (in)
     1    0.02                           clk (net)
                  0.12    0.00   20.08 ^ clkbuf_0_clk/A (sky130_fd_sc_hd__clkbuf_16)
                  0.10    0.26   20.34 ^ clkbuf_0_clk/X (sky130_fd_sc_hd__clkbuf_16)
     4    0.04                           clknet_0_clk (net)
                  0.10    0.00   20.34 ^ clkbuf_2_1__f_clk/A (sky130_fd_sc_hd__clkbuf_16)
                  0.08    0.23   20.57 ^ clkbuf_2_1__f_clk/X (sky130_fd_sc_hd__clkbuf_16)
     9    0.03                           clknet_2_1__leaf_clk (net)
                  0.08    0.00   20.57 ^ _248_/CLK (sky130_fd_sc_hd__dfrtp_1)
                         -0.25   20.32   clock uncertainty
                          0.00   20.32   clock reconvergence pessimism
                          0.47   20.79   library recovery time
                                 20.79   data required time
-----------------------------------------------------------------------------
                                 20.79   data required time
                                 -4.89   data arrival time
-----------------------------------------------------------------------------
                                 15.90   slack (MET)


Startpoint: reset (input port clocked by clk)
Endpoint: _236_ (recovery check against rising-edge clock clk)
Path Group: asynchronous
Path Type: max
Corner: Slowest

Fanout     Cap    Slew   Delay    Time   Description
-----------------------------------------------------------------------------
                          0.00    0.00   clock clk (rise edge)
                          0.00    0.00   clock network delay (propagated)
                          4.00    4.00 v input external delay
                  0.02    0.01    4.01 v reset (in)
     1    0.00                           reset (net)
                  0.02    0.00    4.01 v input1/A (sky130_fd_sc_hd__clkbuf_4)
                  0.17    0.34    4.35 v input1/X (sky130_fd_sc_hd__clkbuf_4)
     7    0.04                           net1 (net)
                  0.17    0.01    4.36 v _186_/A (sky130_fd_sc_hd__buf_4)
                  0.16    0.42    4.78 v _186_/X (sky130_fd_sc_hd__buf_4)
    10    0.06                           _102_ (net)
                  0.16    0.00    4.78 v _192_/A (sky130_fd_sc_hd__inv_2)
                  0.06    0.11    4.89 ^ _192_/Y (sky130_fd_sc_hd__inv_2)
     1    0.00                           _014_ (net)
                  0.06    0.00    4.89 ^ _236_/RESET_B (sky130_fd_sc_hd__dfrtp_1)
                                  4.89   data arrival time

                         20.00   20.00   clock clk (rise edge)
                          0.00   20.00   clock source latency
                  0.12    0.08   20.08 ^ clk (in)
     1    0.02                           clk (net)
                  0.12    0.00   20.08 ^ clkbuf_0_clk/A (sky130_fd_sc_hd__clkbuf_16)
                  0.10    0.26   20.34 ^ clkbuf_0_clk/X (sky130_fd_sc_hd__clkbuf_16)
     4    0.04                           clknet_0_clk (net)
                  0.10    0.00   20.34 ^ clkbuf_2_3__f_clk/A (sky130_fd_sc_hd__clkbuf_16)
                  0.08    0.23   20.57 ^ clkbuf_2_3__f_clk/X (sky130_fd_sc_hd__clkbuf_16)
     9    0.03                           clknet_2_3__leaf_clk (net)
                  0.08    0.00   20.57 ^ _236_/CLK (sky130_fd_sc_hd__dfrtp_1)
                         -0.25   20.32   clock uncertainty
                          0.00   20.32   clock reconvergence pessimism
                          0.47   20.79   library recovery time
                                 20.79   data required time
-----------------------------------------------------------------------------
                                 20.79   data required time
                                 -4.89   data arrival time
-----------------------------------------------------------------------------
                                 15.90   slack (MET)


Startpoint: reset (input port clocked by clk)
Endpoint: _245_ (recovery check against rising-edge clock clk)
Path Group: asynchronous
Path Type: max
Corner: Slowest

Fanout     Cap    Slew   Delay    Time   Description
-----------------------------------------------------------------------------
                          0.00    0.00   clock clk (rise edge)
                          0.00    0.00   clock network delay (propagated)
                          4.00    4.00 v input external delay
                  0.02    0.01    4.01 v reset (in)
     1    0.00                           reset (net)
                  0.02    0.00    4.01 v input1/A (sky130_fd_sc_hd__clkbuf_4)
                  0.17    0.34    4.35 v input1/X (sky130_fd_sc_hd__clkbuf_4)
     7    0.04                           net1 (net)
                  0.17    0.01    4.36 v _197_/A (sky130_fd_sc_hd__buf_4)
                  0.16    0.42    4.77 v _197_/X (sky130_fd_sc_hd__buf_4)
    10    0.06                           _103_ (net)
                  0.16    0.01    4.78 v _202_/A (sky130_fd_sc_hd__inv_2)
                  0.06    0.11    4.89 ^ _202_/Y (sky130_fd_sc_hd__inv_2)
     1    0.00                           _023_ (net)
                  0.06    0.00    4.89 ^ _245_/RESET_B (sky130_fd_sc_hd__dfrtp_1)
                                  4.89   data arrival time

                         20.00   20.00   clock clk (rise edge)
                          0.00   20.00   clock source latency
                  0.12    0.08   20.08 ^ clk (in)
     1    0.02                           clk (net)
                  0.12    0.00   20.08 ^ clkbuf_0_clk/A (sky130_fd_sc_hd__clkbuf_16)
                  0.10    0.26   20.34 ^ clkbuf_0_clk/X (sky130_fd_sc_hd__clkbuf_16)
     4    0.04                           clknet_0_clk (net)
                  0.10    0.00   20.34 ^ clkbuf_2_3__f_clk/A (sky130_fd_sc_hd__clkbuf_16)
                  0.08    0.23   20.57 ^ clkbuf_2_3__f_clk/X (sky130_fd_sc_hd__clkbuf_16)
     9    0.03                           clknet_2_3__leaf_clk (net)
                  0.08    0.00   20.57 ^ _245_/CLK (sky130_fd_sc_hd__dfrtp_1)
                         -0.25   20.32   clock uncertainty
                          0.00   20.32   clock reconvergence pessimism
                          0.47   20.79   library recovery time
                                 20.79   data required time
-----------------------------------------------------------------------------
                                 20.79   data required time
                                 -4.89   data arrival time
-----------------------------------------------------------------------------
                                 15.90   slack (MET)


Startpoint: reset (input port clocked by clk)
Endpoint: _249_ (recovery check against rising-edge clock clk)
Path Group: asynchronous
Path Type: max
Corner: Slowest

Fanout     Cap    Slew   Delay    Time   Description
-----------------------------------------------------------------------------
                          0.00    0.00   clock clk (rise edge)
                          0.00    0.00   clock network delay (propagated)
                          4.00    4.00 v input external delay
                  0.02    0.01    4.01 v reset (in)
     1    0.00                           reset (net)
                  0.02    0.00    4.01 v input1/A (sky130_fd_sc_hd__clkbuf_4)
                  0.17    0.34    4.35 v input1/X (sky130_fd_sc_hd__clkbuf_4)
     7    0.04                           net1 (net)
                  0.17    0.01    4.36 v _197_/A (sky130_fd_sc_hd__buf_4)
                  0.16    0.42    4.77 v _197_/X (sky130_fd_sc_hd__buf_4)
    10    0.06                           _103_ (net)
                  0.16    0.00    4.78 v _206_/A (sky130_fd_sc_hd__inv_2)
                  0.06    0.11    4.89 ^ _206_/Y (sky130_fd_sc_hd__inv_2)
     1    0.00                           _027_ (net)
                  0.06    0.00    4.89 ^ _249_/RESET_B (sky130_fd_sc_hd__dfrtp_1)
                                  4.89   data arrival time

                         20.00   20.00   clock clk (rise edge)
                          0.00   20.00   clock source latency
                  0.12    0.08   20.08 ^ clk (in)
     1    0.02                           clk (net)
                  0.12    0.00   20.08 ^ clkbuf_0_clk/A (sky130_fd_sc_hd__clkbuf_16)
                  0.10    0.26   20.34 ^ clkbuf_0_clk/X (sky130_fd_sc_hd__clkbuf_16)
     4    0.04                           clknet_0_clk (net)
                  0.10    0.00   20.34 ^ clkbuf_2_0__f_clk/A (sky130_fd_sc_hd__clkbuf_16)
                  0.08    0.23   20.57 ^ clkbuf_2_0__f_clk/X (sky130_fd_sc_hd__clkbuf_16)
     9    0.03                           clknet_2_0__leaf_clk (net)
                  0.08    0.00   20.57 ^ _249_/CLK (sky130_fd_sc_hd__dfrtp_1)
                         -0.25   20.32   clock uncertainty
                          0.00   20.32   clock reconvergence pessimism
                          0.47   20.79   library recovery time
                                 20.79   data required time
-----------------------------------------------------------------------------
                                 20.79   data required time
                                 -4.89   data arrival time
-----------------------------------------------------------------------------
                                 15.90   slack (MET)


Startpoint: reset (input port clocked by clk)
Endpoint: _250_ (recovery check against rising-edge clock clk)
Path Group: asynchronous
Path Type: max
Corner: Slowest

Fanout     Cap    Slew   Delay    Time   Description
-----------------------------------------------------------------------------
                          0.00    0.00   clock clk (rise edge)
                          0.00    0.00   clock network delay (propagated)
                          4.00    4.00 v input external delay
                  0.02    0.01    4.01 v reset (in)
     1    0.00                           reset (net)
                  0.02    0.00    4.01 v input1/A (sky130_fd_sc_hd__clkbuf_4)
                  0.17    0.34    4.35 v input1/X (sky130_fd_sc_hd__clkbuf_4)
     7    0.04                           net1 (net)
                  0.17    0.01    4.36 v _197_/A (sky130_fd_sc_hd__buf_4)
                  0.16    0.42    4.77 v _197_/X (sky130_fd_sc_hd__buf_4)
    10    0.06                           _103_ (net)
                  0.16    0.00    4.78 v _207_/A (sky130_fd_sc_hd__inv_2)
                  0.06    0.11    4.89 ^ _207_/Y (sky130_fd_sc_hd__inv_2)
     1    0.00                           _028_ (net)
                  0.06    0.00    4.89 ^ _250_/RESET_B (sky130_fd_sc_hd__dfrtp_1)
                                  4.89   data arrival time

                         20.00   20.00   clock clk (rise edge)
                          0.00   20.00   clock source latency
                  0.12    0.08   20.08 ^ clk (in)
     1    0.02                           clk (net)
                  0.12    0.00   20.08 ^ clkbuf_0_clk/A (sky130_fd_sc_hd__clkbuf_16)
                  0.10    0.26   20.34 ^ clkbuf_0_clk/X (sky130_fd_sc_hd__clkbuf_16)
     4    0.04                           clknet_0_clk (net)
                  0.10    0.00   20.34 ^ clkbuf_2_0__f_clk/A (sky130_fd_sc_hd__clkbuf_16)
                  0.08    0.23   20.57 ^ clkbuf_2_0__f_clk/X (sky130_fd_sc_hd__clkbuf_16)
     9    0.03                           clknet_2_0__leaf_clk (net)
                  0.08    0.00   20.57 ^ _250_/CLK (sky130_fd_sc_hd__dfrtp_1)
                         -0.25   20.32   clock uncertainty
                          0.00   20.32   clock reconvergence pessimism
                          0.47   20.79   library recovery time
                                 20.79   data required time
-----------------------------------------------------------------------------
                                 20.79   data required time
                                 -4.89   data arrival time
-----------------------------------------------------------------------------
                                 15.90   slack (MET)


Startpoint: _233_ (rising edge-triggered flip-flop clocked by clk)
Endpoint: _247_ (rising edge-triggered flip-flop clocked by clk)
Path Group: clk
Path Type: max
Corner: Slowest

Fanout     Cap    Slew   Delay    Time   Description
-----------------------------------------------------------------------------
                          0.00    0.00   clock clk (rise edge)
                          0.00    0.00   clock source latency
                  0.12    0.08    0.08 ^ clk (in)
     1    0.02                           clk (net)
                  0.12    0.00    0.08 ^ clkbuf_0_clk/A (sky130_fd_sc_hd__clkbuf_16)
                  0.10    0.29    0.37 ^ clkbuf_0_clk/X (sky130_fd_sc_hd__clkbuf_16)
     4    0.04                           clknet_0_clk (net)
                  0.10    0.00    0.37 ^ clkbuf_2_2__f_clk/A (sky130_fd_sc_hd__clkbuf_16)
                  0.07    0.25    0.62 ^ clkbuf_2_2__f_clk/X (sky130_fd_sc_hd__clkbuf_16)
     6    0.02                           clknet_2_2__leaf_clk (net)
                  0.07    0.00    0.62 ^ _233_/CLK (sky130_fd_sc_hd__dfrtp_1)
                  0.17    0.88    1.50 v _233_/Q (sky130_fd_sc_hd__dfrtp_1)
     5    0.01                           rx_inst.state[3] (net)
                  0.17    0.00    1.50 v _119_/A (sky130_fd_sc_hd__or3_2)
                  0.26    1.37    2.87 v _119_/X (sky130_fd_sc_hd__or3_2)
     6    0.02                           _061_ (net)
                  0.26    0.00    2.87 v _145_/A (sky130_fd_sc_hd__nor2_1)
                  0.24    0.34    3.21 ^ _145_/Y (sky130_fd_sc_hd__nor2_1)
     1    0.01                           _080_ (net)
                  0.24    0.00    3.21 ^ _146_/S (sky130_fd_sc_hd__mux2_1)
                  0.11    0.80    4.01 v _146_/X (sky130_fd_sc_hd__mux2_1)
     1    0.00                           _081_ (net)
                  0.11    0.00    4.01 v _147_/A (sky130_fd_sc_hd__clkbuf_1)
                  0.04    0.18    4.19 v _147_/X (sky130_fd_sc_hd__clkbuf_1)
     1    0.00                           _041_ (net)
                  0.04    0.00    4.19 v _247_/D (sky130_fd_sc_hd__dfrtp_1)
                                  4.19   data arrival time

                         20.00   20.00   clock clk (rise edge)
                          0.00   20.00   clock source latency
                  0.12    0.08   20.08 ^ clk (in)
     1    0.02                           clk (net)
                  0.12    0.00   20.08 ^ clkbuf_0_clk/A (sky130_fd_sc_hd__clkbuf_16)
                  0.10    0.26   20.34 ^ clkbuf_0_clk/X (sky130_fd_sc_hd__clkbuf_16)
     4    0.04                           clknet_0_clk (net)
                  0.10    0.00   20.34 ^ clkbuf_2_2__f_clk/A (sky130_fd_sc_hd__clkbuf_16)
                  0.07    0.22   20.56 ^ clkbuf_2_2__f_clk/X (sky130_fd_sc_hd__clkbuf_16)
     6    0.02                           clknet_2_2__leaf_clk (net)
                  0.07    0.00   20.56 ^ _247_/CLK (sky130_fd_sc_hd__dfrtp_1)
                         -0.25   20.31   clock uncertainty
                          0.06   20.37   clock reconvergence pessimism
                         -0.27   20.11   library setup time
                                 20.11   data required time
-----------------------------------------------------------------------------
                                 20.11   data required time
                                 -4.19   data arrival time
-----------------------------------------------------------------------------
                                 15.92   slack (MET)


Startpoint: _234_ (rising edge-triggered flip-flop clocked by clk)
Endpoint: _237_ (rising edge-triggered flip-flop clocked by clk)
Path Group: clk
Path Type: max
Corner: Slowest

Fanout     Cap    Slew   Delay    Time   Description
-----------------------------------------------------------------------------
                          0.00    0.00   clock clk (rise edge)
                          0.00    0.00   clock source latency
                  0.12    0.08    0.08 ^ clk (in)
     1    0.02                           clk (net)
                  0.12    0.00    0.08 ^ clkbuf_0_clk/A (sky130_fd_sc_hd__clkbuf_16)
                  0.10    0.29    0.37 ^ clkbuf_0_clk/X (sky130_fd_sc_hd__clkbuf_16)
     4    0.04                           clknet_0_clk (net)
                  0.10    0.00    0.37 ^ clkbuf_2_3__f_clk/A (sky130_fd_sc_hd__clkbuf_16)
                  0.08    0.26    0.63 ^ clkbuf_2_3__f_clk/X (sky130_fd_sc_hd__clkbuf_16)
     9    0.03                           clknet_2_3__leaf_clk (net)
                  0.08    0.00    0.63 ^ _234_/CLK (sky130_fd_sc_hd__dfrtp_4)
                  0.21    0.98    1.62 ^ _234_/Q (sky130_fd_sc_hd__dfrtp_4)
     9    0.04                           tx_inst.bit_count[0] (net)
                  0.21    0.01    1.62 ^ _179_/S0 (sky130_fd_sc_hd__mux4_1)
                  0.18    1.38    3.00 v _179_/X (sky130_fd_sc_hd__mux4_1)
     1    0.01                           _099_ (net)
                  0.18    0.00    3.00 v _180_/A (sky130_fd_sc_hd__or2b_1)
                  0.10    0.57    3.57 v _180_/X (sky130_fd_sc_hd__or2b_1)
     1    0.00                           _100_ (net)
                  0.10    0.00    3.57 v _181_/A3 (sky130_fd_sc_hd__a311o_1)
                  0.09    0.68    4.25 v _181_/X (sky130_fd_sc_hd__a311o_1)
     1    0.00                           _114_ (net)
                  0.09    0.00    4.25 v _237_/D (sky130_fd_sc_hd__dfstp_1)
                                  4.25   data arrival time

                         20.00   20.00   clock clk (rise edge)
                          0.00   20.00   clock source latency
                  0.12    0.08   20.08 ^ clk (in)
     1    0.02                           clk (net)
                  0.12    0.00   20.08 ^ clkbuf_0_clk/A (sky130_fd_sc_hd__clkbuf_16)
                  0.10    0.26   20.34 ^ clkbuf_0_clk/X (sky130_fd_sc_hd__clkbuf_16)
     4    0.04                           clknet_0_clk (net)
                  0.10    0.00   20.34 ^ clkbuf_2_3__f_clk/A (sky130_fd_sc_hd__clkbuf_16)
                  0.08    0.23   20.57 ^ clkbuf_2_3__f_clk/X (sky130_fd_sc_hd__clkbuf_16)
     9    0.03                           clknet_2_3__leaf_clk (net)
                  0.08    0.00   20.57 ^ _237_/CLK (sky130_fd_sc_hd__dfstp_1)
                         -0.25   20.32   clock uncertainty
                          0.06   20.38   clock reconvergence pessimism
                         -0.15   20.23   library setup time
                                 20.23   data required time
-----------------------------------------------------------------------------
                                 20.23   data required time
                                 -4.25   data arrival time
-----------------------------------------------------------------------------
                                 15.98   slack (MET)


Startpoint: _244_ (rising edge-triggered flip-flop clocked by clk)
Endpoint: _243_ (rising edge-triggered flip-flop clocked by clk)
Path Group: clk
Path Type: max
Corner: Slowest

Fanout     Cap    Slew   Delay    Time   Description
-----------------------------------------------------------------------------
                          0.00    0.00   clock clk (rise edge)
                          0.00    0.00   clock source latency
                  0.12    0.08    0.08 ^ clk (in)
     1    0.02                           clk (net)
                  0.12    0.00    0.08 ^ clkbuf_0_clk/A (sky130_fd_sc_hd__clkbuf_16)
                  0.10    0.29    0.37 ^ clkbuf_0_clk/X (sky130_fd_sc_hd__clkbuf_16)
     4    0.04                           clknet_0_clk (net)
                  0.10    0.00    0.37 ^ clkbuf_2_3__f_clk/A (sky130_fd_sc_hd__clkbuf_16)
                  0.08    0.26    0.63 ^ clkbuf_2_3__f_clk/X (sky130_fd_sc_hd__clkbuf_16)
     9    0.03                           clknet_2_3__leaf_clk (net)
                  0.08    0.00    0.63 ^ _244_/CLK (sky130_fd_sc_hd__dfrtp_1)
                  0.09    0.80    1.43 v _244_/Q (sky130_fd_sc_hd__dfrtp_1)
     2    0.00                           tx_inst.state[2] (net)
                  0.09    0.00    1.43 v hold1/A (sky130_fd_sc_hd__dlygate4sd3_1)
                  0.11    1.20    2.63 v hold1/X (sky130_fd_sc_hd__dlygate4sd3_1)
     1    0.00                           net21 (net)
                  0.11    0.00    2.63 v _173_/B1 (sky130_fd_sc_hd__a21o_1)
                  0.05    0.29    2.92 v _173_/X (sky130_fd_sc_hd__a21o_1)
     1    0.00                           _007_ (net)
                  0.05    0.00    2.92 v hold2/A (sky130_fd_sc_hd__dlygate4sd3_1)
                  0.10    1.17    4.09 v hold2/X (sky130_fd_sc_hd__dlygate4sd3_1)
     1    0.00                           net22 (net)
                  0.10    0.00    4.09 v _243_/D (sky130_fd_sc_hd__dfrtp_4)
                                  4.09   data arrival time

                         20.00   20.00   clock clk (rise edge)
                          0.00   20.00   clock source latency
                  0.12    0.08   20.08 ^ clk (in)
     1    0.02                           clk (net)
                  0.12    0.00   20.08 ^ clkbuf_0_clk/A (sky130_fd_sc_hd__clkbuf_16)
                  0.10    0.26   20.34 ^ clkbuf_0_clk/X (sky130_fd_sc_hd__clkbuf_16)
     4    0.04                           clknet_0_clk (net)
                  0.10    0.00   20.34 ^ clkbuf_2_3__f_clk/A (sky130_fd_sc_hd__clkbuf_16)
                  0.08    0.23   20.57 ^ clkbuf_2_3__f_clk/X (sky130_fd_sc_hd__clkbuf_16)
     9    0.03                           clknet_2_3__leaf_clk (net)
                  0.08    0.00   20.57 ^ _243_/CLK (sky130_fd_sc_hd__dfrtp_4)
                         -0.25   20.32   clock uncertainty
                          0.06   20.38   clock reconvergence pessimism
                         -0.29   20.10   library setup time
                                 20.10   data required time
-----------------------------------------------------------------------------
                                 20.10   data required time
                                 -4.09   data arrival time
-----------------------------------------------------------------------------
                                 16.01   slack (MET)


Startpoint: reset (input port clocked by clk)
Endpoint: _230_ (recovery check against rising-edge clock clk)
Path Group: asynchronous
Path Type: max
Corner: Slowest

Fanout     Cap    Slew   Delay    Time   Description
-----------------------------------------------------------------------------
                          0.00    0.00   clock clk (rise edge)
                          0.00    0.00   clock network delay (propagated)
                          4.00    4.00 v input external delay
                  0.02    0.01    4.01 v reset (in)
     1    0.00                           reset (net)
                  0.02    0.00    4.01 v input1/A (sky130_fd_sc_hd__clkbuf_4)
                  0.17    0.34    4.35 v input1/X (sky130_fd_sc_hd__clkbuf_4)
     7    0.04                           net1 (net)
                  0.17    0.00    4.36 v _185_/A (sky130_fd_sc_hd__inv_2)
                  0.08    0.14    4.49 ^ _185_/Y (sky130_fd_sc_hd__inv_2)
     2    0.01                           _008_ (net)
                  0.08    0.00    4.49 ^ _230_/SET_B (sky130_fd_sc_hd__dfstp_1)
                                  4.49   data arrival time

                         20.00   20.00   clock clk (rise edge)
                          0.00   20.00   clock source latency
                  0.12    0.08   20.08 ^ clk (in)
     1    0.02                           clk (net)
                  0.12    0.00   20.08 ^ clkbuf_0_clk/A (sky130_fd_sc_hd__clkbuf_16)
                  0.10    0.26   20.34 ^ clkbuf_0_clk/X (sky130_fd_sc_hd__clkbuf_16)
     4    0.04                           clknet_0_clk (net)
                  0.10    0.00   20.34 ^ clkbuf_2_2__f_clk/A (sky130_fd_sc_hd__clkbuf_16)
                  0.07    0.22   20.56 ^ clkbuf_2_2__f_clk/X (sky130_fd_sc_hd__clkbuf_16)
     6    0.02                           clknet_2_2__leaf_clk (net)
                  0.07    0.00   20.56 ^ _230_/CLK (sky130_fd_sc_hd__dfstp_1)
                         -0.25   20.31   clock uncertainty
                          0.00   20.31   clock reconvergence pessimism
                          0.27   20.58   library recovery time
                                 20.58   data required time
-----------------------------------------------------------------------------
                                 20.58   data required time
                                 -4.49   data arrival time
-----------------------------------------------------------------------------
                                 16.09   slack (MET)


Startpoint: _233_ (rising edge-triggered flip-flop clocked by clk)
Endpoint: _252_ (rising edge-triggered flip-flop clocked by clk)
Path Group: clk
Path Type: max
Corner: Slowest

Fanout     Cap    Slew   Delay    Time   Description
-----------------------------------------------------------------------------
                          0.00    0.00   clock clk (rise edge)
                          0.00    0.00   clock source latency
                  0.12    0.08    0.08 ^ clk (in)
     1    0.02                           clk (net)
                  0.12    0.00    0.08 ^ clkbuf_0_clk/A (sky130_fd_sc_hd__clkbuf_16)
                  0.10    0.29    0.37 ^ clkbuf_0_clk/X (sky130_fd_sc_hd__clkbuf_16)
     4    0.04                           clknet_0_clk (net)
                  0.10    0.00    0.37 ^ clkbuf_2_2__f_clk/A (sky130_fd_sc_hd__clkbuf_16)
                  0.07    0.25    0.62 ^ clkbuf_2_2__f_clk/X (sky130_fd_sc_hd__clkbuf_16)
     6    0.02                           clknet_2_2__leaf_clk (net)
                  0.07    0.00    0.62 ^ _233_/CLK (sky130_fd_sc_hd__dfrtp_1)
                  0.17    0.88    1.50 v _233_/Q (sky130_fd_sc_hd__dfrtp_1)
     5    0.01                           rx_inst.state[3] (net)
                  0.17    0.00    1.50 v _126_/A (sky130_fd_sc_hd__or4b_1)
                  0.26    1.43    2.93 v _126_/X (sky130_fd_sc_hd__or4b_1)
     3    0.01                           _067_ (net)
                  0.26    0.00    2.93 v _131_/A3 (sky130_fd_sc_hd__o31a_1)
                  0.09    0.55    3.48 v _131_/X (sky130_fd_sc_hd__o31a_1)
     1    0.00                           _071_ (net)
                  0.09    0.00    3.48 v _132_/B1 (sky130_fd_sc_hd__a41o_1)
                  0.07    0.37    3.85 v _132_/X (sky130_fd_sc_hd__a41o_1)
     1    0.00                           _046_ (net)
                  0.07    0.00    3.85 v _252_/D (sky130_fd_sc_hd__dfrtp_1)
                                  3.85   data arrival time

                         20.00   20.00   clock clk (rise edge)
                          0.00   20.00   clock source latency
                  0.12    0.08   20.08 ^ clk (in)
     1    0.02                           clk (net)
                  0.12    0.00   20.08 ^ clkbuf_0_clk/A (sky130_fd_sc_hd__clkbuf_16)
                  0.10    0.26   20.34 ^ clkbuf_0_clk/X (sky130_fd_sc_hd__clkbuf_16)
     4    0.04                           clknet_0_clk (net)
                  0.10    0.00   20.34 ^ clkbuf_2_0__f_clk/A (sky130_fd_sc_hd__clkbuf_16)
                  0.08    0.23   20.57 ^ clkbuf_2_0__f_clk/X (sky130_fd_sc_hd__clkbuf_16)
     9    0.03                           clknet_2_0__leaf_clk (net)
                  0.08    0.00   20.57 ^ _252_/CLK (sky130_fd_sc_hd__dfrtp_1)
                         -0.25   20.32   clock uncertainty
                          0.04   20.36   clock reconvergence pessimism
                         -0.27   20.09   library setup time
                                 20.09   data required time
-----------------------------------------------------------------------------
                                 20.09   data required time
                                 -3.85   data arrival time
-----------------------------------------------------------------------------
                                 16.24   slack (MET)


Startpoint: reset (input port clocked by clk)
Endpoint: _251_ (recovery check against rising-edge clock clk)
Path Group: asynchronous
Path Type: max
Corner: Slowest

Fanout     Cap    Slew   Delay    Time   Description
-----------------------------------------------------------------------------
                          0.00    0.00   clock clk (rise edge)
                          0.00    0.00   clock network delay (propagated)
                          4.00    4.00 v input external delay
                  0.02    0.01    4.01 v reset (in)
     1    0.00                           reset (net)
                  0.02    0.00    4.01 v input1/A (sky130_fd_sc_hd__clkbuf_4)
                  0.17    0.34    4.35 v input1/X (sky130_fd_sc_hd__clkbuf_4)
     7    0.04                           net1 (net)
                  0.17    0.00    4.36 v _208_/A (sky130_fd_sc_hd__inv_2)
                  0.07    0.12    4.48 ^ _208_/Y (sky130_fd_sc_hd__inv_2)
     1    0.00                           _029_ (net)
                  0.07    0.00    4.48 ^ _251_/RESET_B (sky130_fd_sc_hd__dfrtp_1)
                                  4.48   data arrival time

                         20.00   20.00   clock clk (rise edge)
                          0.00   20.00   clock source latency
                  0.12    0.08   20.08 ^ clk (in)
     1    0.02                           clk (net)
                  0.12    0.00   20.08 ^ clkbuf_0_clk/A (sky130_fd_sc_hd__clkbuf_16)
                  0.10    0.26   20.34 ^ clkbuf_0_clk/X (sky130_fd_sc_hd__clkbuf_16)
     4    0.04                           clknet_0_clk (net)
                  0.10    0.00   20.34 ^ clkbuf_2_2__f_clk/A (sky130_fd_sc_hd__clkbuf_16)
                  0.07    0.22   20.56 ^ clkbuf_2_2__f_clk/X (sky130_fd_sc_hd__clkbuf_16)
     6    0.02                           clknet_2_2__leaf_clk (net)
                  0.07    0.00   20.56 ^ _251_/CLK (sky130_fd_sc_hd__dfrtp_1)
                         -0.25   20.31   clock uncertainty
                          0.00   20.31   clock reconvergence pessimism
                          0.46   20.78   library recovery time
                                 20.78   data required time
-----------------------------------------------------------------------------
                                 20.78   data required time
                                 -4.48   data arrival time
-----------------------------------------------------------------------------
                                 16.30   slack (MET)


Startpoint: reset (input port clocked by clk)
Endpoint: _254_ (recovery check against rising-edge clock clk)
Path Group: asynchronous
Path Type: max
Corner: Slowest

Fanout     Cap    Slew   Delay    Time   Description
-----------------------------------------------------------------------------
                          0.00    0.00   clock clk (rise edge)
                          0.00    0.00   clock network delay (propagated)
                          4.00    4.00 v input external delay
                  0.02    0.01    4.01 v reset (in)
     1    0.00                           reset (net)
                  0.02    0.00    4.01 v input1/A (sky130_fd_sc_hd__clkbuf_4)
                  0.17    0.34    4.35 v input1/X (sky130_fd_sc_hd__clkbuf_4)
     7    0.04                           net1 (net)
                  0.17    0.01    4.36 v _211_/A (sky130_fd_sc_hd__inv_2)
                  0.07    0.12    4.48 ^ _211_/Y (sky130_fd_sc_hd__inv_2)
     1    0.00                           _032_ (net)
                  0.07    0.00    4.48 ^ _254_/RESET_B (sky130_fd_sc_hd__dfrtp_1)
                                  4.48   data arrival time

                         20.00   20.00   clock clk (rise edge)
                          0.00   20.00   clock source latency
                  0.12    0.08   20.08 ^ clk (in)
     1    0.02                           clk (net)
                  0.12    0.00   20.08 ^ clkbuf_0_clk/A (sky130_fd_sc_hd__clkbuf_16)
                  0.10    0.26   20.34 ^ clkbuf_0_clk/X (sky130_fd_sc_hd__clkbuf_16)
     4    0.04                           clknet_0_clk (net)
                  0.10    0.00   20.34 ^ clkbuf_2_0__f_clk/A (sky130_fd_sc_hd__clkbuf_16)
                  0.08    0.23   20.57 ^ clkbuf_2_0__f_clk/X (sky130_fd_sc_hd__clkbuf_16)
     9    0.03                           clknet_2_0__leaf_clk (net)
                  0.08    0.00   20.57 ^ _254_/CLK (sky130_fd_sc_hd__dfrtp_1)
                         -0.25   20.32   clock uncertainty
                          0.00   20.32   clock reconvergence pessimism
                          0.47   20.79   library recovery time
                                 20.79   data required time
-----------------------------------------------------------------------------
                                 20.79   data required time
                                 -4.48   data arrival time
-----------------------------------------------------------------------------
                                 16.31   slack (MET)


Startpoint: reset (input port clocked by clk)
Endpoint: _252_ (recovery check against rising-edge clock clk)
Path Group: asynchronous
Path Type: max
Corner: Slowest

Fanout     Cap    Slew   Delay    Time   Description
-----------------------------------------------------------------------------
                          0.00    0.00   clock clk (rise edge)
                          0.00    0.00   clock network delay (propagated)
                          4.00    4.00 v input external delay
                  0.02    0.01    4.01 v reset (in)
     1    0.00                           reset (net)
                  0.02    0.00    4.01 v input1/A (sky130_fd_sc_hd__clkbuf_4)
                  0.17    0.34    4.35 v input1/X (sky130_fd_sc_hd__clkbuf_4)
     7    0.04                           net1 (net)
                  0.17    0.01    4.36 v _209_/A (sky130_fd_sc_hd__inv_2)
                  0.06    0.12    4.47 ^ _209_/Y (sky130_fd_sc_hd__inv_2)
     1    0.00                           _030_ (net)
                  0.06    0.00    4.48 ^ _252_/RESET_B (sky130_fd_sc_hd__dfrtp_1)
                                  4.48   data arrival time

                         20.00   20.00   clock clk (rise edge)
                          0.00   20.00   clock source latency
                  0.12    0.08   20.08 ^ clk (in)
     1    0.02                           clk (net)
                  0.12    0.00   20.08 ^ clkbuf_0_clk/A (sky130_fd_sc_hd__clkbuf_16)
                  0.10    0.26   20.34 ^ clkbuf_0_clk/X (sky130_fd_sc_hd__clkbuf_16)
     4    0.04                           clknet_0_clk (net)
                  0.10    0.00   20.34 ^ clkbuf_2_0__f_clk/A (sky130_fd_sc_hd__clkbuf_16)
                  0.08    0.23   20.57 ^ clkbuf_2_0__f_clk/X (sky130_fd_sc_hd__clkbuf_16)
     9    0.03                           clknet_2_0__leaf_clk (net)
                  0.08    0.00   20.57 ^ _252_/CLK (sky130_fd_sc_hd__dfrtp_1)
                         -0.25   20.32   clock uncertainty
                          0.00   20.32   clock reconvergence pessimism
                          0.47   20.79   library recovery time
                                 20.79   data required time
-----------------------------------------------------------------------------
                                 20.79   data required time
                                 -4.48   data arrival time
-----------------------------------------------------------------------------
                                 16.32   slack (MET)


Startpoint: reset (input port clocked by clk)
Endpoint: _253_ (recovery check against rising-edge clock clk)
Path Group: asynchronous
Path Type: max
Corner: Slowest

Fanout     Cap    Slew   Delay    Time   Description
-----------------------------------------------------------------------------
                          0.00    0.00   clock clk (rise edge)
                          0.00    0.00   clock network delay (propagated)
                          4.00    4.00 v input external delay
                  0.02    0.01    4.01 v reset (in)
     1    0.00                           reset (net)
                  0.02    0.00    4.01 v input1/A (sky130_fd_sc_hd__clkbuf_4)
                  0.17    0.34    4.35 v input1/X (sky130_fd_sc_hd__clkbuf_4)
     7    0.04                           net1 (net)
                  0.17    0.00    4.36 v _210_/A (sky130_fd_sc_hd__inv_2)
                  0.06    0.11    4.47 ^ _210_/Y (sky130_fd_sc_hd__inv_2)
     1    0.00                           _031_ (net)
                  0.06    0.00    4.47 ^ _253_/RESET_B (sky130_fd_sc_hd__dfrtp_1)
                                  4.47   data arrival time

                         20.00   20.00   clock clk (rise edge)
                          0.00   20.00   clock source latency
                  0.12    0.08   20.08 ^ clk (in)
     1    0.02                           clk (net)
                  0.12    0.00   20.08 ^ clkbuf_0_clk/A (sky130_fd_sc_hd__clkbuf_16)
                  0.10    0.26   20.34 ^ clkbuf_0_clk/X (sky130_fd_sc_hd__clkbuf_16)
     4    0.04                           clknet_0_clk (net)
                  0.10    0.00   20.34 ^ clkbuf_2_3__f_clk/A (sky130_fd_sc_hd__clkbuf_16)
                  0.08    0.23   20.57 ^ clkbuf_2_3__f_clk/X (sky130_fd_sc_hd__clkbuf_16)
     9    0.03                           clknet_2_3__leaf_clk (net)
                  0.08    0.00   20.57 ^ _253_/CLK (sky130_fd_sc_hd__dfrtp_1)
                         -0.25   20.32   clock uncertainty
                          0.00   20.32   clock reconvergence pessimism
                          0.47   20.79   library recovery time
                                 20.79   data required time
-----------------------------------------------------------------------------
                                 20.79   data required time
                                 -4.47   data arrival time
-----------------------------------------------------------------------------
                                 16.32   slack (MET)


Startpoint: _233_ (rising edge-triggered flip-flop clocked by clk)
Endpoint: _254_ (rising edge-triggered flip-flop clocked by clk)
Path Group: clk
Path Type: max
Corner: Slowest

Fanout     Cap    Slew   Delay    Time   Description
-----------------------------------------------------------------------------
                          0.00    0.00   clock clk (rise edge)
                          0.00    0.00   clock source latency
                  0.12    0.08    0.08 ^ clk (in)
     1    0.02                           clk (net)
                  0.12    0.00    0.08 ^ clkbuf_0_clk/A (sky130_fd_sc_hd__clkbuf_16)
                  0.10    0.29    0.37 ^ clkbuf_0_clk/X (sky130_fd_sc_hd__clkbuf_16)
     4    0.04                           clknet_0_clk (net)
                  0.10    0.00    0.37 ^ clkbuf_2_2__f_clk/A (sky130_fd_sc_hd__clkbuf_16)
                  0.07    0.25    0.62 ^ clkbuf_2_2__f_clk/X (sky130_fd_sc_hd__clkbuf_16)
     6    0.02                           clknet_2_2__leaf_clk (net)
                  0.07    0.00    0.62 ^ _233_/CLK (sky130_fd_sc_hd__dfrtp_1)
                  0.17    0.88    1.50 v _233_/Q (sky130_fd_sc_hd__dfrtp_1)
     5    0.01                           rx_inst.state[3] (net)
                  0.17    0.00    1.50 v _119_/A (sky130_fd_sc_hd__or3_2)
                  0.26    1.37    2.87 v _119_/X (sky130_fd_sc_hd__or3_2)
     6    0.02                           _061_ (net)
                  0.26    0.00    2.87 v _123_/A1 (sky130_fd_sc_hd__o21a_1)
                  0.08    0.44    3.31 v _123_/X (sky130_fd_sc_hd__o21a_1)
     1    0.00                           _065_ (net)
                  0.08    0.00    3.31 v _124_/B1 (sky130_fd_sc_hd__a41o_1)
                  0.06    0.37    3.68 v _124_/X (sky130_fd_sc_hd__a41o_1)
     1    0.00                           _048_ (net)
                  0.06    0.00    3.68 v _254_/D (sky130_fd_sc_hd__dfrtp_1)
                                  3.68   data arrival time

                         20.00   20.00   clock clk (rise edge)
                          0.00   20.00   clock source latency
                  0.12    0.08   20.08 ^ clk (in)
     1    0.02                           clk (net)
                  0.12    0.00   20.08 ^ clkbuf_0_clk/A (sky130_fd_sc_hd__clkbuf_16)
                  0.10    0.26   20.34 ^ clkbuf_0_clk/X (sky130_fd_sc_hd__clkbuf_16)
     4    0.04                           clknet_0_clk (net)
                  0.10    0.00   20.34 ^ clkbuf_2_0__f_clk/A (sky130_fd_sc_hd__clkbuf_16)
                  0.08    0.23   20.57 ^ clkbuf_2_0__f_clk/X (sky130_fd_sc_hd__clkbuf_16)
     9    0.03                           clknet_2_0__leaf_clk (net)
                  0.08    0.00   20.57 ^ _254_/CLK (sky130_fd_sc_hd__dfrtp_1)
                         -0.25   20.32   clock uncertainty
                          0.04   20.36   clock reconvergence pessimism
                         -0.27   20.09   library setup time
                                 20.09   data required time
-----------------------------------------------------------------------------
                                 20.09   data required time
                                 -3.68   data arrival time
-----------------------------------------------------------------------------
                                 16.41   slack (MET)


Startpoint: _239_ (rising edge-triggered flip-flop clocked by clk)
Endpoint: _239_ (rising edge-triggered flip-flop clocked by clk)
Path Group: clk
Path Type: max
Corner: Slowest

Fanout     Cap    Slew   Delay    Time   Description
-----------------------------------------------------------------------------
                          0.00    0.00   clock clk (rise edge)
                          0.00    0.00   clock source latency
                  0.12    0.08    0.08 ^ clk (in)
     1    0.02                           clk (net)
                  0.12    0.00    0.08 ^ clkbuf_0_clk/A (sky130_fd_sc_hd__clkbuf_16)
                  0.10    0.29    0.37 ^ clkbuf_0_clk/X (sky130_fd_sc_hd__clkbuf_16)
     4    0.04                           clknet_0_clk (net)
                  0.10    0.00    0.38 ^ clkbuf_2_0__f_clk/A (sky130_fd_sc_hd__clkbuf_16)
                  0.08    0.26    0.63 ^ clkbuf_2_0__f_clk/X (sky130_fd_sc_hd__clkbuf_16)
     9    0.03                           clknet_2_0__leaf_clk (net)
                  0.08    0.00    0.63 ^ _239_/CLK (sky130_fd_sc_hd__dfrtp_1)
                  0.11    0.82    1.45 v _239_/Q (sky130_fd_sc_hd__dfrtp_1)
     2    0.01                           rx_inst.bit_count[0] (net)
                  0.11    0.00    1.45 v _115_/A (sky130_fd_sc_hd__buf_2)
                  0.14    0.36    1.81 v _115_/X (sky130_fd_sc_hd__buf_2)
    10    0.03                           _057_ (net)
                  0.14    0.00    1.81 v _121_/B (sky130_fd_sc_hd__and2_1)
                  0.17    0.47    2.29 v _121_/X (sky130_fd_sc_hd__and2_1)
     4    0.02                           _063_ (net)
                  0.17    0.00    2.29 v _122_/B (sky130_fd_sc_hd__nand2_1)
                  0.19    0.24    2.53 ^ _122_/Y (sky130_fd_sc_hd__nand2_1)
     3    0.01                           _064_ (net)
                  0.19    0.00    2.53 ^ _155_/A2 (sky130_fd_sc_hd__a21boi_1)
                  0.15    0.23    2.76 v _155_/Y (sky130_fd_sc_hd__a21boi_1)
     2    0.01                           _086_ (net)
                  0.15    0.00    2.76 v _157_/A1 (sky130_fd_sc_hd__mux2_1)
                  0.12    0.73    3.49 v _157_/X (sky130_fd_sc_hd__mux2_1)
     1    0.00                           _087_ (net)
                  0.12    0.00    3.49 v _158_/A (sky130_fd_sc_hd__clkbuf_1)
                  0.05    0.19    3.68 v _158_/X (sky130_fd_sc_hd__clkbuf_1)
     1    0.00                           _037_ (net)
                  0.05    0.00    3.68 v _239_/D (sky130_fd_sc_hd__dfrtp_1)
                                  3.68   data arrival time

                         20.00   20.00   clock clk (rise edge)
                          0.00   20.00   clock source latency
                  0.12    0.08   20.08 ^ clk (in)
     1    0.02                           clk (net)
                  0.12    0.00   20.08 ^ clkbuf_0_clk/A (sky130_fd_sc_hd__clkbuf_16)
                  0.10    0.26   20.34 ^ clkbuf_0_clk/X (sky130_fd_sc_hd__clkbuf_16)
     4    0.04                           clknet_0_clk (net)
                  0.10    0.00   20.34 ^ clkbuf_2_0__f_clk/A (sky130_fd_sc_hd__clkbuf_16)
                  0.08    0.23   20.57 ^ clkbuf_2_0__f_clk/X (sky130_fd_sc_hd__clkbuf_16)
     9    0.03                           clknet_2_0__leaf_clk (net)
                  0.08    0.00   20.57 ^ _239_/CLK (sky130_fd_sc_hd__dfrtp_1)
                         -0.25   20.32   clock uncertainty
                          0.06   20.38   clock reconvergence pessimism
                         -0.27   20.12   library setup time
                                 20.12   data required time
-----------------------------------------------------------------------------
                                 20.12   data required time
                                 -3.68   data arrival time
-----------------------------------------------------------------------------
                                 16.44   slack (MET)


Startpoint: _241_ (rising edge-triggered flip-flop clocked by clk)
Endpoint: _241_ (rising edge-triggered flip-flop clocked by clk)
Path Group: clk
Path Type: max
Corner: Slowest

Fanout     Cap    Slew   Delay    Time   Description
-----------------------------------------------------------------------------
                          0.00    0.00   clock clk (rise edge)
                          0.00    0.00   clock source latency
                  0.12    0.08    0.08 ^ clk (in)
     1    0.02                           clk (net)
                  0.12    0.00    0.08 ^ clkbuf_0_clk/A (sky130_fd_sc_hd__clkbuf_16)
                  0.10    0.29    0.37 ^ clkbuf_0_clk/X (sky130_fd_sc_hd__clkbuf_16)
     4    0.04                           clknet_0_clk (net)
                  0.10    0.00    0.38 ^ clkbuf_2_0__f_clk/A (sky130_fd_sc_hd__clkbuf_16)
                  0.08    0.26    0.63 ^ clkbuf_2_0__f_clk/X (sky130_fd_sc_hd__clkbuf_16)
     9    0.03                           clknet_2_0__leaf_clk (net)
                  0.08    0.00    0.63 ^ _241_/CLK (sky130_fd_sc_hd__dfrtp_4)
                  0.18    1.14    1.77 v _241_/Q (sky130_fd_sc_hd__dfrtp_4)
     9    0.03                           rx_inst.bit_count[2] (net)
                  0.18    0.00    1.77 v hold29/A (sky130_fd_sc_hd__dlygate4sd3_1)
                  0.11    1.23    3.01 v hold29/X (sky130_fd_sc_hd__dlygate4sd3_1)
     1    0.00                           net49 (net)
                  0.11    0.00    3.01 v _152_/B2 (sky130_fd_sc_hd__a22o_1)
                  0.08    0.39    3.40 v _152_/X (sky130_fd_sc_hd__a22o_1)
     1    0.00                           _039_ (net)
                  0.08    0.00    3.40 v _241_/D (sky130_fd_sc_hd__dfrtp_4)
                                  3.40   data arrival time

                         20.00   20.00   clock clk (rise edge)
                          0.00   20.00   clock source latency
                  0.12    0.08   20.08 ^ clk (in)
     1    0.02                           clk (net)
                  0.12    0.00   20.08 ^ clkbuf_0_clk/A (sky130_fd_sc_hd__clkbuf_16)
                  0.10    0.26   20.34 ^ clkbuf_0_clk/X (sky130_fd_sc_hd__clkbuf_16)
     4    0.04                           clknet_0_clk (net)
                  0.10    0.00   20.34 ^ clkbuf_2_0__f_clk/A (sky130_fd_sc_hd__clkbuf_16)
                  0.08    0.23   20.57 ^ clkbuf_2_0__f_clk/X (sky130_fd_sc_hd__clkbuf_16)
     9    0.03                           clknet_2_0__leaf_clk (net)
                  0.08    0.00   20.57 ^ _241_/CLK (sky130_fd_sc_hd__dfrtp_4)
                         -0.25   20.32   clock uncertainty
                          0.06   20.38   clock reconvergence pessimism
                         -0.28   20.11   library setup time
                                 20.11   data required time
-----------------------------------------------------------------------------
                                 20.11   data required time
                                 -3.40   data arrival time
-----------------------------------------------------------------------------
                                 16.71   slack (MET)


Startpoint: _235_ (rising edge-triggered flip-flop clocked by clk)
Endpoint: _235_ (rising edge-triggered flip-flop clocked by clk)
Path Group: clk
Path Type: max
Corner: Slowest

Fanout     Cap    Slew   Delay    Time   Description
-----------------------------------------------------------------------------
                          0.00    0.00   clock clk (rise edge)
                          0.00    0.00   clock source latency
                  0.12    0.08    0.08 ^ clk (in)
     1    0.02                           clk (net)
                  0.12    0.00    0.08 ^ clkbuf_0_clk/A (sky130_fd_sc_hd__clkbuf_16)
                  0.10    0.29    0.37 ^ clkbuf_0_clk/X (sky130_fd_sc_hd__clkbuf_16)
     4    0.04                           clknet_0_clk (net)
                  0.10    0.00    0.37 ^ clkbuf_2_3__f_clk/A (sky130_fd_sc_hd__clkbuf_16)
                  0.08    0.26    0.63 ^ clkbuf_2_3__f_clk/X (sky130_fd_sc_hd__clkbuf_16)
     9    0.03                           clknet_2_3__leaf_clk (net)
                  0.08    0.00    0.63 ^ _235_/CLK (sky130_fd_sc_hd__dfrtp_4)
                  0.17    1.12    1.75 v _235_/Q (sky130_fd_sc_hd__dfrtp_4)
     7    0.02                           tx_inst.bit_count[1] (net)
                  0.17    0.00    1.75 v hold24/A (sky130_fd_sc_hd__dlygate4sd3_1)
                  0.11    1.24    2.99 v hold24/X (sky130_fd_sc_hd__dlygate4sd3_1)
     1    0.00                           net44 (net)
                  0.11    0.00    2.99 v _166_/B1 (sky130_fd_sc_hd__a21oi_1)
                  0.16    0.21    3.20 ^ _166_/Y (sky130_fd_sc_hd__a21oi_1)
     1    0.00                           _093_ (net)
                  0.16    0.00    3.20 ^ _167_/B1 (sky130_fd_sc_hd__a21oi_1)
                  0.09    0.11    3.31 v _167_/Y (sky130_fd_sc_hd__a21oi_1)
     1    0.00                           _034_ (net)
                  0.09    0.00    3.31 v _235_/D (sky130_fd_sc_hd__dfrtp_4)
                                  3.31   data arrival time

                         20.00   20.00   clock clk (rise edge)
                          0.00   20.00   clock source latency
                  0.12    0.08   20.08 ^ clk (in)
     1    0.02                           clk (net)
                  0.12    0.00   20.08 ^ clkbuf_0_clk/A (sky130_fd_sc_hd__clkbuf_16)
                  0.10    0.26   20.34 ^ clkbuf_0_clk/X (sky130_fd_sc_hd__clkbuf_16)
     4    0.04                           clknet_0_clk (net)
                  0.10    0.00   20.34 ^ clkbuf_2_3__f_clk/A (sky130_fd_sc_hd__clkbuf_16)
                  0.08    0.23   20.57 ^ clkbuf_2_3__f_clk/X (sky130_fd_sc_hd__clkbuf_16)
     9    0.03                           clknet_2_3__leaf_clk (net)
                  0.08    0.00   20.57 ^ _235_/CLK (sky130_fd_sc_hd__dfrtp_4)
                         -0.25   20.32   clock uncertainty
                          0.06   20.38   clock reconvergence pessimism
                         -0.28   20.10   library setup time
                                 20.10   data required time
-----------------------------------------------------------------------------
                                 20.10   data required time
                                 -3.31   data arrival time
-----------------------------------------------------------------------------
                                 16.80   slack (MET)


Startpoint: _231_ (rising edge-triggered flip-flop clocked by clk)
Endpoint: _240_ (rising edge-triggered flip-flop clocked by clk)
Path Group: clk
Path Type: max
Corner: Slowest

Fanout     Cap    Slew   Delay    Time   Description
-----------------------------------------------------------------------------
                          0.00    0.00   clock clk (rise edge)
                          0.00    0.00   clock source latency
                  0.12    0.08    0.08 ^ clk (in)
     1    0.02                           clk (net)
                  0.12    0.00    0.08 ^ clkbuf_0_clk/A (sky130_fd_sc_hd__clkbuf_16)
                  0.10    0.29    0.37 ^ clkbuf_0_clk/X (sky130_fd_sc_hd__clkbuf_16)
     4    0.04                           clknet_0_clk (net)
                  0.10    0.00    0.38 ^ clkbuf_2_0__f_clk/A (sky130_fd_sc_hd__clkbuf_16)
                  0.08    0.26    0.63 ^ clkbuf_2_0__f_clk/X (sky130_fd_sc_hd__clkbuf_16)
     9    0.03                           clknet_2_0__leaf_clk (net)
                  0.08    0.00    0.63 ^ _231_/CLK (sky130_fd_sc_hd__dfrtp_2)
                  0.15    0.94    1.58 v _231_/Q (sky130_fd_sc_hd__dfrtp_2)
     6    0.02                           rx_inst.state[1] (net)
                  0.15    0.00    1.58 v hold26/A (sky130_fd_sc_hd__dlygate4sd3_1)
                  0.15    1.28    2.86 v hold26/X (sky130_fd_sc_hd__dlygate4sd3_1)
     2    0.01                           net46 (net)
                  0.15    0.00    2.86 v _156_/A1 (sky130_fd_sc_hd__a22o_1)
                  0.07    0.41    3.27 v _156_/X (sky130_fd_sc_hd__a22o_1)
     1    0.00                           _038_ (net)
                  0.07    0.00    3.27 v _240_/D (sky130_fd_sc_hd__dfrtp_4)
                                  3.27   data arrival time

                         20.00   20.00   clock clk (rise edge)
                          0.00   20.00   clock source latency
                  0.12    0.08   20.08 ^ clk (in)
     1    0.02                           clk (net)
                  0.12    0.00   20.08 ^ clkbuf_0_clk/A (sky130_fd_sc_hd__clkbuf_16)
                  0.10    0.26   20.34 ^ clkbuf_0_clk/X (sky130_fd_sc_hd__clkbuf_16)
     4    0.04                           clknet_0_clk (net)
                  0.10    0.00   20.34 ^ clkbuf_2_0__f_clk/A (sky130_fd_sc_hd__clkbuf_16)
                  0.08    0.23   20.57 ^ clkbuf_2_0__f_clk/X (sky130_fd_sc_hd__clkbuf_16)
     9    0.03                           clknet_2_0__leaf_clk (net)
                  0.08    0.00   20.57 ^ _240_/CLK (sky130_fd_sc_hd__dfrtp_4)
                         -0.25   20.32   clock uncertainty
                          0.06   20.38   clock reconvergence pessimism
                         -0.27   20.11   library setup time
                                 20.11   data required time
-----------------------------------------------------------------------------
                                 20.11   data required time
                                 -3.27   data arrival time
-----------------------------------------------------------------------------
                                 16.84   slack (MET)


Startpoint: _230_ (rising edge-triggered flip-flop clocked by clk)
Endpoint: _230_ (rising edge-triggered flip-flop clocked by clk)
Path Group: clk
Path Type: max
Corner: Slowest

Fanout     Cap    Slew   Delay    Time   Description
-----------------------------------------------------------------------------
                          0.00    0.00   clock clk (rise edge)
                          0.00    0.00   clock source latency
                  0.12    0.08    0.08 ^ clk (in)
     1    0.02                           clk (net)
                  0.12    0.00    0.08 ^ clkbuf_0_clk/A (sky130_fd_sc_hd__clkbuf_16)
                  0.10    0.29    0.37 ^ clkbuf_0_clk/X (sky130_fd_sc_hd__clkbuf_16)
     4    0.04                           clknet_0_clk (net)
                  0.10    0.00    0.37 ^ clkbuf_2_2__f_clk/A (sky130_fd_sc_hd__clkbuf_16)
                  0.07    0.25    0.62 ^ clkbuf_2_2__f_clk/X (sky130_fd_sc_hd__clkbuf_16)
     6    0.02                           clknet_2_2__leaf_clk (net)
                  0.07    0.00    0.62 ^ _230_/CLK (sky130_fd_sc_hd__dfstp_1)
                  0.12    1.16    1.78 ^ _230_/Q (sky130_fd_sc_hd__dfstp_1)
     3    0.01                           rx_inst.state[0] (net)
                  0.12    0.00    1.78 ^ hold11/A (sky130_fd_sc_hd__dlygate4sd3_1)
                  0.17    1.19    2.97 ^ hold11/X (sky130_fd_sc_hd__dlygate4sd3_1)
     2    0.01                           net31 (net)
                  0.17    0.00    2.97 ^ _149_/A2 (sky130_fd_sc_hd__o21a_1)
                  0.13    0.30    3.27 ^ _149_/X (sky130_fd_sc_hd__o21a_1)
     2    0.01                           _000_ (net)
                  0.13    0.00    3.27 ^ _230_/D (sky130_fd_sc_hd__dfstp_1)
                                  3.27   data arrival time

                         20.00   20.00   clock clk (rise edge)
                          0.00   20.00   clock source latency
                  0.12    0.08   20.08 ^ clk (in)
     1    0.02                           clk (net)
                  0.12    0.00   20.08 ^ clkbuf_0_clk/A (sky130_fd_sc_hd__clkbuf_16)
                  0.10    0.26   20.34 ^ clkbuf_0_clk/X (sky130_fd_sc_hd__clkbuf_16)
     4    0.04                           clknet_0_clk (net)
                  0.10    0.00   20.34 ^ clkbuf_2_2__f_clk/A (sky130_fd_sc_hd__clkbuf_16)
                  0.07    0.22   20.56 ^ clkbuf_2_2__f_clk/X (sky130_fd_sc_hd__clkbuf_16)
     6    0.02                           clknet_2_2__leaf_clk (net)
                  0.07    0.00   20.56 ^ _230_/CLK (sky130_fd_sc_hd__dfstp_1)
                         -0.25   20.31   clock uncertainty
                          0.06   20.37   clock reconvergence pessimism
                         -0.14   20.24   library setup time
                                 20.24   data required time
-----------------------------------------------------------------------------
                                 20.24   data required time
                                 -3.27   data arrival time
-----------------------------------------------------------------------------
                                 16.97   slack (MET)


Startpoint: _230_ (rising edge-triggered flip-flop clocked by clk)
Endpoint: _232_ (rising edge-triggered flip-flop clocked by clk)
Path Group: clk
Path Type: max
Corner: Slowest

Fanout     Cap    Slew   Delay    Time   Description
-----------------------------------------------------------------------------
                          0.00    0.00   clock clk (rise edge)
                          0.00    0.00   clock source latency
                  0.12    0.08    0.08 ^ clk (in)
     1    0.02                           clk (net)
                  0.12    0.00    0.08 ^ clkbuf_0_clk/A (sky130_fd_sc_hd__clkbuf_16)
                  0.10    0.29    0.37 ^ clkbuf_0_clk/X (sky130_fd_sc_hd__clkbuf_16)
     4    0.04                           clknet_0_clk (net)
                  0.10    0.00    0.37 ^ clkbuf_2_2__f_clk/A (sky130_fd_sc_hd__clkbuf_16)
                  0.07    0.25    0.62 ^ clkbuf_2_2__f_clk/X (sky130_fd_sc_hd__clkbuf_16)
     6    0.02                           clknet_2_2__leaf_clk (net)
                  0.07    0.00    0.62 ^ _230_/CLK (sky130_fd_sc_hd__dfstp_1)
                  0.12    1.16    1.78 ^ _230_/Q (sky130_fd_sc_hd__dfstp_1)
     3    0.01                           rx_inst.state[0] (net)
                  0.12    0.00    1.78 ^ hold11/A (sky130_fd_sc_hd__dlygate4sd3_1)
                  0.17    1.19    2.97 ^ hold11/X (sky130_fd_sc_hd__dlygate4sd3_1)
     2    0.01                           net31 (net)
                  0.17    0.00    2.97 ^ _148_/A (sky130_fd_sc_hd__inv_2)
                  0.06    0.12    3.09 v _148_/Y (sky130_fd_sc_hd__inv_2)
     2    0.01                           _082_ (net)
                  0.06    0.00    3.09 v _182_/A (sky130_fd_sc_hd__nor2_1)
                  0.13    0.16    3.25 ^ _182_/Y (sky130_fd_sc_hd__nor2_1)
     1    0.00                           _001_ (net)
                  0.13    0.00    3.25 ^ _232_/D (sky130_fd_sc_hd__dfrtp_1)
                                  3.25   data arrival time

                         20.00   20.00   clock clk (rise edge)
                          0.00   20.00   clock source latency
                  0.12    0.08   20.08 ^ clk (in)
     1    0.02                           clk (net)
                  0.12    0.00   20.08 ^ clkbuf_0_clk/A (sky130_fd_sc_hd__clkbuf_16)
                  0.10    0.26   20.34 ^ clkbuf_0_clk/X (sky130_fd_sc_hd__clkbuf_16)
     4    0.04                           clknet_0_clk (net)
                  0.10    0.00   20.34 ^ clkbuf_2_2__f_clk/A (sky130_fd_sc_hd__clkbuf_16)
                  0.07    0.22   20.56 ^ clkbuf_2_2__f_clk/X (sky130_fd_sc_hd__clkbuf_16)
     6    0.02                           clknet_2_2__leaf_clk (net)
                  0.07    0.00   20.56 ^ _232_/CLK (sky130_fd_sc_hd__dfrtp_1)
                         -0.25   20.31   clock uncertainty
                          0.06   20.37   clock reconvergence pessimism
                         -0.15   20.22   library setup time
                                 20.22   data required time
-----------------------------------------------------------------------------
                                 20.22   data required time
                                 -3.25   data arrival time
-----------------------------------------------------------------------------
                                 16.97   slack (MET)


Startpoint: _234_ (rising edge-triggered flip-flop clocked by clk)
Endpoint: _245_ (rising edge-triggered flip-flop clocked by clk)
Path Group: clk
Path Type: max
Corner: Slowest

Fanout     Cap    Slew   Delay    Time   Description
-----------------------------------------------------------------------------
                          0.00    0.00   clock clk (rise edge)
                          0.00    0.00   clock source latency
                  0.12    0.08    0.08 ^ clk (in)
     1    0.02                           clk (net)
                  0.12    0.00    0.08 ^ clkbuf_0_clk/A (sky130_fd_sc_hd__clkbuf_16)
                  0.10    0.29    0.37 ^ clkbuf_0_clk/X (sky130_fd_sc_hd__clkbuf_16)
     4    0.04                           clknet_0_clk (net)
                  0.10    0.00    0.37 ^ clkbuf_2_3__f_clk/A (sky130_fd_sc_hd__clkbuf_16)
                  0.08    0.26    0.63 ^ clkbuf_2_3__f_clk/X (sky130_fd_sc_hd__clkbuf_16)
     9    0.03                           clknet_2_3__leaf_clk (net)
                  0.08    0.00    0.63 ^ _234_/CLK (sky130_fd_sc_hd__dfrtp_4)
                  0.18    1.15    1.78 v _234_/Q (sky130_fd_sc_hd__dfrtp_4)
     9    0.03                           tx_inst.bit_count[0] (net)
                  0.18    0.00    1.78 v _183_/C (sky130_fd_sc_hd__and4_1)
                  0.07    0.45    2.24 v _183_/X (sky130_fd_sc_hd__and4_1)
     1    0.00                           _101_ (net)
                  0.07    0.00    2.24 v _184_/A (sky130_fd_sc_hd__clkbuf_1)
                  0.05    0.17    2.41 v _184_/X (sky130_fd_sc_hd__clkbuf_1)
     1    0.00                           _003_ (net)
                  0.05    0.00    2.41 v _245_/D (sky130_fd_sc_hd__dfrtp_1)
                                  2.41   data arrival time

                         20.00   20.00   clock clk (rise edge)
                          0.00   20.00   clock source latency
                  0.12    0.08   20.08 ^ clk (in)
     1    0.02                           clk (net)
                  0.12    0.00   20.08 ^ clkbuf_0_clk/A (sky130_fd_sc_hd__clkbuf_16)
                  0.10    0.26   20.34 ^ clkbuf_0_clk/X (sky130_fd_sc_hd__clkbuf_16)
     4    0.04                           clknet_0_clk (net)
                  0.10    0.00   20.34 ^ clkbuf_2_3__f_clk/A (sky130_fd_sc_hd__clkbuf_16)
                  0.08    0.23   20.57 ^ clkbuf_2_3__f_clk/X (sky130_fd_sc_hd__clkbuf_16)
     9    0.03                           clknet_2_3__leaf_clk (net)
                  0.08    0.00   20.57 ^ _245_/CLK (sky130_fd_sc_hd__dfrtp_1)
                         -0.25   20.32   clock uncertainty
                          0.06   20.38   clock reconvergence pessimism
                         -0.27   20.12   library setup time
                                 20.12   data required time
-----------------------------------------------------------------------------
                                 20.12   data required time
                                 -2.41   data arrival time
-----------------------------------------------------------------------------
                                 17.71   slack (MET)



======================= Typical Corner ===================================

Startpoint: _252_ (rising edge-triggered flip-flop clocked by clk)
Endpoint: rx_data[5] (output port clocked by clk)
Path Group: clk
Path Type: max
Corner: Typical

Fanout     Cap    Slew   Delay    Time   Description
-----------------------------------------------------------------------------
                          0.00    0.00   clock clk (rise edge)
                          0.00    0.00   clock source latency
                  0.08    0.05    0.05 ^ clk (in)
     1    0.02                           clk (net)
                  0.08    0.00    0.05 ^ clkbuf_0_clk/A (sky130_fd_sc_hd__clkbuf_16)
                  0.06    0.16    0.22 ^ clkbuf_0_clk/X (sky130_fd_sc_hd__clkbuf_16)
     4    0.04                           clknet_0_clk (net)
                  0.06    0.00    0.22 ^ clkbuf_2_0__f_clk/A (sky130_fd_sc_hd__clkbuf_16)
                  0.05    0.15    0.36 ^ clkbuf_2_0__f_clk/X (sky130_fd_sc_hd__clkbuf_16)
     9    0.03                           clknet_2_0__leaf_clk (net)
                  0.05    0.00    0.37 ^ _252_/CLK (sky130_fd_sc_hd__dfrtp_1)
                  0.08    0.42    0.79 v _252_/Q (sky130_fd_sc_hd__dfrtp_1)
     2    0.01                           net16 (net)
                  0.08    0.00    0.79 v output16/A (sky130_fd_sc_hd__clkbuf_4)
                  0.08    0.21    1.00 v output16/X (sky130_fd_sc_hd__clkbuf_4)
     1    0.03                           rx_data[5] (net)
                  0.08    0.00    1.00 v rx_data[5] (out)
                                  1.00   data arrival time

                         20.00   20.00   clock clk (rise edge)
                          0.00   20.00   clock network delay (propagated)
                         -0.25   19.75   clock uncertainty
                          0.00   19.75   clock reconvergence pessimism
                         -4.00   15.75   output external delay
                                 15.75   data required time
-----------------------------------------------------------------------------
                                 15.75   data required time
                                 -1.00   data arrival time
-----------------------------------------------------------------------------
                                 14.75   slack (MET)


Startpoint: _254_ (rising edge-triggered flip-flop clocked by clk)
Endpoint: rx_data[7] (output port clocked by clk)
Path Group: clk
Path Type: max
Corner: Typical

Fanout     Cap    Slew   Delay    Time   Description
-----------------------------------------------------------------------------
                          0.00    0.00   clock clk (rise edge)
                          0.00    0.00   clock source latency
                  0.08    0.05    0.05 ^ clk (in)
     1    0.02                           clk (net)
                  0.08    0.00    0.05 ^ clkbuf_0_clk/A (sky130_fd_sc_hd__clkbuf_16)
                  0.06    0.16    0.22 ^ clkbuf_0_clk/X (sky130_fd_sc_hd__clkbuf_16)
     4    0.04                           clknet_0_clk (net)
                  0.06    0.00    0.22 ^ clkbuf_2_0__f_clk/A (sky130_fd_sc_hd__clkbuf_16)
                  0.05    0.15    0.36 ^ clkbuf_2_0__f_clk/X (sky130_fd_sc_hd__clkbuf_16)
     9    0.03                           clknet_2_0__leaf_clk (net)
                  0.05    0.00    0.37 ^ _254_/CLK (sky130_fd_sc_hd__dfrtp_1)
                  0.07    0.41    0.78 v _254_/Q (sky130_fd_sc_hd__dfrtp_1)
     2    0.01                           net18 (net)
                  0.07    0.00    0.78 v output18/A (sky130_fd_sc_hd__clkbuf_4)
                  0.08    0.20    0.98 v output18/X (sky130_fd_sc_hd__clkbuf_4)
     1    0.03                           rx_data[7] (net)
                  0.08    0.00    0.98 v rx_data[7] (out)
                                  0.98   data arrival time

                         20.00   20.00   clock clk (rise edge)
                          0.00   20.00   clock network delay (propagated)
                         -0.25   19.75   clock uncertainty
                          0.00   19.75   clock reconvergence pessimism
                         -4.00   15.75   output external delay
                                 15.75   data required time
-----------------------------------------------------------------------------
                                 15.75   data required time
                                 -0.98   data arrival time
-----------------------------------------------------------------------------
                                 14.77   slack (MET)


Startpoint: _248_ (rising edge-triggered flip-flop clocked by clk)
Endpoint: rx_data[1] (output port clocked by clk)
Path Group: clk
Path Type: max
Corner: Typical

Fanout     Cap    Slew   Delay    Time   Description
-----------------------------------------------------------------------------
                          0.00    0.00   clock clk (rise edge)
                          0.00    0.00   clock source latency
                  0.08    0.05    0.05 ^ clk (in)
     1    0.02                           clk (net)
                  0.08    0.00    0.05 ^ clkbuf_0_clk/A (sky130_fd_sc_hd__clkbuf_16)
                  0.06    0.16    0.22 ^ clkbuf_0_clk/X (sky130_fd_sc_hd__clkbuf_16)
     4    0.04                           clknet_0_clk (net)
                  0.06    0.00    0.22 ^ clkbuf_2_1__f_clk/A (sky130_fd_sc_hd__clkbuf_16)
                  0.05    0.14    0.36 ^ clkbuf_2_1__f_clk/X (sky130_fd_sc_hd__clkbuf_16)
     9    0.03                           clknet_2_1__leaf_clk (net)
                  0.05    0.00    0.36 ^ _248_/CLK (sky130_fd_sc_hd__dfrtp_1)
                  0.07    0.41    0.77 v _248_/Q (sky130_fd_sc_hd__dfrtp_1)
     2    0.01                           net12 (net)
                  0.07    0.00    0.77 v output12/A (sky130_fd_sc_hd__clkbuf_4)
                  0.08    0.20    0.98 v output12/X (sky130_fd_sc_hd__clkbuf_4)
     1    0.03                           rx_data[1] (net)
                  0.08    0.00    0.98 v rx_data[1] (out)
                                  0.98   data arrival time

                         20.00   20.00   clock clk (rise edge)
                          0.00   20.00   clock network delay (propagated)
                         -0.25   19.75   clock uncertainty
                          0.00   19.75   clock reconvergence pessimism
                         -4.00   15.75   output external delay
                                 15.75   data required time
-----------------------------------------------------------------------------
                                 15.75   data required time
                                 -0.98   data arrival time
-----------------------------------------------------------------------------
                                 14.77   slack (MET)


Startpoint: _246_ (rising edge-triggered flip-flop clocked by clk)
Endpoint: rx_done (output port clocked by clk)
Path Group: clk
Path Type: max
Corner: Typical

Fanout     Cap    Slew   Delay    Time   Description
-----------------------------------------------------------------------------
                          0.00    0.00   clock clk (rise edge)
                          0.00    0.00   clock source latency
                  0.08    0.05    0.05 ^ clk (in)
     1    0.02                           clk (net)
                  0.08    0.00    0.05 ^ clkbuf_0_clk/A (sky130_fd_sc_hd__clkbuf_16)
                  0.06    0.16    0.22 ^ clkbuf_0_clk/X (sky130_fd_sc_hd__clkbuf_16)
     4    0.04                           clknet_0_clk (net)
                  0.06    0.00    0.22 ^ clkbuf_2_0__f_clk/A (sky130_fd_sc_hd__clkbuf_16)
                  0.05    0.15    0.36 ^ clkbuf_2_0__f_clk/X (sky130_fd_sc_hd__clkbuf_16)
     9    0.03                           clknet_2_0__leaf_clk (net)
                  0.05    0.00    0.37 ^ _246_/CLK (sky130_fd_sc_hd__dfrtp_1)
                  0.07    0.40    0.77 v _246_/Q (sky130_fd_sc_hd__dfrtp_1)
     2    0.01                           net19 (net)
                  0.07    0.00    0.77 v output19/A (sky130_fd_sc_hd__clkbuf_4)
                  0.08    0.20    0.97 v output19/X (sky130_fd_sc_hd__clkbuf_4)
     1    0.03                           rx_done (net)
                  0.08    0.00    0.97 v rx_done (out)
                                  0.97   data arrival time

                         20.00   20.00   clock clk (rise edge)
                          0.00   20.00   clock network delay (propagated)
                         -0.25   19.75   clock uncertainty
                          0.00   19.75   clock reconvergence pessimism
                         -4.00   15.75   output external delay
                                 15.75   data required time
-----------------------------------------------------------------------------
                                 15.75   data required time
                                 -0.97   data arrival time
-----------------------------------------------------------------------------
                                 14.78   slack (MET)


Startpoint: _247_ (rising edge-triggered flip-flop clocked by clk)
Endpoint: rx_data[0] (output port clocked by clk)
Path Group: clk
Path Type: max
Corner: Typical

Fanout     Cap    Slew   Delay    Time   Description
-----------------------------------------------------------------------------
                          0.00    0.00   clock clk (rise edge)
                          0.00    0.00   clock source latency
                  0.08    0.05    0.05 ^ clk (in)
     1    0.02                           clk (net)
                  0.08    0.00    0.05 ^ clkbuf_0_clk/A (sky130_fd_sc_hd__clkbuf_16)
                  0.06    0.16    0.22 ^ clkbuf_0_clk/X (sky130_fd_sc_hd__clkbuf_16)
     4    0.04                           clknet_0_clk (net)
                  0.06    0.00    0.22 ^ clkbuf_2_2__f_clk/A (sky130_fd_sc_hd__clkbuf_16)
                  0.04    0.14    0.36 ^ clkbuf_2_2__f_clk/X (sky130_fd_sc_hd__clkbuf_16)
     6    0.02                           clknet_2_2__leaf_clk (net)
                  0.04    0.00    0.36 ^ _247_/CLK (sky130_fd_sc_hd__dfrtp_1)
                  0.07    0.41    0.76 v _247_/Q (sky130_fd_sc_hd__dfrtp_1)
     2    0.01                           net11 (net)
                  0.07    0.00    0.77 v output11/A (sky130_fd_sc_hd__clkbuf_4)
                  0.08    0.20    0.97 v output11/X (sky130_fd_sc_hd__clkbuf_4)
     1    0.03                           rx_data[0] (net)
                  0.08    0.00    0.97 v rx_data[0] (out)
                                  0.97   data arrival time

                         20.00   20.00   clock clk (rise edge)
                          0.00   20.00   clock network delay (propagated)
                         -0.25   19.75   clock uncertainty
                          0.00   19.75   clock reconvergence pessimism
                         -4.00   15.75   output external delay
                                 15.75   data required time
-----------------------------------------------------------------------------
                                 15.75   data required time
                                 -0.97   data arrival time
-----------------------------------------------------------------------------
                                 14.78   slack (MET)


Startpoint: _249_ (rising edge-triggered flip-flop clocked by clk)
Endpoint: rx_data[2] (output port clocked by clk)
Path Group: clk
Path Type: max
Corner: Typical

Fanout     Cap    Slew   Delay    Time   Description
-----------------------------------------------------------------------------
                          0.00    0.00   clock clk (rise edge)
                          0.00    0.00   clock source latency
                  0.08    0.05    0.05 ^ clk (in)
     1    0.02                           clk (net)
                  0.08    0.00    0.05 ^ clkbuf_0_clk/A (sky130_fd_sc_hd__clkbuf_16)
                  0.06    0.16    0.22 ^ clkbuf_0_clk/X (sky130_fd_sc_hd__clkbuf_16)
     4    0.04                           clknet_0_clk (net)
                  0.06    0.00    0.22 ^ clkbuf_2_0__f_clk/A (sky130_fd_sc_hd__clkbuf_16)
                  0.05    0.15    0.36 ^ clkbuf_2_0__f_clk/X (sky130_fd_sc_hd__clkbuf_16)
     9    0.03                           clknet_2_0__leaf_clk (net)
                  0.05    0.00    0.37 ^ _249_/CLK (sky130_fd_sc_hd__dfrtp_1)
                  0.06    0.39    0.76 v _249_/Q (sky130_fd_sc_hd__dfrtp_1)
     2    0.01                           net13 (net)
                  0.06    0.00    0.76 v output13/A (sky130_fd_sc_hd__clkbuf_4)
                  0.08    0.20    0.96 v output13/X (sky130_fd_sc_hd__clkbuf_4)
     1    0.03                           rx_data[2] (net)
                  0.08    0.00    0.96 v rx_data[2] (out)
                                  0.96   data arrival time

                         20.00   20.00   clock clk (rise edge)
                          0.00   20.00   clock network delay (propagated)
                         -0.25   19.75   clock uncertainty
                          0.00   19.75   clock reconvergence pessimism
                         -4.00   15.75   output external delay
                                 15.75   data required time
-----------------------------------------------------------------------------
                                 15.75   data required time
                                 -0.96   data arrival time
-----------------------------------------------------------------------------
                                 14.79   slack (MET)


Startpoint: _253_ (rising edge-triggered flip-flop clocked by clk)
Endpoint: rx_data[6] (output port clocked by clk)
Path Group: clk
Path Type: max
Corner: Typical

Fanout     Cap    Slew   Delay    Time   Description
-----------------------------------------------------------------------------
                          0.00    0.00   clock clk (rise edge)
                          0.00    0.00   clock source latency
                  0.08    0.05    0.05 ^ clk (in)
     1    0.02                           clk (net)
                  0.08    0.00    0.05 ^ clkbuf_0_clk/A (sky130_fd_sc_hd__clkbuf_16)
                  0.06    0.16    0.22 ^ clkbuf_0_clk/X (sky130_fd_sc_hd__clkbuf_16)
     4    0.04                           clknet_0_clk (net)
                  0.06    0.00    0.22 ^ clkbuf_2_3__f_clk/A (sky130_fd_sc_hd__clkbuf_16)
                  0.05    0.15    0.37 ^ clkbuf_2_3__f_clk/X (sky130_fd_sc_hd__clkbuf_16)
     9    0.03                           clknet_2_3__leaf_clk (net)
                  0.05    0.00    0.37 ^ _253_/CLK (sky130_fd_sc_hd__dfrtp_1)
                  0.06    0.39    0.76 v _253_/Q (sky130_fd_sc_hd__dfrtp_1)
     2    0.01                           net17 (net)
                  0.06    0.00    0.76 v output17/A (sky130_fd_sc_hd__clkbuf_4)
                  0.08    0.20    0.96 v output17/X (sky130_fd_sc_hd__clkbuf_4)
     1    0.03                           rx_data[6] (net)
                  0.08    0.00    0.96 v rx_data[6] (out)
                                  0.96   data arrival time

                         20.00   20.00   clock clk (rise edge)
                          0.00   20.00   clock network delay (propagated)
                         -0.25   19.75   clock uncertainty
                          0.00   19.75   clock reconvergence pessimism
                         -4.00   15.75   output external delay
                                 15.75   data required time
-----------------------------------------------------------------------------
                                 15.75   data required time
                                 -0.96   data arrival time
-----------------------------------------------------------------------------
                                 14.79   slack (MET)


Startpoint: _250_ (rising edge-triggered flip-flop clocked by clk)
Endpoint: rx_data[3] (output port clocked by clk)
Path Group: clk
Path Type: max
Corner: Typical

Fanout     Cap    Slew   Delay    Time   Description
-----------------------------------------------------------------------------
                          0.00    0.00   clock clk (rise edge)
                          0.00    0.00   clock source latency
                  0.08    0.05    0.05 ^ clk (in)
     1    0.02                           clk (net)
                  0.08    0.00    0.05 ^ clkbuf_0_clk/A (sky130_fd_sc_hd__clkbuf_16)
                  0.06    0.16    0.22 ^ clkbuf_0_clk/X (sky130_fd_sc_hd__clkbuf_16)
     4    0.04                           clknet_0_clk (net)
                  0.06    0.00    0.22 ^ clkbuf_2_0__f_clk/A (sky130_fd_sc_hd__clkbuf_16)
                  0.05    0.15    0.36 ^ clkbuf_2_0__f_clk/X (sky130_fd_sc_hd__clkbuf_16)
     9    0.03                           clknet_2_0__leaf_clk (net)
                  0.05    0.00    0.37 ^ _250_/CLK (sky130_fd_sc_hd__dfrtp_1)
                  0.05    0.39    0.76 v _250_/Q (sky130_fd_sc_hd__dfrtp_1)
     2    0.01                           net14 (net)
                  0.05    0.00    0.76 v output14/A (sky130_fd_sc_hd__clkbuf_4)
                  0.08    0.19    0.95 v output14/X (sky130_fd_sc_hd__clkbuf_4)
     1    0.03                           rx_data[3] (net)
                  0.08    0.00    0.96 v rx_data[3] (out)
                                  0.96   data arrival time

                         20.00   20.00   clock clk (rise edge)
                          0.00   20.00   clock network delay (propagated)
                         -0.25   19.75   clock uncertainty
                          0.00   19.75   clock reconvergence pessimism
                         -4.00   15.75   output external delay
                                 15.75   data required time
-----------------------------------------------------------------------------
                                 15.75   data required time
                                 -0.96   data arrival time
-----------------------------------------------------------------------------
                                 14.79   slack (MET)


Startpoint: _238_ (rising edge-triggered flip-flop clocked by clk)
Endpoint: tx_done (output port clocked by clk)
Path Group: clk
Path Type: max
Corner: Typical

Fanout     Cap    Slew   Delay    Time   Description
-----------------------------------------------------------------------------
                          0.00    0.00   clock clk (rise edge)
                          0.00    0.00   clock source latency
                  0.08    0.05    0.05 ^ clk (in)
     1    0.02                           clk (net)
                  0.08    0.00    0.05 ^ clkbuf_0_clk/A (sky130_fd_sc_hd__clkbuf_16)
                  0.06    0.16    0.22 ^ clkbuf_0_clk/X (sky130_fd_sc_hd__clkbuf_16)
     4    0.04                           clknet_0_clk (net)
                  0.06    0.00    0.22 ^ clkbuf_2_2__f_clk/A (sky130_fd_sc_hd__clkbuf_16)
                  0.04    0.14    0.36 ^ clkbuf_2_2__f_clk/X (sky130_fd_sc_hd__clkbuf_16)
     6    0.02                           clknet_2_2__leaf_clk (net)
                  0.04    0.00    0.36 ^ _238_/CLK (sky130_fd_sc_hd__dfrtp_1)
                  0.06    0.40    0.76 v _238_/Q (sky130_fd_sc_hd__dfrtp_1)
     2    0.01                           net20 (net)
                  0.06    0.00    0.76 v output20/A (sky130_fd_sc_hd__buf_2)
                  0.09    0.20    0.95 v output20/X (sky130_fd_sc_hd__buf_2)
     1    0.03                           tx_done (net)
                  0.09    0.00    0.95 v tx_done (out)
                                  0.95   data arrival time

                         20.00   20.00   clock clk (rise edge)
                          0.00   20.00   clock network delay (propagated)
                         -0.25   19.75   clock uncertainty
                          0.00   19.75   clock reconvergence pessimism
                         -4.00   15.75   output external delay
                                 15.75   data required time
-----------------------------------------------------------------------------
                                 15.75   data required time
                                 -0.95   data arrival time
-----------------------------------------------------------------------------
                                 14.80   slack (MET)


Startpoint: _251_ (rising edge-triggered flip-flop clocked by clk)
Endpoint: rx_data[4] (output port clocked by clk)
Path Group: clk
Path Type: max
Corner: Typical

Fanout     Cap    Slew   Delay    Time   Description
-----------------------------------------------------------------------------
                          0.00    0.00   clock clk (rise edge)
                          0.00    0.00   clock source latency
                  0.08    0.05    0.05 ^ clk (in)
     1    0.02                           clk (net)
                  0.08    0.00    0.05 ^ clkbuf_0_clk/A (sky130_fd_sc_hd__clkbuf_16)
                  0.06    0.16    0.22 ^ clkbuf_0_clk/X (sky130_fd_sc_hd__clkbuf_16)
     4    0.04                           clknet_0_clk (net)
                  0.06    0.00    0.22 ^ clkbuf_2_2__f_clk/A (sky130_fd_sc_hd__clkbuf_16)
                  0.04    0.14    0.36 ^ clkbuf_2_2__f_clk/X (sky130_fd_sc_hd__clkbuf_16)
     6    0.02                           clknet_2_2__leaf_clk (net)
                  0.04    0.00    0.36 ^ _251_/CLK (sky130_fd_sc_hd__dfrtp_1)
                  0.05    0.39    0.74 v _251_/Q (sky130_fd_sc_hd__dfrtp_1)
     2    0.01                           net15 (net)
                  0.05    0.00    0.75 v output15/A (sky130_fd_sc_hd__clkbuf_4)
                  0.08    0.19    0.94 v output15/X (sky130_fd_sc_hd__clkbuf_4)
     1    0.03                           rx_data[4] (net)
                  0.08    0.00    0.94 v rx_data[4] (out)
                                  0.94   data arrival time

                         20.00   20.00   clock clk (rise edge)
                          0.00   20.00   clock network delay (propagated)
                         -0.25   19.75   clock uncertainty
                          0.00   19.75   clock reconvergence pessimism
                         -4.00   15.75   output external delay
                                 15.75   data required time
-----------------------------------------------------------------------------
                                 15.75   data required time
                                 -0.94   data arrival time
-----------------------------------------------------------------------------
                                 14.81   slack (MET)


Startpoint: reset (input port clocked by clk)
Endpoint: _260_ (rising edge-triggered flip-flop clocked by clk)
Path Group: clk
Path Type: max
Corner: Typical

Fanout     Cap    Slew   Delay    Time   Description
-----------------------------------------------------------------------------
                          0.00    0.00   clock clk (rise edge)
                          0.00    0.00   clock network delay (propagated)
                          4.00    4.00 ^ input external delay
                  0.03    0.02    4.02 ^ reset (in)
     1    0.00                           reset (net)
                  0.03    0.00    4.02 ^ input1/A (sky130_fd_sc_hd__clkbuf_4)
                  0.14    0.21    4.22 ^ input1/X (sky130_fd_sc_hd__clkbuf_4)
     7    0.05                           net1 (net)
                  0.14    0.00    4.23 ^ _185_/A (sky130_fd_sc_hd__inv_2)
                  0.04    0.06    4.29 v _185_/Y (sky130_fd_sc_hd__inv_2)
     2    0.01                           _008_ (net)
                  0.04    0.00    4.29 v _212_/C (sky130_fd_sc_hd__and3_1)
                  0.04    0.18    4.46 v _212_/X (sky130_fd_sc_hd__and3_1)
     1    0.00                           _104_ (net)
                  0.04    0.00    4.46 v _213_/A (sky130_fd_sc_hd__clkbuf_4)
                  0.09    0.19    4.66 v _213_/X (sky130_fd_sc_hd__clkbuf_4)
     8    0.04                           _105_ (net)
                  0.09    0.00    4.66 v _224_/S (sky130_fd_sc_hd__mux2_1)
                  0.06    0.34    5.00 v _224_/X (sky130_fd_sc_hd__mux2_1)
     1    0.00                           _111_ (net)
                  0.06    0.00    5.00 v _225_/A (sky130_fd_sc_hd__clkbuf_1)
                  0.02    0.09    5.10 v _225_/X (sky130_fd_sc_hd__clkbuf_1)
     1    0.00                           _054_ (net)
                  0.02    0.00    5.10 v _260_/D (sky130_fd_sc_hd__dfxtp_1)
                                  5.10   data arrival time

                         20.00   20.00   clock clk (rise edge)
                          0.00   20.00   clock source latency
                  0.08    0.05   20.05 ^ clk (in)
     1    0.02                           clk (net)
                  0.08    0.00   20.05 ^ clkbuf_0_clk/A (sky130_fd_sc_hd__clkbuf_16)
                  0.06    0.15   20.20 ^ clkbuf_0_clk/X (sky130_fd_sc_hd__clkbuf_16)
     4    0.04                           clknet_0_clk (net)
                  0.06    0.00   20.20 ^ clkbuf_2_1__f_clk/A (sky130_fd_sc_hd__clkbuf_16)
                  0.05    0.13   20.33 ^ clkbuf_2_1__f_clk/X (sky130_fd_sc_hd__clkbuf_16)
     9    0.03                           clknet_2_1__leaf_clk (net)
                  0.05    0.00   20.33 ^ _260_/CLK (sky130_fd_sc_hd__dfxtp_1)
                         -0.25   20.08   clock uncertainty
                          0.00   20.08   clock reconvergence pessimism
                         -0.10   19.98   library setup time
                                 19.98   data required time
-----------------------------------------------------------------------------
                                 19.98   data required time
                                 -5.10   data arrival time
-----------------------------------------------------------------------------
                                 14.88   slack (MET)


Startpoint: reset (input port clocked by clk)
Endpoint: _262_ (rising edge-triggered flip-flop clocked by clk)
Path Group: clk
Path Type: max
Corner: Typical

Fanout     Cap    Slew   Delay    Time   Description
-----------------------------------------------------------------------------
                          0.00    0.00   clock clk (rise edge)
                          0.00    0.00   clock network delay (propagated)
                          4.00    4.00 ^ input external delay
                  0.03    0.02    4.02 ^ reset (in)
     1    0.00                           reset (net)
                  0.03    0.00    4.02 ^ input1/A (sky130_fd_sc_hd__clkbuf_4)
                  0.14    0.21    4.22 ^ input1/X (sky130_fd_sc_hd__clkbuf_4)
     7    0.05                           net1 (net)
                  0.14    0.00    4.23 ^ _185_/A (sky130_fd_sc_hd__inv_2)
                  0.04    0.06    4.29 v _185_/Y (sky130_fd_sc_hd__inv_2)
     2    0.01                           _008_ (net)
                  0.04    0.00    4.29 v _212_/C (sky130_fd_sc_hd__and3_1)
                  0.04    0.18    4.46 v _212_/X (sky130_fd_sc_hd__and3_1)
     1    0.00                           _104_ (net)
                  0.04    0.00    4.46 v _213_/A (sky130_fd_sc_hd__clkbuf_4)
                  0.09    0.19    4.66 v _213_/X (sky130_fd_sc_hd__clkbuf_4)
     8    0.04                           _105_ (net)
                  0.09    0.00    4.66 v _228_/S (sky130_fd_sc_hd__mux2_1)
                  0.06    0.34    5.00 v _228_/X (sky130_fd_sc_hd__mux2_1)
     1    0.00                           _113_ (net)
                  0.06    0.00    5.00 v _229_/A (sky130_fd_sc_hd__clkbuf_1)
                  0.02    0.09    5.10 v _229_/X (sky130_fd_sc_hd__clkbuf_1)
     1    0.00                           _056_ (net)
                  0.02    0.00    5.10 v _262_/D (sky130_fd_sc_hd__dfxtp_1)
                                  5.10   data arrival time

                         20.00   20.00   clock clk (rise edge)
                          0.00   20.00   clock source latency
                  0.08    0.05   20.05 ^ clk (in)
     1    0.02                           clk (net)
                  0.08    0.00   20.05 ^ clkbuf_0_clk/A (sky130_fd_sc_hd__clkbuf_16)
                  0.06    0.15   20.20 ^ clkbuf_0_clk/X (sky130_fd_sc_hd__clkbuf_16)
     4    0.04                           clknet_0_clk (net)
                  0.06    0.00   20.20 ^ clkbuf_2_1__f_clk/A (sky130_fd_sc_hd__clkbuf_16)
                  0.05    0.13   20.33 ^ clkbuf_2_1__f_clk/X (sky130_fd_sc_hd__clkbuf_16)
     9    0.03                           clknet_2_1__leaf_clk (net)
                  0.05    0.00   20.33 ^ _262_/CLK (sky130_fd_sc_hd__dfxtp_1)
                         -0.25   20.08   clock uncertainty
                          0.00   20.08   clock reconvergence pessimism
                         -0.10   19.98   library setup time
                                 19.98   data required time
-----------------------------------------------------------------------------
                                 19.98   data required time
                                 -5.10   data arrival time
-----------------------------------------------------------------------------
                                 14.88   slack (MET)


Startpoint: reset (input port clocked by clk)
Endpoint: _257_ (rising edge-triggered flip-flop clocked by clk)
Path Group: clk
Path Type: max
Corner: Typical

Fanout     Cap    Slew   Delay    Time   Description
-----------------------------------------------------------------------------
                          0.00    0.00   clock clk (rise edge)
                          0.00    0.00   clock network delay (propagated)
                          4.00    4.00 ^ input external delay
                  0.03    0.02    4.02 ^ reset (in)
     1    0.00                           reset (net)
                  0.03    0.00    4.02 ^ input1/A (sky130_fd_sc_hd__clkbuf_4)
                  0.14    0.21    4.22 ^ input1/X (sky130_fd_sc_hd__clkbuf_4)
     7    0.05                           net1 (net)
                  0.14    0.00    4.23 ^ _185_/A (sky130_fd_sc_hd__inv_2)
                  0.04    0.06    4.29 v _185_/Y (sky130_fd_sc_hd__inv_2)
     2    0.01                           _008_ (net)
                  0.04    0.00    4.29 v _212_/C (sky130_fd_sc_hd__and3_1)
                  0.04    0.18    4.46 v _212_/X (sky130_fd_sc_hd__and3_1)
     1    0.00                           _104_ (net)
                  0.04    0.00    4.46 v _213_/A (sky130_fd_sc_hd__clkbuf_4)
                  0.09    0.19    4.66 v _213_/X (sky130_fd_sc_hd__clkbuf_4)
     8    0.04                           _105_ (net)
                  0.09    0.00    4.66 v _218_/S (sky130_fd_sc_hd__mux2_1)
                  0.05    0.33    4.99 v _218_/X (sky130_fd_sc_hd__mux2_1)
     1    0.00                           _108_ (net)
                  0.05    0.00    4.99 v _219_/A (sky130_fd_sc_hd__clkbuf_1)
                  0.03    0.10    5.09 v _219_/X (sky130_fd_sc_hd__clkbuf_1)
     1    0.00                           _051_ (net)
                  0.03    0.00    5.09 v _257_/D (sky130_fd_sc_hd__dfxtp_1)
                                  5.09   data arrival time

                         20.00   20.00   clock clk (rise edge)
                          0.00   20.00   clock source latency
                  0.08    0.05   20.05 ^ clk (in)
     1    0.02                           clk (net)
                  0.08    0.00   20.05 ^ clkbuf_0_clk/A (sky130_fd_sc_hd__clkbuf_16)
                  0.06    0.15   20.20 ^ clkbuf_0_clk/X (sky130_fd_sc_hd__clkbuf_16)
     4    0.04                           clknet_0_clk (net)
                  0.06    0.00   20.20 ^ clkbuf_2_1__f_clk/A (sky130_fd_sc_hd__clkbuf_16)
                  0.05    0.13   20.33 ^ clkbuf_2_1__f_clk/X (sky130_fd_sc_hd__clkbuf_16)
     9    0.03                           clknet_2_1__leaf_clk (net)
                  0.05    0.00   20.33 ^ _257_/CLK (sky130_fd_sc_hd__dfxtp_1)
                         -0.25   20.08   clock uncertainty
                          0.00   20.08   clock reconvergence pessimism
                         -0.10   19.98   library setup time
                                 19.98   data required time
-----------------------------------------------------------------------------
                                 19.98   data required time
                                 -5.09   data arrival time
-----------------------------------------------------------------------------
                                 14.89   slack (MET)


Startpoint: reset (input port clocked by clk)
Endpoint: _259_ (rising edge-triggered flip-flop clocked by clk)
Path Group: clk
Path Type: max
Corner: Typical

Fanout     Cap    Slew   Delay    Time   Description
-----------------------------------------------------------------------------
                          0.00    0.00   clock clk (rise edge)
                          0.00    0.00   clock network delay (propagated)
                          4.00    4.00 ^ input external delay
                  0.03    0.02    4.02 ^ reset (in)
     1    0.00                           reset (net)
                  0.03    0.00    4.02 ^ input1/A (sky130_fd_sc_hd__clkbuf_4)
                  0.14    0.21    4.22 ^ input1/X (sky130_fd_sc_hd__clkbuf_4)
     7    0.05                           net1 (net)
                  0.14    0.00    4.23 ^ _185_/A (sky130_fd_sc_hd__inv_2)
                  0.04    0.06    4.29 v _185_/Y (sky130_fd_sc_hd__inv_2)
     2    0.01                           _008_ (net)
                  0.04    0.00    4.29 v _212_/C (sky130_fd_sc_hd__and3_1)
                  0.04    0.18    4.46 v _212_/X (sky130_fd_sc_hd__and3_1)
     1    0.00                           _104_ (net)
                  0.04    0.00    4.46 v _213_/A (sky130_fd_sc_hd__clkbuf_4)
                  0.09    0.19    4.66 v _213_/X (sky130_fd_sc_hd__clkbuf_4)
     8    0.04                           _105_ (net)
                  0.09    0.00    4.66 v _222_/S (sky130_fd_sc_hd__mux2_1)
                  0.06    0.34    5.00 v _222_/X (sky130_fd_sc_hd__mux2_1)
     1    0.00                           _110_ (net)
                  0.06    0.00    5.00 v _223_/A (sky130_fd_sc_hd__clkbuf_1)
                  0.02    0.09    5.09 v _223_/X (sky130_fd_sc_hd__clkbuf_1)
     1    0.00                           _053_ (net)
                  0.02    0.00    5.09 v _259_/D (sky130_fd_sc_hd__dfxtp_1)
                                  5.09   data arrival time

                         20.00   20.00   clock clk (rise edge)
                          0.00   20.00   clock source latency
                  0.08    0.05   20.05 ^ clk (in)
     1    0.02                           clk (net)
                  0.08    0.00   20.05 ^ clkbuf_0_clk/A (sky130_fd_sc_hd__clkbuf_16)
                  0.06    0.15   20.20 ^ clkbuf_0_clk/X (sky130_fd_sc_hd__clkbuf_16)
     4    0.04                           clknet_0_clk (net)
                  0.06    0.00   20.20 ^ clkbuf_2_1__f_clk/A (sky130_fd_sc_hd__clkbuf_16)
                  0.05    0.13   20.33 ^ clkbuf_2_1__f_clk/X (sky130_fd_sc_hd__clkbuf_16)
     9    0.03                           clknet_2_1__leaf_clk (net)
                  0.05    0.00   20.33 ^ _259_/CLK (sky130_fd_sc_hd__dfxtp_1)
                         -0.25   20.08   clock uncertainty
                          0.00   20.08   clock reconvergence pessimism
                         -0.10   19.98   library setup time
                                 19.98   data required time
-----------------------------------------------------------------------------
                                 19.98   data required time
                                 -5.09   data arrival time
-----------------------------------------------------------------------------
                                 14.89   slack (MET)


Startpoint: reset (input port clocked by clk)
Endpoint: _255_ (rising edge-triggered flip-flop clocked by clk)
Path Group: clk
Path Type: max
Corner: Typical

Fanout     Cap    Slew   Delay    Time   Description
-----------------------------------------------------------------------------
                          0.00    0.00   clock clk (rise edge)
                          0.00    0.00   clock network delay (propagated)
                          4.00    4.00 ^ input external delay
                  0.03    0.02    4.02 ^ reset (in)
     1    0.00                           reset (net)
                  0.03    0.00    4.02 ^ input1/A (sky130_fd_sc_hd__clkbuf_4)
                  0.14    0.21    4.22 ^ input1/X (sky130_fd_sc_hd__clkbuf_4)
     7    0.05                           net1 (net)
                  0.14    0.00    4.23 ^ _185_/A (sky130_fd_sc_hd__inv_2)
                  0.04    0.06    4.29 v _185_/Y (sky130_fd_sc_hd__inv_2)
     2    0.01                           _008_ (net)
                  0.04    0.00    4.29 v _212_/C (sky130_fd_sc_hd__and3_1)
                  0.04    0.18    4.46 v _212_/X (sky130_fd_sc_hd__and3_1)
     1    0.00                           _104_ (net)
                  0.04    0.00    4.46 v _213_/A (sky130_fd_sc_hd__clkbuf_4)
                  0.09    0.19    4.66 v _213_/X (sky130_fd_sc_hd__clkbuf_4)
     8    0.04                           _105_ (net)
                  0.09    0.00    4.66 v _214_/S (sky130_fd_sc_hd__mux2_1)
                  0.06    0.34    5.00 v _214_/X (sky130_fd_sc_hd__mux2_1)
     1    0.00                           _106_ (net)
                  0.06    0.00    5.00 v _215_/A (sky130_fd_sc_hd__clkbuf_1)
                  0.02    0.09    5.09 v _215_/X (sky130_fd_sc_hd__clkbuf_1)
     1    0.00                           _049_ (net)
                  0.02    0.00    5.09 v _255_/D (sky130_fd_sc_hd__dfxtp_1)
                                  5.09   data arrival time

                         20.00   20.00   clock clk (rise edge)
                          0.00   20.00   clock source latency
                  0.08    0.05   20.05 ^ clk (in)
     1    0.02                           clk (net)
                  0.08    0.00   20.05 ^ clkbuf_0_clk/A (sky130_fd_sc_hd__clkbuf_16)
                  0.06    0.15   20.20 ^ clkbuf_0_clk/X (sky130_fd_sc_hd__clkbuf_16)
     4    0.04                           clknet_0_clk (net)
                  0.06    0.00   20.20 ^ clkbuf_2_1__f_clk/A (sky130_fd_sc_hd__clkbuf_16)
                  0.05    0.13   20.33 ^ clkbuf_2_1__f_clk/X (sky130_fd_sc_hd__clkbuf_16)
     9    0.03                           clknet_2_1__leaf_clk (net)
                  0.05    0.00   20.33 ^ _255_/CLK (sky130_fd_sc_hd__dfxtp_1)
                         -0.25   20.08   clock uncertainty
                          0.00   20.08   clock reconvergence pessimism
                         -0.10   19.98   library setup time
                                 19.98   data required time
-----------------------------------------------------------------------------
                                 19.98   data required time
                                 -5.09   data arrival time
-----------------------------------------------------------------------------
                                 14.89   slack (MET)


Startpoint: reset (input port clocked by clk)
Endpoint: _258_ (rising edge-triggered flip-flop clocked by clk)
Path Group: clk
Path Type: max
Corner: Typical

Fanout     Cap    Slew   Delay    Time   Description
-----------------------------------------------------------------------------
                          0.00    0.00   clock clk (rise edge)
                          0.00    0.00   clock network delay (propagated)
                          4.00    4.00 ^ input external delay
                  0.03    0.02    4.02 ^ reset (in)
     1    0.00                           reset (net)
                  0.03    0.00    4.02 ^ input1/A (sky130_fd_sc_hd__clkbuf_4)
                  0.14    0.21    4.22 ^ input1/X (sky130_fd_sc_hd__clkbuf_4)
     7    0.05                           net1 (net)
                  0.14    0.00    4.23 ^ _185_/A (sky130_fd_sc_hd__inv_2)
                  0.04    0.06    4.29 v _185_/Y (sky130_fd_sc_hd__inv_2)
     2    0.01                           _008_ (net)
                  0.04    0.00    4.29 v _212_/C (sky130_fd_sc_hd__and3_1)
                  0.04    0.18    4.46 v _212_/X (sky130_fd_sc_hd__and3_1)
     1    0.00                           _104_ (net)
                  0.04    0.00    4.46 v _213_/A (sky130_fd_sc_hd__clkbuf_4)
                  0.09    0.19    4.66 v _213_/X (sky130_fd_sc_hd__clkbuf_4)
     8    0.04                           _105_ (net)
                  0.09    0.00    4.66 v _220_/S (sky130_fd_sc_hd__mux2_1)
                  0.05    0.33    4.99 v _220_/X (sky130_fd_sc_hd__mux2_1)
     1    0.00                           _109_ (net)
                  0.05    0.00    4.99 v _221_/A (sky130_fd_sc_hd__clkbuf_1)
                  0.03    0.10    5.09 v _221_/X (sky130_fd_sc_hd__clkbuf_1)
     1    0.00                           _052_ (net)
                  0.03    0.00    5.09 v _258_/D (sky130_fd_sc_hd__dfxtp_1)
                                  5.09   data arrival time

                         20.00   20.00   clock clk (rise edge)
                          0.00   20.00   clock source latency
                  0.08    0.05   20.05 ^ clk (in)
     1    0.02                           clk (net)
                  0.08    0.00   20.05 ^ clkbuf_0_clk/A (sky130_fd_sc_hd__clkbuf_16)
                  0.06    0.15   20.20 ^ clkbuf_0_clk/X (sky130_fd_sc_hd__clkbuf_16)
     4    0.04                           clknet_0_clk (net)
                  0.06    0.00   20.20 ^ clkbuf_2_1__f_clk/A (sky130_fd_sc_hd__clkbuf_16)
                  0.05    0.13   20.33 ^ clkbuf_2_1__f_clk/X (sky130_fd_sc_hd__clkbuf_16)
     9    0.03                           clknet_2_1__leaf_clk (net)
                  0.05    0.00   20.33 ^ _258_/CLK (sky130_fd_sc_hd__dfxtp_1)
                         -0.25   20.08   clock uncertainty
                          0.00   20.08   clock reconvergence pessimism
                         -0.10   19.98   library setup time
                                 19.98   data required time
-----------------------------------------------------------------------------
                                 19.98   data required time
                                 -5.09   data arrival time
-----------------------------------------------------------------------------
                                 14.89   slack (MET)


Startpoint: reset (input port clocked by clk)
Endpoint: _256_ (rising edge-triggered flip-flop clocked by clk)
Path Group: clk
Path Type: max
Corner: Typical

Fanout     Cap    Slew   Delay    Time   Description
-----------------------------------------------------------------------------
                          0.00    0.00   clock clk (rise edge)
                          0.00    0.00   clock network delay (propagated)
                          4.00    4.00 ^ input external delay
                  0.03    0.02    4.02 ^ reset (in)
     1    0.00                           reset (net)
                  0.03    0.00    4.02 ^ input1/A (sky130_fd_sc_hd__clkbuf_4)
                  0.14    0.21    4.22 ^ input1/X (sky130_fd_sc_hd__clkbuf_4)
     7    0.05                           net1 (net)
                  0.14    0.00    4.23 ^ _185_/A (sky130_fd_sc_hd__inv_2)
                  0.04    0.06    4.29 v _185_/Y (sky130_fd_sc_hd__inv_2)
     2    0.01                           _008_ (net)
                  0.04    0.00    4.29 v _212_/C (sky130_fd_sc_hd__and3_1)
                  0.04    0.18    4.46 v _212_/X (sky130_fd_sc_hd__and3_1)
     1    0.00                           _104_ (net)
                  0.04    0.00    4.46 v _213_/A (sky130_fd_sc_hd__clkbuf_4)
                  0.09    0.19    4.66 v _213_/X (sky130_fd_sc_hd__clkbuf_4)
     8    0.04                           _105_ (net)
                  0.09    0.00    4.66 v _216_/S (sky130_fd_sc_hd__mux2_1)
                  0.06    0.34    5.00 v _216_/X (sky130_fd_sc_hd__mux2_1)
     1    0.00                           _107_ (net)
                  0.06    0.00    5.00 v _217_/A (sky130_fd_sc_hd__clkbuf_1)
                  0.02    0.09    5.09 v _217_/X (sky130_fd_sc_hd__clkbuf_1)
     1    0.00                           _050_ (net)
                  0.02    0.00    5.09 v _256_/D (sky130_fd_sc_hd__dfxtp_1)
                                  5.09   data arrival time

                         20.00   20.00   clock clk (rise edge)
                          0.00   20.00   clock source latency
                  0.08    0.05   20.05 ^ clk (in)
     1    0.02                           clk (net)
                  0.08    0.00   20.05 ^ clkbuf_0_clk/A (sky130_fd_sc_hd__clkbuf_16)
                  0.06    0.15   20.20 ^ clkbuf_0_clk/X (sky130_fd_sc_hd__clkbuf_16)
     4    0.04                           clknet_0_clk (net)
                  0.06    0.00   20.20 ^ clkbuf_2_1__f_clk/A (sky130_fd_sc_hd__clkbuf_16)
                  0.05    0.13   20.33 ^ clkbuf_2_1__f_clk/X (sky130_fd_sc_hd__clkbuf_16)
     9    0.03                           clknet_2_1__leaf_clk (net)
                  0.05    0.00   20.33 ^ _256_/CLK (sky130_fd_sc_hd__dfxtp_1)
                         -0.25   20.08   clock uncertainty
                          0.00   20.08   clock reconvergence pessimism
                         -0.10   19.98   library setup time
                                 19.98   data required time
-----------------------------------------------------------------------------
                                 19.98   data required time
                                 -5.09   data arrival time
-----------------------------------------------------------------------------
                                 14.89   slack (MET)


Startpoint: reset (input port clocked by clk)
Endpoint: _261_ (rising edge-triggered flip-flop clocked by clk)
Path Group: clk
Path Type: max
Corner: Typical

Fanout     Cap    Slew   Delay    Time   Description
-----------------------------------------------------------------------------
                          0.00    0.00   clock clk (rise edge)
                          0.00    0.00   clock network delay (propagated)
                          4.00    4.00 ^ input external delay
                  0.03    0.02    4.02 ^ reset (in)
     1    0.00                           reset (net)
                  0.03    0.00    4.02 ^ input1/A (sky130_fd_sc_hd__clkbuf_4)
                  0.14    0.21    4.22 ^ input1/X (sky130_fd_sc_hd__clkbuf_4)
     7    0.05                           net1 (net)
                  0.14    0.00    4.23 ^ _185_/A (sky130_fd_sc_hd__inv_2)
                  0.04    0.06    4.29 v _185_/Y (sky130_fd_sc_hd__inv_2)
     2    0.01                           _008_ (net)
                  0.04    0.00    4.29 v _212_/C (sky130_fd_sc_hd__and3_1)
                  0.04    0.18    4.46 v _212_/X (sky130_fd_sc_hd__and3_1)
     1    0.00                           _104_ (net)
                  0.04    0.00    4.46 v _213_/A (sky130_fd_sc_hd__clkbuf_4)
                  0.09    0.19    4.66 v _213_/X (sky130_fd_sc_hd__clkbuf_4)
     8    0.04                           _105_ (net)
                  0.09    0.00    4.66 v _226_/S (sky130_fd_sc_hd__mux2_1)
                  0.05    0.33    4.99 v _226_/X (sky130_fd_sc_hd__mux2_1)
     1    0.00                           _112_ (net)
                  0.05    0.00    4.99 v _227_/A (sky130_fd_sc_hd__clkbuf_1)
                  0.02    0.09    5.08 v _227_/X (sky130_fd_sc_hd__clkbuf_1)
     1    0.00                           _055_ (net)
                  0.02    0.00    5.08 v _261_/D (sky130_fd_sc_hd__dfxtp_1)
                                  5.08   data arrival time

                         20.00   20.00   clock clk (rise edge)
                          0.00   20.00   clock source latency
                  0.08    0.05   20.05 ^ clk (in)
     1    0.02                           clk (net)
                  0.08    0.00   20.05 ^ clkbuf_0_clk/A (sky130_fd_sc_hd__clkbuf_16)
                  0.06    0.15   20.20 ^ clkbuf_0_clk/X (sky130_fd_sc_hd__clkbuf_16)
     4    0.04                           clknet_0_clk (net)
                  0.06    0.00   20.20 ^ clkbuf_2_1__f_clk/A (sky130_fd_sc_hd__clkbuf_16)
                  0.05    0.13   20.33 ^ clkbuf_2_1__f_clk/X (sky130_fd_sc_hd__clkbuf_16)
     9    0.03                           clknet_2_1__leaf_clk (net)
                  0.05    0.00   20.33 ^ _261_/CLK (sky130_fd_sc_hd__dfxtp_1)
                         -0.25   20.08   clock uncertainty
                          0.00   20.08   clock reconvergence pessimism
                         -0.10   19.98   library setup time
                                 19.98   data required time
-----------------------------------------------------------------------------
                                 19.98   data required time
                                 -5.08   data arrival time
-----------------------------------------------------------------------------
                                 14.90   slack (MET)


Startpoint: start (input port clocked by clk)
Endpoint: _242_ (rising edge-triggered flip-flop clocked by clk)
Path Group: clk
Path Type: max
Corner: Typical

Fanout     Cap    Slew   Delay    Time   Description
-----------------------------------------------------------------------------
                          0.00    0.00   clock clk (rise edge)
                          0.00    0.00   clock network delay (propagated)
                          4.00    4.00 ^ input external delay
                  0.02    0.01    4.01 ^ start (in)
     1    0.00                           start (net)
                  0.02    0.00    4.01 ^ input2/A (sky130_fd_sc_hd__buf_1)
                  0.18    0.18    4.19 ^ input2/X (sky130_fd_sc_hd__buf_1)
     2    0.01                           net2 (net)
                  0.18    0.00    4.19 ^ _170_/A (sky130_fd_sc_hd__inv_2)
                  0.05    0.06    4.25 v _170_/Y (sky130_fd_sc_hd__inv_2)
     2    0.01                           _095_ (net)
                  0.05    0.00    4.25 v _171_/A2 (sky130_fd_sc_hd__a21o_1)
                  0.03    0.18    4.43 v _171_/X (sky130_fd_sc_hd__a21o_1)
     1    0.00                           _006_ (net)
                  0.03    0.00    4.43 v _242_/D (sky130_fd_sc_hd__dfstp_1)
                                  4.43   data arrival time

                         20.00   20.00   clock clk (rise edge)
                          0.00   20.00   clock source latency
                  0.08    0.05   20.05 ^ clk (in)
     1    0.02                           clk (net)
                  0.08    0.00   20.05 ^ clkbuf_0_clk/A (sky130_fd_sc_hd__clkbuf_16)
                  0.06    0.15   20.20 ^ clkbuf_0_clk/X (sky130_fd_sc_hd__clkbuf_16)
     4    0.04                           clknet_0_clk (net)
                  0.06    0.00   20.20 ^ clkbuf_2_3__f_clk/A (sky130_fd_sc_hd__clkbuf_16)
                  0.05    0.13   20.33 ^ clkbuf_2_3__f_clk/X (sky130_fd_sc_hd__clkbuf_16)
     9    0.03                           clknet_2_3__leaf_clk (net)
                  0.05    0.00   20.33 ^ _242_/CLK (sky130_fd_sc_hd__dfstp_1)
                         -0.25   20.08   clock uncertainty
                          0.00   20.08   clock reconvergence pessimism
                         -0.06   20.02   library setup time
                                 20.02   data required time
-----------------------------------------------------------------------------
                                 20.02   data required time
                                 -4.43   data arrival time
-----------------------------------------------------------------------------
                                 15.59   slack (MET)


Startpoint: start (input port clocked by clk)
Endpoint: _244_ (rising edge-triggered flip-flop clocked by clk)
Path Group: clk
Path Type: max
Corner: Typical

Fanout     Cap    Slew   Delay    Time   Description
-----------------------------------------------------------------------------
                          0.00    0.00   clock clk (rise edge)
                          0.00    0.00   clock network delay (propagated)
                          4.00    4.00 ^ input external delay
                  0.02    0.01    4.01 ^ start (in)
     1    0.00                           start (net)
                  0.02    0.00    4.01 ^ input2/A (sky130_fd_sc_hd__buf_1)
                  0.18    0.18    4.19 ^ input2/X (sky130_fd_sc_hd__buf_1)
     2    0.01                           net2 (net)
                  0.18    0.00    4.19 ^ _170_/A (sky130_fd_sc_hd__inv_2)
                  0.05    0.06    4.25 v _170_/Y (sky130_fd_sc_hd__inv_2)
     2    0.01                           _095_ (net)
                  0.05    0.00    4.25 v _176_/B (sky130_fd_sc_hd__nor2_1)
                  0.08    0.09    4.34 ^ _176_/Y (sky130_fd_sc_hd__nor2_1)
     1    0.00                           _002_ (net)
                  0.08    0.00    4.34 ^ _244_/D (sky130_fd_sc_hd__dfrtp_1)
                                  4.34   data arrival time

                         20.00   20.00   clock clk (rise edge)
                          0.00   20.00   clock source latency
                  0.08    0.05   20.05 ^ clk (in)
     1    0.02                           clk (net)
                  0.08    0.00   20.05 ^ clkbuf_0_clk/A (sky130_fd_sc_hd__clkbuf_16)
                  0.06    0.15   20.20 ^ clkbuf_0_clk/X (sky130_fd_sc_hd__clkbuf_16)
     4    0.04                           clknet_0_clk (net)
                  0.06    0.00   20.20 ^ clkbuf_2_3__f_clk/A (sky130_fd_sc_hd__clkbuf_16)
                  0.05    0.13   20.33 ^ clkbuf_2_3__f_clk/X (sky130_fd_sc_hd__clkbuf_16)
     9    0.03                           clknet_2_3__leaf_clk (net)
                  0.05    0.00   20.33 ^ _244_/CLK (sky130_fd_sc_hd__dfrtp_1)
                         -0.25   20.08   clock uncertainty
                          0.00   20.08   clock reconvergence pessimism
                         -0.07   20.01   library setup time
                                 20.01   data required time
-----------------------------------------------------------------------------
                                 20.01   data required time
                                 -4.34   data arrival time
-----------------------------------------------------------------------------
                                 15.67   slack (MET)


Startpoint: reset (input port clocked by clk)
Endpoint: _237_ (recovery check against rising-edge clock clk)
Path Group: asynchronous
Path Type: max
Corner: Typical

Fanout     Cap    Slew   Delay    Time   Description
-----------------------------------------------------------------------------
                          0.00    0.00   clock clk (rise edge)
                          0.00    0.00   clock network delay (propagated)
                          4.00    4.00 v input external delay
                  0.01    0.01    4.01 v reset (in)
     1    0.00                           reset (net)
                  0.01    0.00    4.01 v input1/A (sky130_fd_sc_hd__clkbuf_4)
                  0.10    0.19    4.19 v input1/X (sky130_fd_sc_hd__clkbuf_4)
     7    0.04                           net1 (net)
                  0.10    0.01    4.20 v _186_/A (sky130_fd_sc_hd__buf_4)
                  0.09    0.23    4.43 v _186_/X (sky130_fd_sc_hd__buf_4)
    10    0.06                           _102_ (net)
                  0.09    0.01    4.43 v _193_/A (sky130_fd_sc_hd__inv_2)
                  0.04    0.06    4.50 ^ _193_/Y (sky130_fd_sc_hd__inv_2)
     1    0.00                           _015_ (net)
                  0.04    0.00    4.50 ^ _237_/SET_B (sky130_fd_sc_hd__dfstp_1)
                                  4.50   data arrival time

                         20.00   20.00   clock clk (rise edge)
                          0.00   20.00   clock source latency
                  0.08    0.05   20.05 ^ clk (in)
     1    0.02                           clk (net)
                  0.08    0.00   20.05 ^ clkbuf_0_clk/A (sky130_fd_sc_hd__clkbuf_16)
                  0.06    0.15   20.20 ^ clkbuf_0_clk/X (sky130_fd_sc_hd__clkbuf_16)
     4    0.04                           clknet_0_clk (net)
                  0.06    0.00   20.20 ^ clkbuf_2_3__f_clk/A (sky130_fd_sc_hd__clkbuf_16)
                  0.05    0.13   20.33 ^ clkbuf_2_3__f_clk/X (sky130_fd_sc_hd__clkbuf_16)
     9    0.03                           clknet_2_3__leaf_clk (net)
                  0.05    0.00   20.33 ^ _237_/CLK (sky130_fd_sc_hd__dfstp_1)
                         -0.25   20.08   clock uncertainty
                          0.00   20.08   clock reconvergence pessimism
                          0.14   20.22   library recovery time
                                 20.22   data required time
-----------------------------------------------------------------------------
                                 20.22   data required time
                                 -4.50   data arrival time
-----------------------------------------------------------------------------
                                 15.72   slack (MET)


Startpoint: reset (input port clocked by clk)
Endpoint: _242_ (recovery check against rising-edge clock clk)
Path Group: asynchronous
Path Type: max
Corner: Typical

Fanout     Cap    Slew   Delay    Time   Description
-----------------------------------------------------------------------------
                          0.00    0.00   clock clk (rise edge)
                          0.00    0.00   clock network delay (propagated)
                          4.00    4.00 v input external delay
                  0.01    0.01    4.01 v reset (in)
     1    0.00                           reset (net)
                  0.01    0.00    4.01 v input1/A (sky130_fd_sc_hd__clkbuf_4)
                  0.10    0.19    4.19 v input1/X (sky130_fd_sc_hd__clkbuf_4)
     7    0.04                           net1 (net)
                  0.10    0.01    4.20 v _197_/A (sky130_fd_sc_hd__buf_4)
                  0.09    0.23    4.43 v _197_/X (sky130_fd_sc_hd__buf_4)
    10    0.06                           _103_ (net)
                  0.09    0.01    4.43 v _199_/A (sky130_fd_sc_hd__inv_2)
                  0.03    0.06    4.50 ^ _199_/Y (sky130_fd_sc_hd__inv_2)
     1    0.00                           _020_ (net)
                  0.03    0.00    4.50 ^ _242_/SET_B (sky130_fd_sc_hd__dfstp_1)
                                  4.50   data arrival time

                         20.00   20.00   clock clk (rise edge)
                          0.00   20.00   clock source latency
                  0.08    0.05   20.05 ^ clk (in)
     1    0.02                           clk (net)
                  0.08    0.00   20.05 ^ clkbuf_0_clk/A (sky130_fd_sc_hd__clkbuf_16)
                  0.06    0.15   20.20 ^ clkbuf_0_clk/X (sky130_fd_sc_hd__clkbuf_16)
     4    0.04                           clknet_0_clk (net)
                  0.06    0.00   20.20 ^ clkbuf_2_3__f_clk/A (sky130_fd_sc_hd__clkbuf_16)
                  0.05    0.13   20.33 ^ clkbuf_2_3__f_clk/X (sky130_fd_sc_hd__clkbuf_16)
     9    0.03                           clknet_2_3__leaf_clk (net)
                  0.05    0.00   20.33 ^ _242_/CLK (sky130_fd_sc_hd__dfstp_1)
                         -0.25   20.08   clock uncertainty
                          0.00   20.08   clock reconvergence pessimism
                          0.14   20.22   library recovery time
                                 20.22   data required time
-----------------------------------------------------------------------------
                                 20.22   data required time
                                 -4.50   data arrival time
-----------------------------------------------------------------------------
                                 15.72   slack (MET)


Startpoint: reset (input port clocked by clk)
Endpoint: _235_ (recovery check against rising-edge clock clk)
Path Group: asynchronous
Path Type: max
Corner: Typical

Fanout     Cap    Slew   Delay    Time   Description
-----------------------------------------------------------------------------
                          0.00    0.00   clock clk (rise edge)
                          0.00    0.00   clock network delay (propagated)
                          4.00    4.00 v input external delay
                  0.01    0.01    4.01 v reset (in)
     1    0.00                           reset (net)
                  0.01    0.00    4.01 v input1/A (sky130_fd_sc_hd__clkbuf_4)
                  0.10    0.19    4.19 v input1/X (sky130_fd_sc_hd__clkbuf_4)
     7    0.04                           net1 (net)
                  0.10    0.01    4.20 v _186_/A (sky130_fd_sc_hd__buf_4)
                  0.09    0.23    4.43 v _186_/X (sky130_fd_sc_hd__buf_4)
    10    0.06                           _102_ (net)
                  0.09    0.00    4.43 v _191_/A (sky130_fd_sc_hd__inv_2)
                  0.04    0.07    4.50 ^ _191_/Y (sky130_fd_sc_hd__inv_2)
     1    0.01                           _013_ (net)
                  0.04    0.00    4.50 ^ _235_/RESET_B (sky130_fd_sc_hd__dfrtp_4)
                                  4.50   data arrival time

                         20.00   20.00   clock clk (rise edge)
                          0.00   20.00   clock source latency
                  0.08    0.05   20.05 ^ clk (in)
     1    0.02                           clk (net)
                  0.08    0.00   20.05 ^ clkbuf_0_clk/A (sky130_fd_sc_hd__clkbuf_16)
                  0.06    0.15   20.20 ^ clkbuf_0_clk/X (sky130_fd_sc_hd__clkbuf_16)
     4    0.04                           clknet_0_clk (net)
                  0.06    0.00   20.20 ^ clkbuf_2_3__f_clk/A (sky130_fd_sc_hd__clkbuf_16)
                  0.05    0.13   20.33 ^ clkbuf_2_3__f_clk/X (sky130_fd_sc_hd__clkbuf_16)
     9    0.03                           clknet_2_3__leaf_clk (net)
                  0.05    0.00   20.33 ^ _235_/CLK (sky130_fd_sc_hd__dfrtp_4)
                         -0.25   20.08   clock uncertainty
                          0.00   20.08   clock reconvergence pessimism
                          0.22   20.30   library recovery time
                                 20.30   data required time
-----------------------------------------------------------------------------
                                 20.30   data required time
                                 -4.50   data arrival time
-----------------------------------------------------------------------------
                                 15.80   slack (MET)


Startpoint: reset (input port clocked by clk)
Endpoint: _234_ (recovery check against rising-edge clock clk)
Path Group: asynchronous
Path Type: max
Corner: Typical

Fanout     Cap    Slew   Delay    Time   Description
-----------------------------------------------------------------------------
                          0.00    0.00   clock clk (rise edge)
                          0.00    0.00   clock network delay (propagated)
                          4.00    4.00 v input external delay
                  0.01    0.01    4.01 v reset (in)
     1    0.00                           reset (net)
                  0.01    0.00    4.01 v input1/A (sky130_fd_sc_hd__clkbuf_4)
                  0.10    0.19    4.19 v input1/X (sky130_fd_sc_hd__clkbuf_4)
     7    0.04                           net1 (net)
                  0.10    0.01    4.20 v _186_/A (sky130_fd_sc_hd__buf_4)
                  0.09    0.23    4.43 v _186_/X (sky130_fd_sc_hd__buf_4)
    10    0.06                           _102_ (net)
                  0.09    0.00    4.43 v _190_/A (sky130_fd_sc_hd__inv_2)
                  0.04    0.07    4.50 ^ _190_/Y (sky130_fd_sc_hd__inv_2)
     1    0.00                           _012_ (net)
                  0.04    0.00    4.50 ^ _234_/RESET_B (sky130_fd_sc_hd__dfrtp_4)
                                  4.50   data arrival time

                         20.00   20.00   clock clk (rise edge)
                          0.00   20.00   clock source latency
                  0.08    0.05   20.05 ^ clk (in)
     1    0.02                           clk (net)
                  0.08    0.00   20.05 ^ clkbuf_0_clk/A (sky130_fd_sc_hd__clkbuf_16)
                  0.06    0.15   20.20 ^ clkbuf_0_clk/X (sky130_fd_sc_hd__clkbuf_16)
     4    0.04                           clknet_0_clk (net)
                  0.06    0.00   20.20 ^ clkbuf_2_3__f_clk/A (sky130_fd_sc_hd__clkbuf_16)
                  0.05    0.13   20.33 ^ clkbuf_2_3__f_clk/X (sky130_fd_sc_hd__clkbuf_16)
     9    0.03                           clknet_2_3__leaf_clk (net)
                  0.05    0.00   20.33 ^ _234_/CLK (sky130_fd_sc_hd__dfrtp_4)
                         -0.25   20.08   clock uncertainty
                          0.00   20.08   clock reconvergence pessimism
                          0.22   20.30   library recovery time
                                 20.30   data required time
-----------------------------------------------------------------------------
                                 20.30   data required time
                                 -4.50   data arrival time
-----------------------------------------------------------------------------
                                 15.80   slack (MET)


Startpoint: reset (input port clocked by clk)
Endpoint: _233_ (recovery check against rising-edge clock clk)
Path Group: asynchronous
Path Type: max
Corner: Typical

Fanout     Cap    Slew   Delay    Time   Description
-----------------------------------------------------------------------------
                          0.00    0.00   clock clk (rise edge)
                          0.00    0.00   clock network delay (propagated)
                          4.00    4.00 v input external delay
                  0.01    0.01    4.01 v reset (in)
     1    0.00                           reset (net)
                  0.01    0.00    4.01 v input1/A (sky130_fd_sc_hd__clkbuf_4)
                  0.10    0.19    4.19 v input1/X (sky130_fd_sc_hd__clkbuf_4)
     7    0.04                           net1 (net)
                  0.10    0.01    4.20 v _186_/A (sky130_fd_sc_hd__buf_4)
                  0.09    0.23    4.43 v _186_/X (sky130_fd_sc_hd__buf_4)
    10    0.06                           _102_ (net)
                  0.09    0.01    4.44 v _189_/A (sky130_fd_sc_hd__inv_2)
                  0.04    0.07    4.50 ^ _189_/Y (sky130_fd_sc_hd__inv_2)
     1    0.00                           _011_ (net)
                  0.04    0.00    4.50 ^ _233_/RESET_B (sky130_fd_sc_hd__dfrtp_1)
                                  4.50   data arrival time

                         20.00   20.00   clock clk (rise edge)
                          0.00   20.00   clock source latency
                  0.08    0.05   20.05 ^ clk (in)
     1    0.02                           clk (net)
                  0.08    0.00   20.05 ^ clkbuf_0_clk/A (sky130_fd_sc_hd__clkbuf_16)
                  0.06    0.15   20.20 ^ clkbuf_0_clk/X (sky130_fd_sc_hd__clkbuf_16)
     4    0.04                           clknet_0_clk (net)
                  0.06    0.00   20.20 ^ clkbuf_2_2__f_clk/A (sky130_fd_sc_hd__clkbuf_16)
                  0.04    0.13   20.32 ^ clkbuf_2_2__f_clk/X (sky130_fd_sc_hd__clkbuf_16)
     6    0.02                           clknet_2_2__leaf_clk (net)
                  0.04    0.00   20.32 ^ _233_/CLK (sky130_fd_sc_hd__dfrtp_1)
                         -0.25   20.07   clock uncertainty
                          0.00   20.07   clock reconvergence pessimism
                          0.23   20.31   library recovery time
                                 20.31   data required time
-----------------------------------------------------------------------------
                                 20.31   data required time
                                 -4.50   data arrival time
-----------------------------------------------------------------------------
                                 15.80   slack (MET)


Startpoint: reset (input port clocked by clk)
Endpoint: _231_ (recovery check against rising-edge clock clk)
Path Group: asynchronous
Path Type: max
Corner: Typical

Fanout     Cap    Slew   Delay    Time   Description
-----------------------------------------------------------------------------
                          0.00    0.00   clock clk (rise edge)
                          0.00    0.00   clock network delay (propagated)
                          4.00    4.00 v input external delay
                  0.01    0.01    4.01 v reset (in)
     1    0.00                           reset (net)
                  0.01    0.00    4.01 v input1/A (sky130_fd_sc_hd__clkbuf_4)
                  0.10    0.19    4.19 v input1/X (sky130_fd_sc_hd__clkbuf_4)
     7    0.04                           net1 (net)
                  0.10    0.01    4.20 v _186_/A (sky130_fd_sc_hd__buf_4)
                  0.09    0.23    4.43 v _186_/X (sky130_fd_sc_hd__buf_4)
    10    0.06                           _102_ (net)
                  0.09    0.01    4.44 v _187_/A (sky130_fd_sc_hd__inv_2)
                  0.04    0.07    4.50 ^ _187_/Y (sky130_fd_sc_hd__inv_2)
     1    0.00                           _009_ (net)
                  0.04    0.00    4.50 ^ _231_/RESET_B (sky130_fd_sc_hd__dfrtp_2)
                                  4.50   data arrival time

                         20.00   20.00   clock clk (rise edge)
                          0.00   20.00   clock source latency
                  0.08    0.05   20.05 ^ clk (in)
     1    0.02                           clk (net)
                  0.08    0.00   20.05 ^ clkbuf_0_clk/A (sky130_fd_sc_hd__clkbuf_16)
                  0.06    0.15   20.20 ^ clkbuf_0_clk/X (sky130_fd_sc_hd__clkbuf_16)
     4    0.04                           clknet_0_clk (net)
                  0.06    0.00   20.20 ^ clkbuf_2_0__f_clk/A (sky130_fd_sc_hd__clkbuf_16)
                  0.05    0.13   20.33 ^ clkbuf_2_0__f_clk/X (sky130_fd_sc_hd__clkbuf_16)
     9    0.03                           clknet_2_0__leaf_clk (net)
                  0.05    0.00   20.33 ^ _231_/CLK (sky130_fd_sc_hd__dfrtp_2)
                         -0.25   20.08   clock uncertainty
                          0.00   20.08   clock reconvergence pessimism
                          0.22   20.31   library recovery time
                                 20.31   data required time
-----------------------------------------------------------------------------
                                 20.31   data required time
                                 -4.50   data arrival time
-----------------------------------------------------------------------------
                                 15.80   slack (MET)


Startpoint: reset (input port clocked by clk)
Endpoint: _240_ (recovery check against rising-edge clock clk)
Path Group: asynchronous
Path Type: max
Corner: Typical

Fanout     Cap    Slew   Delay    Time   Description
-----------------------------------------------------------------------------
                          0.00    0.00   clock clk (rise edge)
                          0.00    0.00   clock network delay (propagated)
                          4.00    4.00 v input external delay
                  0.01    0.01    4.01 v reset (in)
     1    0.00                           reset (net)
                  0.01    0.00    4.01 v input1/A (sky130_fd_sc_hd__clkbuf_4)
                  0.10    0.19    4.19 v input1/X (sky130_fd_sc_hd__clkbuf_4)
     7    0.04                           net1 (net)
                  0.10    0.01    4.20 v _186_/A (sky130_fd_sc_hd__buf_4)
                  0.09    0.23    4.43 v _186_/X (sky130_fd_sc_hd__buf_4)
    10    0.06                           _102_ (net)
                  0.09    0.01    4.44 v _196_/A (sky130_fd_sc_hd__inv_2)
                  0.04    0.06    4.50 ^ _196_/Y (sky130_fd_sc_hd__inv_2)
     1    0.00                           _018_ (net)
                  0.04    0.00    4.50 ^ _240_/RESET_B (sky130_fd_sc_hd__dfrtp_4)
                                  4.50   data arrival time

                         20.00   20.00   clock clk (rise edge)
                          0.00   20.00   clock source latency
                  0.08    0.05   20.05 ^ clk (in)
     1    0.02                           clk (net)
                  0.08    0.00   20.05 ^ clkbuf_0_clk/A (sky130_fd_sc_hd__clkbuf_16)
                  0.06    0.15   20.20 ^ clkbuf_0_clk/X (sky130_fd_sc_hd__clkbuf_16)
     4    0.04                           clknet_0_clk (net)
                  0.06    0.00   20.20 ^ clkbuf_2_0__f_clk/A (sky130_fd_sc_hd__clkbuf_16)
                  0.05    0.13   20.33 ^ clkbuf_2_0__f_clk/X (sky130_fd_sc_hd__clkbuf_16)
     9    0.03                           clknet_2_0__leaf_clk (net)
                  0.05    0.00   20.33 ^ _240_/CLK (sky130_fd_sc_hd__dfrtp_4)
                         -0.25   20.08   clock uncertainty
                          0.00   20.08   clock reconvergence pessimism
                          0.22   20.30   library recovery time
                                 20.30   data required time
-----------------------------------------------------------------------------
                                 20.30   data required time
                                 -4.50   data arrival time
-----------------------------------------------------------------------------
                                 15.80   slack (MET)


Startpoint: reset (input port clocked by clk)
Endpoint: _243_ (recovery check against rising-edge clock clk)
Path Group: asynchronous
Path Type: max
Corner: Typical

Fanout     Cap    Slew   Delay    Time   Description
-----------------------------------------------------------------------------
                          0.00    0.00   clock clk (rise edge)
                          0.00    0.00   clock network delay (propagated)
                          4.00    4.00 v input external delay
                  0.01    0.01    4.01 v reset (in)
     1    0.00                           reset (net)
                  0.01    0.00    4.01 v input1/A (sky130_fd_sc_hd__clkbuf_4)
                  0.10    0.19    4.19 v input1/X (sky130_fd_sc_hd__clkbuf_4)
     7    0.04                           net1 (net)
                  0.10    0.01    4.20 v _197_/A (sky130_fd_sc_hd__buf_4)
                  0.09    0.23    4.43 v _197_/X (sky130_fd_sc_hd__buf_4)
    10    0.06                           _103_ (net)
                  0.09    0.01    4.43 v _200_/A (sky130_fd_sc_hd__inv_2)
                  0.04    0.06    4.50 ^ _200_/Y (sky130_fd_sc_hd__inv_2)
     1    0.00                           _021_ (net)
                  0.04    0.00    4.50 ^ _243_/RESET_B (sky130_fd_sc_hd__dfrtp_4)
                                  4.50   data arrival time

                         20.00   20.00   clock clk (rise edge)
                          0.00   20.00   clock source latency
                  0.08    0.05   20.05 ^ clk (in)
     1    0.02                           clk (net)
                  0.08    0.00   20.05 ^ clkbuf_0_clk/A (sky130_fd_sc_hd__clkbuf_16)
                  0.06    0.15   20.20 ^ clkbuf_0_clk/X (sky130_fd_sc_hd__clkbuf_16)
     4    0.04                           clknet_0_clk (net)
                  0.06    0.00   20.20 ^ clkbuf_2_3__f_clk/A (sky130_fd_sc_hd__clkbuf_16)
                  0.05    0.13   20.33 ^ clkbuf_2_3__f_clk/X (sky130_fd_sc_hd__clkbuf_16)
     9    0.03                           clknet_2_3__leaf_clk (net)
                  0.05    0.00   20.33 ^ _243_/CLK (sky130_fd_sc_hd__dfrtp_4)
                         -0.25   20.08   clock uncertainty
                          0.00   20.08   clock reconvergence pessimism
                          0.22   20.30   library recovery time
                                 20.30   data required time
-----------------------------------------------------------------------------
                                 20.30   data required time
                                 -4.50   data arrival time
-----------------------------------------------------------------------------
                                 15.80   slack (MET)


Startpoint: reset (input port clocked by clk)
Endpoint: _241_ (recovery check against rising-edge clock clk)
Path Group: asynchronous
Path Type: max
Corner: Typical

Fanout     Cap    Slew   Delay    Time   Description
-----------------------------------------------------------------------------
                          0.00    0.00   clock clk (rise edge)
                          0.00    0.00   clock network delay (propagated)
                          4.00    4.00 v input external delay
                  0.01    0.01    4.01 v reset (in)
     1    0.00                           reset (net)
                  0.01    0.00    4.01 v input1/A (sky130_fd_sc_hd__clkbuf_4)
                  0.10    0.19    4.19 v input1/X (sky130_fd_sc_hd__clkbuf_4)
     7    0.04                           net1 (net)
                  0.10    0.01    4.20 v _197_/A (sky130_fd_sc_hd__buf_4)
                  0.09    0.23    4.43 v _197_/X (sky130_fd_sc_hd__buf_4)
    10    0.06                           _103_ (net)
                  0.09    0.00    4.43 v _198_/A (sky130_fd_sc_hd__inv_2)
                  0.04    0.06    4.50 ^ _198_/Y (sky130_fd_sc_hd__inv_2)
     1    0.00                           _019_ (net)
                  0.04    0.00    4.50 ^ _241_/RESET_B (sky130_fd_sc_hd__dfrtp_4)
                                  4.50   data arrival time

                         20.00   20.00   clock clk (rise edge)
                          0.00   20.00   clock source latency
                  0.08    0.05   20.05 ^ clk (in)
     1    0.02                           clk (net)
                  0.08    0.00   20.05 ^ clkbuf_0_clk/A (sky130_fd_sc_hd__clkbuf_16)
                  0.06    0.15   20.20 ^ clkbuf_0_clk/X (sky130_fd_sc_hd__clkbuf_16)
     4    0.04                           clknet_0_clk (net)
                  0.06    0.00   20.20 ^ clkbuf_2_0__f_clk/A (sky130_fd_sc_hd__clkbuf_16)
                  0.05    0.13   20.33 ^ clkbuf_2_0__f_clk/X (sky130_fd_sc_hd__clkbuf_16)
     9    0.03                           clknet_2_0__leaf_clk (net)
                  0.05    0.00   20.33 ^ _241_/CLK (sky130_fd_sc_hd__dfrtp_4)
                         -0.25   20.08   clock uncertainty
                          0.00   20.08   clock reconvergence pessimism
                          0.22   20.30   library recovery time
                                 20.30   data required time
-----------------------------------------------------------------------------
                                 20.30   data required time
                                 -4.50   data arrival time
-----------------------------------------------------------------------------
                                 15.81   slack (MET)


Startpoint: reset (input port clocked by clk)
Endpoint: _247_ (recovery check against rising-edge clock clk)
Path Group: asynchronous
Path Type: max
Corner: Typical

Fanout     Cap    Slew   Delay    Time   Description
-----------------------------------------------------------------------------
                          0.00    0.00   clock clk (rise edge)
                          0.00    0.00   clock network delay (propagated)
                          4.00    4.00 v input external delay
                  0.01    0.01    4.01 v reset (in)
     1    0.00                           reset (net)
                  0.01    0.00    4.01 v input1/A (sky130_fd_sc_hd__clkbuf_4)
                  0.10    0.19    4.19 v input1/X (sky130_fd_sc_hd__clkbuf_4)
     7    0.04                           net1 (net)
                  0.10    0.01    4.20 v _197_/A (sky130_fd_sc_hd__buf_4)
                  0.09    0.23    4.43 v _197_/X (sky130_fd_sc_hd__buf_4)
    10    0.06                           _103_ (net)
                  0.09    0.01    4.43 v _204_/A (sky130_fd_sc_hd__inv_2)
                  0.04    0.07    4.50 ^ _204_/Y (sky130_fd_sc_hd__inv_2)
     1    0.00                           _025_ (net)
                  0.04    0.00    4.50 ^ _247_/RESET_B (sky130_fd_sc_hd__dfrtp_1)
                                  4.50   data arrival time

                         20.00   20.00   clock clk (rise edge)
                          0.00   20.00   clock source latency
                  0.08    0.05   20.05 ^ clk (in)
     1    0.02                           clk (net)
                  0.08    0.00   20.05 ^ clkbuf_0_clk/A (sky130_fd_sc_hd__clkbuf_16)
                  0.06    0.15   20.20 ^ clkbuf_0_clk/X (sky130_fd_sc_hd__clkbuf_16)
     4    0.04                           clknet_0_clk (net)
                  0.06    0.00   20.20 ^ clkbuf_2_2__f_clk/A (sky130_fd_sc_hd__clkbuf_16)
                  0.04    0.13   20.32 ^ clkbuf_2_2__f_clk/X (sky130_fd_sc_hd__clkbuf_16)
     6    0.02                           clknet_2_2__leaf_clk (net)
                  0.04    0.00   20.33 ^ _247_/CLK (sky130_fd_sc_hd__dfrtp_1)
                         -0.25   20.08   clock uncertainty
                          0.00   20.08   clock reconvergence pessimism
                          0.23   20.31   library recovery time
                                 20.31   data required time
-----------------------------------------------------------------------------
                                 20.31   data required time
                                 -4.50   data arrival time
-----------------------------------------------------------------------------
                                 15.81   slack (MET)


Startpoint: reset (input port clocked by clk)
Endpoint: _232_ (recovery check against rising-edge clock clk)
Path Group: asynchronous
Path Type: max
Corner: Typical

Fanout     Cap    Slew   Delay    Time   Description
-----------------------------------------------------------------------------
                          0.00    0.00   clock clk (rise edge)
                          0.00    0.00   clock network delay (propagated)
                          4.00    4.00 v input external delay
                  0.01    0.01    4.01 v reset (in)
     1    0.00                           reset (net)
                  0.01    0.00    4.01 v input1/A (sky130_fd_sc_hd__clkbuf_4)
                  0.10    0.19    4.19 v input1/X (sky130_fd_sc_hd__clkbuf_4)
     7    0.04                           net1 (net)
                  0.10    0.01    4.20 v _186_/A (sky130_fd_sc_hd__buf_4)
                  0.09    0.23    4.43 v _186_/X (sky130_fd_sc_hd__buf_4)
    10    0.06                           _102_ (net)
                  0.09    0.01    4.44 v _188_/A (sky130_fd_sc_hd__inv_2)
                  0.04    0.06    4.50 ^ _188_/Y (sky130_fd_sc_hd__inv_2)
     1    0.00                           _010_ (net)
                  0.04    0.00    4.50 ^ _232_/RESET_B (sky130_fd_sc_hd__dfrtp_1)
                                  4.50   data arrival time

                         20.00   20.00   clock clk (rise edge)
                          0.00   20.00   clock source latency
                  0.08    0.05   20.05 ^ clk (in)
     1    0.02                           clk (net)
                  0.08    0.00   20.05 ^ clkbuf_0_clk/A (sky130_fd_sc_hd__clkbuf_16)
                  0.06    0.15   20.20 ^ clkbuf_0_clk/X (sky130_fd_sc_hd__clkbuf_16)
     4    0.04                           clknet_0_clk (net)
                  0.06    0.00   20.20 ^ clkbuf_2_2__f_clk/A (sky130_fd_sc_hd__clkbuf_16)
                  0.04    0.13   20.32 ^ clkbuf_2_2__f_clk/X (sky130_fd_sc_hd__clkbuf_16)
     6    0.02                           clknet_2_2__leaf_clk (net)
                  0.04    0.00   20.32 ^ _232_/CLK (sky130_fd_sc_hd__dfrtp_1)
                         -0.25   20.07   clock uncertainty
                          0.00   20.07   clock reconvergence pessimism
                          0.23   20.31   library recovery time
                                 20.31   data required time
-----------------------------------------------------------------------------
                                 20.31   data required time
                                 -4.50   data arrival time
-----------------------------------------------------------------------------
                                 15.81   slack (MET)


Startpoint: reset (input port clocked by clk)
Endpoint: _238_ (recovery check against rising-edge clock clk)
Path Group: asynchronous
Path Type: max
Corner: Typical

Fanout     Cap    Slew   Delay    Time   Description
-----------------------------------------------------------------------------
                          0.00    0.00   clock clk (rise edge)
                          0.00    0.00   clock network delay (propagated)
                          4.00    4.00 v input external delay
                  0.01    0.01    4.01 v reset (in)
     1    0.00                           reset (net)
                  0.01    0.00    4.01 v input1/A (sky130_fd_sc_hd__clkbuf_4)
                  0.10    0.19    4.19 v input1/X (sky130_fd_sc_hd__clkbuf_4)
     7    0.04                           net1 (net)
                  0.10    0.01    4.20 v _186_/A (sky130_fd_sc_hd__buf_4)
                  0.09    0.23    4.43 v _186_/X (sky130_fd_sc_hd__buf_4)
    10    0.06                           _102_ (net)
                  0.09    0.01    4.44 v _194_/A (sky130_fd_sc_hd__inv_2)
                  0.04    0.06    4.50 ^ _194_/Y (sky130_fd_sc_hd__inv_2)
     1    0.00                           _016_ (net)
                  0.04    0.00    4.50 ^ _238_/RESET_B (sky130_fd_sc_hd__dfrtp_1)
                                  4.50   data arrival time

                         20.00   20.00   clock clk (rise edge)
                          0.00   20.00   clock source latency
                  0.08    0.05   20.05 ^ clk (in)
     1    0.02                           clk (net)
                  0.08    0.00   20.05 ^ clkbuf_0_clk/A (sky130_fd_sc_hd__clkbuf_16)
                  0.06    0.15   20.20 ^ clkbuf_0_clk/X (sky130_fd_sc_hd__clkbuf_16)
     4    0.04                           clknet_0_clk (net)
                  0.06    0.00   20.20 ^ clkbuf_2_2__f_clk/A (sky130_fd_sc_hd__clkbuf_16)
                  0.04    0.13   20.32 ^ clkbuf_2_2__f_clk/X (sky130_fd_sc_hd__clkbuf_16)
     6    0.02                           clknet_2_2__leaf_clk (net)
                  0.04    0.00   20.33 ^ _238_/CLK (sky130_fd_sc_hd__dfrtp_1)
                         -0.25   20.08   clock uncertainty
                          0.00   20.08   clock reconvergence pessimism
                          0.23   20.31   library recovery time
                                 20.31   data required time
-----------------------------------------------------------------------------
                                 20.31   data required time
                                 -4.50   data arrival time
-----------------------------------------------------------------------------
                                 15.81   slack (MET)


Startpoint: reset (input port clocked by clk)
Endpoint: _244_ (recovery check against rising-edge clock clk)
Path Group: asynchronous
Path Type: max
Corner: Typical

Fanout     Cap    Slew   Delay    Time   Description
-----------------------------------------------------------------------------
                          0.00    0.00   clock clk (rise edge)
                          0.00    0.00   clock network delay (propagated)
                          4.00    4.00 v input external delay
                  0.01    0.01    4.01 v reset (in)
     1    0.00                           reset (net)
                  0.01    0.00    4.01 v input1/A (sky130_fd_sc_hd__clkbuf_4)
                  0.10    0.19    4.19 v input1/X (sky130_fd_sc_hd__clkbuf_4)
     7    0.04                           net1 (net)
                  0.10    0.01    4.20 v _197_/A (sky130_fd_sc_hd__buf_4)
                  0.09    0.23    4.43 v _197_/X (sky130_fd_sc_hd__buf_4)
    10    0.06                           _103_ (net)
                  0.09    0.01    4.43 v _201_/A (sky130_fd_sc_hd__inv_2)
                  0.04    0.07    4.50 ^ _201_/Y (sky130_fd_sc_hd__inv_2)
     1    0.00                           _022_ (net)
                  0.04    0.00    4.50 ^ _244_/RESET_B (sky130_fd_sc_hd__dfrtp_1)
                                  4.50   data arrival time

                         20.00   20.00   clock clk (rise edge)
                          0.00   20.00   clock source latency
                  0.08    0.05   20.05 ^ clk (in)
     1    0.02                           clk (net)
                  0.08    0.00   20.05 ^ clkbuf_0_clk/A (sky130_fd_sc_hd__clkbuf_16)
                  0.06    0.15   20.20 ^ clkbuf_0_clk/X (sky130_fd_sc_hd__clkbuf_16)
     4    0.04                           clknet_0_clk (net)
                  0.06    0.00   20.20 ^ clkbuf_2_3__f_clk/A (sky130_fd_sc_hd__clkbuf_16)
                  0.05    0.13   20.33 ^ clkbuf_2_3__f_clk/X (sky130_fd_sc_hd__clkbuf_16)
     9    0.03                           clknet_2_3__leaf_clk (net)
                  0.05    0.00   20.33 ^ _244_/CLK (sky130_fd_sc_hd__dfrtp_1)
                         -0.25   20.08   clock uncertainty
                          0.00   20.08   clock reconvergence pessimism
                          0.23   20.32   library recovery time
                                 20.32   data required time
-----------------------------------------------------------------------------
                                 20.32   data required time
                                 -4.50   data arrival time
-----------------------------------------------------------------------------
                                 15.81   slack (MET)


Startpoint: reset (input port clocked by clk)
Endpoint: _246_ (recovery check against rising-edge clock clk)
Path Group: asynchronous
Path Type: max
Corner: Typical

Fanout     Cap    Slew   Delay    Time   Description
-----------------------------------------------------------------------------
                          0.00    0.00   clock clk (rise edge)
                          0.00    0.00   clock network delay (propagated)
                          4.00    4.00 v input external delay
                  0.01    0.01    4.01 v reset (in)
     1    0.00                           reset (net)
                  0.01    0.00    4.01 v input1/A (sky130_fd_sc_hd__clkbuf_4)
                  0.10    0.19    4.19 v input1/X (sky130_fd_sc_hd__clkbuf_4)
     7    0.04                           net1 (net)
                  0.10    0.01    4.20 v _197_/A (sky130_fd_sc_hd__buf_4)
                  0.09    0.23    4.43 v _197_/X (sky130_fd_sc_hd__buf_4)
    10    0.06                           _103_ (net)
                  0.09    0.00    4.43 v _203_/A (sky130_fd_sc_hd__inv_2)
                  0.04    0.07    4.50 ^ _203_/Y (sky130_fd_sc_hd__inv_2)
     1    0.00                           _024_ (net)
                  0.04    0.00    4.50 ^ _246_/RESET_B (sky130_fd_sc_hd__dfrtp_1)
                                  4.50   data arrival time

                         20.00   20.00   clock clk (rise edge)
                          0.00   20.00   clock source latency
                  0.08    0.05   20.05 ^ clk (in)
     1    0.02                           clk (net)
                  0.08    0.00   20.05 ^ clkbuf_0_clk/A (sky130_fd_sc_hd__clkbuf_16)
                  0.06    0.15   20.20 ^ clkbuf_0_clk/X (sky130_fd_sc_hd__clkbuf_16)
     4    0.04                           clknet_0_clk (net)
                  0.06    0.00   20.20 ^ clkbuf_2_0__f_clk/A (sky130_fd_sc_hd__clkbuf_16)
                  0.05    0.13   20.33 ^ clkbuf_2_0__f_clk/X (sky130_fd_sc_hd__clkbuf_16)
     9    0.03                           clknet_2_0__leaf_clk (net)
                  0.05    0.00   20.33 ^ _246_/CLK (sky130_fd_sc_hd__dfrtp_1)
                         -0.25   20.08   clock uncertainty
                          0.00   20.08   clock reconvergence pessimism
                          0.23   20.32   library recovery time
                                 20.32   data required time
-----------------------------------------------------------------------------
                                 20.32   data required time
                                 -4.50   data arrival time
-----------------------------------------------------------------------------
                                 15.82   slack (MET)


Startpoint: reset (input port clocked by clk)
Endpoint: _239_ (recovery check against rising-edge clock clk)
Path Group: asynchronous
Path Type: max
Corner: Typical

Fanout     Cap    Slew   Delay    Time   Description
-----------------------------------------------------------------------------
                          0.00    0.00   clock clk (rise edge)
                          0.00    0.00   clock network delay (propagated)
                          4.00    4.00 v input external delay
                  0.01    0.01    4.01 v reset (in)
     1    0.00                           reset (net)
                  0.01    0.00    4.01 v input1/A (sky130_fd_sc_hd__clkbuf_4)
                  0.10    0.19    4.19 v input1/X (sky130_fd_sc_hd__clkbuf_4)
     7    0.04                           net1 (net)
                  0.10    0.01    4.20 v _186_/A (sky130_fd_sc_hd__buf_4)
                  0.09    0.23    4.43 v _186_/X (sky130_fd_sc_hd__buf_4)
    10    0.06                           _102_ (net)
                  0.09    0.01    4.43 v _195_/A (sky130_fd_sc_hd__inv_2)
                  0.04    0.07    4.50 ^ _195_/Y (sky130_fd_sc_hd__inv_2)
     1    0.00                           _017_ (net)
                  0.04    0.00    4.50 ^ _239_/RESET_B (sky130_fd_sc_hd__dfrtp_1)
                                  4.50   data arrival time

                         20.00   20.00   clock clk (rise edge)
                          0.00   20.00   clock source latency
                  0.08    0.05   20.05 ^ clk (in)
     1    0.02                           clk (net)
                  0.08    0.00   20.05 ^ clkbuf_0_clk/A (sky130_fd_sc_hd__clkbuf_16)
                  0.06    0.15   20.20 ^ clkbuf_0_clk/X (sky130_fd_sc_hd__clkbuf_16)
     4    0.04                           clknet_0_clk (net)
                  0.06    0.00   20.20 ^ clkbuf_2_0__f_clk/A (sky130_fd_sc_hd__clkbuf_16)
                  0.05    0.13   20.33 ^ clkbuf_2_0__f_clk/X (sky130_fd_sc_hd__clkbuf_16)
     9    0.03                           clknet_2_0__leaf_clk (net)
                  0.05    0.00   20.33 ^ _239_/CLK (sky130_fd_sc_hd__dfrtp_1)
                         -0.25   20.08   clock uncertainty
                          0.00   20.08   clock reconvergence pessimism
                          0.23   20.32   library recovery time
                                 20.32   data required time
-----------------------------------------------------------------------------
                                 20.32   data required time
                                 -4.50   data arrival time
-----------------------------------------------------------------------------
                                 15.82   slack (MET)


Startpoint: reset (input port clocked by clk)
Endpoint: _245_ (recovery check against rising-edge clock clk)
Path Group: asynchronous
Path Type: max
Corner: Typical

Fanout     Cap    Slew   Delay    Time   Description
-----------------------------------------------------------------------------
                          0.00    0.00   clock clk (rise edge)
                          0.00    0.00   clock network delay (propagated)
                          4.00    4.00 v input external delay
                  0.01    0.01    4.01 v reset (in)
     1    0.00                           reset (net)
                  0.01    0.00    4.01 v input1/A (sky130_fd_sc_hd__clkbuf_4)
                  0.10    0.19    4.19 v input1/X (sky130_fd_sc_hd__clkbuf_4)
     7    0.04                           net1 (net)
                  0.10    0.01    4.20 v _197_/A (sky130_fd_sc_hd__buf_4)
                  0.09    0.23    4.43 v _197_/X (sky130_fd_sc_hd__buf_4)
    10    0.06                           _103_ (net)
                  0.09    0.01    4.43 v _202_/A (sky130_fd_sc_hd__inv_2)
                  0.04    0.06    4.50 ^ _202_/Y (sky130_fd_sc_hd__inv_2)
     1    0.00                           _023_ (net)
                  0.04    0.00    4.50 ^ _245_/RESET_B (sky130_fd_sc_hd__dfrtp_1)
                                  4.50   data arrival time

                         20.00   20.00   clock clk (rise edge)
                          0.00   20.00   clock source latency
                  0.08    0.05   20.05 ^ clk (in)
     1    0.02                           clk (net)
                  0.08    0.00   20.05 ^ clkbuf_0_clk/A (sky130_fd_sc_hd__clkbuf_16)
                  0.06    0.15   20.20 ^ clkbuf_0_clk/X (sky130_fd_sc_hd__clkbuf_16)
     4    0.04                           clknet_0_clk (net)
                  0.06    0.00   20.20 ^ clkbuf_2_3__f_clk/A (sky130_fd_sc_hd__clkbuf_16)
                  0.05    0.13   20.33 ^ clkbuf_2_3__f_clk/X (sky130_fd_sc_hd__clkbuf_16)
     9    0.03                           clknet_2_3__leaf_clk (net)
                  0.05    0.00   20.33 ^ _245_/CLK (sky130_fd_sc_hd__dfrtp_1)
                         -0.25   20.08   clock uncertainty
                          0.00   20.08   clock reconvergence pessimism
                          0.23   20.32   library recovery time
                                 20.32   data required time
-----------------------------------------------------------------------------
                                 20.32   data required time
                                 -4.50   data arrival time
-----------------------------------------------------------------------------
                                 15.82   slack (MET)


Startpoint: reset (input port clocked by clk)
Endpoint: _248_ (recovery check against rising-edge clock clk)
Path Group: asynchronous
Path Type: max
Corner: Typical

Fanout     Cap    Slew   Delay    Time   Description
-----------------------------------------------------------------------------
                          0.00    0.00   clock clk (rise edge)
                          0.00    0.00   clock network delay (propagated)
                          4.00    4.00 v input external delay
                  0.01    0.01    4.01 v reset (in)
     1    0.00                           reset (net)
                  0.01    0.00    4.01 v input1/A (sky130_fd_sc_hd__clkbuf_4)
                  0.10    0.19    4.19 v input1/X (sky130_fd_sc_hd__clkbuf_4)
     7    0.04                           net1 (net)
                  0.10    0.01    4.20 v _197_/A (sky130_fd_sc_hd__buf_4)
                  0.09    0.23    4.43 v _197_/X (sky130_fd_sc_hd__buf_4)
    10    0.06                           _103_ (net)
                  0.09    0.00    4.43 v _205_/A (sky130_fd_sc_hd__inv_2)
                  0.04    0.06    4.50 ^ _205_/Y (sky130_fd_sc_hd__inv_2)
     1    0.00                           _026_ (net)
                  0.04    0.00    4.50 ^ _248_/RESET_B (sky130_fd_sc_hd__dfrtp_1)
                                  4.50   data arrival time

                         20.00   20.00   clock clk (rise edge)
                          0.00   20.00   clock source latency
                  0.08    0.05   20.05 ^ clk (in)
     1    0.02                           clk (net)
                  0.08    0.00   20.05 ^ clkbuf_0_clk/A (sky130_fd_sc_hd__clkbuf_16)
                  0.06    0.15   20.20 ^ clkbuf_0_clk/X (sky130_fd_sc_hd__clkbuf_16)
     4    0.04                           clknet_0_clk (net)
                  0.06    0.00   20.20 ^ clkbuf_2_1__f_clk/A (sky130_fd_sc_hd__clkbuf_16)
                  0.05    0.13   20.33 ^ clkbuf_2_1__f_clk/X (sky130_fd_sc_hd__clkbuf_16)
     9    0.03                           clknet_2_1__leaf_clk (net)
                  0.05    0.00   20.33 ^ _248_/CLK (sky130_fd_sc_hd__dfrtp_1)
                         -0.25   20.08   clock uncertainty
                          0.00   20.08   clock reconvergence pessimism
                          0.23   20.31   library recovery time
                                 20.31   data required time
-----------------------------------------------------------------------------
                                 20.31   data required time
                                 -4.50   data arrival time
-----------------------------------------------------------------------------
                                 15.82   slack (MET)


Startpoint: reset (input port clocked by clk)
Endpoint: _236_ (recovery check against rising-edge clock clk)
Path Group: asynchronous
Path Type: max
Corner: Typical

Fanout     Cap    Slew   Delay    Time   Description
-----------------------------------------------------------------------------
                          0.00    0.00   clock clk (rise edge)
                          0.00    0.00   clock network delay (propagated)
                          4.00    4.00 v input external delay
                  0.01    0.01    4.01 v reset (in)
     1    0.00                           reset (net)
                  0.01    0.00    4.01 v input1/A (sky130_fd_sc_hd__clkbuf_4)
                  0.10    0.19    4.19 v input1/X (sky130_fd_sc_hd__clkbuf_4)
     7    0.04                           net1 (net)
                  0.10    0.01    4.20 v _186_/A (sky130_fd_sc_hd__buf_4)
                  0.09    0.23    4.43 v _186_/X (sky130_fd_sc_hd__buf_4)
    10    0.06                           _102_ (net)
                  0.09    0.00    4.43 v _192_/A (sky130_fd_sc_hd__inv_2)
                  0.04    0.06    4.50 ^ _192_/Y (sky130_fd_sc_hd__inv_2)
     1    0.00                           _014_ (net)
                  0.04    0.00    4.50 ^ _236_/RESET_B (sky130_fd_sc_hd__dfrtp_1)
                                  4.50   data arrival time

                         20.00   20.00   clock clk (rise edge)
                          0.00   20.00   clock source latency
                  0.08    0.05   20.05 ^ clk (in)
     1    0.02                           clk (net)
                  0.08    0.00   20.05 ^ clkbuf_0_clk/A (sky130_fd_sc_hd__clkbuf_16)
                  0.06    0.15   20.20 ^ clkbuf_0_clk/X (sky130_fd_sc_hd__clkbuf_16)
     4    0.04                           clknet_0_clk (net)
                  0.06    0.00   20.20 ^ clkbuf_2_3__f_clk/A (sky130_fd_sc_hd__clkbuf_16)
                  0.05    0.13   20.33 ^ clkbuf_2_3__f_clk/X (sky130_fd_sc_hd__clkbuf_16)
     9    0.03                           clknet_2_3__leaf_clk (net)
                  0.05    0.00   20.33 ^ _236_/CLK (sky130_fd_sc_hd__dfrtp_1)
                         -0.25   20.08   clock uncertainty
                          0.00   20.08   clock reconvergence pessimism
                          0.23   20.32   library recovery time
                                 20.32   data required time
-----------------------------------------------------------------------------
                                 20.32   data required time
                                 -4.50   data arrival time
-----------------------------------------------------------------------------
                                 15.82   slack (MET)


Startpoint: reset (input port clocked by clk)
Endpoint: _249_ (recovery check against rising-edge clock clk)
Path Group: asynchronous
Path Type: max
Corner: Typical

Fanout     Cap    Slew   Delay    Time   Description
-----------------------------------------------------------------------------
                          0.00    0.00   clock clk (rise edge)
                          0.00    0.00   clock network delay (propagated)
                          4.00    4.00 v input external delay
                  0.01    0.01    4.01 v reset (in)
     1    0.00                           reset (net)
                  0.01    0.00    4.01 v input1/A (sky130_fd_sc_hd__clkbuf_4)
                  0.10    0.19    4.19 v input1/X (sky130_fd_sc_hd__clkbuf_4)
     7    0.04                           net1 (net)
                  0.10    0.01    4.20 v _197_/A (sky130_fd_sc_hd__buf_4)
                  0.09    0.23    4.43 v _197_/X (sky130_fd_sc_hd__buf_4)
    10    0.06                           _103_ (net)
                  0.09    0.00    4.43 v _206_/A (sky130_fd_sc_hd__inv_2)
                  0.04    0.06    4.50 ^ _206_/Y (sky130_fd_sc_hd__inv_2)
     1    0.00                           _027_ (net)
                  0.04    0.00    4.50 ^ _249_/RESET_B (sky130_fd_sc_hd__dfrtp_1)
                                  4.50   data arrival time

                         20.00   20.00   clock clk (rise edge)
                          0.00   20.00   clock source latency
                  0.08    0.05   20.05 ^ clk (in)
     1    0.02                           clk (net)
                  0.08    0.00   20.05 ^ clkbuf_0_clk/A (sky130_fd_sc_hd__clkbuf_16)
                  0.06    0.15   20.20 ^ clkbuf_0_clk/X (sky130_fd_sc_hd__clkbuf_16)
     4    0.04                           clknet_0_clk (net)
                  0.06    0.00   20.20 ^ clkbuf_2_0__f_clk/A (sky130_fd_sc_hd__clkbuf_16)
                  0.05    0.13   20.33 ^ clkbuf_2_0__f_clk/X (sky130_fd_sc_hd__clkbuf_16)
     9    0.03                           clknet_2_0__leaf_clk (net)
                  0.05    0.00   20.33 ^ _249_/CLK (sky130_fd_sc_hd__dfrtp_1)
                         -0.25   20.08   clock uncertainty
                          0.00   20.08   clock reconvergence pessimism
                          0.23   20.32   library recovery time
                                 20.32   data required time
-----------------------------------------------------------------------------
                                 20.32   data required time
                                 -4.50   data arrival time
-----------------------------------------------------------------------------
                                 15.82   slack (MET)


Startpoint: reset (input port clocked by clk)
Endpoint: _250_ (recovery check against rising-edge clock clk)
Path Group: asynchronous
Path Type: max
Corner: Typical

Fanout     Cap    Slew   Delay    Time   Description
-----------------------------------------------------------------------------
                          0.00    0.00   clock clk (rise edge)
                          0.00    0.00   clock network delay (propagated)
                          4.00    4.00 v input external delay
                  0.01    0.01    4.01 v reset (in)
     1    0.00                           reset (net)
                  0.01    0.00    4.01 v input1/A (sky130_fd_sc_hd__clkbuf_4)
                  0.10    0.19    4.19 v input1/X (sky130_fd_sc_hd__clkbuf_4)
     7    0.04                           net1 (net)
                  0.10    0.01    4.20 v _197_/A (sky130_fd_sc_hd__buf_4)
                  0.09    0.23    4.43 v _197_/X (sky130_fd_sc_hd__buf_4)
    10    0.06                           _103_ (net)
                  0.09    0.00    4.43 v _207_/A (sky130_fd_sc_hd__inv_2)
                  0.04    0.06    4.50 ^ _207_/Y (sky130_fd_sc_hd__inv_2)
     1    0.00                           _028_ (net)
                  0.04    0.00    4.50 ^ _250_/RESET_B (sky130_fd_sc_hd__dfrtp_1)
                                  4.50   data arrival time

                         20.00   20.00   clock clk (rise edge)
                          0.00   20.00   clock source latency
                  0.08    0.05   20.05 ^ clk (in)
     1    0.02                           clk (net)
                  0.08    0.00   20.05 ^ clkbuf_0_clk/A (sky130_fd_sc_hd__clkbuf_16)
                  0.06    0.15   20.20 ^ clkbuf_0_clk/X (sky130_fd_sc_hd__clkbuf_16)
     4    0.04                           clknet_0_clk (net)
                  0.06    0.00   20.20 ^ clkbuf_2_0__f_clk/A (sky130_fd_sc_hd__clkbuf_16)
                  0.05    0.13   20.33 ^ clkbuf_2_0__f_clk/X (sky130_fd_sc_hd__clkbuf_16)
     9    0.03                           clknet_2_0__leaf_clk (net)
                  0.05    0.00   20.33 ^ _250_/CLK (sky130_fd_sc_hd__dfrtp_1)
                         -0.25   20.08   clock uncertainty
                          0.00   20.08   clock reconvergence pessimism
                          0.23   20.32   library recovery time
                                 20.32   data required time
-----------------------------------------------------------------------------
                                 20.32   data required time
                                 -4.50   data arrival time
-----------------------------------------------------------------------------
                                 15.82   slack (MET)


Startpoint: reset (input port clocked by clk)
Endpoint: _230_ (recovery check against rising-edge clock clk)
Path Group: asynchronous
Path Type: max
Corner: Typical

Fanout     Cap    Slew   Delay    Time   Description
-----------------------------------------------------------------------------
                          0.00    0.00   clock clk (rise edge)
                          0.00    0.00   clock network delay (propagated)
                          4.00    4.00 v input external delay
                  0.01    0.01    4.01 v reset (in)
     1    0.00                           reset (net)
                  0.01    0.00    4.01 v input1/A (sky130_fd_sc_hd__clkbuf_4)
                  0.10    0.19    4.19 v input1/X (sky130_fd_sc_hd__clkbuf_4)
     7    0.04                           net1 (net)
                  0.10    0.00    4.20 v _185_/A (sky130_fd_sc_hd__inv_2)
                  0.05    0.08    4.28 ^ _185_/Y (sky130_fd_sc_hd__inv_2)
     2    0.01                           _008_ (net)
                  0.05    0.00    4.28 ^ _230_/SET_B (sky130_fd_sc_hd__dfstp_1)
                                  4.28   data arrival time

                         20.00   20.00   clock clk (rise edge)
                          0.00   20.00   clock source latency
                  0.08    0.05   20.05 ^ clk (in)
     1    0.02                           clk (net)
                  0.08    0.00   20.05 ^ clkbuf_0_clk/A (sky130_fd_sc_hd__clkbuf_16)
                  0.06    0.15   20.20 ^ clkbuf_0_clk/X (sky130_fd_sc_hd__clkbuf_16)
     4    0.04                           clknet_0_clk (net)
                  0.06    0.00   20.20 ^ clkbuf_2_2__f_clk/A (sky130_fd_sc_hd__clkbuf_16)
                  0.04    0.13   20.32 ^ clkbuf_2_2__f_clk/X (sky130_fd_sc_hd__clkbuf_16)
     6    0.02                           clknet_2_2__leaf_clk (net)
                  0.04    0.00   20.32 ^ _230_/CLK (sky130_fd_sc_hd__dfstp_1)
                         -0.25   20.07   clock uncertainty
                          0.00   20.07   clock reconvergence pessimism
                          0.14   20.21   library recovery time
                                 20.21   data required time
-----------------------------------------------------------------------------
                                 20.21   data required time
                                 -4.28   data arrival time
-----------------------------------------------------------------------------
                                 15.93   slack (MET)


Startpoint: reset (input port clocked by clk)
Endpoint: _251_ (recovery check against rising-edge clock clk)
Path Group: asynchronous
Path Type: max
Corner: Typical

Fanout     Cap    Slew   Delay    Time   Description
-----------------------------------------------------------------------------
                          0.00    0.00   clock clk (rise edge)
                          0.00    0.00   clock network delay (propagated)
                          4.00    4.00 v input external delay
                  0.01    0.01    4.01 v reset (in)
     1    0.00                           reset (net)
                  0.01    0.00    4.01 v input1/A (sky130_fd_sc_hd__clkbuf_4)
                  0.10    0.19    4.19 v input1/X (sky130_fd_sc_hd__clkbuf_4)
     7    0.04                           net1 (net)
                  0.10    0.00    4.20 v _208_/A (sky130_fd_sc_hd__inv_2)
                  0.04    0.07    4.27 ^ _208_/Y (sky130_fd_sc_hd__inv_2)
     1    0.01                           _029_ (net)
                  0.04    0.00    4.27 ^ _251_/RESET_B (sky130_fd_sc_hd__dfrtp_1)
                                  4.27   data arrival time

                         20.00   20.00   clock clk (rise edge)
                          0.00   20.00   clock source latency
                  0.08    0.05   20.05 ^ clk (in)
     1    0.02                           clk (net)
                  0.08    0.00   20.05 ^ clkbuf_0_clk/A (sky130_fd_sc_hd__clkbuf_16)
                  0.06    0.15   20.20 ^ clkbuf_0_clk/X (sky130_fd_sc_hd__clkbuf_16)
     4    0.04                           clknet_0_clk (net)
                  0.06    0.00   20.20 ^ clkbuf_2_2__f_clk/A (sky130_fd_sc_hd__clkbuf_16)
                  0.04    0.13   20.32 ^ clkbuf_2_2__f_clk/X (sky130_fd_sc_hd__clkbuf_16)
     6    0.02                           clknet_2_2__leaf_clk (net)
                  0.04    0.00   20.32 ^ _251_/CLK (sky130_fd_sc_hd__dfrtp_1)
                         -0.25   20.07   clock uncertainty
                          0.00   20.07   clock reconvergence pessimism
                          0.23   20.31   library recovery time
                                 20.31   data required time
-----------------------------------------------------------------------------
                                 20.31   data required time
                                 -4.27   data arrival time
-----------------------------------------------------------------------------
                                 16.04   slack (MET)


Startpoint: reset (input port clocked by clk)
Endpoint: _254_ (recovery check against rising-edge clock clk)
Path Group: asynchronous
Path Type: max
Corner: Typical

Fanout     Cap    Slew   Delay    Time   Description
-----------------------------------------------------------------------------
                          0.00    0.00   clock clk (rise edge)
                          0.00    0.00   clock network delay (propagated)
                          4.00    4.00 v input external delay
                  0.01    0.01    4.01 v reset (in)
     1    0.00                           reset (net)
                  0.01    0.00    4.01 v input1/A (sky130_fd_sc_hd__clkbuf_4)
                  0.10    0.19    4.19 v input1/X (sky130_fd_sc_hd__clkbuf_4)
     7    0.04                           net1 (net)
                  0.10    0.01    4.20 v _211_/A (sky130_fd_sc_hd__inv_2)
                  0.04    0.07    4.27 ^ _211_/Y (sky130_fd_sc_hd__inv_2)
     1    0.01                           _032_ (net)
                  0.04    0.00    4.27 ^ _254_/RESET_B (sky130_fd_sc_hd__dfrtp_1)
                                  4.27   data arrival time

                         20.00   20.00   clock clk (rise edge)
                          0.00   20.00   clock source latency
                  0.08    0.05   20.05 ^ clk (in)
     1    0.02                           clk (net)
                  0.08    0.00   20.05 ^ clkbuf_0_clk/A (sky130_fd_sc_hd__clkbuf_16)
                  0.06    0.15   20.20 ^ clkbuf_0_clk/X (sky130_fd_sc_hd__clkbuf_16)
     4    0.04                           clknet_0_clk (net)
                  0.06    0.00   20.20 ^ clkbuf_2_0__f_clk/A (sky130_fd_sc_hd__clkbuf_16)
                  0.05    0.13   20.33 ^ clkbuf_2_0__f_clk/X (sky130_fd_sc_hd__clkbuf_16)
     9    0.03                           clknet_2_0__leaf_clk (net)
                  0.05    0.00   20.33 ^ _254_/CLK (sky130_fd_sc_hd__dfrtp_1)
                         -0.25   20.08   clock uncertainty
                          0.00   20.08   clock reconvergence pessimism
                          0.23   20.32   library recovery time
                                 20.32   data required time
-----------------------------------------------------------------------------
                                 20.32   data required time
                                 -4.27   data arrival time
-----------------------------------------------------------------------------
                                 16.04   slack (MET)


Startpoint: reset (input port clocked by clk)
Endpoint: _252_ (recovery check against rising-edge clock clk)
Path Group: asynchronous
Path Type: max
Corner: Typical

Fanout     Cap    Slew   Delay    Time   Description
-----------------------------------------------------------------------------
                          0.00    0.00   clock clk (rise edge)
                          0.00    0.00   clock network delay (propagated)
                          4.00    4.00 v input external delay
                  0.01    0.01    4.01 v reset (in)
     1    0.00                           reset (net)
                  0.01    0.00    4.01 v input1/A (sky130_fd_sc_hd__clkbuf_4)
                  0.10    0.19    4.19 v input1/X (sky130_fd_sc_hd__clkbuf_4)
     7    0.04                           net1 (net)
                  0.10    0.01    4.20 v _209_/A (sky130_fd_sc_hd__inv_2)
                  0.04    0.07    4.27 ^ _209_/Y (sky130_fd_sc_hd__inv_2)
     1    0.00                           _030_ (net)
                  0.04    0.00    4.27 ^ _252_/RESET_B (sky130_fd_sc_hd__dfrtp_1)
                                  4.27   data arrival time

                         20.00   20.00   clock clk (rise edge)
                          0.00   20.00   clock source latency
                  0.08    0.05   20.05 ^ clk (in)
     1    0.02                           clk (net)
                  0.08    0.00   20.05 ^ clkbuf_0_clk/A (sky130_fd_sc_hd__clkbuf_16)
                  0.06    0.15   20.20 ^ clkbuf_0_clk/X (sky130_fd_sc_hd__clkbuf_16)
     4    0.04                           clknet_0_clk (net)
                  0.06    0.00   20.20 ^ clkbuf_2_0__f_clk/A (sky130_fd_sc_hd__clkbuf_16)
                  0.05    0.13   20.33 ^ clkbuf_2_0__f_clk/X (sky130_fd_sc_hd__clkbuf_16)
     9    0.03                           clknet_2_0__leaf_clk (net)
                  0.05    0.00   20.33 ^ _252_/CLK (sky130_fd_sc_hd__dfrtp_1)
                         -0.25   20.08   clock uncertainty
                          0.00   20.08   clock reconvergence pessimism
                          0.23   20.32   library recovery time
                                 20.32   data required time
-----------------------------------------------------------------------------
                                 20.32   data required time
                                 -4.27   data arrival time
-----------------------------------------------------------------------------
                                 16.05   slack (MET)


Startpoint: reset (input port clocked by clk)
Endpoint: _253_ (recovery check against rising-edge clock clk)
Path Group: asynchronous
Path Type: max
Corner: Typical

Fanout     Cap    Slew   Delay    Time   Description
-----------------------------------------------------------------------------
                          0.00    0.00   clock clk (rise edge)
                          0.00    0.00   clock network delay (propagated)
                          4.00    4.00 v input external delay
                  0.01    0.01    4.01 v reset (in)
     1    0.00                           reset (net)
                  0.01    0.00    4.01 v input1/A (sky130_fd_sc_hd__clkbuf_4)
                  0.10    0.19    4.19 v input1/X (sky130_fd_sc_hd__clkbuf_4)
     7    0.04                           net1 (net)
                  0.10    0.00    4.20 v _210_/A (sky130_fd_sc_hd__inv_2)
                  0.04    0.07    4.26 ^ _210_/Y (sky130_fd_sc_hd__inv_2)
     1    0.00                           _031_ (net)
                  0.04    0.00    4.26 ^ _253_/RESET_B (sky130_fd_sc_hd__dfrtp_1)
                                  4.26   data arrival time

                         20.00   20.00   clock clk (rise edge)
                          0.00   20.00   clock source latency
                  0.08    0.05   20.05 ^ clk (in)
     1    0.02                           clk (net)
                  0.08    0.00   20.05 ^ clkbuf_0_clk/A (sky130_fd_sc_hd__clkbuf_16)
                  0.06    0.15   20.20 ^ clkbuf_0_clk/X (sky130_fd_sc_hd__clkbuf_16)
     4    0.04                           clknet_0_clk (net)
                  0.06    0.00   20.20 ^ clkbuf_2_3__f_clk/A (sky130_fd_sc_hd__clkbuf_16)
                  0.05    0.13   20.33 ^ clkbuf_2_3__f_clk/X (sky130_fd_sc_hd__clkbuf_16)
     9    0.03                           clknet_2_3__leaf_clk (net)
                  0.05    0.00   20.33 ^ _253_/CLK (sky130_fd_sc_hd__dfrtp_1)
                         -0.25   20.08   clock uncertainty
                          0.00   20.08   clock reconvergence pessimism
                          0.23   20.32   library recovery time
                                 20.32   data required time
-----------------------------------------------------------------------------
                                 20.32   data required time
                                 -4.26   data arrival time
-----------------------------------------------------------------------------
                                 16.05   slack (MET)


Startpoint: _233_ (rising edge-triggered flip-flop clocked by clk)
Endpoint: _246_ (rising edge-triggered flip-flop clocked by clk)
Path Group: clk
Path Type: max
Corner: Typical

Fanout     Cap    Slew   Delay    Time   Description
-----------------------------------------------------------------------------
                          0.00    0.00   clock clk (rise edge)
                          0.00    0.00   clock source latency
                  0.08    0.05    0.05 ^ clk (in)
     1    0.02                           clk (net)
                  0.08    0.00    0.05 ^ clkbuf_0_clk/A (sky130_fd_sc_hd__clkbuf_16)
                  0.06    0.16    0.22 ^ clkbuf_0_clk/X (sky130_fd_sc_hd__clkbuf_16)
     4    0.04                           clknet_0_clk (net)
                  0.06    0.00    0.22 ^ clkbuf_2_2__f_clk/A (sky130_fd_sc_hd__clkbuf_16)
                  0.04    0.14    0.36 ^ clkbuf_2_2__f_clk/X (sky130_fd_sc_hd__clkbuf_16)
     6    0.02                           clknet_2_2__leaf_clk (net)
                  0.04    0.00    0.36 ^ _233_/CLK (sky130_fd_sc_hd__dfrtp_1)
                  0.09    0.43    0.79 v _233_/Q (sky130_fd_sc_hd__dfrtp_1)
     5    0.01                           rx_inst.state[3] (net)
                  0.09    0.00    0.79 v hold35/A (sky130_fd_sc_hd__dlygate4sd3_1)
                  0.05    0.60    1.38 v hold35/X (sky130_fd_sc_hd__dlygate4sd3_1)
     1    0.00                           net55 (net)
                  0.05    0.00    1.38 v _149_/A1 (sky130_fd_sc_hd__o21a_1)
                  0.05    0.21    1.59 v _149_/X (sky130_fd_sc_hd__o21a_1)
     2    0.01                           _000_ (net)
                  0.05    0.00    1.59 v _150_/B1 (sky130_fd_sc_hd__o22a_1)
                  0.05    0.19    1.79 v _150_/X (sky130_fd_sc_hd__o22a_1)
     1    0.00                           _040_ (net)
                  0.05    0.00    1.79 v hold10/A (sky130_fd_sc_hd__dlygate4sd3_1)
                  0.06    0.60    2.38 v hold10/X (sky130_fd_sc_hd__dlygate4sd3_1)
     1    0.01                           net30 (net)
                  0.06    0.00    2.38 v _246_/D (sky130_fd_sc_hd__dfrtp_1)
                                  2.38   data arrival time

                         20.00   20.00   clock clk (rise edge)
                          0.00   20.00   clock source latency
                  0.08    0.05   20.05 ^ clk (in)
     1    0.02                           clk (net)
                  0.08    0.00   20.05 ^ clkbuf_0_clk/A (sky130_fd_sc_hd__clkbuf_16)
                  0.06    0.15   20.20 ^ clkbuf_0_clk/X (sky130_fd_sc_hd__clkbuf_16)
     4    0.04                           clknet_0_clk (net)
                  0.06    0.00   20.20 ^ clkbuf_2_0__f_clk/A (sky130_fd_sc_hd__clkbuf_16)
                  0.05    0.13   20.33 ^ clkbuf_2_0__f_clk/X (sky130_fd_sc_hd__clkbuf_16)
     9    0.03                           clknet_2_0__leaf_clk (net)
                  0.05    0.00   20.33 ^ _246_/CLK (sky130_fd_sc_hd__dfrtp_1)
                         -0.25   20.08   clock uncertainty
                          0.02   20.10   clock reconvergence pessimism
                         -0.12   19.98   library setup time
                                 19.98   data required time
-----------------------------------------------------------------------------
                                 19.98   data required time
                                 -2.38   data arrival time
-----------------------------------------------------------------------------
                                 17.60   slack (MET)


Startpoint: _242_ (rising edge-triggered flip-flop clocked by clk)
Endpoint: _238_ (rising edge-triggered flip-flop clocked by clk)
Path Group: clk
Path Type: max
Corner: Typical

Fanout     Cap    Slew   Delay    Time   Description
-----------------------------------------------------------------------------
                          0.00    0.00   clock clk (rise edge)
                          0.00    0.00   clock source latency
                  0.08    0.05    0.05 ^ clk (in)
     1    0.02                           clk (net)
                  0.08    0.00    0.05 ^ clkbuf_0_clk/A (sky130_fd_sc_hd__clkbuf_16)
                  0.06    0.16    0.22 ^ clkbuf_0_clk/X (sky130_fd_sc_hd__clkbuf_16)
     4    0.04                           clknet_0_clk (net)
                  0.06    0.00    0.22 ^ clkbuf_2_3__f_clk/A (sky130_fd_sc_hd__clkbuf_16)
                  0.05    0.15    0.37 ^ clkbuf_2_3__f_clk/X (sky130_fd_sc_hd__clkbuf_16)
     9    0.03                           clknet_2_3__leaf_clk (net)
                  0.05    0.00    0.37 ^ _242_/CLK (sky130_fd_sc_hd__dfstp_1)
                  0.09    0.56    0.93 ^ _242_/Q (sky130_fd_sc_hd__dfstp_1)
     3    0.01                           tx_inst.state[0] (net)
                  0.09    0.00    0.93 ^ hold7/A (sky130_fd_sc_hd__dlygate4sd3_1)
                  0.10    0.62    1.55 ^ hold7/X (sky130_fd_sc_hd__dlygate4sd3_1)
     2    0.01                           net27 (net)
                  0.10    0.00    1.55 ^ _159_/A (sky130_fd_sc_hd__inv_2)
                  0.03    0.05    1.60 v _159_/Y (sky130_fd_sc_hd__inv_2)
     2    0.01                           _088_ (net)
                  0.03    0.00    1.60 v _160_/A2 (sky130_fd_sc_hd__a21o_1)
                  0.03    0.17    1.77 v _160_/X (sky130_fd_sc_hd__a21o_1)
     1    0.00                           _036_ (net)
                  0.03    0.00    1.77 v hold6/A (sky130_fd_sc_hd__dlygate4sd3_1)
                  0.05    0.57    2.34 v hold6/X (sky130_fd_sc_hd__dlygate4sd3_1)
     1    0.00                           net26 (net)
                  0.05    0.00    2.34 v _238_/D (sky130_fd_sc_hd__dfrtp_1)
                                  2.34   data arrival time

                         20.00   20.00   clock clk (rise edge)
                          0.00   20.00   clock source latency
                  0.08    0.05   20.05 ^ clk (in)
     1    0.02                           clk (net)
                  0.08    0.00   20.05 ^ clkbuf_0_clk/A (sky130_fd_sc_hd__clkbuf_16)
                  0.06    0.15   20.20 ^ clkbuf_0_clk/X (sky130_fd_sc_hd__clkbuf_16)
     4    0.04                           clknet_0_clk (net)
                  0.06    0.00   20.20 ^ clkbuf_2_2__f_clk/A (sky130_fd_sc_hd__clkbuf_16)
                  0.04    0.13   20.32 ^ clkbuf_2_2__f_clk/X (sky130_fd_sc_hd__clkbuf_16)
     6    0.02                           clknet_2_2__leaf_clk (net)
                  0.04    0.00   20.33 ^ _238_/CLK (sky130_fd_sc_hd__dfrtp_1)
                         -0.25   20.08   clock uncertainty
                          0.02   20.10   clock reconvergence pessimism
                         -0.12   19.98   library setup time
                                 19.98   data required time
-----------------------------------------------------------------------------
                                 19.98   data required time
                                 -2.34   data arrival time
-----------------------------------------------------------------------------
                                 17.64   slack (MET)


Startpoint: _237_ (rising edge-triggered flip-flop clocked by clk)
Endpoint: _233_ (rising edge-triggered flip-flop clocked by clk)
Path Group: clk
Path Type: max
Corner: Typical

Fanout     Cap    Slew   Delay    Time   Description
-----------------------------------------------------------------------------
                          0.00    0.00   clock clk (rise edge)
                          0.00    0.00   clock source latency
                  0.08    0.05    0.05 ^ clk (in)
     1    0.02                           clk (net)
                  0.08    0.00    0.05 ^ clkbuf_0_clk/A (sky130_fd_sc_hd__clkbuf_16)
                  0.06    0.16    0.22 ^ clkbuf_0_clk/X (sky130_fd_sc_hd__clkbuf_16)
     4    0.04                           clknet_0_clk (net)
                  0.06    0.00    0.22 ^ clkbuf_2_3__f_clk/A (sky130_fd_sc_hd__clkbuf_16)
                  0.05    0.15    0.37 ^ clkbuf_2_3__f_clk/X (sky130_fd_sc_hd__clkbuf_16)
     9    0.03                           clknet_2_3__leaf_clk (net)
                  0.05    0.00    0.37 ^ _237_/CLK (sky130_fd_sc_hd__dfstp_1)
                  0.06    0.54    0.90 ^ _237_/Q (sky130_fd_sc_hd__dfstp_1)
     2    0.01                           rx_inst.rx (net)
                  0.06    0.00    0.90 ^ hold17/A (sky130_fd_sc_hd__dlygate4sd3_1)
                  0.08    0.60    1.50 ^ hold17/X (sky130_fd_sc_hd__dlygate4sd3_1)
     1    0.01                           net37 (net)
                  0.08    0.00    1.50 ^ _174_/A (sky130_fd_sc_hd__inv_2)
                  0.02    0.04    1.54 v _174_/Y (sky130_fd_sc_hd__inv_2)
     1    0.00                           _096_ (net)
                  0.02    0.00    1.54 v _175_/B1 (sky130_fd_sc_hd__a32o_1)
                  0.04    0.19    1.73 v _175_/X (sky130_fd_sc_hd__a32o_1)
     1    0.00                           _005_ (net)
                  0.04    0.00    1.73 v hold18/A (sky130_fd_sc_hd__dlygate4sd3_1)
                  0.05    0.57    2.30 v hold18/X (sky130_fd_sc_hd__dlygate4sd3_1)
     1    0.00                           net38 (net)
                  0.05    0.00    2.30 v _233_/D (sky130_fd_sc_hd__dfrtp_1)
                                  2.30   data arrival time

                         20.00   20.00   clock clk (rise edge)
                          0.00   20.00   clock source latency
                  0.08    0.05   20.05 ^ clk (in)
     1    0.02                           clk (net)
                  0.08    0.00   20.05 ^ clkbuf_0_clk/A (sky130_fd_sc_hd__clkbuf_16)
                  0.06    0.15   20.20 ^ clkbuf_0_clk/X (sky130_fd_sc_hd__clkbuf_16)
     4    0.04                           clknet_0_clk (net)
                  0.06    0.00   20.20 ^ clkbuf_2_2__f_clk/A (sky130_fd_sc_hd__clkbuf_16)
                  0.04    0.13   20.32 ^ clkbuf_2_2__f_clk/X (sky130_fd_sc_hd__clkbuf_16)
     6    0.02                           clknet_2_2__leaf_clk (net)
                  0.04    0.00   20.32 ^ _233_/CLK (sky130_fd_sc_hd__dfrtp_1)
                         -0.25   20.07   clock uncertainty
                          0.02   20.10   clock reconvergence pessimism
                         -0.12   19.98   library setup time
                                 19.98   data required time
-----------------------------------------------------------------------------
                                 19.98   data required time
                                 -2.30   data arrival time
-----------------------------------------------------------------------------
                                 17.68   slack (MET)


Startpoint: _233_ (rising edge-triggered flip-flop clocked by clk)
Endpoint: _250_ (rising edge-triggered flip-flop clocked by clk)
Path Group: clk
Path Type: max
Corner: Typical

Fanout     Cap    Slew   Delay    Time   Description
-----------------------------------------------------------------------------
                          0.00    0.00   clock clk (rise edge)
                          0.00    0.00   clock source latency
                  0.08    0.05    0.05 ^ clk (in)
     1    0.02                           clk (net)
                  0.08    0.00    0.05 ^ clkbuf_0_clk/A (sky130_fd_sc_hd__clkbuf_16)
                  0.06    0.16    0.22 ^ clkbuf_0_clk/X (sky130_fd_sc_hd__clkbuf_16)
     4    0.04                           clknet_0_clk (net)
                  0.06    0.00    0.22 ^ clkbuf_2_2__f_clk/A (sky130_fd_sc_hd__clkbuf_16)
                  0.04    0.14    0.36 ^ clkbuf_2_2__f_clk/X (sky130_fd_sc_hd__clkbuf_16)
     6    0.02                           clknet_2_2__leaf_clk (net)
                  0.04    0.00    0.36 ^ _233_/CLK (sky130_fd_sc_hd__dfrtp_1)
                  0.09    0.43    0.79 v _233_/Q (sky130_fd_sc_hd__dfrtp_1)
     5    0.01                           rx_inst.state[3] (net)
                  0.09    0.00    0.79 v _119_/A (sky130_fd_sc_hd__or3_2)
                  0.12    0.59    1.37 v _119_/X (sky130_fd_sc_hd__or3_2)
     6    0.02                           _061_ (net)
                  0.13    0.00    1.37 v _136_/D (sky130_fd_sc_hd__or4_1)
                  0.11    0.48    1.85 v _136_/X (sky130_fd_sc_hd__or4_1)
     1    0.01                           _074_ (net)
                  0.11    0.00    1.85 v _137_/S (sky130_fd_sc_hd__mux2_1)
                  0.05    0.34    2.19 v _137_/X (sky130_fd_sc_hd__mux2_1)
     1    0.00                           _075_ (net)
                  0.05    0.00    2.19 v _138_/A (sky130_fd_sc_hd__clkbuf_1)
                  0.03    0.09    2.29 v _138_/X (sky130_fd_sc_hd__clkbuf_1)
     1    0.00                           _044_ (net)
                  0.03    0.00    2.29 v _250_/D (sky130_fd_sc_hd__dfrtp_1)
                                  2.29   data arrival time

                         20.00   20.00   clock clk (rise edge)
                          0.00   20.00   clock source latency
                  0.08    0.05   20.05 ^ clk (in)
     1    0.02                           clk (net)
                  0.08    0.00   20.05 ^ clkbuf_0_clk/A (sky130_fd_sc_hd__clkbuf_16)
                  0.06    0.15   20.20 ^ clkbuf_0_clk/X (sky130_fd_sc_hd__clkbuf_16)
     4    0.04                           clknet_0_clk (net)
                  0.06    0.00   20.20 ^ clkbuf_2_0__f_clk/A (sky130_fd_sc_hd__clkbuf_16)
                  0.05    0.13   20.33 ^ clkbuf_2_0__f_clk/X (sky130_fd_sc_hd__clkbuf_16)
     9    0.03                           clknet_2_0__leaf_clk (net)
                  0.05    0.00   20.33 ^ _250_/CLK (sky130_fd_sc_hd__dfrtp_1)
                         -0.25   20.08   clock uncertainty
                          0.02   20.10   clock reconvergence pessimism
                         -0.10   20.00   library setup time
                                 20.00   data required time
-----------------------------------------------------------------------------
                                 20.00   data required time
                                 -2.29   data arrival time
-----------------------------------------------------------------------------
                                 17.71   slack (MET)


Startpoint: _233_ (rising edge-triggered flip-flop clocked by clk)
Endpoint: _248_ (rising edge-triggered flip-flop clocked by clk)
Path Group: clk
Path Type: max
Corner: Typical

Fanout     Cap    Slew   Delay    Time   Description
-----------------------------------------------------------------------------
                          0.00    0.00   clock clk (rise edge)
                          0.00    0.00   clock source latency
                  0.08    0.05    0.05 ^ clk (in)
     1    0.02                           clk (net)
                  0.08    0.00    0.05 ^ clkbuf_0_clk/A (sky130_fd_sc_hd__clkbuf_16)
                  0.06    0.16    0.22 ^ clkbuf_0_clk/X (sky130_fd_sc_hd__clkbuf_16)
     4    0.04                           clknet_0_clk (net)
                  0.06    0.00    0.22 ^ clkbuf_2_2__f_clk/A (sky130_fd_sc_hd__clkbuf_16)
                  0.04    0.14    0.36 ^ clkbuf_2_2__f_clk/X (sky130_fd_sc_hd__clkbuf_16)
     6    0.02                           clknet_2_2__leaf_clk (net)
                  0.04    0.00    0.36 ^ _233_/CLK (sky130_fd_sc_hd__dfrtp_1)
                  0.09    0.43    0.79 v _233_/Q (sky130_fd_sc_hd__dfrtp_1)
     5    0.01                           rx_inst.state[3] (net)
                  0.09    0.00    0.79 v _119_/A (sky130_fd_sc_hd__or3_2)
                  0.12    0.59    1.37 v _119_/X (sky130_fd_sc_hd__or3_2)
     6    0.02                           _061_ (net)
                  0.13    0.00    1.37 v _142_/D (sky130_fd_sc_hd__or4_1)
                  0.09    0.45    1.82 v _142_/X (sky130_fd_sc_hd__or4_1)
     1    0.00                           _078_ (net)
                  0.09    0.00    1.82 v _143_/S (sky130_fd_sc_hd__mux2_1)
                  0.06    0.34    2.16 v _143_/X (sky130_fd_sc_hd__mux2_1)
     1    0.00                           _079_ (net)
                  0.06    0.00    2.16 v _144_/A (sky130_fd_sc_hd__clkbuf_1)
                  0.02    0.10    2.26 v _144_/X (sky130_fd_sc_hd__clkbuf_1)
     1    0.00                           _042_ (net)
                  0.02    0.00    2.26 v _248_/D (sky130_fd_sc_hd__dfrtp_1)
                                  2.26   data arrival time

                         20.00   20.00   clock clk (rise edge)
                          0.00   20.00   clock source latency
                  0.08    0.05   20.05 ^ clk (in)
     1    0.02                           clk (net)
                  0.08    0.00   20.05 ^ clkbuf_0_clk/A (sky130_fd_sc_hd__clkbuf_16)
                  0.06    0.15   20.20 ^ clkbuf_0_clk/X (sky130_fd_sc_hd__clkbuf_16)
     4    0.04                           clknet_0_clk (net)
                  0.06    0.00   20.20 ^ clkbuf_2_1__f_clk/A (sky130_fd_sc_hd__clkbuf_16)
                  0.05    0.13   20.33 ^ clkbuf_2_1__f_clk/X (sky130_fd_sc_hd__clkbuf_16)
     9    0.03                           clknet_2_1__leaf_clk (net)
                  0.05    0.00   20.33 ^ _248_/CLK (sky130_fd_sc_hd__dfrtp_1)
                         -0.25   20.08   clock uncertainty
                          0.02   20.10   clock reconvergence pessimism
                         -0.10   20.00   library setup time
                                 20.00   data required time
-----------------------------------------------------------------------------
                                 20.00   data required time
                                 -2.26   data arrival time
-----------------------------------------------------------------------------
                                 17.74   slack (MET)


Startpoint: _233_ (rising edge-triggered flip-flop clocked by clk)
Endpoint: _249_ (rising edge-triggered flip-flop clocked by clk)
Path Group: clk
Path Type: max
Corner: Typical

Fanout     Cap    Slew   Delay    Time   Description
-----------------------------------------------------------------------------
                          0.00    0.00   clock clk (rise edge)
                          0.00    0.00   clock source latency
                  0.08    0.05    0.05 ^ clk (in)
     1    0.02                           clk (net)
                  0.08    0.00    0.05 ^ clkbuf_0_clk/A (sky130_fd_sc_hd__clkbuf_16)
                  0.06    0.16    0.22 ^ clkbuf_0_clk/X (sky130_fd_sc_hd__clkbuf_16)
     4    0.04                           clknet_0_clk (net)
                  0.06    0.00    0.22 ^ clkbuf_2_2__f_clk/A (sky130_fd_sc_hd__clkbuf_16)
                  0.04    0.14    0.36 ^ clkbuf_2_2__f_clk/X (sky130_fd_sc_hd__clkbuf_16)
     6    0.02                           clknet_2_2__leaf_clk (net)
                  0.04    0.00    0.36 ^ _233_/CLK (sky130_fd_sc_hd__dfrtp_1)
                  0.09    0.43    0.79 v _233_/Q (sky130_fd_sc_hd__dfrtp_1)
     5    0.01                           rx_inst.state[3] (net)
                  0.09    0.00    0.79 v _119_/A (sky130_fd_sc_hd__or3_2)
                  0.12    0.59    1.37 v _119_/X (sky130_fd_sc_hd__or3_2)
     6    0.02                           _061_ (net)
                  0.13    0.00    1.37 v _139_/D (sky130_fd_sc_hd__or4_1)
                  0.10    0.46    1.83 v _139_/X (sky130_fd_sc_hd__or4_1)
     1    0.00                           _076_ (net)
                  0.10    0.00    1.83 v _140_/S (sky130_fd_sc_hd__mux2_1)
                  0.05    0.33    2.17 v _140_/X (sky130_fd_sc_hd__mux2_1)
     1    0.00                           _077_ (net)
                  0.05    0.00    2.17 v _141_/A (sky130_fd_sc_hd__clkbuf_1)
                  0.02    0.09    2.26 v _141_/X (sky130_fd_sc_hd__clkbuf_1)
     1    0.00                           _043_ (net)
                  0.02    0.00    2.26 v _249_/D (sky130_fd_sc_hd__dfrtp_1)
                                  2.26   data arrival time

                         20.00   20.00   clock clk (rise edge)
                          0.00   20.00   clock source latency
                  0.08    0.05   20.05 ^ clk (in)
     1    0.02                           clk (net)
                  0.08    0.00   20.05 ^ clkbuf_0_clk/A (sky130_fd_sc_hd__clkbuf_16)
                  0.06    0.15   20.20 ^ clkbuf_0_clk/X (sky130_fd_sc_hd__clkbuf_16)
     4    0.04                           clknet_0_clk (net)
                  0.06    0.00   20.20 ^ clkbuf_2_0__f_clk/A (sky130_fd_sc_hd__clkbuf_16)
                  0.05    0.13   20.33 ^ clkbuf_2_0__f_clk/X (sky130_fd_sc_hd__clkbuf_16)
     9    0.03                           clknet_2_0__leaf_clk (net)
                  0.05    0.00   20.33 ^ _249_/CLK (sky130_fd_sc_hd__dfrtp_1)
                         -0.25   20.08   clock uncertainty
                          0.02   20.10   clock reconvergence pessimism
                         -0.10   20.00   library setup time
                                 20.00   data required time
-----------------------------------------------------------------------------
                                 20.00   data required time
                                 -2.26   data arrival time
-----------------------------------------------------------------------------
                                 17.74   slack (MET)


Startpoint: _233_ (rising edge-triggered flip-flop clocked by clk)
Endpoint: _253_ (rising edge-triggered flip-flop clocked by clk)
Path Group: clk
Path Type: max
Corner: Typical

Fanout     Cap    Slew   Delay    Time   Description
-----------------------------------------------------------------------------
                          0.00    0.00   clock clk (rise edge)
                          0.00    0.00   clock source latency
                  0.08    0.05    0.05 ^ clk (in)
     1    0.02                           clk (net)
                  0.08    0.00    0.05 ^ clkbuf_0_clk/A (sky130_fd_sc_hd__clkbuf_16)
                  0.06    0.16    0.22 ^ clkbuf_0_clk/X (sky130_fd_sc_hd__clkbuf_16)
     4    0.04                           clknet_0_clk (net)
                  0.06    0.00    0.22 ^ clkbuf_2_2__f_clk/A (sky130_fd_sc_hd__clkbuf_16)
                  0.04    0.14    0.36 ^ clkbuf_2_2__f_clk/X (sky130_fd_sc_hd__clkbuf_16)
     6    0.02                           clknet_2_2__leaf_clk (net)
                  0.04    0.00    0.36 ^ _233_/CLK (sky130_fd_sc_hd__dfrtp_1)
                  0.09    0.43    0.79 v _233_/Q (sky130_fd_sc_hd__dfrtp_1)
     5    0.01                           rx_inst.state[3] (net)
                  0.09    0.00    0.79 v _126_/A (sky130_fd_sc_hd__or4b_1)
                  0.12    0.62    1.40 v _126_/X (sky130_fd_sc_hd__or4b_1)
     3    0.01                           _067_ (net)
                  0.12    0.00    1.40 v _127_/C (sky130_fd_sc_hd__or3_1)
                  0.10    0.39    1.79 v _127_/X (sky130_fd_sc_hd__or3_1)
     1    0.01                           _068_ (net)
                  0.10    0.00    1.79 v _128_/S (sky130_fd_sc_hd__mux2_1)
                  0.05    0.34    2.13 v _128_/X (sky130_fd_sc_hd__mux2_1)
     1    0.00                           _069_ (net)
                  0.05    0.00    2.13 v _129_/A (sky130_fd_sc_hd__clkbuf_1)
                  0.03    0.10    2.23 v _129_/X (sky130_fd_sc_hd__clkbuf_1)
     1    0.00                           _047_ (net)
                  0.03    0.00    2.23 v _253_/D (sky130_fd_sc_hd__dfrtp_1)
                                  2.23   data arrival time

                         20.00   20.00   clock clk (rise edge)
                          0.00   20.00   clock source latency
                  0.08    0.05   20.05 ^ clk (in)
     1    0.02                           clk (net)
                  0.08    0.00   20.05 ^ clkbuf_0_clk/A (sky130_fd_sc_hd__clkbuf_16)
                  0.06    0.15   20.20 ^ clkbuf_0_clk/X (sky130_fd_sc_hd__clkbuf_16)
     4    0.04                           clknet_0_clk (net)
                  0.06    0.00   20.20 ^ clkbuf_2_3__f_clk/A (sky130_fd_sc_hd__clkbuf_16)
                  0.05    0.13   20.33 ^ clkbuf_2_3__f_clk/X (sky130_fd_sc_hd__clkbuf_16)
     9    0.03                           clknet_2_3__leaf_clk (net)
                  0.05    0.00   20.33 ^ _253_/CLK (sky130_fd_sc_hd__dfrtp_1)
                         -0.25   20.08   clock uncertainty
                          0.02   20.10   clock reconvergence pessimism
                         -0.11   20.00   library setup time
                                 20.00   data required time
-----------------------------------------------------------------------------
                                 20.00   data required time
                                 -2.23   data arrival time
-----------------------------------------------------------------------------
                                 17.77   slack (MET)


Startpoint: _233_ (rising edge-triggered flip-flop clocked by clk)
Endpoint: _251_ (rising edge-triggered flip-flop clocked by clk)
Path Group: clk
Path Type: max
Corner: Typical

Fanout     Cap    Slew   Delay    Time   Description
-----------------------------------------------------------------------------
                          0.00    0.00   clock clk (rise edge)
                          0.00    0.00   clock source latency
                  0.08    0.05    0.05 ^ clk (in)
     1    0.02                           clk (net)
                  0.08    0.00    0.05 ^ clkbuf_0_clk/A (sky130_fd_sc_hd__clkbuf_16)
                  0.06    0.16    0.22 ^ clkbuf_0_clk/X (sky130_fd_sc_hd__clkbuf_16)
     4    0.04                           clknet_0_clk (net)
                  0.06    0.00    0.22 ^ clkbuf_2_2__f_clk/A (sky130_fd_sc_hd__clkbuf_16)
                  0.04    0.14    0.36 ^ clkbuf_2_2__f_clk/X (sky130_fd_sc_hd__clkbuf_16)
     6    0.02                           clknet_2_2__leaf_clk (net)
                  0.04    0.00    0.36 ^ _233_/CLK (sky130_fd_sc_hd__dfrtp_1)
                  0.09    0.43    0.79 v _233_/Q (sky130_fd_sc_hd__dfrtp_1)
     5    0.01                           rx_inst.state[3] (net)
                  0.09    0.00    0.79 v _126_/A (sky130_fd_sc_hd__or4b_1)
                  0.12    0.62    1.40 v _126_/X (sky130_fd_sc_hd__or4b_1)
     3    0.01                           _067_ (net)
                  0.12    0.00    1.40 v _133_/C (sky130_fd_sc_hd__or3_1)
                  0.09    0.38    1.79 v _133_/X (sky130_fd_sc_hd__or3_1)
     1    0.01                           _072_ (net)
                  0.09    0.00    1.79 v _134_/S (sky130_fd_sc_hd__mux2_1)
                  0.05    0.33    2.12 v _134_/X (sky130_fd_sc_hd__mux2_1)
     1    0.00                           _073_ (net)
                  0.05    0.00    2.12 v _135_/A (sky130_fd_sc_hd__clkbuf_1)
                  0.02    0.09    2.21 v _135_/X (sky130_fd_sc_hd__clkbuf_1)
     1    0.00                           _045_ (net)
                  0.02    0.00    2.21 v _251_/D (sky130_fd_sc_hd__dfrtp_1)
                                  2.21   data arrival time

                         20.00   20.00   clock clk (rise edge)
                          0.00   20.00   clock source latency
                  0.08    0.05   20.05 ^ clk (in)
     1    0.02                           clk (net)
                  0.08    0.00   20.05 ^ clkbuf_0_clk/A (sky130_fd_sc_hd__clkbuf_16)
                  0.06    0.15   20.20 ^ clkbuf_0_clk/X (sky130_fd_sc_hd__clkbuf_16)
     4    0.04                           clknet_0_clk (net)
                  0.06    0.00   20.20 ^ clkbuf_2_2__f_clk/A (sky130_fd_sc_hd__clkbuf_16)
                  0.04    0.13   20.32 ^ clkbuf_2_2__f_clk/X (sky130_fd_sc_hd__clkbuf_16)
     6    0.02                           clknet_2_2__leaf_clk (net)
                  0.04    0.00   20.32 ^ _251_/CLK (sky130_fd_sc_hd__dfrtp_1)
                         -0.25   20.07   clock uncertainty
                          0.03   20.11   clock reconvergence pessimism
                         -0.11   20.00   library setup time
                                 20.00   data required time
-----------------------------------------------------------------------------
                                 20.00   data required time
                                 -2.21   data arrival time
-----------------------------------------------------------------------------
                                 17.79   slack (MET)


Startpoint: _234_ (rising edge-triggered flip-flop clocked by clk)
Endpoint: _234_ (rising edge-triggered flip-flop clocked by clk)
Path Group: clk
Path Type: max
Corner: Typical

Fanout     Cap    Slew   Delay    Time   Description
-----------------------------------------------------------------------------
                          0.00    0.00   clock clk (rise edge)
                          0.00    0.00   clock source latency
                  0.08    0.05    0.05 ^ clk (in)
     1    0.02                           clk (net)
                  0.08    0.00    0.05 ^ clkbuf_0_clk/A (sky130_fd_sc_hd__clkbuf_16)
                  0.06    0.16    0.22 ^ clkbuf_0_clk/X (sky130_fd_sc_hd__clkbuf_16)
     4    0.04                           clknet_0_clk (net)
                  0.06    0.00    0.22 ^ clkbuf_2_3__f_clk/A (sky130_fd_sc_hd__clkbuf_16)
                  0.05    0.15    0.37 ^ clkbuf_2_3__f_clk/X (sky130_fd_sc_hd__clkbuf_16)
     9    0.03                           clknet_2_3__leaf_clk (net)
                  0.05    0.00    0.37 ^ _234_/CLK (sky130_fd_sc_hd__dfrtp_4)
                  0.10    0.55    0.91 v _234_/Q (sky130_fd_sc_hd__dfrtp_4)
     9    0.03                           tx_inst.bit_count[0] (net)
                  0.10    0.00    0.92 v hold27/A (sky130_fd_sc_hd__dlygate4sd3_1)
                  0.06    0.60    1.52 v hold27/X (sky130_fd_sc_hd__dlygate4sd3_1)
     1    0.00                           net47 (net)
                  0.06    0.00    1.52 v _169_/A1 (sky130_fd_sc_hd__a21oi_1)
                  0.10    0.12    1.64 ^ _169_/Y (sky130_fd_sc_hd__a21oi_1)
     1    0.00                           _033_ (net)
                  0.10    0.00    1.64 ^ hold28/A (sky130_fd_sc_hd__dlygate4sd3_1)
                  0.05    0.57    2.22 ^ hold28/X (sky130_fd_sc_hd__dlygate4sd3_1)
     1    0.00                           net48 (net)
                  0.05    0.00    2.22 ^ _234_/D (sky130_fd_sc_hd__dfrtp_4)
                                  2.22   data arrival time

                         20.00   20.00   clock clk (rise edge)
                          0.00   20.00   clock source latency
                  0.08    0.05   20.05 ^ clk (in)
     1    0.02                           clk (net)
                  0.08    0.00   20.05 ^ clkbuf_0_clk/A (sky130_fd_sc_hd__clkbuf_16)
                  0.06    0.15   20.20 ^ clkbuf_0_clk/X (sky130_fd_sc_hd__clkbuf_16)
     4    0.04                           clknet_0_clk (net)
                  0.06    0.00   20.20 ^ clkbuf_2_3__f_clk/A (sky130_fd_sc_hd__clkbuf_16)
                  0.05    0.13   20.33 ^ clkbuf_2_3__f_clk/X (sky130_fd_sc_hd__clkbuf_16)
     9    0.03                           clknet_2_3__leaf_clk (net)
                  0.05    0.00   20.33 ^ _234_/CLK (sky130_fd_sc_hd__dfrtp_4)
                         -0.25   20.08   clock uncertainty
                          0.03   20.12   clock reconvergence pessimism
                         -0.06   20.05   library setup time
                                 20.05   data required time
-----------------------------------------------------------------------------
                                 20.05   data required time
                                 -2.22   data arrival time
-----------------------------------------------------------------------------
                                 17.84   slack (MET)


Startpoint: _236_ (rising edge-triggered flip-flop clocked by clk)
Endpoint: _236_ (rising edge-triggered flip-flop clocked by clk)
Path Group: clk
Path Type: max
Corner: Typical

Fanout     Cap    Slew   Delay    Time   Description
-----------------------------------------------------------------------------
                          0.00    0.00   clock clk (rise edge)
                          0.00    0.00   clock source latency
                  0.08    0.05    0.05 ^ clk (in)
     1    0.02                           clk (net)
                  0.08    0.00    0.05 ^ clkbuf_0_clk/A (sky130_fd_sc_hd__clkbuf_16)
                  0.06    0.16    0.22 ^ clkbuf_0_clk/X (sky130_fd_sc_hd__clkbuf_16)
     4    0.04                           clknet_0_clk (net)
                  0.06    0.00    0.22 ^ clkbuf_2_3__f_clk/A (sky130_fd_sc_hd__clkbuf_16)
                  0.05    0.15    0.37 ^ clkbuf_2_3__f_clk/X (sky130_fd_sc_hd__clkbuf_16)
     9    0.03                           clknet_2_3__leaf_clk (net)
                  0.05    0.00    0.37 ^ _236_/CLK (sky130_fd_sc_hd__dfrtp_1)
                  0.08    0.42    0.79 v _236_/Q (sky130_fd_sc_hd__dfrtp_1)
     5    0.01                           tx_inst.bit_count[2] (net)
                  0.08    0.00    0.79 v hold14/A (sky130_fd_sc_hd__dlygate4sd3_1)
                  0.05    0.59    1.38 v hold14/X (sky130_fd_sc_hd__dlygate4sd3_1)
     1    0.00                           net34 (net)
                  0.05    0.00    1.38 v _162_/B2 (sky130_fd_sc_hd__a32o_1)
                  0.04    0.21    1.59 v _162_/X (sky130_fd_sc_hd__a32o_1)
     1    0.00                           _035_ (net)
                  0.04    0.00    1.59 v hold15/A (sky130_fd_sc_hd__dlygate4sd3_1)
                  0.05    0.57    2.16 v hold15/X (sky130_fd_sc_hd__dlygate4sd3_1)
     1    0.00                           net35 (net)
                  0.05    0.00    2.16 v _236_/D (sky130_fd_sc_hd__dfrtp_1)
                                  2.16   data arrival time

                         20.00   20.00   clock clk (rise edge)
                          0.00   20.00   clock source latency
                  0.08    0.05   20.05 ^ clk (in)
     1    0.02                           clk (net)
                  0.08    0.00   20.05 ^ clkbuf_0_clk/A (sky130_fd_sc_hd__clkbuf_16)
                  0.06    0.15   20.20 ^ clkbuf_0_clk/X (sky130_fd_sc_hd__clkbuf_16)
     4    0.04                           clknet_0_clk (net)
                  0.06    0.00   20.20 ^ clkbuf_2_3__f_clk/A (sky130_fd_sc_hd__clkbuf_16)
                  0.05    0.13   20.33 ^ clkbuf_2_3__f_clk/X (sky130_fd_sc_hd__clkbuf_16)
     9    0.03                           clknet_2_3__leaf_clk (net)
                  0.05    0.00   20.33 ^ _236_/CLK (sky130_fd_sc_hd__dfrtp_1)
                         -0.25   20.08   clock uncertainty
                          0.03   20.12   clock reconvergence pessimism
                         -0.12   20.00   library setup time
                                 20.00   data required time
-----------------------------------------------------------------------------
                                 20.00   data required time
                                 -2.16   data arrival time
-----------------------------------------------------------------------------
                                 17.84   slack (MET)


Startpoint: _232_ (rising edge-triggered flip-flop clocked by clk)
Endpoint: _231_ (rising edge-triggered flip-flop clocked by clk)
Path Group: clk
Path Type: max
Corner: Typical

Fanout     Cap    Slew   Delay    Time   Description
-----------------------------------------------------------------------------
                          0.00    0.00   clock clk (rise edge)
                          0.00    0.00   clock source latency
                  0.08    0.05    0.05 ^ clk (in)
     1    0.02                           clk (net)
                  0.08    0.00    0.05 ^ clkbuf_0_clk/A (sky130_fd_sc_hd__clkbuf_16)
                  0.06    0.16    0.22 ^ clkbuf_0_clk/X (sky130_fd_sc_hd__clkbuf_16)
     4    0.04                           clknet_0_clk (net)
                  0.06    0.00    0.22 ^ clkbuf_2_2__f_clk/A (sky130_fd_sc_hd__clkbuf_16)
                  0.04    0.14    0.36 ^ clkbuf_2_2__f_clk/X (sky130_fd_sc_hd__clkbuf_16)
     6    0.02                           clknet_2_2__leaf_clk (net)
                  0.04    0.00    0.36 ^ _232_/CLK (sky130_fd_sc_hd__dfrtp_1)
                  0.09    0.43    0.78 v _232_/Q (sky130_fd_sc_hd__dfrtp_1)
     4    0.01                           rx_inst.state[2] (net)
                  0.09    0.00    0.79 v hold3/A (sky130_fd_sc_hd__dlygate4sd3_1)
                  0.08    0.63    1.41 v hold3/X (sky130_fd_sc_hd__dlygate4sd3_1)
     1    0.01                           net23 (net)
                  0.08    0.00    1.41 v _172_/B1 (sky130_fd_sc_hd__a21o_1)
                  0.03    0.16    1.58 v _172_/X (sky130_fd_sc_hd__a21o_1)
     1    0.00                           _004_ (net)
                  0.03    0.00    1.58 v hold4/A (sky130_fd_sc_hd__dlygate4sd3_1)
                  0.05    0.57    2.14 v hold4/X (sky130_fd_sc_hd__dlygate4sd3_1)
     1    0.00                           net24 (net)
                  0.05    0.00    2.14 v _231_/D (sky130_fd_sc_hd__dfrtp_2)
                                  2.14   data arrival time

                         20.00   20.00   clock clk (rise edge)
                          0.00   20.00   clock source latency
                  0.08    0.05   20.05 ^ clk (in)
     1    0.02                           clk (net)
                  0.08    0.00   20.05 ^ clkbuf_0_clk/A (sky130_fd_sc_hd__clkbuf_16)
                  0.06    0.15   20.20 ^ clkbuf_0_clk/X (sky130_fd_sc_hd__clkbuf_16)
     4    0.04                           clknet_0_clk (net)
                  0.06    0.00   20.20 ^ clkbuf_2_0__f_clk/A (sky130_fd_sc_hd__clkbuf_16)
                  0.05    0.13   20.33 ^ clkbuf_2_0__f_clk/X (sky130_fd_sc_hd__clkbuf_16)
     9    0.03                           clknet_2_0__leaf_clk (net)
                  0.05    0.00   20.33 ^ _231_/CLK (sky130_fd_sc_hd__dfrtp_2)
                         -0.25   20.08   clock uncertainty
                          0.02   20.10   clock reconvergence pessimism
                         -0.12   19.99   library setup time
                                 19.99   data required time
-----------------------------------------------------------------------------
                                 19.99   data required time
                                 -2.14   data arrival time
-----------------------------------------------------------------------------
                                 17.84   slack (MET)


Startpoint: _244_ (rising edge-triggered flip-flop clocked by clk)
Endpoint: _243_ (rising edge-triggered flip-flop clocked by clk)
Path Group: clk
Path Type: max
Corner: Typical

Fanout     Cap    Slew   Delay    Time   Description
-----------------------------------------------------------------------------
                          0.00    0.00   clock clk (rise edge)
                          0.00    0.00   clock source latency
                  0.08    0.05    0.05 ^ clk (in)
     1    0.02                           clk (net)
                  0.08    0.00    0.05 ^ clkbuf_0_clk/A (sky130_fd_sc_hd__clkbuf_16)
                  0.06    0.16    0.22 ^ clkbuf_0_clk/X (sky130_fd_sc_hd__clkbuf_16)
     4    0.04                           clknet_0_clk (net)
                  0.06    0.00    0.22 ^ clkbuf_2_3__f_clk/A (sky130_fd_sc_hd__clkbuf_16)
                  0.05    0.15    0.37 ^ clkbuf_2_3__f_clk/X (sky130_fd_sc_hd__clkbuf_16)
     9    0.03                           clknet_2_3__leaf_clk (net)
                  0.05    0.00    0.37 ^ _244_/CLK (sky130_fd_sc_hd__dfrtp_1)
                  0.05    0.38    0.75 v _244_/Q (sky130_fd_sc_hd__dfrtp_1)
     2    0.00                           tx_inst.state[2] (net)
                  0.05    0.00    0.75 v hold1/A (sky130_fd_sc_hd__dlygate4sd3_1)
                  0.06    0.58    1.33 v hold1/X (sky130_fd_sc_hd__dlygate4sd3_1)
     1    0.00                           net21 (net)
                  0.06    0.00    1.33 v _173_/B1 (sky130_fd_sc_hd__a21o_1)
                  0.03    0.15    1.48 v _173_/X (sky130_fd_sc_hd__a21o_1)
     1    0.00                           _007_ (net)
                  0.03    0.00    1.48 v hold2/A (sky130_fd_sc_hd__dlygate4sd3_1)
                  0.05    0.57    2.05 v hold2/X (sky130_fd_sc_hd__dlygate4sd3_1)
     1    0.00                           net22 (net)
                  0.05    0.00    2.05 v _243_/D (sky130_fd_sc_hd__dfrtp_4)
                                  2.05   data arrival time

                         20.00   20.00   clock clk (rise edge)
                          0.00   20.00   clock source latency
                  0.08    0.05   20.05 ^ clk (in)
     1    0.02                           clk (net)
                  0.08    0.00   20.05 ^ clkbuf_0_clk/A (sky130_fd_sc_hd__clkbuf_16)
                  0.06    0.15   20.20 ^ clkbuf_0_clk/X (sky130_fd_sc_hd__clkbuf_16)
     4    0.04                           clknet_0_clk (net)
                  0.06    0.00   20.20 ^ clkbuf_2_3__f_clk/A (sky130_fd_sc_hd__clkbuf_16)
                  0.05    0.13   20.33 ^ clkbuf_2_3__f_clk/X (sky130_fd_sc_hd__clkbuf_16)
     9    0.03                           clknet_2_3__leaf_clk (net)
                  0.05    0.00   20.33 ^ _243_/CLK (sky130_fd_sc_hd__dfrtp_4)
                         -0.25   20.08   clock uncertainty
                          0.03   20.12   clock reconvergence pessimism
                         -0.12   20.00   library setup time
                                 20.00   data required time
-----------------------------------------------------------------------------
                                 20.00   data required time
                                 -2.05   data arrival time
-----------------------------------------------------------------------------
                                 17.95   slack (MET)


Startpoint: _234_ (rising edge-triggered flip-flop clocked by clk)
Endpoint: _237_ (rising edge-triggered flip-flop clocked by clk)
Path Group: clk
Path Type: max
Corner: Typical

Fanout     Cap    Slew   Delay    Time   Description
-----------------------------------------------------------------------------
                          0.00    0.00   clock clk (rise edge)
                          0.00    0.00   clock source latency
                  0.08    0.05    0.05 ^ clk (in)
     1    0.02                           clk (net)
                  0.08    0.00    0.05 ^ clkbuf_0_clk/A (sky130_fd_sc_hd__clkbuf_16)
                  0.06    0.16    0.22 ^ clkbuf_0_clk/X (sky130_fd_sc_hd__clkbuf_16)
     4    0.04                           clknet_0_clk (net)
                  0.06    0.00    0.22 ^ clkbuf_2_3__f_clk/A (sky130_fd_sc_hd__clkbuf_16)
                  0.05    0.15    0.37 ^ clkbuf_2_3__f_clk/X (sky130_fd_sc_hd__clkbuf_16)
     9    0.03                           clknet_2_3__leaf_clk (net)
                  0.05    0.00    0.37 ^ _234_/CLK (sky130_fd_sc_hd__dfrtp_4)
                  0.13    0.49    0.86 ^ _234_/Q (sky130_fd_sc_hd__dfrtp_4)
     9    0.04                           tx_inst.bit_count[0] (net)
                  0.13    0.01    0.86 ^ _179_/S0 (sky130_fd_sc_hd__mux4_1)
                  0.10    0.61    1.47 v _179_/X (sky130_fd_sc_hd__mux4_1)
     1    0.01                           _099_ (net)
                  0.10    0.00    1.47 v _180_/A (sky130_fd_sc_hd__or2b_1)
                  0.05    0.25    1.72 v _180_/X (sky130_fd_sc_hd__or2b_1)
     1    0.00                           _100_ (net)
                  0.05    0.00    1.72 v _181_/A3 (sky130_fd_sc_hd__a311o_1)
                  0.05    0.36    2.08 v _181_/X (sky130_fd_sc_hd__a311o_1)
     1    0.00                           _114_ (net)
                  0.05    0.00    2.09 v _237_/D (sky130_fd_sc_hd__dfstp_1)
                                  2.09   data arrival time

                         20.00   20.00   clock clk (rise edge)
                          0.00   20.00   clock source latency
                  0.08    0.05   20.05 ^ clk (in)
     1    0.02                           clk (net)
                  0.08    0.00   20.05 ^ clkbuf_0_clk/A (sky130_fd_sc_hd__clkbuf_16)
                  0.06    0.15   20.20 ^ clkbuf_0_clk/X (sky130_fd_sc_hd__clkbuf_16)
     4    0.04                           clknet_0_clk (net)
                  0.06    0.00   20.20 ^ clkbuf_2_3__f_clk/A (sky130_fd_sc_hd__clkbuf_16)
                  0.05    0.13   20.33 ^ clkbuf_2_3__f_clk/X (sky130_fd_sc_hd__clkbuf_16)
     9    0.03                           clknet_2_3__leaf_clk (net)
                  0.05    0.00   20.33 ^ _237_/CLK (sky130_fd_sc_hd__dfstp_1)
                         -0.25   20.08   clock uncertainty
                          0.03   20.12   clock reconvergence pessimism
                         -0.07   20.05   library setup time
                                 20.05   data required time
-----------------------------------------------------------------------------
                                 20.05   data required time
                                 -2.09   data arrival time
-----------------------------------------------------------------------------
                                 17.96   slack (MET)


Startpoint: _233_ (rising edge-triggered flip-flop clocked by clk)
Endpoint: _247_ (rising edge-triggered flip-flop clocked by clk)
Path Group: clk
Path Type: max
Corner: Typical

Fanout     Cap    Slew   Delay    Time   Description
-----------------------------------------------------------------------------
                          0.00    0.00   clock clk (rise edge)
                          0.00    0.00   clock source latency
                  0.08    0.05    0.05 ^ clk (in)
     1    0.02                           clk (net)
                  0.08    0.00    0.05 ^ clkbuf_0_clk/A (sky130_fd_sc_hd__clkbuf_16)
                  0.06    0.16    0.22 ^ clkbuf_0_clk/X (sky130_fd_sc_hd__clkbuf_16)
     4    0.04                           clknet_0_clk (net)
                  0.06    0.00    0.22 ^ clkbuf_2_2__f_clk/A (sky130_fd_sc_hd__clkbuf_16)
                  0.04    0.14    0.36 ^ clkbuf_2_2__f_clk/X (sky130_fd_sc_hd__clkbuf_16)
     6    0.02                           clknet_2_2__leaf_clk (net)
                  0.04    0.00    0.36 ^ _233_/CLK (sky130_fd_sc_hd__dfrtp_1)
                  0.09    0.43    0.79 v _233_/Q (sky130_fd_sc_hd__dfrtp_1)
     5    0.01                           rx_inst.state[3] (net)
                  0.09    0.00    0.79 v _119_/A (sky130_fd_sc_hd__or3_2)
                  0.12    0.59    1.37 v _119_/X (sky130_fd_sc_hd__or3_2)
     6    0.02                           _061_ (net)
                  0.12    0.00    1.37 v _145_/A (sky130_fd_sc_hd__nor2_1)
                  0.14    0.19    1.56 ^ _145_/Y (sky130_fd_sc_hd__nor2_1)
     1    0.01                           _080_ (net)
                  0.14    0.00    1.56 ^ _146_/S (sky130_fd_sc_hd__mux2_1)
                  0.06    0.35    1.91 v _146_/X (sky130_fd_sc_hd__mux2_1)
     1    0.00                           _081_ (net)
                  0.06    0.00    1.91 v _147_/A (sky130_fd_sc_hd__clkbuf_1)
                  0.02    0.09    2.00 v _147_/X (sky130_fd_sc_hd__clkbuf_1)
     1    0.00                           _041_ (net)
                  0.02    0.00    2.00 v _247_/D (sky130_fd_sc_hd__dfrtp_1)
                                  2.00   data arrival time

                         20.00   20.00   clock clk (rise edge)
                          0.00   20.00   clock source latency
                  0.08    0.05   20.05 ^ clk (in)
     1    0.02                           clk (net)
                  0.08    0.00   20.05 ^ clkbuf_0_clk/A (sky130_fd_sc_hd__clkbuf_16)
                  0.06    0.15   20.20 ^ clkbuf_0_clk/X (sky130_fd_sc_hd__clkbuf_16)
     4    0.04                           clknet_0_clk (net)
                  0.06    0.00   20.20 ^ clkbuf_2_2__f_clk/A (sky130_fd_sc_hd__clkbuf_16)
                  0.04    0.13   20.32 ^ clkbuf_2_2__f_clk/X (sky130_fd_sc_hd__clkbuf_16)
     6    0.02                           clknet_2_2__leaf_clk (net)
                  0.04    0.00   20.33 ^ _247_/CLK (sky130_fd_sc_hd__dfrtp_1)
                         -0.25   20.08   clock uncertainty
                          0.03   20.11   clock reconvergence pessimism
                         -0.11   20.00   library setup time
                                 20.00   data required time
-----------------------------------------------------------------------------
                                 20.00   data required time
                                 -2.00   data arrival time
-----------------------------------------------------------------------------
                                 18.00   slack (MET)


Startpoint: _233_ (rising edge-triggered flip-flop clocked by clk)
Endpoint: _252_ (rising edge-triggered flip-flop clocked by clk)
Path Group: clk
Path Type: max
Corner: Typical

Fanout     Cap    Slew   Delay    Time   Description
-----------------------------------------------------------------------------
                          0.00    0.00   clock clk (rise edge)
                          0.00    0.00   clock source latency
                  0.08    0.05    0.05 ^ clk (in)
     1    0.02                           clk (net)
                  0.08    0.00    0.05 ^ clkbuf_0_clk/A (sky130_fd_sc_hd__clkbuf_16)
                  0.06    0.16    0.22 ^ clkbuf_0_clk/X (sky130_fd_sc_hd__clkbuf_16)
     4    0.04                           clknet_0_clk (net)
                  0.06    0.00    0.22 ^ clkbuf_2_2__f_clk/A (sky130_fd_sc_hd__clkbuf_16)
                  0.04    0.14    0.36 ^ clkbuf_2_2__f_clk/X (sky130_fd_sc_hd__clkbuf_16)
     6    0.02                           clknet_2_2__leaf_clk (net)
                  0.04    0.00    0.36 ^ _233_/CLK (sky130_fd_sc_hd__dfrtp_1)
                  0.09    0.43    0.79 v _233_/Q (sky130_fd_sc_hd__dfrtp_1)
     5    0.01                           rx_inst.state[3] (net)
                  0.09    0.00    0.79 v _126_/A (sky130_fd_sc_hd__or4b_1)
                  0.12    0.62    1.40 v _126_/X (sky130_fd_sc_hd__or4b_1)
     3    0.01                           _067_ (net)
                  0.12    0.00    1.40 v _131_/A3 (sky130_fd_sc_hd__o31a_1)
                  0.05    0.27    1.67 v _131_/X (sky130_fd_sc_hd__o31a_1)
     1    0.00                           _071_ (net)
                  0.05    0.00    1.68 v _132_/B1 (sky130_fd_sc_hd__a41o_1)
                  0.04    0.21    1.88 v _132_/X (sky130_fd_sc_hd__a41o_1)
     1    0.00                           _046_ (net)
                  0.04    0.00    1.88 v _252_/D (sky130_fd_sc_hd__dfrtp_1)
                                  1.88   data arrival time

                         20.00   20.00   clock clk (rise edge)
                          0.00   20.00   clock source latency
                  0.08    0.05   20.05 ^ clk (in)
     1    0.02                           clk (net)
                  0.08    0.00   20.05 ^ clkbuf_0_clk/A (sky130_fd_sc_hd__clkbuf_16)
                  0.06    0.15   20.20 ^ clkbuf_0_clk/X (sky130_fd_sc_hd__clkbuf_16)
     4    0.04                           clknet_0_clk (net)
                  0.06    0.00   20.20 ^ clkbuf_2_0__f_clk/A (sky130_fd_sc_hd__clkbuf_16)
                  0.05    0.13   20.33 ^ clkbuf_2_0__f_clk/X (sky130_fd_sc_hd__clkbuf_16)
     9    0.03                           clknet_2_0__leaf_clk (net)
                  0.05    0.00   20.33 ^ _252_/CLK (sky130_fd_sc_hd__dfrtp_1)
                         -0.25   20.08   clock uncertainty
                          0.02   20.10   clock reconvergence pessimism
                         -0.11   19.99   library setup time
                                 19.99   data required time
-----------------------------------------------------------------------------
                                 19.99   data required time
                                 -1.88   data arrival time
-----------------------------------------------------------------------------
                                 18.11   slack (MET)


Startpoint: _239_ (rising edge-triggered flip-flop clocked by clk)
Endpoint: _239_ (rising edge-triggered flip-flop clocked by clk)
Path Group: clk
Path Type: max
Corner: Typical

Fanout     Cap    Slew   Delay    Time   Description
-----------------------------------------------------------------------------
                          0.00    0.00   clock clk (rise edge)
                          0.00    0.00   clock source latency
                  0.08    0.05    0.05 ^ clk (in)
     1    0.02                           clk (net)
                  0.08    0.00    0.05 ^ clkbuf_0_clk/A (sky130_fd_sc_hd__clkbuf_16)
                  0.06    0.16    0.22 ^ clkbuf_0_clk/X (sky130_fd_sc_hd__clkbuf_16)
     4    0.04                           clknet_0_clk (net)
                  0.06    0.00    0.22 ^ clkbuf_2_0__f_clk/A (sky130_fd_sc_hd__clkbuf_16)
                  0.05    0.15    0.36 ^ clkbuf_2_0__f_clk/X (sky130_fd_sc_hd__clkbuf_16)
     9    0.03                           clknet_2_0__leaf_clk (net)
                  0.05    0.00    0.37 ^ _239_/CLK (sky130_fd_sc_hd__dfrtp_1)
                  0.06    0.40    0.76 v _239_/Q (sky130_fd_sc_hd__dfrtp_1)
     2    0.01                           rx_inst.bit_count[0] (net)
                  0.06    0.00    0.76 v _115_/A (sky130_fd_sc_hd__buf_2)
                  0.08    0.18    0.95 v _115_/X (sky130_fd_sc_hd__buf_2)
    10    0.03                           _057_ (net)
                  0.08    0.00    0.95 v _121_/B (sky130_fd_sc_hd__and2_1)
                  0.09    0.23    1.18 v _121_/X (sky130_fd_sc_hd__and2_1)
     4    0.02                           _063_ (net)
                  0.09    0.00    1.18 v _122_/B (sky130_fd_sc_hd__nand2_1)
                  0.12    0.14    1.32 ^ _122_/Y (sky130_fd_sc_hd__nand2_1)
     3    0.01                           _064_ (net)
                  0.12    0.00    1.32 ^ _155_/A2 (sky130_fd_sc_hd__a21boi_1)
                  0.07    0.11    1.42 v _155_/Y (sky130_fd_sc_hd__a21boi_1)
     2    0.01                           _086_ (net)
                  0.07    0.00    1.42 v _157_/A1 (sky130_fd_sc_hd__mux2_1)
                  0.06    0.32    1.74 v _157_/X (sky130_fd_sc_hd__mux2_1)
     1    0.00                           _087_ (net)
                  0.06    0.00    1.74 v _158_/A (sky130_fd_sc_hd__clkbuf_1)
                  0.03    0.10    1.84 v _158_/X (sky130_fd_sc_hd__clkbuf_1)
     1    0.00                           _037_ (net)
                  0.03    0.00    1.84 v _239_/D (sky130_fd_sc_hd__dfrtp_1)
                                  1.84   data arrival time

                         20.00   20.00   clock clk (rise edge)
                          0.00   20.00   clock source latency
                  0.08    0.05   20.05 ^ clk (in)
     1    0.02                           clk (net)
                  0.08    0.00   20.05 ^ clkbuf_0_clk/A (sky130_fd_sc_hd__clkbuf_16)
                  0.06    0.15   20.20 ^ clkbuf_0_clk/X (sky130_fd_sc_hd__clkbuf_16)
     4    0.04                           clknet_0_clk (net)
                  0.06    0.00   20.20 ^ clkbuf_2_0__f_clk/A (sky130_fd_sc_hd__clkbuf_16)
                  0.05    0.13   20.33 ^ clkbuf_2_0__f_clk/X (sky130_fd_sc_hd__clkbuf_16)
     9    0.03                           clknet_2_0__leaf_clk (net)
                  0.05    0.00   20.33 ^ _239_/CLK (sky130_fd_sc_hd__dfrtp_1)
                         -0.25   20.08   clock uncertainty
                          0.03   20.12   clock reconvergence pessimism
                         -0.10   20.01   library setup time
                                 20.01   data required time
-----------------------------------------------------------------------------
                                 20.01   data required time
                                 -1.84   data arrival time
-----------------------------------------------------------------------------
                                 18.17   slack (MET)


Startpoint: _233_ (rising edge-triggered flip-flop clocked by clk)
Endpoint: _254_ (rising edge-triggered flip-flop clocked by clk)
Path Group: clk
Path Type: max
Corner: Typical

Fanout     Cap    Slew   Delay    Time   Description
-----------------------------------------------------------------------------
                          0.00    0.00   clock clk (rise edge)
                          0.00    0.00   clock source latency
                  0.08    0.05    0.05 ^ clk (in)
     1    0.02                           clk (net)
                  0.08    0.00    0.05 ^ clkbuf_0_clk/A (sky130_fd_sc_hd__clkbuf_16)
                  0.06    0.16    0.22 ^ clkbuf_0_clk/X (sky130_fd_sc_hd__clkbuf_16)
     4    0.04                           clknet_0_clk (net)
                  0.06    0.00    0.22 ^ clkbuf_2_2__f_clk/A (sky130_fd_sc_hd__clkbuf_16)
                  0.04    0.14    0.36 ^ clkbuf_2_2__f_clk/X (sky130_fd_sc_hd__clkbuf_16)
     6    0.02                           clknet_2_2__leaf_clk (net)
                  0.04    0.00    0.36 ^ _233_/CLK (sky130_fd_sc_hd__dfrtp_1)
                  0.09    0.43    0.79 v _233_/Q (sky130_fd_sc_hd__dfrtp_1)
     5    0.01                           rx_inst.state[3] (net)
                  0.09    0.00    0.79 v _119_/A (sky130_fd_sc_hd__or3_2)
                  0.12    0.59    1.37 v _119_/X (sky130_fd_sc_hd__or3_2)
     6    0.02                           _061_ (net)
                  0.13    0.00    1.37 v _123_/A1 (sky130_fd_sc_hd__o21a_1)
                  0.04    0.23    1.60 v _123_/X (sky130_fd_sc_hd__o21a_1)
     1    0.00                           _065_ (net)
                  0.04    0.00    1.60 v _124_/B1 (sky130_fd_sc_hd__a41o_1)
                  0.04    0.20    1.80 v _124_/X (sky130_fd_sc_hd__a41o_1)
     1    0.00                           _048_ (net)
                  0.04    0.00    1.80 v _254_/D (sky130_fd_sc_hd__dfrtp_1)
                                  1.80   data arrival time

                         20.00   20.00   clock clk (rise edge)
                          0.00   20.00   clock source latency
                  0.08    0.05   20.05 ^ clk (in)
     1    0.02                           clk (net)
                  0.08    0.00   20.05 ^ clkbuf_0_clk/A (sky130_fd_sc_hd__clkbuf_16)
                  0.06    0.15   20.20 ^ clkbuf_0_clk/X (sky130_fd_sc_hd__clkbuf_16)
     4    0.04                           clknet_0_clk (net)
                  0.06    0.00   20.20 ^ clkbuf_2_0__f_clk/A (sky130_fd_sc_hd__clkbuf_16)
                  0.05    0.13   20.33 ^ clkbuf_2_0__f_clk/X (sky130_fd_sc_hd__clkbuf_16)
     9    0.03                           clknet_2_0__leaf_clk (net)
                  0.05    0.00   20.33 ^ _254_/CLK (sky130_fd_sc_hd__dfrtp_1)
                         -0.25   20.08   clock uncertainty
                          0.02   20.10   clock reconvergence pessimism
                         -0.11   19.99   library setup time
                                 19.99   data required time
-----------------------------------------------------------------------------
                                 19.99   data required time
                                 -1.80   data arrival time
-----------------------------------------------------------------------------
                                 18.19   slack (MET)


Startpoint: _241_ (rising edge-triggered flip-flop clocked by clk)
Endpoint: _241_ (rising edge-triggered flip-flop clocked by clk)
Path Group: clk
Path Type: max
Corner: Typical

Fanout     Cap    Slew   Delay    Time   Description
-----------------------------------------------------------------------------
                          0.00    0.00   clock clk (rise edge)
                          0.00    0.00   clock source latency
                  0.08    0.05    0.05 ^ clk (in)
     1    0.02                           clk (net)
                  0.08    0.00    0.05 ^ clkbuf_0_clk/A (sky130_fd_sc_hd__clkbuf_16)
                  0.06    0.16    0.22 ^ clkbuf_0_clk/X (sky130_fd_sc_hd__clkbuf_16)
     4    0.04                           clknet_0_clk (net)
                  0.06    0.00    0.22 ^ clkbuf_2_0__f_clk/A (sky130_fd_sc_hd__clkbuf_16)
                  0.05    0.15    0.36 ^ clkbuf_2_0__f_clk/X (sky130_fd_sc_hd__clkbuf_16)
     9    0.03                           clknet_2_0__leaf_clk (net)
                  0.05    0.00    0.37 ^ _241_/CLK (sky130_fd_sc_hd__dfrtp_4)
                  0.09    0.54    0.91 v _241_/Q (sky130_fd_sc_hd__dfrtp_4)
     9    0.03                           rx_inst.bit_count[2] (net)
                  0.09    0.00    0.91 v hold29/A (sky130_fd_sc_hd__dlygate4sd3_1)
                  0.05    0.60    1.51 v hold29/X (sky130_fd_sc_hd__dlygate4sd3_1)
     1    0.00                           net49 (net)
                  0.05    0.00    1.51 v _152_/B2 (sky130_fd_sc_hd__a22o_1)
                  0.04    0.21    1.72 v _152_/X (sky130_fd_sc_hd__a22o_1)
     1    0.00                           _039_ (net)
                  0.04    0.00    1.72 v _241_/D (sky130_fd_sc_hd__dfrtp_4)
                                  1.72   data arrival time

                         20.00   20.00   clock clk (rise edge)
                          0.00   20.00   clock source latency
                  0.08    0.05   20.05 ^ clk (in)
     1    0.02                           clk (net)
                  0.08    0.00   20.05 ^ clkbuf_0_clk/A (sky130_fd_sc_hd__clkbuf_16)
                  0.06    0.15   20.20 ^ clkbuf_0_clk/X (sky130_fd_sc_hd__clkbuf_16)
     4    0.04                           clknet_0_clk (net)
                  0.06    0.00   20.20 ^ clkbuf_2_0__f_clk/A (sky130_fd_sc_hd__clkbuf_16)
                  0.05    0.13   20.33 ^ clkbuf_2_0__f_clk/X (sky130_fd_sc_hd__clkbuf_16)
     9    0.03                           clknet_2_0__leaf_clk (net)
                  0.05    0.00   20.33 ^ _241_/CLK (sky130_fd_sc_hd__dfrtp_4)
                         -0.25   20.08   clock uncertainty
                          0.03   20.12   clock reconvergence pessimism
                         -0.11   20.00   library setup time
                                 20.00   data required time
-----------------------------------------------------------------------------
                                 20.00   data required time
                                 -1.72   data arrival time
-----------------------------------------------------------------------------
                                 18.29   slack (MET)


Startpoint: _235_ (rising edge-triggered flip-flop clocked by clk)
Endpoint: _235_ (rising edge-triggered flip-flop clocked by clk)
Path Group: clk
Path Type: max
Corner: Typical

Fanout     Cap    Slew   Delay    Time   Description
-----------------------------------------------------------------------------
                          0.00    0.00   clock clk (rise edge)
                          0.00    0.00   clock source latency
                  0.08    0.05    0.05 ^ clk (in)
     1    0.02                           clk (net)
                  0.08    0.00    0.05 ^ clkbuf_0_clk/A (sky130_fd_sc_hd__clkbuf_16)
                  0.06    0.16    0.22 ^ clkbuf_0_clk/X (sky130_fd_sc_hd__clkbuf_16)
     4    0.04                           clknet_0_clk (net)
                  0.06    0.00    0.22 ^ clkbuf_2_3__f_clk/A (sky130_fd_sc_hd__clkbuf_16)
                  0.05    0.15    0.37 ^ clkbuf_2_3__f_clk/X (sky130_fd_sc_hd__clkbuf_16)
     9    0.03                           clknet_2_3__leaf_clk (net)
                  0.05    0.00    0.37 ^ _235_/CLK (sky130_fd_sc_hd__dfrtp_4)
                  0.08    0.53    0.90 v _235_/Q (sky130_fd_sc_hd__dfrtp_4)
     7    0.02                           tx_inst.bit_count[1] (net)
                  0.08    0.00    0.90 v hold24/A (sky130_fd_sc_hd__dlygate4sd3_1)
                  0.06    0.60    1.50 v hold24/X (sky130_fd_sc_hd__dlygate4sd3_1)
     1    0.00                           net44 (net)
                  0.06    0.00    1.50 v _166_/B1 (sky130_fd_sc_hd__a21oi_1)
                  0.10    0.12    1.62 ^ _166_/Y (sky130_fd_sc_hd__a21oi_1)
     1    0.00                           _093_ (net)
                  0.10    0.00    1.62 ^ _167_/B1 (sky130_fd_sc_hd__a21oi_1)
                  0.05    0.05    1.67 v _167_/Y (sky130_fd_sc_hd__a21oi_1)
     1    0.00                           _034_ (net)
                  0.05    0.00    1.67 v _235_/D (sky130_fd_sc_hd__dfrtp_4)
                                  1.67   data arrival time

                         20.00   20.00   clock clk (rise edge)
                          0.00   20.00   clock source latency
                  0.08    0.05   20.05 ^ clk (in)
     1    0.02                           clk (net)
                  0.08    0.00   20.05 ^ clkbuf_0_clk/A (sky130_fd_sc_hd__clkbuf_16)
                  0.06    0.15   20.20 ^ clkbuf_0_clk/X (sky130_fd_sc_hd__clkbuf_16)
     4    0.04                           clknet_0_clk (net)
                  0.06    0.00   20.20 ^ clkbuf_2_3__f_clk/A (sky130_fd_sc_hd__clkbuf_16)
                  0.05    0.13   20.33 ^ clkbuf_2_3__f_clk/X (sky130_fd_sc_hd__clkbuf_16)
     9    0.03                           clknet_2_3__leaf_clk (net)
                  0.05    0.00   20.33 ^ _235_/CLK (sky130_fd_sc_hd__dfrtp_4)
                         -0.25   20.08   clock uncertainty
                          0.03   20.12   clock reconvergence pessimism
                         -0.11   20.00   library setup time
                                 20.00   data required time
-----------------------------------------------------------------------------
                                 20.00   data required time
                                 -1.67   data arrival time
-----------------------------------------------------------------------------
                                 18.33   slack (MET)


Startpoint: _231_ (rising edge-triggered flip-flop clocked by clk)
Endpoint: _240_ (rising edge-triggered flip-flop clocked by clk)
Path Group: clk
Path Type: max
Corner: Typical

Fanout     Cap    Slew   Delay    Time   Description
-----------------------------------------------------------------------------
                          0.00    0.00   clock clk (rise edge)
                          0.00    0.00   clock source latency
                  0.08    0.05    0.05 ^ clk (in)
     1    0.02                           clk (net)
                  0.08    0.00    0.05 ^ clkbuf_0_clk/A (sky130_fd_sc_hd__clkbuf_16)
                  0.06    0.16    0.22 ^ clkbuf_0_clk/X (sky130_fd_sc_hd__clkbuf_16)
     4    0.04                           clknet_0_clk (net)
                  0.06    0.00    0.22 ^ clkbuf_2_0__f_clk/A (sky130_fd_sc_hd__clkbuf_16)
                  0.05    0.15    0.36 ^ clkbuf_2_0__f_clk/X (sky130_fd_sc_hd__clkbuf_16)
     9    0.03                           clknet_2_0__leaf_clk (net)
                  0.05    0.00    0.37 ^ _231_/CLK (sky130_fd_sc_hd__dfrtp_2)
                  0.08    0.45    0.82 v _231_/Q (sky130_fd_sc_hd__dfrtp_2)
     6    0.02                           rx_inst.state[1] (net)
                  0.08    0.00    0.82 v hold26/A (sky130_fd_sc_hd__dlygate4sd3_1)
                  0.07    0.62    1.44 v hold26/X (sky130_fd_sc_hd__dlygate4sd3_1)
     2    0.01                           net46 (net)
                  0.07    0.00    1.44 v _156_/A1 (sky130_fd_sc_hd__a22o_1)
                  0.04    0.22    1.66 v _156_/X (sky130_fd_sc_hd__a22o_1)
     1    0.00                           _038_ (net)
                  0.04    0.00    1.66 v _240_/D (sky130_fd_sc_hd__dfrtp_4)
                                  1.66   data arrival time

                         20.00   20.00   clock clk (rise edge)
                          0.00   20.00   clock source latency
                  0.08    0.05   20.05 ^ clk (in)
     1    0.02                           clk (net)
                  0.08    0.00   20.05 ^ clkbuf_0_clk/A (sky130_fd_sc_hd__clkbuf_16)
                  0.06    0.15   20.20 ^ clkbuf_0_clk/X (sky130_fd_sc_hd__clkbuf_16)
     4    0.04                           clknet_0_clk (net)
                  0.06    0.00   20.20 ^ clkbuf_2_0__f_clk/A (sky130_fd_sc_hd__clkbuf_16)
                  0.05    0.13   20.33 ^ clkbuf_2_0__f_clk/X (sky130_fd_sc_hd__clkbuf_16)
     9    0.03                           clknet_2_0__leaf_clk (net)
                  0.05    0.00   20.33 ^ _240_/CLK (sky130_fd_sc_hd__dfrtp_4)
                         -0.25   20.08   clock uncertainty
                          0.03   20.12   clock reconvergence pessimism
                         -0.11   20.01   library setup time
                                 20.01   data required time
-----------------------------------------------------------------------------
                                 20.01   data required time
                                 -1.66   data arrival time
-----------------------------------------------------------------------------
                                 18.34   slack (MET)


Startpoint: _230_ (rising edge-triggered flip-flop clocked by clk)
Endpoint: _232_ (rising edge-triggered flip-flop clocked by clk)
Path Group: clk
Path Type: max
Corner: Typical

Fanout     Cap    Slew   Delay    Time   Description
-----------------------------------------------------------------------------
                          0.00    0.00   clock clk (rise edge)
                          0.00    0.00   clock source latency
                  0.08    0.05    0.05 ^ clk (in)
     1    0.02                           clk (net)
                  0.08    0.00    0.05 ^ clkbuf_0_clk/A (sky130_fd_sc_hd__clkbuf_16)
                  0.06    0.16    0.22 ^ clkbuf_0_clk/X (sky130_fd_sc_hd__clkbuf_16)
     4    0.04                           clknet_0_clk (net)
                  0.06    0.00    0.22 ^ clkbuf_2_2__f_clk/A (sky130_fd_sc_hd__clkbuf_16)
                  0.04    0.14    0.36 ^ clkbuf_2_2__f_clk/X (sky130_fd_sc_hd__clkbuf_16)
     6    0.02                           clknet_2_2__leaf_clk (net)
                  0.04    0.00    0.36 ^ _230_/CLK (sky130_fd_sc_hd__dfstp_1)
                  0.07    0.54    0.90 ^ _230_/Q (sky130_fd_sc_hd__dfstp_1)
     3    0.01                           rx_inst.state[0] (net)
                  0.07    0.00    0.90 ^ hold11/A (sky130_fd_sc_hd__dlygate4sd3_1)
                  0.10    0.62    1.52 ^ hold11/X (sky130_fd_sc_hd__dlygate4sd3_1)
     2    0.01                           net31 (net)
                  0.10    0.00    1.52 ^ _148_/A (sky130_fd_sc_hd__inv_2)
                  0.04    0.05    1.57 v _148_/Y (sky130_fd_sc_hd__inv_2)
     2    0.01                           _082_ (net)
                  0.04    0.00    1.57 v _182_/A (sky130_fd_sc_hd__nor2_1)
                  0.08    0.10    1.67 ^ _182_/Y (sky130_fd_sc_hd__nor2_1)
     1    0.00                           _001_ (net)
                  0.08    0.00    1.67 ^ _232_/D (sky130_fd_sc_hd__dfrtp_1)
                                  1.67   data arrival time

                         20.00   20.00   clock clk (rise edge)
                          0.00   20.00   clock source latency
                  0.08    0.05   20.05 ^ clk (in)
     1    0.02                           clk (net)
                  0.08    0.00   20.05 ^ clkbuf_0_clk/A (sky130_fd_sc_hd__clkbuf_16)
                  0.06    0.15   20.20 ^ clkbuf_0_clk/X (sky130_fd_sc_hd__clkbuf_16)
     4    0.04                           clknet_0_clk (net)
                  0.06    0.00   20.20 ^ clkbuf_2_2__f_clk/A (sky130_fd_sc_hd__clkbuf_16)
                  0.04    0.13   20.32 ^ clkbuf_2_2__f_clk/X (sky130_fd_sc_hd__clkbuf_16)
     6    0.02                           clknet_2_2__leaf_clk (net)
                  0.04    0.00   20.32 ^ _232_/CLK (sky130_fd_sc_hd__dfrtp_1)
                         -0.25   20.07   clock uncertainty
                          0.03   20.11   clock reconvergence pessimism
                         -0.07   20.04   library setup time
                                 20.04   data required time
-----------------------------------------------------------------------------
                                 20.04   data required time
                                 -1.67   data arrival time
-----------------------------------------------------------------------------
                                 18.37   slack (MET)


Startpoint: _230_ (rising edge-triggered flip-flop clocked by clk)
Endpoint: _230_ (rising edge-triggered flip-flop clocked by clk)
Path Group: clk
Path Type: max
Corner: Typical

Fanout     Cap    Slew   Delay    Time   Description
-----------------------------------------------------------------------------
                          0.00    0.00   clock clk (rise edge)
                          0.00    0.00   clock source latency
                  0.08    0.05    0.05 ^ clk (in)
     1    0.02                           clk (net)
                  0.08    0.00    0.05 ^ clkbuf_0_clk/A (sky130_fd_sc_hd__clkbuf_16)
                  0.06    0.16    0.22 ^ clkbuf_0_clk/X (sky130_fd_sc_hd__clkbuf_16)
     4    0.04                           clknet_0_clk (net)
                  0.06    0.00    0.22 ^ clkbuf_2_2__f_clk/A (sky130_fd_sc_hd__clkbuf_16)
                  0.04    0.14    0.36 ^ clkbuf_2_2__f_clk/X (sky130_fd_sc_hd__clkbuf_16)
     6    0.02                           clknet_2_2__leaf_clk (net)
                  0.04    0.00    0.36 ^ _230_/CLK (sky130_fd_sc_hd__dfstp_1)
                  0.07    0.54    0.90 ^ _230_/Q (sky130_fd_sc_hd__dfstp_1)
     3    0.01                           rx_inst.state[0] (net)
                  0.07    0.00    0.90 ^ hold11/A (sky130_fd_sc_hd__dlygate4sd3_1)
                  0.10    0.62    1.52 ^ hold11/X (sky130_fd_sc_hd__dlygate4sd3_1)
     2    0.01                           net31 (net)
                  0.10    0.00    1.52 ^ _149_/A2 (sky130_fd_sc_hd__o21a_1)
                  0.08    0.15    1.67 ^ _149_/X (sky130_fd_sc_hd__o21a_1)
     2    0.01                           _000_ (net)
                  0.08    0.00    1.67 ^ _230_/D (sky130_fd_sc_hd__dfstp_1)
                                  1.67   data arrival time

                         20.00   20.00   clock clk (rise edge)
                          0.00   20.00   clock source latency
                  0.08    0.05   20.05 ^ clk (in)
     1    0.02                           clk (net)
                  0.08    0.00   20.05 ^ clkbuf_0_clk/A (sky130_fd_sc_hd__clkbuf_16)
                  0.06    0.15   20.20 ^ clkbuf_0_clk/X (sky130_fd_sc_hd__clkbuf_16)
     4    0.04                           clknet_0_clk (net)
                  0.06    0.00   20.20 ^ clkbuf_2_2__f_clk/A (sky130_fd_sc_hd__clkbuf_16)
                  0.04    0.13   20.32 ^ clkbuf_2_2__f_clk/X (sky130_fd_sc_hd__clkbuf_16)
     6    0.02                           clknet_2_2__leaf_clk (net)
                  0.04    0.00   20.32 ^ _230_/CLK (sky130_fd_sc_hd__dfstp_1)
                         -0.25   20.07   clock uncertainty
                          0.03   20.11   clock reconvergence pessimism
                         -0.06   20.05   library setup time
                                 20.05   data required time
-----------------------------------------------------------------------------
                                 20.05   data required time
                                 -1.67   data arrival time
-----------------------------------------------------------------------------
                                 18.38   slack (MET)


Startpoint: _234_ (rising edge-triggered flip-flop clocked by clk)
Endpoint: _245_ (rising edge-triggered flip-flop clocked by clk)
Path Group: clk
Path Type: max
Corner: Typical

Fanout     Cap    Slew   Delay    Time   Description
-----------------------------------------------------------------------------
                          0.00    0.00   clock clk (rise edge)
                          0.00    0.00   clock source latency
                  0.08    0.05    0.05 ^ clk (in)
     1    0.02                           clk (net)
                  0.08    0.00    0.05 ^ clkbuf_0_clk/A (sky130_fd_sc_hd__clkbuf_16)
                  0.06    0.16    0.22 ^ clkbuf_0_clk/X (sky130_fd_sc_hd__clkbuf_16)
     4    0.04                           clknet_0_clk (net)
                  0.06    0.00    0.22 ^ clkbuf_2_3__f_clk/A (sky130_fd_sc_hd__clkbuf_16)
                  0.05    0.15    0.37 ^ clkbuf_2_3__f_clk/X (sky130_fd_sc_hd__clkbuf_16)
     9    0.03                           clknet_2_3__leaf_clk (net)
                  0.05    0.00    0.37 ^ _234_/CLK (sky130_fd_sc_hd__dfrtp_4)
                  0.10    0.55    0.91 v _234_/Q (sky130_fd_sc_hd__dfrtp_4)
     9    0.03                           tx_inst.bit_count[0] (net)
                  0.10    0.00    0.92 v _183_/C (sky130_fd_sc_hd__and4_1)
                  0.04    0.21    1.13 v _183_/X (sky130_fd_sc_hd__and4_1)
     1    0.00                           _101_ (net)
                  0.04    0.00    1.13 v _184_/A (sky130_fd_sc_hd__clkbuf_1)
                  0.03    0.09    1.22 v _184_/X (sky130_fd_sc_hd__clkbuf_1)
     1    0.00                           _003_ (net)
                  0.03    0.00    1.22 v _245_/D (sky130_fd_sc_hd__dfrtp_1)
                                  1.22   data arrival time

                         20.00   20.00   clock clk (rise edge)
                          0.00   20.00   clock source latency
                  0.08    0.05   20.05 ^ clk (in)
     1    0.02                           clk (net)
                  0.08    0.00   20.05 ^ clkbuf_0_clk/A (sky130_fd_sc_hd__clkbuf_16)
                  0.06    0.15   20.20 ^ clkbuf_0_clk/X (sky130_fd_sc_hd__clkbuf_16)
     4    0.04                           clknet_0_clk (net)
                  0.06    0.00   20.20 ^ clkbuf_2_3__f_clk/A (sky130_fd_sc_hd__clkbuf_16)
                  0.05    0.13   20.33 ^ clkbuf_2_3__f_clk/X (sky130_fd_sc_hd__clkbuf_16)
     9    0.03                           clknet_2_3__leaf_clk (net)
                  0.05    0.00   20.33 ^ _245_/CLK (sky130_fd_sc_hd__dfrtp_1)
                         -0.25   20.08   clock uncertainty
                          0.03   20.12   clock reconvergence pessimism
                         -0.11   20.01   library setup time
                                 20.01   data required time
-----------------------------------------------------------------------------
                                 20.01   data required time
                                 -1.22   data arrival time
-----------------------------------------------------------------------------
                                 18.79   slack (MET)



