
===========================================================================
report_checks -path_delay max (Setup)
============================================================================
======================= Fastest Corner ===================================

Startpoint: _45_ (rising edge-triggered flip-flop clocked by clk)
Endpoint: count[1] (output port clocked by clk)
Path Group: clk
Path Type: max
Corner: Fastest

Fanout     Cap    Slew   Delay    Time   Description
-----------------------------------------------------------------------------
                          0.00    0.00   clock clk (rise edge)
                          0.00    0.00   clock source latency
                  0.04    0.03    0.03 ^ clk (in)
     1    0.01                           clk (net)
                  0.04    0.00    0.03 ^ clkbuf_0_clk/A (sky130_fd_sc_hd__clkbuf_16)
                  0.03    0.09    0.12 ^ clkbuf_0_clk/X (sky130_fd_sc_hd__clkbuf_16)
     2    0.02                           clknet_0_clk (net)
                  0.03    0.00    0.12 ^ clkbuf_1_0__f_clk/A (sky130_fd_sc_hd__clkbuf_16)
                  0.03    0.08    0.20 ^ clkbuf_1_0__f_clk/X (sky130_fd_sc_hd__clkbuf_16)
     4    0.01                           clknet_1_0__leaf_clk (net)
                  0.03    0.00    0.20 ^ _45_/CLK (sky130_fd_sc_hd__dfrtp_1)
                  0.12    0.27    0.48 ^ _45_/Q (sky130_fd_sc_hd__dfrtp_1)
     5    0.02                           net3 (net)
                  0.12    0.00    0.48 ^ output3/A (sky130_fd_sc_hd__clkbuf_4)
                  0.08    0.16    0.63 ^ output3/X (sky130_fd_sc_hd__clkbuf_4)
     1    0.03                           count[1] (net)
                  0.08    0.00    0.63 ^ count[1] (out)
                                  0.63   data arrival time

                         10.00   10.00   clock clk (rise edge)
                          0.00   10.00   clock network delay (propagated)
                         -0.25    9.75   clock uncertainty
                          0.00    9.75   clock reconvergence pessimism
                         -2.00    7.75   output external delay
                                  7.75   data required time
-----------------------------------------------------------------------------
                                  7.75   data required time
                                 -0.63   data arrival time
-----------------------------------------------------------------------------
                                  7.12   slack (MET)


Startpoint: _49_ (rising edge-triggered flip-flop clocked by clk)
Endpoint: count[5] (output port clocked by clk)
Path Group: clk
Path Type: max
Corner: Fastest

Fanout     Cap    Slew   Delay    Time   Description
-----------------------------------------------------------------------------
                          0.00    0.00   clock clk (rise edge)
                          0.00    0.00   clock source latency
                  0.04    0.03    0.03 ^ clk (in)
     1    0.01                           clk (net)
                  0.04    0.00    0.03 ^ clkbuf_0_clk/A (sky130_fd_sc_hd__clkbuf_16)
                  0.03    0.09    0.12 ^ clkbuf_0_clk/X (sky130_fd_sc_hd__clkbuf_16)
     2    0.02                           clknet_0_clk (net)
                  0.03    0.00    0.12 ^ clkbuf_1_1__f_clk/A (sky130_fd_sc_hd__clkbuf_16)
                  0.03    0.08    0.20 ^ clkbuf_1_1__f_clk/X (sky130_fd_sc_hd__clkbuf_16)
     4    0.01                           clknet_1_1__leaf_clk (net)
                  0.03    0.00    0.20 ^ _49_/CLK (sky130_fd_sc_hd__dfrtp_1)
                  0.09    0.26    0.46 ^ _49_/Q (sky130_fd_sc_hd__dfrtp_1)
     4    0.01                           net7 (net)
                  0.09    0.00    0.46 ^ output7/A (sky130_fd_sc_hd__clkbuf_4)
                  0.08    0.15    0.61 ^ output7/X (sky130_fd_sc_hd__clkbuf_4)
     1    0.03                           count[5] (net)
                  0.08    0.00    0.61 ^ count[5] (out)
                                  0.61   data arrival time

                         10.00   10.00   clock clk (rise edge)
                          0.00   10.00   clock network delay (propagated)
                         -0.25    9.75   clock uncertainty
                          0.00    9.75   clock reconvergence pessimism
                         -2.00    7.75   output external delay
                                  7.75   data required time
-----------------------------------------------------------------------------
                                  7.75   data required time
                                 -0.61   data arrival time
-----------------------------------------------------------------------------
                                  7.14   slack (MET)


Startpoint: _44_ (rising edge-triggered flip-flop clocked by clk)
Endpoint: count[0] (output port clocked by clk)
Path Group: clk
Path Type: max
Corner: Fastest

Fanout     Cap    Slew   Delay    Time   Description
-----------------------------------------------------------------------------
                          0.00    0.00   clock clk (rise edge)
                          0.00    0.00   clock source latency
                  0.04    0.03    0.03 ^ clk (in)
     1    0.01                           clk (net)
                  0.04    0.00    0.03 ^ clkbuf_0_clk/A (sky130_fd_sc_hd__clkbuf_16)
                  0.03    0.09    0.12 ^ clkbuf_0_clk/X (sky130_fd_sc_hd__clkbuf_16)
     2    0.02                           clknet_0_clk (net)
                  0.03    0.00    0.12 ^ clkbuf_1_0__f_clk/A (sky130_fd_sc_hd__clkbuf_16)
                  0.03    0.08    0.20 ^ clkbuf_1_0__f_clk/X (sky130_fd_sc_hd__clkbuf_16)
     4    0.01                           clknet_1_0__leaf_clk (net)
                  0.03    0.00    0.20 ^ _44_/CLK (sky130_fd_sc_hd__dfrtp_1)
                  0.06    0.27    0.47 v _44_/Q (sky130_fd_sc_hd__dfrtp_1)
     4    0.01                           net2 (net)
                  0.06    0.00    0.47 v output2/A (sky130_fd_sc_hd__clkbuf_4)
                  0.06    0.14    0.61 v output2/X (sky130_fd_sc_hd__clkbuf_4)
     1    0.04                           count[0] (net)
                  0.06    0.00    0.61 v count[0] (out)
                                  0.61   data arrival time

                         10.00   10.00   clock clk (rise edge)
                          0.00   10.00   clock network delay (propagated)
                         -0.25    9.75   clock uncertainty
                          0.00    9.75   clock reconvergence pessimism
                         -2.00    7.75   output external delay
                                  7.75   data required time
-----------------------------------------------------------------------------
                                  7.75   data required time
                                 -0.61   data arrival time
-----------------------------------------------------------------------------
                                  7.14   slack (MET)


Startpoint: _48_ (rising edge-triggered flip-flop clocked by clk)
Endpoint: count[4] (output port clocked by clk)
Path Group: clk
Path Type: max
Corner: Fastest

Fanout     Cap    Slew   Delay    Time   Description
-----------------------------------------------------------------------------
                          0.00    0.00   clock clk (rise edge)
                          0.00    0.00   clock source latency
                  0.04    0.03    0.03 ^ clk (in)
     1    0.01                           clk (net)
                  0.04    0.00    0.03 ^ clkbuf_0_clk/A (sky130_fd_sc_hd__clkbuf_16)
                  0.03    0.09    0.12 ^ clkbuf_0_clk/X (sky130_fd_sc_hd__clkbuf_16)
     2    0.02                           clknet_0_clk (net)
                  0.03    0.00    0.12 ^ clkbuf_1_1__f_clk/A (sky130_fd_sc_hd__clkbuf_16)
                  0.03    0.08    0.20 ^ clkbuf_1_1__f_clk/X (sky130_fd_sc_hd__clkbuf_16)
     4    0.01                           clknet_1_1__leaf_clk (net)
                  0.03    0.00    0.20 ^ _48_/CLK (sky130_fd_sc_hd__dfrtp_1)
                  0.05    0.26    0.46 v _48_/Q (sky130_fd_sc_hd__dfrtp_1)
     4    0.01                           net6 (net)
                  0.05    0.00    0.46 v output6/A (sky130_fd_sc_hd__clkbuf_4)
                  0.06    0.14    0.60 v output6/X (sky130_fd_sc_hd__clkbuf_4)
     1    0.03                           count[4] (net)
                  0.06    0.00    0.60 v count[4] (out)
                                  0.60   data arrival time

                         10.00   10.00   clock clk (rise edge)
                          0.00   10.00   clock network delay (propagated)
                         -0.25    9.75   clock uncertainty
                          0.00    9.75   clock reconvergence pessimism
                         -2.00    7.75   output external delay
                                  7.75   data required time
-----------------------------------------------------------------------------
                                  7.75   data required time
                                 -0.60   data arrival time
-----------------------------------------------------------------------------
                                  7.15   slack (MET)


Startpoint: _46_ (rising edge-triggered flip-flop clocked by clk)
Endpoint: count[2] (output port clocked by clk)
Path Group: clk
Path Type: max
Corner: Fastest

Fanout     Cap    Slew   Delay    Time   Description
-----------------------------------------------------------------------------
                          0.00    0.00   clock clk (rise edge)
                          0.00    0.00   clock source latency
                  0.04    0.03    0.03 ^ clk (in)
     1    0.01                           clk (net)
                  0.04    0.00    0.03 ^ clkbuf_0_clk/A (sky130_fd_sc_hd__clkbuf_16)
                  0.03    0.09    0.12 ^ clkbuf_0_clk/X (sky130_fd_sc_hd__clkbuf_16)
     2    0.02                           clknet_0_clk (net)
                  0.03    0.00    0.12 ^ clkbuf_1_0__f_clk/A (sky130_fd_sc_hd__clkbuf_16)
                  0.03    0.08    0.20 ^ clkbuf_1_0__f_clk/X (sky130_fd_sc_hd__clkbuf_16)
     4    0.01                           clknet_1_0__leaf_clk (net)
                  0.03    0.00    0.20 ^ _46_/CLK (sky130_fd_sc_hd__dfrtp_1)
                  0.05    0.26    0.46 v _46_/Q (sky130_fd_sc_hd__dfrtp_1)
     4    0.01                           net4 (net)
                  0.05    0.00    0.46 v output4/A (sky130_fd_sc_hd__clkbuf_4)
                  0.06    0.14    0.60 v output4/X (sky130_fd_sc_hd__clkbuf_4)
     1    0.03                           count[2] (net)
                  0.06    0.00    0.60 v count[2] (out)
                                  0.60   data arrival time

                         10.00   10.00   clock clk (rise edge)
                          0.00   10.00   clock network delay (propagated)
                         -0.25    9.75   clock uncertainty
                          0.00    9.75   clock reconvergence pessimism
                         -2.00    7.75   output external delay
                                  7.75   data required time
-----------------------------------------------------------------------------
                                  7.75   data required time
                                 -0.60   data arrival time
-----------------------------------------------------------------------------
                                  7.15   slack (MET)


Startpoint: _47_ (rising edge-triggered flip-flop clocked by clk)
Endpoint: count[3] (output port clocked by clk)
Path Group: clk
Path Type: max
Corner: Fastest

Fanout     Cap    Slew   Delay    Time   Description
-----------------------------------------------------------------------------
                          0.00    0.00   clock clk (rise edge)
                          0.00    0.00   clock source latency
                  0.04    0.03    0.03 ^ clk (in)
     1    0.01                           clk (net)
                  0.04    0.00    0.03 ^ clkbuf_0_clk/A (sky130_fd_sc_hd__clkbuf_16)
                  0.03    0.09    0.12 ^ clkbuf_0_clk/X (sky130_fd_sc_hd__clkbuf_16)
     2    0.02                           clknet_0_clk (net)
                  0.03    0.00    0.12 ^ clkbuf_1_0__f_clk/A (sky130_fd_sc_hd__clkbuf_16)
                  0.03    0.08    0.20 ^ clkbuf_1_0__f_clk/X (sky130_fd_sc_hd__clkbuf_16)
     4    0.01                           clknet_1_0__leaf_clk (net)
                  0.03    0.00    0.20 ^ _47_/CLK (sky130_fd_sc_hd__dfrtp_1)
                  0.05    0.25    0.46 v _47_/Q (sky130_fd_sc_hd__dfrtp_1)
     3    0.01                           net5 (net)
                  0.05    0.00    0.46 v output5/A (sky130_fd_sc_hd__clkbuf_4)
                  0.06    0.14    0.59 v output5/X (sky130_fd_sc_hd__clkbuf_4)
     1    0.04                           count[3] (net)
                  0.06    0.00    0.59 v count[3] (out)
                                  0.59   data arrival time

                         10.00   10.00   clock clk (rise edge)
                          0.00   10.00   clock network delay (propagated)
                         -0.25    9.75   clock uncertainty
                          0.00    9.75   clock reconvergence pessimism
                         -2.00    7.75   output external delay
                                  7.75   data required time
-----------------------------------------------------------------------------
                                  7.75   data required time
                                 -0.59   data arrival time
-----------------------------------------------------------------------------
                                  7.16   slack (MET)


Startpoint: _50_ (rising edge-triggered flip-flop clocked by clk)
Endpoint: count[6] (output port clocked by clk)
Path Group: clk
Path Type: max
Corner: Fastest

Fanout     Cap    Slew   Delay    Time   Description
-----------------------------------------------------------------------------
                          0.00    0.00   clock clk (rise edge)
                          0.00    0.00   clock source latency
                  0.04    0.03    0.03 ^ clk (in)
     1    0.01                           clk (net)
                  0.04    0.00    0.03 ^ clkbuf_0_clk/A (sky130_fd_sc_hd__clkbuf_16)
                  0.03    0.09    0.12 ^ clkbuf_0_clk/X (sky130_fd_sc_hd__clkbuf_16)
     2    0.02                           clknet_0_clk (net)
                  0.03    0.00    0.12 ^ clkbuf_1_1__f_clk/A (sky130_fd_sc_hd__clkbuf_16)
                  0.03    0.08    0.20 ^ clkbuf_1_1__f_clk/X (sky130_fd_sc_hd__clkbuf_16)
     4    0.01                           clknet_1_1__leaf_clk (net)
                  0.03    0.00    0.20 ^ _50_/CLK (sky130_fd_sc_hd__dfrtp_1)
                  0.04    0.25    0.45 v _50_/Q (sky130_fd_sc_hd__dfrtp_1)
     3    0.01                           net8 (net)
                  0.04    0.00    0.45 v output8/A (sky130_fd_sc_hd__clkbuf_4)
                  0.06    0.14    0.59 v output8/X (sky130_fd_sc_hd__clkbuf_4)
     1    0.03                           count[6] (net)
                  0.06    0.00    0.59 v count[6] (out)
                                  0.59   data arrival time

                         10.00   10.00   clock clk (rise edge)
                          0.00   10.00   clock network delay (propagated)
                         -0.25    9.75   clock uncertainty
                          0.00    9.75   clock reconvergence pessimism
                         -2.00    7.75   output external delay
                                  7.75   data required time
-----------------------------------------------------------------------------
                                  7.75   data required time
                                 -0.59   data arrival time
-----------------------------------------------------------------------------
                                  7.16   slack (MET)


Startpoint: _51_ (rising edge-triggered flip-flop clocked by clk)
Endpoint: count[7] (output port clocked by clk)
Path Group: clk
Path Type: max
Corner: Fastest

Fanout     Cap    Slew   Delay    Time   Description
-----------------------------------------------------------------------------
                          0.00    0.00   clock clk (rise edge)
                          0.00    0.00   clock source latency
                  0.04    0.03    0.03 ^ clk (in)
     1    0.01                           clk (net)
                  0.04    0.00    0.03 ^ clkbuf_0_clk/A (sky130_fd_sc_hd__clkbuf_16)
                  0.03    0.09    0.12 ^ clkbuf_0_clk/X (sky130_fd_sc_hd__clkbuf_16)
     2    0.02                           clknet_0_clk (net)
                  0.03    0.00    0.12 ^ clkbuf_1_1__f_clk/A (sky130_fd_sc_hd__clkbuf_16)
                  0.03    0.08    0.20 ^ clkbuf_1_1__f_clk/X (sky130_fd_sc_hd__clkbuf_16)
     4    0.01                           clknet_1_1__leaf_clk (net)
                  0.03    0.00    0.20 ^ _51_/CLK (sky130_fd_sc_hd__dfrtp_1)
                  0.04    0.24    0.45 v _51_/Q (sky130_fd_sc_hd__dfrtp_1)
     2    0.01                           net9 (net)
                  0.04    0.00    0.45 v output9/A (sky130_fd_sc_hd__clkbuf_4)
                  0.06    0.13    0.58 v output9/X (sky130_fd_sc_hd__clkbuf_4)
     1    0.04                           count[7] (net)
                  0.06    0.00    0.58 v count[7] (out)
                                  0.58   data arrival time

                         10.00   10.00   clock clk (rise edge)
                          0.00   10.00   clock network delay (propagated)
                         -0.25    9.75   clock uncertainty
                          0.00    9.75   clock reconvergence pessimism
                         -2.00    7.75   output external delay
                                  7.75   data required time
-----------------------------------------------------------------------------
                                  7.75   data required time
                                 -0.58   data arrival time
-----------------------------------------------------------------------------
                                  7.17   slack (MET)


Startpoint: reset (input port clocked by clk)
Endpoint: _44_ (recovery check against rising-edge clock clk)
Path Group: asynchronous
Path Type: max
Corner: Fastest

Fanout     Cap    Slew   Delay    Time   Description
-----------------------------------------------------------------------------
                          0.00    0.00   clock clk (rise edge)
                          0.00    0.00   clock network delay (propagated)
                          2.00    2.00 v input external delay
                  0.01    0.00    2.00 v reset (in)
     1    0.00                           reset (net)
                  0.01    0.00    2.00 v input1/A (sky130_fd_sc_hd__clkbuf_4)
                  0.07    0.13    2.13 v input1/X (sky130_fd_sc_hd__clkbuf_4)
     8    0.04                           net1 (net)
                  0.07    0.00    2.13 v _36_/A (sky130_fd_sc_hd__inv_2)
                  0.04    0.06    2.19 ^ _36_/Y (sky130_fd_sc_hd__inv_2)
     1    0.01                           _08_ (net)
                  0.04    0.00    2.19 ^ _44_/RESET_B (sky130_fd_sc_hd__dfrtp_1)
                                  2.19   data arrival time

                         10.00   10.00   clock clk (rise edge)
                          0.00   10.00   clock source latency
                  0.04    0.03   10.03 ^ clk (in)
     1    0.01                           clk (net)
                  0.04    0.00   10.03 ^ clkbuf_0_clk/A (sky130_fd_sc_hd__clkbuf_16)
                  0.03    0.08   10.11 ^ clkbuf_0_clk/X (sky130_fd_sc_hd__clkbuf_16)
     2    0.02                           clknet_0_clk (net)
                  0.03    0.00   10.11 ^ clkbuf_1_0__f_clk/A (sky130_fd_sc_hd__clkbuf_16)
                  0.03    0.08   10.18 ^ clkbuf_1_0__f_clk/X (sky130_fd_sc_hd__clkbuf_16)
     4    0.01                           clknet_1_0__leaf_clk (net)
                  0.03    0.00   10.18 ^ _44_/CLK (sky130_fd_sc_hd__dfrtp_1)
                         -0.25    9.93   clock uncertainty
                          0.00    9.93   clock reconvergence pessimism
                          0.14   10.08   library recovery time
                                 10.08   data required time
-----------------------------------------------------------------------------
                                 10.08   data required time
                                 -2.19   data arrival time
-----------------------------------------------------------------------------
                                  7.89   slack (MET)


Startpoint: reset (input port clocked by clk)
Endpoint: _47_ (recovery check against rising-edge clock clk)
Path Group: asynchronous
Path Type: max
Corner: Fastest

Fanout     Cap    Slew   Delay    Time   Description
-----------------------------------------------------------------------------
                          0.00    0.00   clock clk (rise edge)
                          0.00    0.00   clock network delay (propagated)
                          2.00    2.00 v input external delay
                  0.01    0.00    2.00 v reset (in)
     1    0.00                           reset (net)
                  0.01    0.00    2.00 v input1/A (sky130_fd_sc_hd__clkbuf_4)
                  0.07    0.13    2.13 v input1/X (sky130_fd_sc_hd__clkbuf_4)
     8    0.04                           net1 (net)
                  0.07    0.00    2.13 v _39_/A (sky130_fd_sc_hd__inv_2)
                  0.03    0.05    2.18 ^ _39_/Y (sky130_fd_sc_hd__inv_2)
     1    0.00                           _11_ (net)
                  0.03    0.00    2.18 ^ _47_/RESET_B (sky130_fd_sc_hd__dfrtp_1)
                                  2.18   data arrival time

                         10.00   10.00   clock clk (rise edge)
                          0.00   10.00   clock source latency
                  0.04    0.03   10.03 ^ clk (in)
     1    0.01                           clk (net)
                  0.04    0.00   10.03 ^ clkbuf_0_clk/A (sky130_fd_sc_hd__clkbuf_16)
                  0.03    0.08   10.11 ^ clkbuf_0_clk/X (sky130_fd_sc_hd__clkbuf_16)
     2    0.02                           clknet_0_clk (net)
                  0.03    0.00   10.11 ^ clkbuf_1_0__f_clk/A (sky130_fd_sc_hd__clkbuf_16)
                  0.03    0.08   10.18 ^ clkbuf_1_0__f_clk/X (sky130_fd_sc_hd__clkbuf_16)
     4    0.01                           clknet_1_0__leaf_clk (net)
                  0.03    0.00   10.18 ^ _47_/CLK (sky130_fd_sc_hd__dfrtp_1)
                         -0.25    9.93   clock uncertainty
                          0.00    9.93   clock reconvergence pessimism
                          0.14   10.08   library recovery time
                                 10.08   data required time
-----------------------------------------------------------------------------
                                 10.08   data required time
                                 -2.18   data arrival time
-----------------------------------------------------------------------------
                                  7.89   slack (MET)


Startpoint: reset (input port clocked by clk)
Endpoint: _51_ (recovery check against rising-edge clock clk)
Path Group: asynchronous
Path Type: max
Corner: Fastest

Fanout     Cap    Slew   Delay    Time   Description
-----------------------------------------------------------------------------
                          0.00    0.00   clock clk (rise edge)
                          0.00    0.00   clock network delay (propagated)
                          2.00    2.00 v input external delay
                  0.01    0.00    2.00 v reset (in)
     1    0.00                           reset (net)
                  0.01    0.00    2.00 v input1/A (sky130_fd_sc_hd__clkbuf_4)
                  0.07    0.13    2.13 v input1/X (sky130_fd_sc_hd__clkbuf_4)
     8    0.04                           net1 (net)
                  0.07    0.00    2.14 v _43_/A (sky130_fd_sc_hd__inv_2)
                  0.03    0.05    2.18 ^ _43_/Y (sky130_fd_sc_hd__inv_2)
     1    0.00                           _15_ (net)
                  0.03    0.00    2.18 ^ _51_/RESET_B (sky130_fd_sc_hd__dfrtp_1)
                                  2.18   data arrival time

                         10.00   10.00   clock clk (rise edge)
                          0.00   10.00   clock source latency
                  0.04    0.03   10.03 ^ clk (in)
     1    0.01                           clk (net)
                  0.04    0.00   10.03 ^ clkbuf_0_clk/A (sky130_fd_sc_hd__clkbuf_16)
                  0.03    0.08   10.11 ^ clkbuf_0_clk/X (sky130_fd_sc_hd__clkbuf_16)
     2    0.02                           clknet_0_clk (net)
                  0.03    0.00   10.11 ^ clkbuf_1_1__f_clk/A (sky130_fd_sc_hd__clkbuf_16)
                  0.03    0.08   10.18 ^ clkbuf_1_1__f_clk/X (sky130_fd_sc_hd__clkbuf_16)
     4    0.01                           clknet_1_1__leaf_clk (net)
                  0.03    0.00   10.18 ^ _51_/CLK (sky130_fd_sc_hd__dfrtp_1)
                         -0.25    9.93   clock uncertainty
                          0.00    9.93   clock reconvergence pessimism
                          0.14   10.08   library recovery time
                                 10.08   data required time
-----------------------------------------------------------------------------
                                 10.08   data required time
                                 -2.18   data arrival time
-----------------------------------------------------------------------------
                                  7.89   slack (MET)


Startpoint: reset (input port clocked by clk)
Endpoint: _45_ (recovery check against rising-edge clock clk)
Path Group: asynchronous
Path Type: max
Corner: Fastest

Fanout     Cap    Slew   Delay    Time   Description
-----------------------------------------------------------------------------
                          0.00    0.00   clock clk (rise edge)
                          0.00    0.00   clock network delay (propagated)
                          2.00    2.00 v input external delay
                  0.01    0.00    2.00 v reset (in)
     1    0.00                           reset (net)
                  0.01    0.00    2.00 v input1/A (sky130_fd_sc_hd__clkbuf_4)
                  0.07    0.13    2.13 v input1/X (sky130_fd_sc_hd__clkbuf_4)
     8    0.04                           net1 (net)
                  0.07    0.00    2.13 v _37_/A (sky130_fd_sc_hd__inv_2)
                  0.03    0.05    2.18 ^ _37_/Y (sky130_fd_sc_hd__inv_2)
     1    0.00                           _09_ (net)
                  0.03    0.00    2.18 ^ _45_/RESET_B (sky130_fd_sc_hd__dfrtp_1)
                                  2.18   data arrival time

                         10.00   10.00   clock clk (rise edge)
                          0.00   10.00   clock source latency
                  0.04    0.03   10.03 ^ clk (in)
     1    0.01                           clk (net)
                  0.04    0.00   10.03 ^ clkbuf_0_clk/A (sky130_fd_sc_hd__clkbuf_16)
                  0.03    0.08   10.11 ^ clkbuf_0_clk/X (sky130_fd_sc_hd__clkbuf_16)
     2    0.02                           clknet_0_clk (net)
                  0.03    0.00   10.11 ^ clkbuf_1_0__f_clk/A (sky130_fd_sc_hd__clkbuf_16)
                  0.03    0.08   10.18 ^ clkbuf_1_0__f_clk/X (sky130_fd_sc_hd__clkbuf_16)
     4    0.01                           clknet_1_0__leaf_clk (net)
                  0.03    0.00   10.18 ^ _45_/CLK (sky130_fd_sc_hd__dfrtp_1)
                         -0.25    9.93   clock uncertainty
                          0.00    9.93   clock reconvergence pessimism
                          0.14   10.08   library recovery time
                                 10.08   data required time
-----------------------------------------------------------------------------
                                 10.08   data required time
                                 -2.18   data arrival time
-----------------------------------------------------------------------------
                                  7.90   slack (MET)


Startpoint: reset (input port clocked by clk)
Endpoint: _46_ (recovery check against rising-edge clock clk)
Path Group: asynchronous
Path Type: max
Corner: Fastest

Fanout     Cap    Slew   Delay    Time   Description
-----------------------------------------------------------------------------
                          0.00    0.00   clock clk (rise edge)
                          0.00    0.00   clock network delay (propagated)
                          2.00    2.00 v input external delay
                  0.01    0.00    2.00 v reset (in)
     1    0.00                           reset (net)
                  0.01    0.00    2.00 v input1/A (sky130_fd_sc_hd__clkbuf_4)
                  0.07    0.13    2.13 v input1/X (sky130_fd_sc_hd__clkbuf_4)
     8    0.04                           net1 (net)
                  0.07    0.00    2.13 v _38_/A (sky130_fd_sc_hd__inv_2)
                  0.03    0.05    2.18 ^ _38_/Y (sky130_fd_sc_hd__inv_2)
     1    0.00                           _10_ (net)
                  0.03    0.00    2.18 ^ _46_/RESET_B (sky130_fd_sc_hd__dfrtp_1)
                                  2.18   data arrival time

                         10.00   10.00   clock clk (rise edge)
                          0.00   10.00   clock source latency
                  0.04    0.03   10.03 ^ clk (in)
     1    0.01                           clk (net)
                  0.04    0.00   10.03 ^ clkbuf_0_clk/A (sky130_fd_sc_hd__clkbuf_16)
                  0.03    0.08   10.11 ^ clkbuf_0_clk/X (sky130_fd_sc_hd__clkbuf_16)
     2    0.02                           clknet_0_clk (net)
                  0.03    0.00   10.11 ^ clkbuf_1_0__f_clk/A (sky130_fd_sc_hd__clkbuf_16)
                  0.03    0.08   10.18 ^ clkbuf_1_0__f_clk/X (sky130_fd_sc_hd__clkbuf_16)
     4    0.01                           clknet_1_0__leaf_clk (net)
                  0.03    0.00   10.18 ^ _46_/CLK (sky130_fd_sc_hd__dfrtp_1)
                         -0.25    9.93   clock uncertainty
                          0.00    9.93   clock reconvergence pessimism
                          0.14   10.08   library recovery time
                                 10.08   data required time
-----------------------------------------------------------------------------
                                 10.08   data required time
                                 -2.18   data arrival time
-----------------------------------------------------------------------------
                                  7.90   slack (MET)


Startpoint: reset (input port clocked by clk)
Endpoint: _49_ (recovery check against rising-edge clock clk)
Path Group: asynchronous
Path Type: max
Corner: Fastest

Fanout     Cap    Slew   Delay    Time   Description
-----------------------------------------------------------------------------
                          0.00    0.00   clock clk (rise edge)
                          0.00    0.00   clock network delay (propagated)
                          2.00    2.00 v input external delay
                  0.01    0.00    2.00 v reset (in)
     1    0.00                           reset (net)
                  0.01    0.00    2.00 v input1/A (sky130_fd_sc_hd__clkbuf_4)
                  0.07    0.13    2.13 v input1/X (sky130_fd_sc_hd__clkbuf_4)
     8    0.04                           net1 (net)
                  0.07    0.00    2.13 v _41_/A (sky130_fd_sc_hd__inv_2)
                  0.03    0.05    2.18 ^ _41_/Y (sky130_fd_sc_hd__inv_2)
     1    0.00                           _13_ (net)
                  0.03    0.00    2.18 ^ _49_/RESET_B (sky130_fd_sc_hd__dfrtp_1)
                                  2.18   data arrival time

                         10.00   10.00   clock clk (rise edge)
                          0.00   10.00   clock source latency
                  0.04    0.03   10.03 ^ clk (in)
     1    0.01                           clk (net)
                  0.04    0.00   10.03 ^ clkbuf_0_clk/A (sky130_fd_sc_hd__clkbuf_16)
                  0.03    0.08   10.11 ^ clkbuf_0_clk/X (sky130_fd_sc_hd__clkbuf_16)
     2    0.02                           clknet_0_clk (net)
                  0.03    0.00   10.11 ^ clkbuf_1_1__f_clk/A (sky130_fd_sc_hd__clkbuf_16)
                  0.03    0.08   10.18 ^ clkbuf_1_1__f_clk/X (sky130_fd_sc_hd__clkbuf_16)
     4    0.01                           clknet_1_1__leaf_clk (net)
                  0.03    0.00   10.18 ^ _49_/CLK (sky130_fd_sc_hd__dfrtp_1)
                         -0.25    9.93   clock uncertainty
                          0.00    9.93   clock reconvergence pessimism
                          0.14   10.08   library recovery time
                                 10.08   data required time
-----------------------------------------------------------------------------
                                 10.08   data required time
                                 -2.18   data arrival time
-----------------------------------------------------------------------------
                                  7.90   slack (MET)


Startpoint: reset (input port clocked by clk)
Endpoint: _50_ (recovery check against rising-edge clock clk)
Path Group: asynchronous
Path Type: max
Corner: Fastest

Fanout     Cap    Slew   Delay    Time   Description
-----------------------------------------------------------------------------
                          0.00    0.00   clock clk (rise edge)
                          0.00    0.00   clock network delay (propagated)
                          2.00    2.00 v input external delay
                  0.01    0.00    2.00 v reset (in)
     1    0.00                           reset (net)
                  0.01    0.00    2.00 v input1/A (sky130_fd_sc_hd__clkbuf_4)
                  0.07    0.13    2.13 v input1/X (sky130_fd_sc_hd__clkbuf_4)
     8    0.04                           net1 (net)
                  0.07    0.00    2.14 v _42_/A (sky130_fd_sc_hd__inv_2)
                  0.03    0.05    2.18 ^ _42_/Y (sky130_fd_sc_hd__inv_2)
     1    0.00                           _14_ (net)
                  0.03    0.00    2.18 ^ _50_/RESET_B (sky130_fd_sc_hd__dfrtp_1)
                                  2.18   data arrival time

                         10.00   10.00   clock clk (rise edge)
                          0.00   10.00   clock source latency
                  0.04    0.03   10.03 ^ clk (in)
     1    0.01                           clk (net)
                  0.04    0.00   10.03 ^ clkbuf_0_clk/A (sky130_fd_sc_hd__clkbuf_16)
                  0.03    0.08   10.11 ^ clkbuf_0_clk/X (sky130_fd_sc_hd__clkbuf_16)
     2    0.02                           clknet_0_clk (net)
                  0.03    0.00   10.11 ^ clkbuf_1_1__f_clk/A (sky130_fd_sc_hd__clkbuf_16)
                  0.03    0.08   10.18 ^ clkbuf_1_1__f_clk/X (sky130_fd_sc_hd__clkbuf_16)
     4    0.01                           clknet_1_1__leaf_clk (net)
                  0.03    0.00   10.18 ^ _50_/CLK (sky130_fd_sc_hd__dfrtp_1)
                         -0.25    9.93   clock uncertainty
                          0.00    9.93   clock reconvergence pessimism
                          0.14   10.08   library recovery time
                                 10.08   data required time
-----------------------------------------------------------------------------
                                 10.08   data required time
                                 -2.18   data arrival time
-----------------------------------------------------------------------------
                                  7.90   slack (MET)


Startpoint: reset (input port clocked by clk)
Endpoint: _48_ (recovery check against rising-edge clock clk)
Path Group: asynchronous
Path Type: max
Corner: Fastest

Fanout     Cap    Slew   Delay    Time   Description
-----------------------------------------------------------------------------
                          0.00    0.00   clock clk (rise edge)
                          0.00    0.00   clock network delay (propagated)
                          2.00    2.00 v input external delay
                  0.01    0.00    2.00 v reset (in)
     1    0.00                           reset (net)
                  0.01    0.00    2.00 v input1/A (sky130_fd_sc_hd__clkbuf_4)
                  0.07    0.13    2.13 v input1/X (sky130_fd_sc_hd__clkbuf_4)
     8    0.04                           net1 (net)
                  0.07    0.00    2.13 v _40_/A (sky130_fd_sc_hd__inv_2)
                  0.03    0.05    2.18 ^ _40_/Y (sky130_fd_sc_hd__inv_2)
     1    0.00                           _12_ (net)
                  0.03    0.00    2.18 ^ _48_/RESET_B (sky130_fd_sc_hd__dfrtp_1)
                                  2.18   data arrival time

                         10.00   10.00   clock clk (rise edge)
                          0.00   10.00   clock source latency
                  0.04    0.03   10.03 ^ clk (in)
     1    0.01                           clk (net)
                  0.04    0.00   10.03 ^ clkbuf_0_clk/A (sky130_fd_sc_hd__clkbuf_16)
                  0.03    0.08   10.11 ^ clkbuf_0_clk/X (sky130_fd_sc_hd__clkbuf_16)
     2    0.02                           clknet_0_clk (net)
                  0.03    0.00   10.11 ^ clkbuf_1_1__f_clk/A (sky130_fd_sc_hd__clkbuf_16)
                  0.03    0.08   10.18 ^ clkbuf_1_1__f_clk/X (sky130_fd_sc_hd__clkbuf_16)
     4    0.01                           clknet_1_1__leaf_clk (net)
                  0.03    0.00   10.18 ^ _48_/CLK (sky130_fd_sc_hd__dfrtp_1)
                         -0.25    9.93   clock uncertainty
                          0.00    9.93   clock reconvergence pessimism
                          0.14   10.08   library recovery time
                                 10.08   data required time
-----------------------------------------------------------------------------
                                 10.08   data required time
                                 -2.18   data arrival time
-----------------------------------------------------------------------------
                                  7.90   slack (MET)


Startpoint: _46_ (rising edge-triggered flip-flop clocked by clk)
Endpoint: _46_ (rising edge-triggered flip-flop clocked by clk)
Path Group: clk
Path Type: max
Corner: Fastest

Fanout     Cap    Slew   Delay    Time   Description
-----------------------------------------------------------------------------
                          0.00    0.00   clock clk (rise edge)
                          0.00    0.00   clock source latency
                  0.04    0.03    0.03 ^ clk (in)
     1    0.01                           clk (net)
                  0.04    0.00    0.03 ^ clkbuf_0_clk/A (sky130_fd_sc_hd__clkbuf_16)
                  0.03    0.09    0.12 ^ clkbuf_0_clk/X (sky130_fd_sc_hd__clkbuf_16)
     2    0.02                           clknet_0_clk (net)
                  0.03    0.00    0.12 ^ clkbuf_1_0__f_clk/A (sky130_fd_sc_hd__clkbuf_16)
                  0.03    0.08    0.20 ^ clkbuf_1_0__f_clk/X (sky130_fd_sc_hd__clkbuf_16)
     4    0.01                           clknet_1_0__leaf_clk (net)
                  0.03    0.00    0.20 ^ _46_/CLK (sky130_fd_sc_hd__dfrtp_1)
                  0.05    0.26    0.46 v _46_/Q (sky130_fd_sc_hd__dfrtp_1)
     4    0.01                           net4 (net)
                  0.05    0.00    0.46 v hold7/A (sky130_fd_sc_hd__dlygate4sd3_1)
                  0.04    0.39    0.86 v hold7/X (sky130_fd_sc_hd__dlygate4sd3_1)
     1    0.00                           net16 (net)
                  0.04    0.00    0.86 v _34_/B1 (sky130_fd_sc_hd__a21oi_1)
                  0.09    0.07    0.92 ^ _34_/Y (sky130_fd_sc_hd__a21oi_1)
     1    0.00                           _21_ (net)
                  0.09    0.00    0.92 ^ hold8/A (sky130_fd_sc_hd__dlygate4sd3_1)
                  0.04    0.41    1.33 ^ hold8/X (sky130_fd_sc_hd__dlygate4sd3_1)
     1    0.00                           net17 (net)
                  0.04    0.00    1.33 ^ _35_/B (sky130_fd_sc_hd__nor2_1)
                  0.03    0.03    1.36 v _35_/Y (sky130_fd_sc_hd__nor2_1)
     1    0.00                           _02_ (net)
                  0.03    0.00    1.36 v _46_/D (sky130_fd_sc_hd__dfrtp_1)
                                  1.36   data arrival time

                         10.00   10.00   clock clk (rise edge)
                          0.00   10.00   clock source latency
                  0.04    0.03   10.03 ^ clk (in)
     1    0.01                           clk (net)
                  0.04    0.00   10.03 ^ clkbuf_0_clk/A (sky130_fd_sc_hd__clkbuf_16)
                  0.03    0.08   10.11 ^ clkbuf_0_clk/X (sky130_fd_sc_hd__clkbuf_16)
     2    0.02                           clknet_0_clk (net)
                  0.03    0.00   10.11 ^ clkbuf_1_0__f_clk/A (sky130_fd_sc_hd__clkbuf_16)
                  0.03    0.08   10.18 ^ clkbuf_1_0__f_clk/X (sky130_fd_sc_hd__clkbuf_16)
     4    0.01                           clknet_1_0__leaf_clk (net)
                  0.03    0.00   10.18 ^ _46_/CLK (sky130_fd_sc_hd__dfrtp_1)
                         -0.25    9.93   clock uncertainty
                          0.02    9.95   clock reconvergence pessimism
                         -0.07    9.88   library setup time
                                  9.88   data required time
-----------------------------------------------------------------------------
                                  9.88   data required time
                                 -1.36   data arrival time
-----------------------------------------------------------------------------
                                  8.53   slack (MET)


Startpoint: _48_ (rising edge-triggered flip-flop clocked by clk)
Endpoint: _49_ (rising edge-triggered flip-flop clocked by clk)
Path Group: clk
Path Type: max
Corner: Fastest

Fanout     Cap    Slew   Delay    Time   Description
-----------------------------------------------------------------------------
                          0.00    0.00   clock clk (rise edge)
                          0.00    0.00   clock source latency
                  0.04    0.03    0.03 ^ clk (in)
     1    0.01                           clk (net)
                  0.04    0.00    0.03 ^ clkbuf_0_clk/A (sky130_fd_sc_hd__clkbuf_16)
                  0.03    0.09    0.12 ^ clkbuf_0_clk/X (sky130_fd_sc_hd__clkbuf_16)
     2    0.02                           clknet_0_clk (net)
                  0.03    0.00    0.12 ^ clkbuf_1_1__f_clk/A (sky130_fd_sc_hd__clkbuf_16)
                  0.03    0.08    0.20 ^ clkbuf_1_1__f_clk/X (sky130_fd_sc_hd__clkbuf_16)
     4    0.01                           clknet_1_1__leaf_clk (net)
                  0.03    0.00    0.20 ^ _48_/CLK (sky130_fd_sc_hd__dfrtp_1)
                  0.05    0.26    0.46 v _48_/Q (sky130_fd_sc_hd__dfrtp_1)
     4    0.01                           net6 (net)
                  0.05    0.00    0.46 v hold4/A (sky130_fd_sc_hd__dlygate4sd3_1)
                  0.05    0.41    0.87 v hold4/X (sky130_fd_sc_hd__dlygate4sd3_1)
     2    0.01                           net13 (net)
                  0.05    0.00    0.87 v _28_/A1 (sky130_fd_sc_hd__a21oi_1)
                  0.08    0.10    0.97 ^ _28_/Y (sky130_fd_sc_hd__a21oi_1)
     1    0.00                           _19_ (net)
                  0.08    0.00    0.97 ^ _29_/B (sky130_fd_sc_hd__nor2_1)
                  0.03    0.03    1.00 v _29_/Y (sky130_fd_sc_hd__nor2_1)
     1    0.00                           _05_ (net)
                  0.03    0.00    1.00 v _49_/D (sky130_fd_sc_hd__dfrtp_1)
                                  1.00   data arrival time

                         10.00   10.00   clock clk (rise edge)
                          0.00   10.00   clock source latency
                  0.04    0.03   10.03 ^ clk (in)
     1    0.01                           clk (net)
                  0.04    0.00   10.03 ^ clkbuf_0_clk/A (sky130_fd_sc_hd__clkbuf_16)
                  0.03    0.08   10.11 ^ clkbuf_0_clk/X (sky130_fd_sc_hd__clkbuf_16)
     2    0.02                           clknet_0_clk (net)
                  0.03    0.00   10.11 ^ clkbuf_1_1__f_clk/A (sky130_fd_sc_hd__clkbuf_16)
                  0.03    0.08   10.18 ^ clkbuf_1_1__f_clk/X (sky130_fd_sc_hd__clkbuf_16)
     4    0.01                           clknet_1_1__leaf_clk (net)
                  0.03    0.00   10.18 ^ _49_/CLK (sky130_fd_sc_hd__dfrtp_1)
                         -0.25    9.93   clock uncertainty
                          0.02    9.95   clock reconvergence pessimism
                         -0.07    9.88   library setup time
                                  9.88   data required time
-----------------------------------------------------------------------------
                                  9.88   data required time
                                 -1.00   data arrival time
-----------------------------------------------------------------------------
                                  8.88   slack (MET)


Startpoint: _45_ (rising edge-triggered flip-flop clocked by clk)
Endpoint: _45_ (rising edge-triggered flip-flop clocked by clk)
Path Group: clk
Path Type: max
Corner: Fastest

Fanout     Cap    Slew   Delay    Time   Description
-----------------------------------------------------------------------------
                          0.00    0.00   clock clk (rise edge)
                          0.00    0.00   clock source latency
                  0.04    0.03    0.03 ^ clk (in)
     1    0.01                           clk (net)
                  0.04    0.00    0.03 ^ clkbuf_0_clk/A (sky130_fd_sc_hd__clkbuf_16)
                  0.03    0.09    0.12 ^ clkbuf_0_clk/X (sky130_fd_sc_hd__clkbuf_16)
     2    0.02                           clknet_0_clk (net)
                  0.03    0.00    0.12 ^ clkbuf_1_0__f_clk/A (sky130_fd_sc_hd__clkbuf_16)
                  0.03    0.08    0.20 ^ clkbuf_1_0__f_clk/X (sky130_fd_sc_hd__clkbuf_16)
     4    0.01                           clknet_1_0__leaf_clk (net)
                  0.03    0.00    0.20 ^ _45_/CLK (sky130_fd_sc_hd__dfrtp_1)
                  0.07    0.28    0.48 v _45_/Q (sky130_fd_sc_hd__dfrtp_1)
     5    0.02                           net3 (net)
                  0.07    0.00    0.48 v hold5/A (sky130_fd_sc_hd__dlygate4sd3_1)
                  0.05    0.41    0.89 v hold5/X (sky130_fd_sc_hd__dlygate4sd3_1)
     1    0.01                           net14 (net)
                  0.05    0.00    0.89 v _33_/B (sky130_fd_sc_hd__xor2_1)
                  0.04    0.10    0.98 v _33_/X (sky130_fd_sc_hd__xor2_1)
     1    0.00                           _01_ (net)
                  0.04    0.00    0.98 v _45_/D (sky130_fd_sc_hd__dfrtp_1)
                                  0.98   data arrival time

                         10.00   10.00   clock clk (rise edge)
                          0.00   10.00   clock source latency
                  0.04    0.03   10.03 ^ clk (in)
     1    0.01                           clk (net)
                  0.04    0.00   10.03 ^ clkbuf_0_clk/A (sky130_fd_sc_hd__clkbuf_16)
                  0.03    0.08   10.11 ^ clkbuf_0_clk/X (sky130_fd_sc_hd__clkbuf_16)
     2    0.02                           clknet_0_clk (net)
                  0.03    0.00   10.11 ^ clkbuf_1_0__f_clk/A (sky130_fd_sc_hd__clkbuf_16)
                  0.03    0.08   10.18 ^ clkbuf_1_0__f_clk/X (sky130_fd_sc_hd__clkbuf_16)
     4    0.01                           clknet_1_0__leaf_clk (net)
                  0.03    0.00   10.18 ^ _45_/CLK (sky130_fd_sc_hd__dfrtp_1)
                         -0.25    9.93   clock uncertainty
                          0.02    9.95   clock reconvergence pessimism
                         -0.08    9.88   library setup time
                                  9.88   data required time
-----------------------------------------------------------------------------
                                  9.88   data required time
                                 -0.98   data arrival time
-----------------------------------------------------------------------------
                                  8.89   slack (MET)


Startpoint: _48_ (rising edge-triggered flip-flop clocked by clk)
Endpoint: _48_ (rising edge-triggered flip-flop clocked by clk)
Path Group: clk
Path Type: max
Corner: Fastest

Fanout     Cap    Slew   Delay    Time   Description
-----------------------------------------------------------------------------
                          0.00    0.00   clock clk (rise edge)
                          0.00    0.00   clock source latency
                  0.04    0.03    0.03 ^ clk (in)
     1    0.01                           clk (net)
                  0.04    0.00    0.03 ^ clkbuf_0_clk/A (sky130_fd_sc_hd__clkbuf_16)
                  0.03    0.09    0.12 ^ clkbuf_0_clk/X (sky130_fd_sc_hd__clkbuf_16)
     2    0.02                           clknet_0_clk (net)
                  0.03    0.00    0.12 ^ clkbuf_1_1__f_clk/A (sky130_fd_sc_hd__clkbuf_16)
                  0.03    0.08    0.20 ^ clkbuf_1_1__f_clk/X (sky130_fd_sc_hd__clkbuf_16)
     4    0.01                           clknet_1_1__leaf_clk (net)
                  0.03    0.00    0.20 ^ _48_/CLK (sky130_fd_sc_hd__dfrtp_1)
                  0.05    0.26    0.46 v _48_/Q (sky130_fd_sc_hd__dfrtp_1)
     4    0.01                           net6 (net)
                  0.05    0.00    0.46 v hold4/A (sky130_fd_sc_hd__dlygate4sd3_1)
                  0.05    0.41    0.87 v hold4/X (sky130_fd_sc_hd__dlygate4sd3_1)
     2    0.01                           net13 (net)
                  0.05    0.00    0.87 v _26_/A (sky130_fd_sc_hd__xor2_1)
                  0.04    0.11    0.98 v _26_/X (sky130_fd_sc_hd__xor2_1)
     1    0.00                           _04_ (net)
                  0.04    0.00    0.98 v _48_/D (sky130_fd_sc_hd__dfrtp_1)
                                  0.98   data arrival time

                         10.00   10.00   clock clk (rise edge)
                          0.00   10.00   clock source latency
                  0.04    0.03   10.03 ^ clk (in)
     1    0.01                           clk (net)
                  0.04    0.00   10.03 ^ clkbuf_0_clk/A (sky130_fd_sc_hd__clkbuf_16)
                  0.03    0.08   10.11 ^ clkbuf_0_clk/X (sky130_fd_sc_hd__clkbuf_16)
     2    0.02                           clknet_0_clk (net)
                  0.03    0.00   10.11 ^ clkbuf_1_1__f_clk/A (sky130_fd_sc_hd__clkbuf_16)
                  0.03    0.08   10.18 ^ clkbuf_1_1__f_clk/X (sky130_fd_sc_hd__clkbuf_16)
     4    0.01                           clknet_1_1__leaf_clk (net)
                  0.03    0.00   10.18 ^ _48_/CLK (sky130_fd_sc_hd__dfrtp_1)
                         -0.25    9.93   clock uncertainty
                          0.02    9.95   clock reconvergence pessimism
                         -0.08    9.88   library setup time
                                  9.88   data required time
-----------------------------------------------------------------------------
                                  9.88   data required time
                                 -0.98   data arrival time
-----------------------------------------------------------------------------
                                  8.89   slack (MET)


Startpoint: _47_ (rising edge-triggered flip-flop clocked by clk)
Endpoint: _47_ (rising edge-triggered flip-flop clocked by clk)
Path Group: clk
Path Type: max
Corner: Fastest

Fanout     Cap    Slew   Delay    Time   Description
-----------------------------------------------------------------------------
                          0.00    0.00   clock clk (rise edge)
                          0.00    0.00   clock source latency
                  0.04    0.03    0.03 ^ clk (in)
     1    0.01                           clk (net)
                  0.04    0.00    0.03 ^ clkbuf_0_clk/A (sky130_fd_sc_hd__clkbuf_16)
                  0.03    0.09    0.12 ^ clkbuf_0_clk/X (sky130_fd_sc_hd__clkbuf_16)
     2    0.02                           clknet_0_clk (net)
                  0.03    0.00    0.12 ^ clkbuf_1_0__f_clk/A (sky130_fd_sc_hd__clkbuf_16)
                  0.03    0.08    0.20 ^ clkbuf_1_0__f_clk/X (sky130_fd_sc_hd__clkbuf_16)
     4    0.01                           clknet_1_0__leaf_clk (net)
                  0.03    0.00    0.20 ^ _47_/CLK (sky130_fd_sc_hd__dfrtp_1)
                  0.05    0.25    0.46 v _47_/Q (sky130_fd_sc_hd__dfrtp_1)
     3    0.01                           net5 (net)
                  0.05    0.00    0.46 v hold6/A (sky130_fd_sc_hd__dlygate4sd3_1)
                  0.04    0.38    0.84 v hold6/X (sky130_fd_sc_hd__dlygate4sd3_1)
     1    0.00                           net15 (net)
                  0.04    0.00    0.84 v _25_/A1 (sky130_fd_sc_hd__o21ba_1)
                  0.03    0.12    0.96 v _25_/X (sky130_fd_sc_hd__o21ba_1)
     1    0.00                           _03_ (net)
                  0.03    0.00    0.96 v _47_/D (sky130_fd_sc_hd__dfrtp_1)
                                  0.96   data arrival time

                         10.00   10.00   clock clk (rise edge)
                          0.00   10.00   clock source latency
                  0.04    0.03   10.03 ^ clk (in)
     1    0.01                           clk (net)
                  0.04    0.00   10.03 ^ clkbuf_0_clk/A (sky130_fd_sc_hd__clkbuf_16)
                  0.03    0.08   10.11 ^ clkbuf_0_clk/X (sky130_fd_sc_hd__clkbuf_16)
     2    0.02                           clknet_0_clk (net)
                  0.03    0.00   10.11 ^ clkbuf_1_0__f_clk/A (sky130_fd_sc_hd__clkbuf_16)
                  0.03    0.08   10.18 ^ clkbuf_1_0__f_clk/X (sky130_fd_sc_hd__clkbuf_16)
     4    0.01                           clknet_1_0__leaf_clk (net)
                  0.03    0.00   10.18 ^ _47_/CLK (sky130_fd_sc_hd__dfrtp_1)
                         -0.25    9.93   clock uncertainty
                          0.02    9.95   clock reconvergence pessimism
                         -0.07    9.88   library setup time
                                  9.88   data required time
-----------------------------------------------------------------------------
                                  9.88   data required time
                                 -0.96   data arrival time
-----------------------------------------------------------------------------
                                  8.92   slack (MET)


Startpoint: _50_ (rising edge-triggered flip-flop clocked by clk)
Endpoint: _50_ (rising edge-triggered flip-flop clocked by clk)
Path Group: clk
Path Type: max
Corner: Fastest

Fanout     Cap    Slew   Delay    Time   Description
-----------------------------------------------------------------------------
                          0.00    0.00   clock clk (rise edge)
                          0.00    0.00   clock source latency
                  0.04    0.03    0.03 ^ clk (in)
     1    0.01                           clk (net)
                  0.04    0.00    0.03 ^ clkbuf_0_clk/A (sky130_fd_sc_hd__clkbuf_16)
                  0.03    0.09    0.12 ^ clkbuf_0_clk/X (sky130_fd_sc_hd__clkbuf_16)
     2    0.02                           clknet_0_clk (net)
                  0.03    0.00    0.12 ^ clkbuf_1_1__f_clk/A (sky130_fd_sc_hd__clkbuf_16)
                  0.03    0.08    0.20 ^ clkbuf_1_1__f_clk/X (sky130_fd_sc_hd__clkbuf_16)
     4    0.01                           clknet_1_1__leaf_clk (net)
                  0.03    0.00    0.20 ^ _50_/CLK (sky130_fd_sc_hd__dfrtp_1)
                  0.04    0.25    0.45 v _50_/Q (sky130_fd_sc_hd__dfrtp_1)
     3    0.01                           net8 (net)
                  0.04    0.00    0.45 v hold3/A (sky130_fd_sc_hd__dlygate4sd3_1)
                  0.05    0.40    0.85 v hold3/X (sky130_fd_sc_hd__dlygate4sd3_1)
     1    0.01                           net12 (net)
                  0.05    0.00    0.85 v _30_/A (sky130_fd_sc_hd__xor2_1)
                  0.03    0.11    0.96 v _30_/X (sky130_fd_sc_hd__xor2_1)
     1    0.00                           _06_ (net)
                  0.03    0.00    0.96 v _50_/D (sky130_fd_sc_hd__dfrtp_1)
                                  0.96   data arrival time

                         10.00   10.00   clock clk (rise edge)
                          0.00   10.00   clock source latency
                  0.04    0.03   10.03 ^ clk (in)
     1    0.01                           clk (net)
                  0.04    0.00   10.03 ^ clkbuf_0_clk/A (sky130_fd_sc_hd__clkbuf_16)
                  0.03    0.08   10.11 ^ clkbuf_0_clk/X (sky130_fd_sc_hd__clkbuf_16)
     2    0.02                           clknet_0_clk (net)
                  0.03    0.00   10.11 ^ clkbuf_1_1__f_clk/A (sky130_fd_sc_hd__clkbuf_16)
                  0.03    0.08   10.18 ^ clkbuf_1_1__f_clk/X (sky130_fd_sc_hd__clkbuf_16)
     4    0.01                           clknet_1_1__leaf_clk (net)
                  0.03    0.00   10.18 ^ _50_/CLK (sky130_fd_sc_hd__dfrtp_1)
                         -0.25    9.93   clock uncertainty
                          0.02    9.95   clock reconvergence pessimism
                         -0.07    9.88   library setup time
                                  9.88   data required time
-----------------------------------------------------------------------------
                                  9.88   data required time
                                 -0.96   data arrival time
-----------------------------------------------------------------------------
                                  8.92   slack (MET)


Startpoint: _51_ (rising edge-triggered flip-flop clocked by clk)
Endpoint: _51_ (rising edge-triggered flip-flop clocked by clk)
Path Group: clk
Path Type: max
Corner: Fastest

Fanout     Cap    Slew   Delay    Time   Description
-----------------------------------------------------------------------------
                          0.00    0.00   clock clk (rise edge)
                          0.00    0.00   clock source latency
                  0.04    0.03    0.03 ^ clk (in)
     1    0.01                           clk (net)
                  0.04    0.00    0.03 ^ clkbuf_0_clk/A (sky130_fd_sc_hd__clkbuf_16)
                  0.03    0.09    0.12 ^ clkbuf_0_clk/X (sky130_fd_sc_hd__clkbuf_16)
     2    0.02                           clknet_0_clk (net)
                  0.03    0.00    0.12 ^ clkbuf_1_1__f_clk/A (sky130_fd_sc_hd__clkbuf_16)
                  0.03    0.08    0.20 ^ clkbuf_1_1__f_clk/X (sky130_fd_sc_hd__clkbuf_16)
     4    0.01                           clknet_1_1__leaf_clk (net)
                  0.03    0.00    0.20 ^ _51_/CLK (sky130_fd_sc_hd__dfrtp_1)
                  0.04    0.24    0.45 v _51_/Q (sky130_fd_sc_hd__dfrtp_1)
     2    0.01                           net9 (net)
                  0.04    0.00    0.45 v hold2/A (sky130_fd_sc_hd__dlygate4sd3_1)
                  0.04    0.39    0.84 v hold2/X (sky130_fd_sc_hd__dlygate4sd3_1)
     1    0.00                           net11 (net)
                  0.04    0.00    0.84 v _32_/A (sky130_fd_sc_hd__xor2_1)
                  0.03    0.11    0.95 v _32_/X (sky130_fd_sc_hd__xor2_1)
     1    0.00                           _07_ (net)
                  0.03    0.00    0.95 v _51_/D (sky130_fd_sc_hd__dfrtp_1)
                                  0.95   data arrival time

                         10.00   10.00   clock clk (rise edge)
                          0.00   10.00   clock source latency
                  0.04    0.03   10.03 ^ clk (in)
     1    0.01                           clk (net)
                  0.04    0.00   10.03 ^ clkbuf_0_clk/A (sky130_fd_sc_hd__clkbuf_16)
                  0.03    0.08   10.11 ^ clkbuf_0_clk/X (sky130_fd_sc_hd__clkbuf_16)
     2    0.02                           clknet_0_clk (net)
                  0.03    0.00   10.11 ^ clkbuf_1_1__f_clk/A (sky130_fd_sc_hd__clkbuf_16)
                  0.03    0.08   10.18 ^ clkbuf_1_1__f_clk/X (sky130_fd_sc_hd__clkbuf_16)
     4    0.01                           clknet_1_1__leaf_clk (net)
                  0.03    0.00   10.18 ^ _51_/CLK (sky130_fd_sc_hd__dfrtp_1)
                         -0.25    9.93   clock uncertainty
                          0.02    9.95   clock reconvergence pessimism
                         -0.07    9.88   library setup time
                                  9.88   data required time
-----------------------------------------------------------------------------
                                  9.88   data required time
                                 -0.95   data arrival time
-----------------------------------------------------------------------------
                                  8.94   slack (MET)


Startpoint: _44_ (rising edge-triggered flip-flop clocked by clk)
Endpoint: _44_ (rising edge-triggered flip-flop clocked by clk)
Path Group: clk
Path Type: max
Corner: Fastest

Fanout     Cap    Slew   Delay    Time   Description
-----------------------------------------------------------------------------
                          0.00    0.00   clock clk (rise edge)
                          0.00    0.00   clock source latency
                  0.04    0.03    0.03 ^ clk (in)
     1    0.01                           clk (net)
                  0.04    0.00    0.03 ^ clkbuf_0_clk/A (sky130_fd_sc_hd__clkbuf_16)
                  0.03    0.09    0.12 ^ clkbuf_0_clk/X (sky130_fd_sc_hd__clkbuf_16)
     2    0.02                           clknet_0_clk (net)
                  0.03    0.00    0.12 ^ clkbuf_1_0__f_clk/A (sky130_fd_sc_hd__clkbuf_16)
                  0.03    0.08    0.20 ^ clkbuf_1_0__f_clk/X (sky130_fd_sc_hd__clkbuf_16)
     4    0.01                           clknet_1_0__leaf_clk (net)
                  0.03    0.00    0.20 ^ _44_/CLK (sky130_fd_sc_hd__dfrtp_1)
                  0.09    0.25    0.46 ^ _44_/Q (sky130_fd_sc_hd__dfrtp_1)
     4    0.01                           net2 (net)
                  0.09    0.00    0.46 ^ hold1/A (sky130_fd_sc_hd__buf_1)
                  0.13    0.13    0.59 ^ hold1/X (sky130_fd_sc_hd__buf_1)
     3    0.01                           net10 (net)
                  0.13    0.00    0.59 ^ _22_/A (sky130_fd_sc_hd__inv_2)
                  0.02    0.01    0.60 v _22_/Y (sky130_fd_sc_hd__inv_2)
     1    0.00                           _00_ (net)
                  0.02    0.00    0.60 v _44_/D (sky130_fd_sc_hd__dfrtp_1)
                                  0.60   data arrival time

                         10.00   10.00   clock clk (rise edge)
                          0.00   10.00   clock source latency
                  0.04    0.03   10.03 ^ clk (in)
     1    0.01                           clk (net)
                  0.04    0.00   10.03 ^ clkbuf_0_clk/A (sky130_fd_sc_hd__clkbuf_16)
                  0.03    0.08   10.11 ^ clkbuf_0_clk/X (sky130_fd_sc_hd__clkbuf_16)
     2    0.02                           clknet_0_clk (net)
                  0.03    0.00   10.11 ^ clkbuf_1_0__f_clk/A (sky130_fd_sc_hd__clkbuf_16)
                  0.03    0.08   10.18 ^ clkbuf_1_0__f_clk/X (sky130_fd_sc_hd__clkbuf_16)
     4    0.01                           clknet_1_0__leaf_clk (net)
                  0.03    0.00   10.18 ^ _44_/CLK (sky130_fd_sc_hd__dfrtp_1)
                         -0.25    9.93   clock uncertainty
                          0.02    9.95   clock reconvergence pessimism
                         -0.07    9.88   library setup time
                                  9.88   data required time
-----------------------------------------------------------------------------
                                  9.88   data required time
                                 -0.60   data arrival time
-----------------------------------------------------------------------------
                                  9.28   slack (MET)



======================= Slowest Corner ===================================

Startpoint: _46_ (rising edge-triggered flip-flop clocked by clk)
Endpoint: _46_ (rising edge-triggered flip-flop clocked by clk)
Path Group: clk
Path Type: max
Corner: Slowest

Fanout     Cap    Slew   Delay    Time   Description
-----------------------------------------------------------------------------
                          0.00    0.00   clock clk (rise edge)
                          0.00    0.00   clock source latency
                  0.09    0.06    0.06 ^ clk (in)
     1    0.01                           clk (net)
                  0.09    0.00    0.06 ^ clkbuf_0_clk/A (sky130_fd_sc_hd__clkbuf_16)
                  0.07    0.24    0.30 ^ clkbuf_0_clk/X (sky130_fd_sc_hd__clkbuf_16)
     2    0.02                           clknet_0_clk (net)
                  0.07    0.00    0.30 ^ clkbuf_1_0__f_clk/A (sky130_fd_sc_hd__clkbuf_16)
                  0.06    0.22    0.52 ^ clkbuf_1_0__f_clk/X (sky130_fd_sc_hd__clkbuf_16)
     4    0.01                           clknet_1_0__leaf_clk (net)
                  0.06    0.00    0.52 ^ _46_/CLK (sky130_fd_sc_hd__dfrtp_1)
                  0.14    0.84    1.35 v _46_/Q (sky130_fd_sc_hd__dfrtp_1)
     4    0.01                           net4 (net)
                  0.14    0.00    1.35 v hold7/A (sky130_fd_sc_hd__dlygate4sd3_1)
                  0.12    1.24    2.59 v hold7/X (sky130_fd_sc_hd__dlygate4sd3_1)
     1    0.00                           net16 (net)
                  0.12    0.00    2.59 v _34_/B1 (sky130_fd_sc_hd__a21oi_1)
                  0.20    0.24    2.83 ^ _34_/Y (sky130_fd_sc_hd__a21oi_1)
     1    0.00                           _21_ (net)
                  0.20    0.00    2.83 ^ hold8/A (sky130_fd_sc_hd__dlygate4sd3_1)
                  0.10    1.16    3.98 ^ hold8/X (sky130_fd_sc_hd__dlygate4sd3_1)
     1    0.00                           net17 (net)
                  0.10    0.00    3.98 ^ _35_/B (sky130_fd_sc_hd__nor2_1)
                  0.06    0.09    4.07 v _35_/Y (sky130_fd_sc_hd__nor2_1)
     1    0.00                           _02_ (net)
                  0.06    0.00    4.07 v _46_/D (sky130_fd_sc_hd__dfrtp_1)
                                  4.07   data arrival time

                         10.00   10.00   clock clk (rise edge)
                          0.00   10.00   clock source latency
                  0.09    0.05   10.05 ^ clk (in)
     1    0.01                           clk (net)
                  0.09    0.00   10.05 ^ clkbuf_0_clk/A (sky130_fd_sc_hd__clkbuf_16)
                  0.07    0.22   10.27 ^ clkbuf_0_clk/X (sky130_fd_sc_hd__clkbuf_16)
     2    0.02                           clknet_0_clk (net)
                  0.07    0.00   10.27 ^ clkbuf_1_0__f_clk/A (sky130_fd_sc_hd__clkbuf_16)
                  0.06    0.20   10.47 ^ clkbuf_1_0__f_clk/X (sky130_fd_sc_hd__clkbuf_16)
     4    0.01                           clknet_1_0__leaf_clk (net)
                  0.06    0.00   10.47 ^ _46_/CLK (sky130_fd_sc_hd__dfrtp_1)
                         -0.25   10.22   clock uncertainty
                          0.05   10.27   clock reconvergence pessimism
                         -0.27    9.99   library setup time
                                  9.99   data required time
-----------------------------------------------------------------------------
                                  9.99   data required time
                                 -4.07   data arrival time
-----------------------------------------------------------------------------
                                  5.92   slack (MET)


Startpoint: _45_ (rising edge-triggered flip-flop clocked by clk)
Endpoint: count[1] (output port clocked by clk)
Path Group: clk
Path Type: max
Corner: Slowest

Fanout     Cap    Slew   Delay    Time   Description
-----------------------------------------------------------------------------
                          0.00    0.00   clock clk (rise edge)
                          0.00    0.00   clock source latency
                  0.09    0.06    0.06 ^ clk (in)
     1    0.01                           clk (net)
                  0.09    0.00    0.06 ^ clkbuf_0_clk/A (sky130_fd_sc_hd__clkbuf_16)
                  0.07    0.24    0.30 ^ clkbuf_0_clk/X (sky130_fd_sc_hd__clkbuf_16)
     2    0.02                           clknet_0_clk (net)
                  0.07    0.00    0.30 ^ clkbuf_1_0__f_clk/A (sky130_fd_sc_hd__clkbuf_16)
                  0.06    0.22    0.52 ^ clkbuf_1_0__f_clk/X (sky130_fd_sc_hd__clkbuf_16)
     4    0.01                           clknet_1_0__leaf_clk (net)
                  0.06    0.00    0.52 ^ _45_/CLK (sky130_fd_sc_hd__dfrtp_1)
                  0.18    0.89    1.40 v _45_/Q (sky130_fd_sc_hd__dfrtp_1)
     5    0.02                           net3 (net)
                  0.18    0.00    1.40 v output3/A (sky130_fd_sc_hd__clkbuf_4)
                  0.14    0.40    1.80 v output3/X (sky130_fd_sc_hd__clkbuf_4)
     1    0.03                           count[1] (net)
                  0.14    0.00    1.80 v count[1] (out)
                                  1.80   data arrival time

                         10.00   10.00   clock clk (rise edge)
                          0.00   10.00   clock network delay (propagated)
                         -0.25    9.75   clock uncertainty
                          0.00    9.75   clock reconvergence pessimism
                         -2.00    7.75   output external delay
                                  7.75   data required time
-----------------------------------------------------------------------------
                                  7.75   data required time
                                 -1.80   data arrival time
-----------------------------------------------------------------------------
                                  5.95   slack (MET)


Startpoint: _49_ (rising edge-triggered flip-flop clocked by clk)
Endpoint: count[5] (output port clocked by clk)
Path Group: clk
Path Type: max
Corner: Slowest

Fanout     Cap    Slew   Delay    Time   Description
-----------------------------------------------------------------------------
                          0.00    0.00   clock clk (rise edge)
                          0.00    0.00   clock source latency
                  0.09    0.06    0.06 ^ clk (in)
     1    0.01                           clk (net)
                  0.09    0.00    0.06 ^ clkbuf_0_clk/A (sky130_fd_sc_hd__clkbuf_16)
                  0.07    0.24    0.30 ^ clkbuf_0_clk/X (sky130_fd_sc_hd__clkbuf_16)
     2    0.02                           clknet_0_clk (net)
                  0.07    0.00    0.30 ^ clkbuf_1_1__f_clk/A (sky130_fd_sc_hd__clkbuf_16)
                  0.06    0.22    0.52 ^ clkbuf_1_1__f_clk/X (sky130_fd_sc_hd__clkbuf_16)
     4    0.01                           clknet_1_1__leaf_clk (net)
                  0.06    0.00    0.52 ^ _49_/CLK (sky130_fd_sc_hd__dfrtp_1)
                  0.16    0.86    1.38 v _49_/Q (sky130_fd_sc_hd__dfrtp_1)
     4    0.01                           net7 (net)
                  0.16    0.00    1.38 v output7/A (sky130_fd_sc_hd__clkbuf_4)
                  0.14    0.39    1.76 v output7/X (sky130_fd_sc_hd__clkbuf_4)
     1    0.03                           count[5] (net)
                  0.14    0.00    1.76 v count[5] (out)
                                  1.76   data arrival time

                         10.00   10.00   clock clk (rise edge)
                          0.00   10.00   clock network delay (propagated)
                         -0.25    9.75   clock uncertainty
                          0.00    9.75   clock reconvergence pessimism
                         -2.00    7.75   output external delay
                                  7.75   data required time
-----------------------------------------------------------------------------
                                  7.75   data required time
                                 -1.76   data arrival time
-----------------------------------------------------------------------------
                                  5.99   slack (MET)


Startpoint: _44_ (rising edge-triggered flip-flop clocked by clk)
Endpoint: count[0] (output port clocked by clk)
Path Group: clk
Path Type: max
Corner: Slowest

Fanout     Cap    Slew   Delay    Time   Description
-----------------------------------------------------------------------------
                          0.00    0.00   clock clk (rise edge)
                          0.00    0.00   clock source latency
                  0.09    0.06    0.06 ^ clk (in)
     1    0.01                           clk (net)
                  0.09    0.00    0.06 ^ clkbuf_0_clk/A (sky130_fd_sc_hd__clkbuf_16)
                  0.07    0.24    0.30 ^ clkbuf_0_clk/X (sky130_fd_sc_hd__clkbuf_16)
     2    0.02                           clknet_0_clk (net)
                  0.07    0.00    0.30 ^ clkbuf_1_0__f_clk/A (sky130_fd_sc_hd__clkbuf_16)
                  0.06    0.22    0.52 ^ clkbuf_1_0__f_clk/X (sky130_fd_sc_hd__clkbuf_16)
     4    0.01                           clknet_1_0__leaf_clk (net)
                  0.06    0.00    0.52 ^ _44_/CLK (sky130_fd_sc_hd__dfrtp_1)
                  0.15    0.85    1.37 v _44_/Q (sky130_fd_sc_hd__dfrtp_1)
     4    0.01                           net2 (net)
                  0.15    0.00    1.37 v output2/A (sky130_fd_sc_hd__clkbuf_4)
                  0.14    0.39    1.75 v output2/X (sky130_fd_sc_hd__clkbuf_4)
     1    0.04                           count[0] (net)
                  0.14    0.00    1.75 v count[0] (out)
                                  1.75   data arrival time

                         10.00   10.00   clock clk (rise edge)
                          0.00   10.00   clock network delay (propagated)
                         -0.25    9.75   clock uncertainty
                          0.00    9.75   clock reconvergence pessimism
                         -2.00    7.75   output external delay
                                  7.75   data required time
-----------------------------------------------------------------------------
                                  7.75   data required time
                                 -1.75   data arrival time
-----------------------------------------------------------------------------
                                  6.00   slack (MET)


Startpoint: _48_ (rising edge-triggered flip-flop clocked by clk)
Endpoint: count[4] (output port clocked by clk)
Path Group: clk
Path Type: max
Corner: Slowest

Fanout     Cap    Slew   Delay    Time   Description
-----------------------------------------------------------------------------
                          0.00    0.00   clock clk (rise edge)
                          0.00    0.00   clock source latency
                  0.09    0.06    0.06 ^ clk (in)
     1    0.01                           clk (net)
                  0.09    0.00    0.06 ^ clkbuf_0_clk/A (sky130_fd_sc_hd__clkbuf_16)
                  0.07    0.24    0.30 ^ clkbuf_0_clk/X (sky130_fd_sc_hd__clkbuf_16)
     2    0.02                           clknet_0_clk (net)
                  0.07    0.00    0.30 ^ clkbuf_1_1__f_clk/A (sky130_fd_sc_hd__clkbuf_16)
                  0.06    0.22    0.52 ^ clkbuf_1_1__f_clk/X (sky130_fd_sc_hd__clkbuf_16)
     4    0.01                           clknet_1_1__leaf_clk (net)
                  0.06    0.00    0.52 ^ _48_/CLK (sky130_fd_sc_hd__dfrtp_1)
                  0.14    0.84    1.36 v _48_/Q (sky130_fd_sc_hd__dfrtp_1)
     4    0.01                           net6 (net)
                  0.14    0.00    1.36 v output6/A (sky130_fd_sc_hd__clkbuf_4)
                  0.14    0.38    1.73 v output6/X (sky130_fd_sc_hd__clkbuf_4)
     1    0.03                           count[4] (net)
                  0.14    0.00    1.73 v count[4] (out)
                                  1.73   data arrival time

                         10.00   10.00   clock clk (rise edge)
                          0.00   10.00   clock network delay (propagated)
                         -0.25    9.75   clock uncertainty
                          0.00    9.75   clock reconvergence pessimism
                         -2.00    7.75   output external delay
                                  7.75   data required time
-----------------------------------------------------------------------------
                                  7.75   data required time
                                 -1.73   data arrival time
-----------------------------------------------------------------------------
                                  6.02   slack (MET)


Startpoint: _46_ (rising edge-triggered flip-flop clocked by clk)
Endpoint: count[2] (output port clocked by clk)
Path Group: clk
Path Type: max
Corner: Slowest

Fanout     Cap    Slew   Delay    Time   Description
-----------------------------------------------------------------------------
                          0.00    0.00   clock clk (rise edge)
                          0.00    0.00   clock source latency
                  0.09    0.06    0.06 ^ clk (in)
     1    0.01                           clk (net)
                  0.09    0.00    0.06 ^ clkbuf_0_clk/A (sky130_fd_sc_hd__clkbuf_16)
                  0.07    0.24    0.30 ^ clkbuf_0_clk/X (sky130_fd_sc_hd__clkbuf_16)
     2    0.02                           clknet_0_clk (net)
                  0.07    0.00    0.30 ^ clkbuf_1_0__f_clk/A (sky130_fd_sc_hd__clkbuf_16)
                  0.06    0.22    0.52 ^ clkbuf_1_0__f_clk/X (sky130_fd_sc_hd__clkbuf_16)
     4    0.01                           clknet_1_0__leaf_clk (net)
                  0.06    0.00    0.52 ^ _46_/CLK (sky130_fd_sc_hd__dfrtp_1)
                  0.14    0.84    1.35 v _46_/Q (sky130_fd_sc_hd__dfrtp_1)
     4    0.01                           net4 (net)
                  0.14    0.00    1.35 v output4/A (sky130_fd_sc_hd__clkbuf_4)
                  0.14    0.38    1.73 v output4/X (sky130_fd_sc_hd__clkbuf_4)
     1    0.03                           count[2] (net)
                  0.14    0.00    1.73 v count[2] (out)
                                  1.73   data arrival time

                         10.00   10.00   clock clk (rise edge)
                          0.00   10.00   clock network delay (propagated)
                         -0.25    9.75   clock uncertainty
                          0.00    9.75   clock reconvergence pessimism
                         -2.00    7.75   output external delay
                                  7.75   data required time
-----------------------------------------------------------------------------
                                  7.75   data required time
                                 -1.73   data arrival time
-----------------------------------------------------------------------------
                                  6.02   slack (MET)


Startpoint: _47_ (rising edge-triggered flip-flop clocked by clk)
Endpoint: count[3] (output port clocked by clk)
Path Group: clk
Path Type: max
Corner: Slowest

Fanout     Cap    Slew   Delay    Time   Description
-----------------------------------------------------------------------------
                          0.00    0.00   clock clk (rise edge)
                          0.00    0.00   clock source latency
                  0.09    0.06    0.06 ^ clk (in)
     1    0.01                           clk (net)
                  0.09    0.00    0.06 ^ clkbuf_0_clk/A (sky130_fd_sc_hd__clkbuf_16)
                  0.07    0.24    0.30 ^ clkbuf_0_clk/X (sky130_fd_sc_hd__clkbuf_16)
     2    0.02                           clknet_0_clk (net)
                  0.07    0.00    0.30 ^ clkbuf_1_0__f_clk/A (sky130_fd_sc_hd__clkbuf_16)
                  0.06    0.22    0.52 ^ clkbuf_1_0__f_clk/X (sky130_fd_sc_hd__clkbuf_16)
     4    0.01                           clknet_1_0__leaf_clk (net)
                  0.06    0.00    0.52 ^ _47_/CLK (sky130_fd_sc_hd__dfrtp_1)
                  0.12    0.82    1.34 v _47_/Q (sky130_fd_sc_hd__dfrtp_1)
     3    0.01                           net5 (net)
                  0.12    0.00    1.34 v output5/A (sky130_fd_sc_hd__clkbuf_4)
                  0.14    0.37    1.71 v output5/X (sky130_fd_sc_hd__clkbuf_4)
     1    0.04                           count[3] (net)
                  0.14    0.00    1.71 v count[3] (out)
                                  1.71   data arrival time

                         10.00   10.00   clock clk (rise edge)
                          0.00   10.00   clock network delay (propagated)
                         -0.25    9.75   clock uncertainty
                          0.00    9.75   clock reconvergence pessimism
                         -2.00    7.75   output external delay
                                  7.75   data required time
-----------------------------------------------------------------------------
                                  7.75   data required time
                                 -1.71   data arrival time
-----------------------------------------------------------------------------
                                  6.04   slack (MET)


Startpoint: _50_ (rising edge-triggered flip-flop clocked by clk)
Endpoint: count[6] (output port clocked by clk)
Path Group: clk
Path Type: max
Corner: Slowest

Fanout     Cap    Slew   Delay    Time   Description
-----------------------------------------------------------------------------
                          0.00    0.00   clock clk (rise edge)
                          0.00    0.00   clock source latency
                  0.09    0.06    0.06 ^ clk (in)
     1    0.01                           clk (net)
                  0.09    0.00    0.06 ^ clkbuf_0_clk/A (sky130_fd_sc_hd__clkbuf_16)
                  0.07    0.24    0.30 ^ clkbuf_0_clk/X (sky130_fd_sc_hd__clkbuf_16)
     2    0.02                           clknet_0_clk (net)
                  0.07    0.00    0.30 ^ clkbuf_1_1__f_clk/A (sky130_fd_sc_hd__clkbuf_16)
                  0.06    0.22    0.52 ^ clkbuf_1_1__f_clk/X (sky130_fd_sc_hd__clkbuf_16)
     4    0.01                           clknet_1_1__leaf_clk (net)
                  0.06    0.00    0.52 ^ _50_/CLK (sky130_fd_sc_hd__dfrtp_1)
                  0.12    0.81    1.33 v _50_/Q (sky130_fd_sc_hd__dfrtp_1)
     3    0.01                           net8 (net)
                  0.12    0.00    1.33 v output8/A (sky130_fd_sc_hd__clkbuf_4)
                  0.14    0.37    1.70 v output8/X (sky130_fd_sc_hd__clkbuf_4)
     1    0.03                           count[6] (net)
                  0.14    0.00    1.70 v count[6] (out)
                                  1.70   data arrival time

                         10.00   10.00   clock clk (rise edge)
                          0.00   10.00   clock network delay (propagated)
                         -0.25    9.75   clock uncertainty
                          0.00    9.75   clock reconvergence pessimism
                         -2.00    7.75   output external delay
                                  7.75   data required time
-----------------------------------------------------------------------------
                                  7.75   data required time
                                 -1.70   data arrival time
-----------------------------------------------------------------------------
                                  6.05   slack (MET)


Startpoint: _51_ (rising edge-triggered flip-flop clocked by clk)
Endpoint: count[7] (output port clocked by clk)
Path Group: clk
Path Type: max
Corner: Slowest

Fanout     Cap    Slew   Delay    Time   Description
-----------------------------------------------------------------------------
                          0.00    0.00   clock clk (rise edge)
                          0.00    0.00   clock source latency
                  0.09    0.06    0.06 ^ clk (in)
     1    0.01                           clk (net)
                  0.09    0.00    0.06 ^ clkbuf_0_clk/A (sky130_fd_sc_hd__clkbuf_16)
                  0.07    0.24    0.30 ^ clkbuf_0_clk/X (sky130_fd_sc_hd__clkbuf_16)
     2    0.02                           clknet_0_clk (net)
                  0.07    0.00    0.30 ^ clkbuf_1_1__f_clk/A (sky130_fd_sc_hd__clkbuf_16)
                  0.06    0.22    0.52 ^ clkbuf_1_1__f_clk/X (sky130_fd_sc_hd__clkbuf_16)
     4    0.01                           clknet_1_1__leaf_clk (net)
                  0.06    0.00    0.52 ^ _51_/CLK (sky130_fd_sc_hd__dfrtp_1)
                  0.10    0.80    1.31 v _51_/Q (sky130_fd_sc_hd__dfrtp_1)
     2    0.01                           net9 (net)
                  0.10    0.00    1.31 v output9/A (sky130_fd_sc_hd__clkbuf_4)
                  0.14    0.36    1.68 v output9/X (sky130_fd_sc_hd__clkbuf_4)
     1    0.04                           count[7] (net)
                  0.14    0.00    1.68 v count[7] (out)
                                  1.68   data arrival time

                         10.00   10.00   clock clk (rise edge)
                          0.00   10.00   clock network delay (propagated)
                         -0.25    9.75   clock uncertainty
                          0.00    9.75   clock reconvergence pessimism
                         -2.00    7.75   output external delay
                                  7.75   data required time
-----------------------------------------------------------------------------
                                  7.75   data required time
                                 -1.68   data arrival time
-----------------------------------------------------------------------------
                                  6.07   slack (MET)


Startpoint: _48_ (rising edge-triggered flip-flop clocked by clk)
Endpoint: _49_ (rising edge-triggered flip-flop clocked by clk)
Path Group: clk
Path Type: max
Corner: Slowest

Fanout     Cap    Slew   Delay    Time   Description
-----------------------------------------------------------------------------
                          0.00    0.00   clock clk (rise edge)
                          0.00    0.00   clock source latency
                  0.09    0.06    0.06 ^ clk (in)
     1    0.01                           clk (net)
                  0.09    0.00    0.06 ^ clkbuf_0_clk/A (sky130_fd_sc_hd__clkbuf_16)
                  0.07    0.24    0.30 ^ clkbuf_0_clk/X (sky130_fd_sc_hd__clkbuf_16)
     2    0.02                           clknet_0_clk (net)
                  0.07    0.00    0.30 ^ clkbuf_1_1__f_clk/A (sky130_fd_sc_hd__clkbuf_16)
                  0.06    0.22    0.52 ^ clkbuf_1_1__f_clk/X (sky130_fd_sc_hd__clkbuf_16)
     4    0.01                           clknet_1_1__leaf_clk (net)
                  0.06    0.00    0.52 ^ _48_/CLK (sky130_fd_sc_hd__dfrtp_1)
                  0.14    0.84    1.36 v _48_/Q (sky130_fd_sc_hd__dfrtp_1)
     4    0.01                           net6 (net)
                  0.14    0.00    1.36 v hold4/A (sky130_fd_sc_hd__dlygate4sd3_1)
                  0.15    1.28    2.63 v hold4/X (sky130_fd_sc_hd__dlygate4sd3_1)
     2    0.01                           net13 (net)
                  0.15    0.00    2.63 v _28_/A1 (sky130_fd_sc_hd__a21oi_1)
                  0.19    0.26    2.89 ^ _28_/Y (sky130_fd_sc_hd__a21oi_1)
     1    0.00                           _19_ (net)
                  0.19    0.00    2.89 ^ _29_/B (sky130_fd_sc_hd__nor2_1)
                  0.06    0.13    3.02 v _29_/Y (sky130_fd_sc_hd__nor2_1)
     1    0.00                           _05_ (net)
                  0.06    0.00    3.02 v _49_/D (sky130_fd_sc_hd__dfrtp_1)
                                  3.02   data arrival time

                         10.00   10.00   clock clk (rise edge)
                          0.00   10.00   clock source latency
                  0.09    0.05   10.05 ^ clk (in)
     1    0.01                           clk (net)
                  0.09    0.00   10.05 ^ clkbuf_0_clk/A (sky130_fd_sc_hd__clkbuf_16)
                  0.07    0.22   10.27 ^ clkbuf_0_clk/X (sky130_fd_sc_hd__clkbuf_16)
     2    0.02                           clknet_0_clk (net)
                  0.07    0.00   10.27 ^ clkbuf_1_1__f_clk/A (sky130_fd_sc_hd__clkbuf_16)
                  0.06    0.20   10.47 ^ clkbuf_1_1__f_clk/X (sky130_fd_sc_hd__clkbuf_16)
     4    0.01                           clknet_1_1__leaf_clk (net)
                  0.06    0.00   10.47 ^ _49_/CLK (sky130_fd_sc_hd__dfrtp_1)
                         -0.25   10.22   clock uncertainty
                          0.05   10.27   clock reconvergence pessimism
                         -0.28    9.99   library setup time
                                  9.99   data required time
-----------------------------------------------------------------------------
                                  9.99   data required time
                                 -3.02   data arrival time
-----------------------------------------------------------------------------
                                  6.97   slack (MET)


Startpoint: _45_ (rising edge-triggered flip-flop clocked by clk)
Endpoint: _45_ (rising edge-triggered flip-flop clocked by clk)
Path Group: clk
Path Type: max
Corner: Slowest

Fanout     Cap    Slew   Delay    Time   Description
-----------------------------------------------------------------------------
                          0.00    0.00   clock clk (rise edge)
                          0.00    0.00   clock source latency
                  0.09    0.06    0.06 ^ clk (in)
     1    0.01                           clk (net)
                  0.09    0.00    0.06 ^ clkbuf_0_clk/A (sky130_fd_sc_hd__clkbuf_16)
                  0.07    0.24    0.30 ^ clkbuf_0_clk/X (sky130_fd_sc_hd__clkbuf_16)
     2    0.02                           clknet_0_clk (net)
                  0.07    0.00    0.30 ^ clkbuf_1_0__f_clk/A (sky130_fd_sc_hd__clkbuf_16)
                  0.06    0.22    0.52 ^ clkbuf_1_0__f_clk/X (sky130_fd_sc_hd__clkbuf_16)
     4    0.01                           clknet_1_0__leaf_clk (net)
                  0.06    0.00    0.52 ^ _45_/CLK (sky130_fd_sc_hd__dfrtp_1)
                  0.18    0.89    1.40 v _45_/Q (sky130_fd_sc_hd__dfrtp_1)
     5    0.02                           net3 (net)
                  0.18    0.00    1.40 v hold5/A (sky130_fd_sc_hd__dlygate4sd3_1)
                  0.14    1.28    2.68 v hold5/X (sky130_fd_sc_hd__dlygate4sd3_1)
     1    0.01                           net14 (net)
                  0.14    0.00    2.68 v _33_/B (sky130_fd_sc_hd__xor2_1)
                  0.10    0.30    2.98 v _33_/X (sky130_fd_sc_hd__xor2_1)
     1    0.00                           _01_ (net)
                  0.10    0.00    2.98 v _45_/D (sky130_fd_sc_hd__dfrtp_1)
                                  2.98   data arrival time

                         10.00   10.00   clock clk (rise edge)
                          0.00   10.00   clock source latency
                  0.09    0.05   10.05 ^ clk (in)
     1    0.01                           clk (net)
                  0.09    0.00   10.05 ^ clkbuf_0_clk/A (sky130_fd_sc_hd__clkbuf_16)
                  0.07    0.22   10.27 ^ clkbuf_0_clk/X (sky130_fd_sc_hd__clkbuf_16)
     2    0.02                           clknet_0_clk (net)
                  0.07    0.00   10.27 ^ clkbuf_1_0__f_clk/A (sky130_fd_sc_hd__clkbuf_16)
                  0.06    0.20   10.47 ^ clkbuf_1_0__f_clk/X (sky130_fd_sc_hd__clkbuf_16)
     4    0.01                           clknet_1_0__leaf_clk (net)
                  0.06    0.00   10.47 ^ _45_/CLK (sky130_fd_sc_hd__dfrtp_1)
                         -0.25   10.22   clock uncertainty
                          0.05   10.27   clock reconvergence pessimism
                         -0.29    9.97   library setup time
                                  9.97   data required time
-----------------------------------------------------------------------------
                                  9.97   data required time
                                 -2.98   data arrival time
-----------------------------------------------------------------------------
                                  6.99   slack (MET)


Startpoint: _48_ (rising edge-triggered flip-flop clocked by clk)
Endpoint: _48_ (rising edge-triggered flip-flop clocked by clk)
Path Group: clk
Path Type: max
Corner: Slowest

Fanout     Cap    Slew   Delay    Time   Description
-----------------------------------------------------------------------------
                          0.00    0.00   clock clk (rise edge)
                          0.00    0.00   clock source latency
                  0.09    0.06    0.06 ^ clk (in)
     1    0.01                           clk (net)
                  0.09    0.00    0.06 ^ clkbuf_0_clk/A (sky130_fd_sc_hd__clkbuf_16)
                  0.07    0.24    0.30 ^ clkbuf_0_clk/X (sky130_fd_sc_hd__clkbuf_16)
     2    0.02                           clknet_0_clk (net)
                  0.07    0.00    0.30 ^ clkbuf_1_1__f_clk/A (sky130_fd_sc_hd__clkbuf_16)
                  0.06    0.22    0.52 ^ clkbuf_1_1__f_clk/X (sky130_fd_sc_hd__clkbuf_16)
     4    0.01                           clknet_1_1__leaf_clk (net)
                  0.06    0.00    0.52 ^ _48_/CLK (sky130_fd_sc_hd__dfrtp_1)
                  0.14    0.84    1.36 v _48_/Q (sky130_fd_sc_hd__dfrtp_1)
     4    0.01                           net6 (net)
                  0.14    0.00    1.36 v hold4/A (sky130_fd_sc_hd__dlygate4sd3_1)
                  0.15    1.28    2.63 v hold4/X (sky130_fd_sc_hd__dlygate4sd3_1)
     2    0.01                           net13 (net)
                  0.15    0.00    2.63 v _26_/A (sky130_fd_sc_hd__xor2_1)
                  0.11    0.34    2.97 v _26_/X (sky130_fd_sc_hd__xor2_1)
     1    0.00                           _04_ (net)
                  0.11    0.00    2.97 v _48_/D (sky130_fd_sc_hd__dfrtp_1)
                                  2.97   data arrival time

                         10.00   10.00   clock clk (rise edge)
                          0.00   10.00   clock source latency
                  0.09    0.05   10.05 ^ clk (in)
     1    0.01                           clk (net)
                  0.09    0.00   10.05 ^ clkbuf_0_clk/A (sky130_fd_sc_hd__clkbuf_16)
                  0.07    0.22   10.27 ^ clkbuf_0_clk/X (sky130_fd_sc_hd__clkbuf_16)
     2    0.02                           clknet_0_clk (net)
                  0.07    0.00   10.27 ^ clkbuf_1_1__f_clk/A (sky130_fd_sc_hd__clkbuf_16)
                  0.06    0.20   10.47 ^ clkbuf_1_1__f_clk/X (sky130_fd_sc_hd__clkbuf_16)
     4    0.01                           clknet_1_1__leaf_clk (net)
                  0.06    0.00   10.47 ^ _48_/CLK (sky130_fd_sc_hd__dfrtp_1)
                         -0.25   10.22   clock uncertainty
                          0.05   10.27   clock reconvergence pessimism
                         -0.30    9.97   library setup time
                                  9.97   data required time
-----------------------------------------------------------------------------
                                  9.97   data required time
                                 -2.97   data arrival time
-----------------------------------------------------------------------------
                                  7.00   slack (MET)


Startpoint: _50_ (rising edge-triggered flip-flop clocked by clk)
Endpoint: _50_ (rising edge-triggered flip-flop clocked by clk)
Path Group: clk
Path Type: max
Corner: Slowest

Fanout     Cap    Slew   Delay    Time   Description
-----------------------------------------------------------------------------
                          0.00    0.00   clock clk (rise edge)
                          0.00    0.00   clock source latency
                  0.09    0.06    0.06 ^ clk (in)
     1    0.01                           clk (net)
                  0.09    0.00    0.06 ^ clkbuf_0_clk/A (sky130_fd_sc_hd__clkbuf_16)
                  0.07    0.24    0.30 ^ clkbuf_0_clk/X (sky130_fd_sc_hd__clkbuf_16)
     2    0.02                           clknet_0_clk (net)
                  0.07    0.00    0.30 ^ clkbuf_1_1__f_clk/A (sky130_fd_sc_hd__clkbuf_16)
                  0.06    0.22    0.52 ^ clkbuf_1_1__f_clk/X (sky130_fd_sc_hd__clkbuf_16)
     4    0.01                           clknet_1_1__leaf_clk (net)
                  0.06    0.00    0.52 ^ _50_/CLK (sky130_fd_sc_hd__dfrtp_1)
                  0.12    0.81    1.33 v _50_/Q (sky130_fd_sc_hd__dfrtp_1)
     3    0.01                           net8 (net)
                  0.12    0.00    1.33 v hold3/A (sky130_fd_sc_hd__dlygate4sd3_1)
                  0.13    1.25    2.58 v hold3/X (sky130_fd_sc_hd__dlygate4sd3_1)
     1    0.01                           net12 (net)
                  0.13    0.00    2.58 v _30_/A (sky130_fd_sc_hd__xor2_1)
                  0.09    0.33    2.91 v _30_/X (sky130_fd_sc_hd__xor2_1)
     1    0.00                           _06_ (net)
                  0.09    0.00    2.91 v _50_/D (sky130_fd_sc_hd__dfrtp_1)
                                  2.91   data arrival time

                         10.00   10.00   clock clk (rise edge)
                          0.00   10.00   clock source latency
                  0.09    0.05   10.05 ^ clk (in)
     1    0.01                           clk (net)
                  0.09    0.00   10.05 ^ clkbuf_0_clk/A (sky130_fd_sc_hd__clkbuf_16)
                  0.07    0.22   10.27 ^ clkbuf_0_clk/X (sky130_fd_sc_hd__clkbuf_16)
     2    0.02                           clknet_0_clk (net)
                  0.07    0.00   10.27 ^ clkbuf_1_1__f_clk/A (sky130_fd_sc_hd__clkbuf_16)
                  0.06    0.20   10.47 ^ clkbuf_1_1__f_clk/X (sky130_fd_sc_hd__clkbuf_16)
     4    0.01                           clknet_1_1__leaf_clk (net)
                  0.06    0.00   10.47 ^ _50_/CLK (sky130_fd_sc_hd__dfrtp_1)
                         -0.25   10.22   clock uncertainty
                          0.05   10.27   clock reconvergence pessimism
                         -0.29    9.98   library setup time
                                  9.98   data required time
-----------------------------------------------------------------------------
                                  9.98   data required time
                                 -2.91   data arrival time
-----------------------------------------------------------------------------
                                  7.07   slack (MET)


Startpoint: _47_ (rising edge-triggered flip-flop clocked by clk)
Endpoint: _47_ (rising edge-triggered flip-flop clocked by clk)
Path Group: clk
Path Type: max
Corner: Slowest

Fanout     Cap    Slew   Delay    Time   Description
-----------------------------------------------------------------------------
                          0.00    0.00   clock clk (rise edge)
                          0.00    0.00   clock source latency
                  0.09    0.06    0.06 ^ clk (in)
     1    0.01                           clk (net)
                  0.09    0.00    0.06 ^ clkbuf_0_clk/A (sky130_fd_sc_hd__clkbuf_16)
                  0.07    0.24    0.30 ^ clkbuf_0_clk/X (sky130_fd_sc_hd__clkbuf_16)
     2    0.02                           clknet_0_clk (net)
                  0.07    0.00    0.30 ^ clkbuf_1_0__f_clk/A (sky130_fd_sc_hd__clkbuf_16)
                  0.06    0.22    0.52 ^ clkbuf_1_0__f_clk/X (sky130_fd_sc_hd__clkbuf_16)
     4    0.01                           clknet_1_0__leaf_clk (net)
                  0.06    0.00    0.52 ^ _47_/CLK (sky130_fd_sc_hd__dfrtp_1)
                  0.12    0.82    1.34 v _47_/Q (sky130_fd_sc_hd__dfrtp_1)
     3    0.01                           net5 (net)
                  0.12    0.00    1.34 v hold6/A (sky130_fd_sc_hd__dlygate4sd3_1)
                  0.11    1.21    2.55 v hold6/X (sky130_fd_sc_hd__dlygate4sd3_1)
     1    0.00                           net15 (net)
                  0.11    0.00    2.55 v _25_/A1 (sky130_fd_sc_hd__o21ba_1)
                  0.07    0.37    2.91 v _25_/X (sky130_fd_sc_hd__o21ba_1)
     1    0.00                           _03_ (net)
                  0.07    0.00    2.91 v _47_/D (sky130_fd_sc_hd__dfrtp_1)
                                  2.91   data arrival time

                         10.00   10.00   clock clk (rise edge)
                          0.00   10.00   clock source latency
                  0.09    0.05   10.05 ^ clk (in)
     1    0.01                           clk (net)
                  0.09    0.00   10.05 ^ clkbuf_0_clk/A (sky130_fd_sc_hd__clkbuf_16)
                  0.07    0.22   10.27 ^ clkbuf_0_clk/X (sky130_fd_sc_hd__clkbuf_16)
     2    0.02                           clknet_0_clk (net)
                  0.07    0.00   10.27 ^ clkbuf_1_0__f_clk/A (sky130_fd_sc_hd__clkbuf_16)
                  0.06    0.20   10.47 ^ clkbuf_1_0__f_clk/X (sky130_fd_sc_hd__clkbuf_16)
     4    0.01                           clknet_1_0__leaf_clk (net)
                  0.06    0.00   10.47 ^ _47_/CLK (sky130_fd_sc_hd__dfrtp_1)
                         -0.25   10.22   clock uncertainty
                          0.05   10.27   clock reconvergence pessimism
                         -0.28    9.99   library setup time
                                  9.99   data required time
-----------------------------------------------------------------------------
                                  9.99   data required time
                                 -2.91   data arrival time
-----------------------------------------------------------------------------
                                  7.07   slack (MET)


Startpoint: _51_ (rising edge-triggered flip-flop clocked by clk)
Endpoint: _51_ (rising edge-triggered flip-flop clocked by clk)
Path Group: clk
Path Type: max
Corner: Slowest

Fanout     Cap    Slew   Delay    Time   Description
-----------------------------------------------------------------------------
                          0.00    0.00   clock clk (rise edge)
                          0.00    0.00   clock source latency
                  0.09    0.06    0.06 ^ clk (in)
     1    0.01                           clk (net)
                  0.09    0.00    0.06 ^ clkbuf_0_clk/A (sky130_fd_sc_hd__clkbuf_16)
                  0.07    0.24    0.30 ^ clkbuf_0_clk/X (sky130_fd_sc_hd__clkbuf_16)
     2    0.02                           clknet_0_clk (net)
                  0.07    0.00    0.30 ^ clkbuf_1_1__f_clk/A (sky130_fd_sc_hd__clkbuf_16)
                  0.06    0.22    0.52 ^ clkbuf_1_1__f_clk/X (sky130_fd_sc_hd__clkbuf_16)
     4    0.01                           clknet_1_1__leaf_clk (net)
                  0.06    0.00    0.52 ^ _51_/CLK (sky130_fd_sc_hd__dfrtp_1)
                  0.10    0.80    1.31 v _51_/Q (sky130_fd_sc_hd__dfrtp_1)
     2    0.01                           net9 (net)
                  0.10    0.00    1.31 v hold2/A (sky130_fd_sc_hd__dlygate4sd3_1)
                  0.13    1.23    2.54 v hold2/X (sky130_fd_sc_hd__dlygate4sd3_1)
     1    0.00                           net11 (net)
                  0.13    0.00    2.54 v _32_/A (sky130_fd_sc_hd__xor2_1)
                  0.09    0.33    2.87 v _32_/X (sky130_fd_sc_hd__xor2_1)
     1    0.00                           _07_ (net)
                  0.09    0.00    2.87 v _51_/D (sky130_fd_sc_hd__dfrtp_1)
                                  2.87   data arrival time

                         10.00   10.00   clock clk (rise edge)
                          0.00   10.00   clock source latency
                  0.09    0.05   10.05 ^ clk (in)
     1    0.01                           clk (net)
                  0.09    0.00   10.05 ^ clkbuf_0_clk/A (sky130_fd_sc_hd__clkbuf_16)
                  0.07    0.22   10.27 ^ clkbuf_0_clk/X (sky130_fd_sc_hd__clkbuf_16)
     2    0.02                           clknet_0_clk (net)
                  0.07    0.00   10.27 ^ clkbuf_1_1__f_clk/A (sky130_fd_sc_hd__clkbuf_16)
                  0.06    0.20   10.47 ^ clkbuf_1_1__f_clk/X (sky130_fd_sc_hd__clkbuf_16)
     4    0.01                           clknet_1_1__leaf_clk (net)
                  0.06    0.00   10.47 ^ _51_/CLK (sky130_fd_sc_hd__dfrtp_1)
                         -0.25   10.22   clock uncertainty
                          0.05   10.27   clock reconvergence pessimism
                         -0.29    9.98   library setup time
                                  9.98   data required time
-----------------------------------------------------------------------------
                                  9.98   data required time
                                 -2.87   data arrival time
-----------------------------------------------------------------------------
                                  7.10   slack (MET)


Startpoint: reset (input port clocked by clk)
Endpoint: _44_ (recovery check against rising-edge clock clk)
Path Group: asynchronous
Path Type: max
Corner: Slowest

Fanout     Cap    Slew   Delay    Time   Description
-----------------------------------------------------------------------------
                          0.00    0.00   clock clk (rise edge)
                          0.00    0.00   clock network delay (propagated)
                          2.00    2.00 v input external delay
                  0.02    0.01    2.01 v reset (in)
     1    0.00                           reset (net)
                  0.02    0.00    2.01 v input1/A (sky130_fd_sc_hd__clkbuf_4)
                  0.17    0.35    2.36 v input1/X (sky130_fd_sc_hd__clkbuf_4)
     8    0.04                           net1 (net)
                  0.17    0.00    2.36 v _36_/A (sky130_fd_sc_hd__inv_2)
                  0.08    0.14    2.50 ^ _36_/Y (sky130_fd_sc_hd__inv_2)
     1    0.01                           _08_ (net)
                  0.08    0.00    2.50 ^ _44_/RESET_B (sky130_fd_sc_hd__dfrtp_1)
                                  2.50   data arrival time

                         10.00   10.00   clock clk (rise edge)
                          0.00   10.00   clock source latency
                  0.09    0.05   10.05 ^ clk (in)
     1    0.01                           clk (net)
                  0.09    0.00   10.05 ^ clkbuf_0_clk/A (sky130_fd_sc_hd__clkbuf_16)
                  0.07    0.22   10.27 ^ clkbuf_0_clk/X (sky130_fd_sc_hd__clkbuf_16)
     2    0.02                           clknet_0_clk (net)
                  0.07    0.00   10.27 ^ clkbuf_1_0__f_clk/A (sky130_fd_sc_hd__clkbuf_16)
                  0.06    0.20   10.47 ^ clkbuf_1_0__f_clk/X (sky130_fd_sc_hd__clkbuf_16)
     4    0.01                           clknet_1_0__leaf_clk (net)
                  0.06    0.00   10.47 ^ _44_/CLK (sky130_fd_sc_hd__dfrtp_1)
                         -0.25   10.22   clock uncertainty
                          0.00   10.22   clock reconvergence pessimism
                          0.46   10.67   library recovery time
                                 10.67   data required time
-----------------------------------------------------------------------------
                                 10.67   data required time
                                 -2.50   data arrival time
-----------------------------------------------------------------------------
                                  8.17   slack (MET)


Startpoint: reset (input port clocked by clk)
Endpoint: _47_ (recovery check against rising-edge clock clk)
Path Group: asynchronous
Path Type: max
Corner: Slowest

Fanout     Cap    Slew   Delay    Time   Description
-----------------------------------------------------------------------------
                          0.00    0.00   clock clk (rise edge)
                          0.00    0.00   clock network delay (propagated)
                          2.00    2.00 v input external delay
                  0.02    0.01    2.01 v reset (in)
     1    0.00                           reset (net)
                  0.02    0.00    2.01 v input1/A (sky130_fd_sc_hd__clkbuf_4)
                  0.17    0.35    2.36 v input1/X (sky130_fd_sc_hd__clkbuf_4)
     8    0.04                           net1 (net)
                  0.17    0.00    2.36 v _39_/A (sky130_fd_sc_hd__inv_2)
                  0.06    0.12    2.48 ^ _39_/Y (sky130_fd_sc_hd__inv_2)
     1    0.00                           _11_ (net)
                  0.06    0.00    2.48 ^ _47_/RESET_B (sky130_fd_sc_hd__dfrtp_1)
                                  2.48   data arrival time

                         10.00   10.00   clock clk (rise edge)
                          0.00   10.00   clock source latency
                  0.09    0.05   10.05 ^ clk (in)
     1    0.01                           clk (net)
                  0.09    0.00   10.05 ^ clkbuf_0_clk/A (sky130_fd_sc_hd__clkbuf_16)
                  0.07    0.22   10.27 ^ clkbuf_0_clk/X (sky130_fd_sc_hd__clkbuf_16)
     2    0.02                           clknet_0_clk (net)
                  0.07    0.00   10.27 ^ clkbuf_1_0__f_clk/A (sky130_fd_sc_hd__clkbuf_16)
                  0.06    0.20   10.47 ^ clkbuf_1_0__f_clk/X (sky130_fd_sc_hd__clkbuf_16)
     4    0.01                           clknet_1_0__leaf_clk (net)
                  0.06    0.00   10.47 ^ _47_/CLK (sky130_fd_sc_hd__dfrtp_1)
                         -0.25   10.22   clock uncertainty
                          0.00   10.22   clock reconvergence pessimism
                          0.46   10.68   library recovery time
                                 10.68   data required time
-----------------------------------------------------------------------------
                                 10.68   data required time
                                 -2.48   data arrival time
-----------------------------------------------------------------------------
                                  8.20   slack (MET)


Startpoint: reset (input port clocked by clk)
Endpoint: _51_ (recovery check against rising-edge clock clk)
Path Group: asynchronous
Path Type: max
Corner: Slowest

Fanout     Cap    Slew   Delay    Time   Description
-----------------------------------------------------------------------------
                          0.00    0.00   clock clk (rise edge)
                          0.00    0.00   clock network delay (propagated)
                          2.00    2.00 v input external delay
                  0.02    0.01    2.01 v reset (in)
     1    0.00                           reset (net)
                  0.02    0.00    2.01 v input1/A (sky130_fd_sc_hd__clkbuf_4)
                  0.17    0.35    2.36 v input1/X (sky130_fd_sc_hd__clkbuf_4)
     8    0.04                           net1 (net)
                  0.17    0.00    2.36 v _43_/A (sky130_fd_sc_hd__inv_2)
                  0.06    0.12    2.48 ^ _43_/Y (sky130_fd_sc_hd__inv_2)
     1    0.00                           _15_ (net)
                  0.06    0.00    2.48 ^ _51_/RESET_B (sky130_fd_sc_hd__dfrtp_1)
                                  2.48   data arrival time

                         10.00   10.00   clock clk (rise edge)
                          0.00   10.00   clock source latency
                  0.09    0.05   10.05 ^ clk (in)
     1    0.01                           clk (net)
                  0.09    0.00   10.05 ^ clkbuf_0_clk/A (sky130_fd_sc_hd__clkbuf_16)
                  0.07    0.22   10.27 ^ clkbuf_0_clk/X (sky130_fd_sc_hd__clkbuf_16)
     2    0.02                           clknet_0_clk (net)
                  0.07    0.00   10.27 ^ clkbuf_1_1__f_clk/A (sky130_fd_sc_hd__clkbuf_16)
                  0.06    0.20   10.47 ^ clkbuf_1_1__f_clk/X (sky130_fd_sc_hd__clkbuf_16)
     4    0.01                           clknet_1_1__leaf_clk (net)
                  0.06    0.00   10.47 ^ _51_/CLK (sky130_fd_sc_hd__dfrtp_1)
                         -0.25   10.22   clock uncertainty
                          0.00   10.22   clock reconvergence pessimism
                          0.46   10.68   library recovery time
                                 10.68   data required time
-----------------------------------------------------------------------------
                                 10.68   data required time
                                 -2.48   data arrival time
-----------------------------------------------------------------------------
                                  8.20   slack (MET)


Startpoint: reset (input port clocked by clk)
Endpoint: _46_ (recovery check against rising-edge clock clk)
Path Group: asynchronous
Path Type: max
Corner: Slowest

Fanout     Cap    Slew   Delay    Time   Description
-----------------------------------------------------------------------------
                          0.00    0.00   clock clk (rise edge)
                          0.00    0.00   clock network delay (propagated)
                          2.00    2.00 v input external delay
                  0.02    0.01    2.01 v reset (in)
     1    0.00                           reset (net)
                  0.02    0.00    2.01 v input1/A (sky130_fd_sc_hd__clkbuf_4)
                  0.17    0.35    2.36 v input1/X (sky130_fd_sc_hd__clkbuf_4)
     8    0.04                           net1 (net)
                  0.17    0.00    2.36 v _38_/A (sky130_fd_sc_hd__inv_2)
                  0.06    0.12    2.48 ^ _38_/Y (sky130_fd_sc_hd__inv_2)
     1    0.00                           _10_ (net)
                  0.06    0.00    2.48 ^ _46_/RESET_B (sky130_fd_sc_hd__dfrtp_1)
                                  2.48   data arrival time

                         10.00   10.00   clock clk (rise edge)
                          0.00   10.00   clock source latency
                  0.09    0.05   10.05 ^ clk (in)
     1    0.01                           clk (net)
                  0.09    0.00   10.05 ^ clkbuf_0_clk/A (sky130_fd_sc_hd__clkbuf_16)
                  0.07    0.22   10.27 ^ clkbuf_0_clk/X (sky130_fd_sc_hd__clkbuf_16)
     2    0.02                           clknet_0_clk (net)
                  0.07    0.00   10.27 ^ clkbuf_1_0__f_clk/A (sky130_fd_sc_hd__clkbuf_16)
                  0.06    0.20   10.47 ^ clkbuf_1_0__f_clk/X (sky130_fd_sc_hd__clkbuf_16)
     4    0.01                           clknet_1_0__leaf_clk (net)
                  0.06    0.00   10.47 ^ _46_/CLK (sky130_fd_sc_hd__dfrtp_1)
                         -0.25   10.22   clock uncertainty
                          0.00   10.22   clock reconvergence pessimism
                          0.46   10.68   library recovery time
                                 10.68   data required time
-----------------------------------------------------------------------------
                                 10.68   data required time
                                 -2.48   data arrival time
-----------------------------------------------------------------------------
                                  8.20   slack (MET)


Startpoint: reset (input port clocked by clk)
Endpoint: _45_ (recovery check against rising-edge clock clk)
Path Group: asynchronous
Path Type: max
Corner: Slowest

Fanout     Cap    Slew   Delay    Time   Description
-----------------------------------------------------------------------------
                          0.00    0.00   clock clk (rise edge)
                          0.00    0.00   clock network delay (propagated)
                          2.00    2.00 v input external delay
                  0.02    0.01    2.01 v reset (in)
     1    0.00                           reset (net)
                  0.02    0.00    2.01 v input1/A (sky130_fd_sc_hd__clkbuf_4)
                  0.17    0.35    2.36 v input1/X (sky130_fd_sc_hd__clkbuf_4)
     8    0.04                           net1 (net)
                  0.17    0.00    2.36 v _37_/A (sky130_fd_sc_hd__inv_2)
                  0.06    0.12    2.48 ^ _37_/Y (sky130_fd_sc_hd__inv_2)
     1    0.00                           _09_ (net)
                  0.06    0.00    2.48 ^ _45_/RESET_B (sky130_fd_sc_hd__dfrtp_1)
                                  2.48   data arrival time

                         10.00   10.00   clock clk (rise edge)
                          0.00   10.00   clock source latency
                  0.09    0.05   10.05 ^ clk (in)
     1    0.01                           clk (net)
                  0.09    0.00   10.05 ^ clkbuf_0_clk/A (sky130_fd_sc_hd__clkbuf_16)
                  0.07    0.22   10.27 ^ clkbuf_0_clk/X (sky130_fd_sc_hd__clkbuf_16)
     2    0.02                           clknet_0_clk (net)
                  0.07    0.00   10.27 ^ clkbuf_1_0__f_clk/A (sky130_fd_sc_hd__clkbuf_16)
                  0.06    0.20   10.47 ^ clkbuf_1_0__f_clk/X (sky130_fd_sc_hd__clkbuf_16)
     4    0.01                           clknet_1_0__leaf_clk (net)
                  0.06    0.00   10.47 ^ _45_/CLK (sky130_fd_sc_hd__dfrtp_1)
                         -0.25   10.22   clock uncertainty
                          0.00   10.22   clock reconvergence pessimism
                          0.46   10.68   library recovery time
                                 10.68   data required time
-----------------------------------------------------------------------------
                                 10.68   data required time
                                 -2.48   data arrival time
-----------------------------------------------------------------------------
                                  8.20   slack (MET)


Startpoint: reset (input port clocked by clk)
Endpoint: _49_ (recovery check against rising-edge clock clk)
Path Group: asynchronous
Path Type: max
Corner: Slowest

Fanout     Cap    Slew   Delay    Time   Description
-----------------------------------------------------------------------------
                          0.00    0.00   clock clk (rise edge)
                          0.00    0.00   clock network delay (propagated)
                          2.00    2.00 v input external delay
                  0.02    0.01    2.01 v reset (in)
     1    0.00                           reset (net)
                  0.02    0.00    2.01 v input1/A (sky130_fd_sc_hd__clkbuf_4)
                  0.17    0.35    2.36 v input1/X (sky130_fd_sc_hd__clkbuf_4)
     8    0.04                           net1 (net)
                  0.17    0.00    2.36 v _41_/A (sky130_fd_sc_hd__inv_2)
                  0.06    0.12    2.48 ^ _41_/Y (sky130_fd_sc_hd__inv_2)
     1    0.00                           _13_ (net)
                  0.06    0.00    2.48 ^ _49_/RESET_B (sky130_fd_sc_hd__dfrtp_1)
                                  2.48   data arrival time

                         10.00   10.00   clock clk (rise edge)
                          0.00   10.00   clock source latency
                  0.09    0.05   10.05 ^ clk (in)
     1    0.01                           clk (net)
                  0.09    0.00   10.05 ^ clkbuf_0_clk/A (sky130_fd_sc_hd__clkbuf_16)
                  0.07    0.22   10.27 ^ clkbuf_0_clk/X (sky130_fd_sc_hd__clkbuf_16)
     2    0.02                           clknet_0_clk (net)
                  0.07    0.00   10.27 ^ clkbuf_1_1__f_clk/A (sky130_fd_sc_hd__clkbuf_16)
                  0.06    0.20   10.47 ^ clkbuf_1_1__f_clk/X (sky130_fd_sc_hd__clkbuf_16)
     4    0.01                           clknet_1_1__leaf_clk (net)
                  0.06    0.00   10.47 ^ _49_/CLK (sky130_fd_sc_hd__dfrtp_1)
                         -0.25   10.22   clock uncertainty
                          0.00   10.22   clock reconvergence pessimism
                          0.46   10.68   library recovery time
                                 10.68   data required time
-----------------------------------------------------------------------------
                                 10.68   data required time
                                 -2.48   data arrival time
-----------------------------------------------------------------------------
                                  8.20   slack (MET)


Startpoint: reset (input port clocked by clk)
Endpoint: _50_ (recovery check against rising-edge clock clk)
Path Group: asynchronous
Path Type: max
Corner: Slowest

Fanout     Cap    Slew   Delay    Time   Description
-----------------------------------------------------------------------------
                          0.00    0.00   clock clk (rise edge)
                          0.00    0.00   clock network delay (propagated)
                          2.00    2.00 v input external delay
                  0.02    0.01    2.01 v reset (in)
     1    0.00                           reset (net)
                  0.02    0.00    2.01 v input1/A (sky130_fd_sc_hd__clkbuf_4)
                  0.17    0.35    2.36 v input1/X (sky130_fd_sc_hd__clkbuf_4)
     8    0.04                           net1 (net)
                  0.17    0.00    2.36 v _42_/A (sky130_fd_sc_hd__inv_2)
                  0.06    0.11    2.47 ^ _42_/Y (sky130_fd_sc_hd__inv_2)
     1    0.00                           _14_ (net)
                  0.06    0.00    2.47 ^ _50_/RESET_B (sky130_fd_sc_hd__dfrtp_1)
                                  2.47   data arrival time

                         10.00   10.00   clock clk (rise edge)
                          0.00   10.00   clock source latency
                  0.09    0.05   10.05 ^ clk (in)
     1    0.01                           clk (net)
                  0.09    0.00   10.05 ^ clkbuf_0_clk/A (sky130_fd_sc_hd__clkbuf_16)
                  0.07    0.22   10.27 ^ clkbuf_0_clk/X (sky130_fd_sc_hd__clkbuf_16)
     2    0.02                           clknet_0_clk (net)
                  0.07    0.00   10.27 ^ clkbuf_1_1__f_clk/A (sky130_fd_sc_hd__clkbuf_16)
                  0.06    0.20   10.47 ^ clkbuf_1_1__f_clk/X (sky130_fd_sc_hd__clkbuf_16)
     4    0.01                           clknet_1_1__leaf_clk (net)
                  0.06    0.00   10.47 ^ _50_/CLK (sky130_fd_sc_hd__dfrtp_1)
                         -0.25   10.22   clock uncertainty
                          0.00   10.22   clock reconvergence pessimism
                          0.46   10.68   library recovery time
                                 10.68   data required time
-----------------------------------------------------------------------------
                                 10.68   data required time
                                 -2.47   data arrival time
-----------------------------------------------------------------------------
                                  8.21   slack (MET)


Startpoint: reset (input port clocked by clk)
Endpoint: _48_ (recovery check against rising-edge clock clk)
Path Group: asynchronous
Path Type: max
Corner: Slowest

Fanout     Cap    Slew   Delay    Time   Description
-----------------------------------------------------------------------------
                          0.00    0.00   clock clk (rise edge)
                          0.00    0.00   clock network delay (propagated)
                          2.00    2.00 v input external delay
                  0.02    0.01    2.01 v reset (in)
     1    0.00                           reset (net)
                  0.02    0.00    2.01 v input1/A (sky130_fd_sc_hd__clkbuf_4)
                  0.17    0.35    2.36 v input1/X (sky130_fd_sc_hd__clkbuf_4)
     8    0.04                           net1 (net)
                  0.17    0.00    2.36 v _40_/A (sky130_fd_sc_hd__inv_2)
                  0.06    0.11    2.47 ^ _40_/Y (sky130_fd_sc_hd__inv_2)
     1    0.00                           _12_ (net)
                  0.06    0.00    2.47 ^ _48_/RESET_B (sky130_fd_sc_hd__dfrtp_1)
                                  2.47   data arrival time

                         10.00   10.00   clock clk (rise edge)
                          0.00   10.00   clock source latency
                  0.09    0.05   10.05 ^ clk (in)
     1    0.01                           clk (net)
                  0.09    0.00   10.05 ^ clkbuf_0_clk/A (sky130_fd_sc_hd__clkbuf_16)
                  0.07    0.22   10.27 ^ clkbuf_0_clk/X (sky130_fd_sc_hd__clkbuf_16)
     2    0.02                           clknet_0_clk (net)
                  0.07    0.00   10.27 ^ clkbuf_1_1__f_clk/A (sky130_fd_sc_hd__clkbuf_16)
                  0.06    0.20   10.47 ^ clkbuf_1_1__f_clk/X (sky130_fd_sc_hd__clkbuf_16)
     4    0.01                           clknet_1_1__leaf_clk (net)
                  0.06    0.00   10.47 ^ _48_/CLK (sky130_fd_sc_hd__dfrtp_1)
                         -0.25   10.22   clock uncertainty
                          0.00   10.22   clock reconvergence pessimism
                          0.46   10.68   library recovery time
                                 10.68   data required time
-----------------------------------------------------------------------------
                                 10.68   data required time
                                 -2.47   data arrival time
-----------------------------------------------------------------------------
                                  8.21   slack (MET)


Startpoint: _44_ (rising edge-triggered flip-flop clocked by clk)
Endpoint: _44_ (rising edge-triggered flip-flop clocked by clk)
Path Group: clk
Path Type: max
Corner: Slowest

Fanout     Cap    Slew   Delay    Time   Description
-----------------------------------------------------------------------------
                          0.00    0.00   clock clk (rise edge)
                          0.00    0.00   clock source latency
                  0.09    0.06    0.06 ^ clk (in)
     1    0.01                           clk (net)
                  0.09    0.00    0.06 ^ clkbuf_0_clk/A (sky130_fd_sc_hd__clkbuf_16)
                  0.07    0.24    0.30 ^ clkbuf_0_clk/X (sky130_fd_sc_hd__clkbuf_16)
     2    0.02                           clknet_0_clk (net)
                  0.07    0.00    0.30 ^ clkbuf_1_0__f_clk/A (sky130_fd_sc_hd__clkbuf_16)
                  0.06    0.22    0.52 ^ clkbuf_1_0__f_clk/X (sky130_fd_sc_hd__clkbuf_16)
     4    0.01                           clknet_1_0__leaf_clk (net)
                  0.06    0.00    0.52 ^ _44_/CLK (sky130_fd_sc_hd__dfrtp_1)
                  0.20    0.77    1.28 ^ _44_/Q (sky130_fd_sc_hd__dfrtp_1)
     4    0.01                           net2 (net)
                  0.20    0.00    1.28 ^ hold1/A (sky130_fd_sc_hd__buf_1)
                  0.28    0.37    1.66 ^ hold1/X (sky130_fd_sc_hd__buf_1)
     3    0.01                           net10 (net)
                  0.28    0.00    1.66 ^ _22_/A (sky130_fd_sc_hd__inv_2)
                  0.05    0.11    1.77 v _22_/Y (sky130_fd_sc_hd__inv_2)
     1    0.00                           _00_ (net)
                  0.05    0.00    1.77 v _44_/D (sky130_fd_sc_hd__dfrtp_1)
                                  1.77   data arrival time

                         10.00   10.00   clock clk (rise edge)
                          0.00   10.00   clock source latency
                  0.09    0.05   10.05 ^ clk (in)
     1    0.01                           clk (net)
                  0.09    0.00   10.05 ^ clkbuf_0_clk/A (sky130_fd_sc_hd__clkbuf_16)
                  0.07    0.22   10.27 ^ clkbuf_0_clk/X (sky130_fd_sc_hd__clkbuf_16)
     2    0.02                           clknet_0_clk (net)
                  0.07    0.00   10.27 ^ clkbuf_1_0__f_clk/A (sky130_fd_sc_hd__clkbuf_16)
                  0.06    0.20   10.47 ^ clkbuf_1_0__f_clk/X (sky130_fd_sc_hd__clkbuf_16)
     4    0.01                           clknet_1_0__leaf_clk (net)
                  0.06    0.00   10.47 ^ _44_/CLK (sky130_fd_sc_hd__dfrtp_1)
                         -0.25   10.22   clock uncertainty
                          0.05   10.27   clock reconvergence pessimism
                         -0.27    9.99   library setup time
                                  9.99   data required time
-----------------------------------------------------------------------------
                                  9.99   data required time
                                 -1.77   data arrival time
-----------------------------------------------------------------------------
                                  8.22   slack (MET)



======================= Typical Corner ===================================

Startpoint: _45_ (rising edge-triggered flip-flop clocked by clk)
Endpoint: count[1] (output port clocked by clk)
Path Group: clk
Path Type: max
Corner: Typical

Fanout     Cap    Slew   Delay    Time   Description
-----------------------------------------------------------------------------
                          0.00    0.00   clock clk (rise edge)
                          0.00    0.00   clock source latency
                  0.05    0.04    0.04 ^ clk (in)
     1    0.01                           clk (net)
                  0.05    0.00    0.04 ^ clkbuf_0_clk/A (sky130_fd_sc_hd__clkbuf_16)
                  0.04    0.13    0.17 ^ clkbuf_0_clk/X (sky130_fd_sc_hd__clkbuf_16)
     2    0.02                           clknet_0_clk (net)
                  0.04    0.00    0.17 ^ clkbuf_1_0__f_clk/A (sky130_fd_sc_hd__clkbuf_16)
                  0.03    0.12    0.29 ^ clkbuf_1_0__f_clk/X (sky130_fd_sc_hd__clkbuf_16)
     4    0.01                           clknet_1_0__leaf_clk (net)
                  0.03    0.00    0.29 ^ _45_/CLK (sky130_fd_sc_hd__dfrtp_1)
                  0.15    0.42    0.71 ^ _45_/Q (sky130_fd_sc_hd__dfrtp_1)
     5    0.02                           net3 (net)
                  0.15    0.00    0.71 ^ output3/A (sky130_fd_sc_hd__clkbuf_4)
                  0.11    0.23    0.95 ^ output3/X (sky130_fd_sc_hd__clkbuf_4)
     1    0.03                           count[1] (net)
                  0.11    0.00    0.95 ^ count[1] (out)
                                  0.95   data arrival time

                         10.00   10.00   clock clk (rise edge)
                          0.00   10.00   clock network delay (propagated)
                         -0.25    9.75   clock uncertainty
                          0.00    9.75   clock reconvergence pessimism
                         -2.00    7.75   output external delay
                                  7.75   data required time
-----------------------------------------------------------------------------
                                  7.75   data required time
                                 -0.95   data arrival time
-----------------------------------------------------------------------------
                                  6.80   slack (MET)


Startpoint: _49_ (rising edge-triggered flip-flop clocked by clk)
Endpoint: count[5] (output port clocked by clk)
Path Group: clk
Path Type: max
Corner: Typical

Fanout     Cap    Slew   Delay    Time   Description
-----------------------------------------------------------------------------
                          0.00    0.00   clock clk (rise edge)
                          0.00    0.00   clock source latency
                  0.05    0.04    0.04 ^ clk (in)
     1    0.01                           clk (net)
                  0.05    0.00    0.04 ^ clkbuf_0_clk/A (sky130_fd_sc_hd__clkbuf_16)
                  0.04    0.13    0.17 ^ clkbuf_0_clk/X (sky130_fd_sc_hd__clkbuf_16)
     2    0.02                           clknet_0_clk (net)
                  0.04    0.00    0.17 ^ clkbuf_1_1__f_clk/A (sky130_fd_sc_hd__clkbuf_16)
                  0.04    0.12    0.30 ^ clkbuf_1_1__f_clk/X (sky130_fd_sc_hd__clkbuf_16)
     4    0.01                           clknet_1_1__leaf_clk (net)
                  0.04    0.00    0.30 ^ _49_/CLK (sky130_fd_sc_hd__dfrtp_1)
                  0.08    0.42    0.71 v _49_/Q (sky130_fd_sc_hd__dfrtp_1)
     4    0.01                           net7 (net)
                  0.08    0.00    0.71 v output7/A (sky130_fd_sc_hd__clkbuf_4)
                  0.08    0.21    0.92 v output7/X (sky130_fd_sc_hd__clkbuf_4)
     1    0.03                           count[5] (net)
                  0.08    0.00    0.92 v count[5] (out)
                                  0.92   data arrival time

                         10.00   10.00   clock clk (rise edge)
                          0.00   10.00   clock network delay (propagated)
                         -0.25    9.75   clock uncertainty
                          0.00    9.75   clock reconvergence pessimism
                         -2.00    7.75   output external delay
                                  7.75   data required time
-----------------------------------------------------------------------------
                                  7.75   data required time
                                 -0.92   data arrival time
-----------------------------------------------------------------------------
                                  6.83   slack (MET)


Startpoint: _44_ (rising edge-triggered flip-flop clocked by clk)
Endpoint: count[0] (output port clocked by clk)
Path Group: clk
Path Type: max
Corner: Typical

Fanout     Cap    Slew   Delay    Time   Description
-----------------------------------------------------------------------------
                          0.00    0.00   clock clk (rise edge)
                          0.00    0.00   clock source latency
                  0.05    0.04    0.04 ^ clk (in)
     1    0.01                           clk (net)
                  0.05    0.00    0.04 ^ clkbuf_0_clk/A (sky130_fd_sc_hd__clkbuf_16)
                  0.04    0.13    0.17 ^ clkbuf_0_clk/X (sky130_fd_sc_hd__clkbuf_16)
     2    0.02                           clknet_0_clk (net)
                  0.04    0.00    0.17 ^ clkbuf_1_0__f_clk/A (sky130_fd_sc_hd__clkbuf_16)
                  0.03    0.12    0.29 ^ clkbuf_1_0__f_clk/X (sky130_fd_sc_hd__clkbuf_16)
     4    0.01                           clknet_1_0__leaf_clk (net)
                  0.03    0.00    0.29 ^ _44_/CLK (sky130_fd_sc_hd__dfrtp_1)
                  0.08    0.42    0.71 v _44_/Q (sky130_fd_sc_hd__dfrtp_1)
     4    0.01                           net2 (net)
                  0.08    0.00    0.71 v output2/A (sky130_fd_sc_hd__clkbuf_4)
                  0.08    0.21    0.92 v output2/X (sky130_fd_sc_hd__clkbuf_4)
     1    0.04                           count[0] (net)
                  0.08    0.00    0.92 v count[0] (out)
                                  0.92   data arrival time

                         10.00   10.00   clock clk (rise edge)
                          0.00   10.00   clock network delay (propagated)
                         -0.25    9.75   clock uncertainty
                          0.00    9.75   clock reconvergence pessimism
                         -2.00    7.75   output external delay
                                  7.75   data required time
-----------------------------------------------------------------------------
                                  7.75   data required time
                                 -0.92   data arrival time
-----------------------------------------------------------------------------
                                  6.83   slack (MET)


Startpoint: _48_ (rising edge-triggered flip-flop clocked by clk)
Endpoint: count[4] (output port clocked by clk)
Path Group: clk
Path Type: max
Corner: Typical

Fanout     Cap    Slew   Delay    Time   Description
-----------------------------------------------------------------------------
                          0.00    0.00   clock clk (rise edge)
                          0.00    0.00   clock source latency
                  0.05    0.04    0.04 ^ clk (in)
     1    0.01                           clk (net)
                  0.05    0.00    0.04 ^ clkbuf_0_clk/A (sky130_fd_sc_hd__clkbuf_16)
                  0.04    0.13    0.17 ^ clkbuf_0_clk/X (sky130_fd_sc_hd__clkbuf_16)
     2    0.02                           clknet_0_clk (net)
                  0.04    0.00    0.17 ^ clkbuf_1_1__f_clk/A (sky130_fd_sc_hd__clkbuf_16)
                  0.04    0.12    0.30 ^ clkbuf_1_1__f_clk/X (sky130_fd_sc_hd__clkbuf_16)
     4    0.01                           clknet_1_1__leaf_clk (net)
                  0.04    0.00    0.30 ^ _48_/CLK (sky130_fd_sc_hd__dfrtp_1)
                  0.07    0.41    0.70 v _48_/Q (sky130_fd_sc_hd__dfrtp_1)
     4    0.01                           net6 (net)
                  0.07    0.00    0.70 v output6/A (sky130_fd_sc_hd__clkbuf_4)
                  0.08    0.21    0.91 v output6/X (sky130_fd_sc_hd__clkbuf_4)
     1    0.03                           count[4] (net)
                  0.08    0.00    0.91 v count[4] (out)
                                  0.91   data arrival time

                         10.00   10.00   clock clk (rise edge)
                          0.00   10.00   clock network delay (propagated)
                         -0.25    9.75   clock uncertainty
                          0.00    9.75   clock reconvergence pessimism
                         -2.00    7.75   output external delay
                                  7.75   data required time
-----------------------------------------------------------------------------
                                  7.75   data required time
                                 -0.91   data arrival time
-----------------------------------------------------------------------------
                                  6.84   slack (MET)


Startpoint: _46_ (rising edge-triggered flip-flop clocked by clk)
Endpoint: count[2] (output port clocked by clk)
Path Group: clk
Path Type: max
Corner: Typical

Fanout     Cap    Slew   Delay    Time   Description
-----------------------------------------------------------------------------
                          0.00    0.00   clock clk (rise edge)
                          0.00    0.00   clock source latency
                  0.05    0.04    0.04 ^ clk (in)
     1    0.01                           clk (net)
                  0.05    0.00    0.04 ^ clkbuf_0_clk/A (sky130_fd_sc_hd__clkbuf_16)
                  0.04    0.13    0.17 ^ clkbuf_0_clk/X (sky130_fd_sc_hd__clkbuf_16)
     2    0.02                           clknet_0_clk (net)
                  0.04    0.00    0.17 ^ clkbuf_1_0__f_clk/A (sky130_fd_sc_hd__clkbuf_16)
                  0.03    0.12    0.29 ^ clkbuf_1_0__f_clk/X (sky130_fd_sc_hd__clkbuf_16)
     4    0.01                           clknet_1_0__leaf_clk (net)
                  0.03    0.00    0.29 ^ _46_/CLK (sky130_fd_sc_hd__dfrtp_1)
                  0.07    0.41    0.70 v _46_/Q (sky130_fd_sc_hd__dfrtp_1)
     4    0.01                           net4 (net)
                  0.07    0.00    0.70 v output4/A (sky130_fd_sc_hd__clkbuf_4)
                  0.08    0.20    0.91 v output4/X (sky130_fd_sc_hd__clkbuf_4)
     1    0.03                           count[2] (net)
                  0.08    0.00    0.91 v count[2] (out)
                                  0.91   data arrival time

                         10.00   10.00   clock clk (rise edge)
                          0.00   10.00   clock network delay (propagated)
                         -0.25    9.75   clock uncertainty
                          0.00    9.75   clock reconvergence pessimism
                         -2.00    7.75   output external delay
                                  7.75   data required time
-----------------------------------------------------------------------------
                                  7.75   data required time
                                 -0.91   data arrival time
-----------------------------------------------------------------------------
                                  6.84   slack (MET)


Startpoint: _47_ (rising edge-triggered flip-flop clocked by clk)
Endpoint: count[3] (output port clocked by clk)
Path Group: clk
Path Type: max
Corner: Typical

Fanout     Cap    Slew   Delay    Time   Description
-----------------------------------------------------------------------------
                          0.00    0.00   clock clk (rise edge)
                          0.00    0.00   clock source latency
                  0.05    0.04    0.04 ^ clk (in)
     1    0.01                           clk (net)
                  0.05    0.00    0.04 ^ clkbuf_0_clk/A (sky130_fd_sc_hd__clkbuf_16)
                  0.04    0.13    0.17 ^ clkbuf_0_clk/X (sky130_fd_sc_hd__clkbuf_16)
     2    0.02                           clknet_0_clk (net)
                  0.04    0.00    0.17 ^ clkbuf_1_0__f_clk/A (sky130_fd_sc_hd__clkbuf_16)
                  0.03    0.12    0.29 ^ clkbuf_1_0__f_clk/X (sky130_fd_sc_hd__clkbuf_16)
     4    0.01                           clknet_1_0__leaf_clk (net)
                  0.03    0.00    0.29 ^ _47_/CLK (sky130_fd_sc_hd__dfrtp_1)
                  0.07    0.40    0.69 v _47_/Q (sky130_fd_sc_hd__dfrtp_1)
     3    0.01                           net5 (net)
                  0.07    0.00    0.69 v output5/A (sky130_fd_sc_hd__clkbuf_4)
                  0.08    0.20    0.90 v output5/X (sky130_fd_sc_hd__clkbuf_4)
     1    0.04                           count[3] (net)
                  0.08    0.00    0.90 v count[3] (out)
                                  0.90   data arrival time

                         10.00   10.00   clock clk (rise edge)
                          0.00   10.00   clock network delay (propagated)
                         -0.25    9.75   clock uncertainty
                          0.00    9.75   clock reconvergence pessimism
                         -2.00    7.75   output external delay
                                  7.75   data required time
-----------------------------------------------------------------------------
                                  7.75   data required time
                                 -0.90   data arrival time
-----------------------------------------------------------------------------
                                  6.85   slack (MET)


Startpoint: _50_ (rising edge-triggered flip-flop clocked by clk)
Endpoint: count[6] (output port clocked by clk)
Path Group: clk
Path Type: max
Corner: Typical

Fanout     Cap    Slew   Delay    Time   Description
-----------------------------------------------------------------------------
                          0.00    0.00   clock clk (rise edge)
                          0.00    0.00   clock source latency
                  0.05    0.04    0.04 ^ clk (in)
     1    0.01                           clk (net)
                  0.05    0.00    0.04 ^ clkbuf_0_clk/A (sky130_fd_sc_hd__clkbuf_16)
                  0.04    0.13    0.17 ^ clkbuf_0_clk/X (sky130_fd_sc_hd__clkbuf_16)
     2    0.02                           clknet_0_clk (net)
                  0.04    0.00    0.17 ^ clkbuf_1_1__f_clk/A (sky130_fd_sc_hd__clkbuf_16)
                  0.04    0.12    0.30 ^ clkbuf_1_1__f_clk/X (sky130_fd_sc_hd__clkbuf_16)
     4    0.01                           clknet_1_1__leaf_clk (net)
                  0.04    0.00    0.30 ^ _50_/CLK (sky130_fd_sc_hd__dfrtp_1)
                  0.06    0.40    0.69 v _50_/Q (sky130_fd_sc_hd__dfrtp_1)
     3    0.01                           net8 (net)
                  0.06    0.00    0.69 v output8/A (sky130_fd_sc_hd__clkbuf_4)
                  0.08    0.20    0.89 v output8/X (sky130_fd_sc_hd__clkbuf_4)
     1    0.03                           count[6] (net)
                  0.08    0.00    0.89 v count[6] (out)
                                  0.89   data arrival time

                         10.00   10.00   clock clk (rise edge)
                          0.00   10.00   clock network delay (propagated)
                         -0.25    9.75   clock uncertainty
                          0.00    9.75   clock reconvergence pessimism
                         -2.00    7.75   output external delay
                                  7.75   data required time
-----------------------------------------------------------------------------
                                  7.75   data required time
                                 -0.89   data arrival time
-----------------------------------------------------------------------------
                                  6.86   slack (MET)


Startpoint: _51_ (rising edge-triggered flip-flop clocked by clk)
Endpoint: count[7] (output port clocked by clk)
Path Group: clk
Path Type: max
Corner: Typical

Fanout     Cap    Slew   Delay    Time   Description
-----------------------------------------------------------------------------
                          0.00    0.00   clock clk (rise edge)
                          0.00    0.00   clock source latency
                  0.05    0.04    0.04 ^ clk (in)
     1    0.01                           clk (net)
                  0.05    0.00    0.04 ^ clkbuf_0_clk/A (sky130_fd_sc_hd__clkbuf_16)
                  0.04    0.13    0.17 ^ clkbuf_0_clk/X (sky130_fd_sc_hd__clkbuf_16)
     2    0.02                           clknet_0_clk (net)
                  0.04    0.00    0.17 ^ clkbuf_1_1__f_clk/A (sky130_fd_sc_hd__clkbuf_16)
                  0.04    0.12    0.30 ^ clkbuf_1_1__f_clk/X (sky130_fd_sc_hd__clkbuf_16)
     4    0.01                           clknet_1_1__leaf_clk (net)
                  0.04    0.00    0.30 ^ _51_/CLK (sky130_fd_sc_hd__dfrtp_1)
                  0.05    0.39    0.68 v _51_/Q (sky130_fd_sc_hd__dfrtp_1)
     2    0.01                           net9 (net)
                  0.05    0.00    0.68 v output9/A (sky130_fd_sc_hd__clkbuf_4)
                  0.08    0.20    0.88 v output9/X (sky130_fd_sc_hd__clkbuf_4)
     1    0.04                           count[7] (net)
                  0.08    0.00    0.88 v count[7] (out)
                                  0.88   data arrival time

                         10.00   10.00   clock clk (rise edge)
                          0.00   10.00   clock network delay (propagated)
                         -0.25    9.75   clock uncertainty
                          0.00    9.75   clock reconvergence pessimism
                         -2.00    7.75   output external delay
                                  7.75   data required time
-----------------------------------------------------------------------------
                                  7.75   data required time
                                 -0.88   data arrival time
-----------------------------------------------------------------------------
                                  6.87   slack (MET)


Startpoint: _46_ (rising edge-triggered flip-flop clocked by clk)
Endpoint: _46_ (rising edge-triggered flip-flop clocked by clk)
Path Group: clk
Path Type: max
Corner: Typical

Fanout     Cap    Slew   Delay    Time   Description
-----------------------------------------------------------------------------
                          0.00    0.00   clock clk (rise edge)
                          0.00    0.00   clock source latency
                  0.05    0.04    0.04 ^ clk (in)
     1    0.01                           clk (net)
                  0.05    0.00    0.04 ^ clkbuf_0_clk/A (sky130_fd_sc_hd__clkbuf_16)
                  0.04    0.13    0.17 ^ clkbuf_0_clk/X (sky130_fd_sc_hd__clkbuf_16)
     2    0.02                           clknet_0_clk (net)
                  0.04    0.00    0.17 ^ clkbuf_1_0__f_clk/A (sky130_fd_sc_hd__clkbuf_16)
                  0.03    0.12    0.29 ^ clkbuf_1_0__f_clk/X (sky130_fd_sc_hd__clkbuf_16)
     4    0.01                           clknet_1_0__leaf_clk (net)
                  0.03    0.00    0.29 ^ _46_/CLK (sky130_fd_sc_hd__dfrtp_1)
                  0.07    0.41    0.70 v _46_/Q (sky130_fd_sc_hd__dfrtp_1)
     4    0.01                           net4 (net)
                  0.07    0.00    0.70 v hold7/A (sky130_fd_sc_hd__dlygate4sd3_1)
                  0.06    0.60    1.30 v hold7/X (sky130_fd_sc_hd__dlygate4sd3_1)
     1    0.00                           net16 (net)
                  0.06    0.00    1.30 v _34_/B1 (sky130_fd_sc_hd__a21oi_1)
                  0.12    0.14    1.44 ^ _34_/Y (sky130_fd_sc_hd__a21oi_1)
     1    0.00                           _21_ (net)
                  0.12    0.00    1.44 ^ hold8/A (sky130_fd_sc_hd__dlygate4sd3_1)
                  0.06    0.59    2.03 ^ hold8/X (sky130_fd_sc_hd__dlygate4sd3_1)
     1    0.00                           net17 (net)
                  0.06    0.00    2.03 ^ _35_/B (sky130_fd_sc_hd__nor2_1)
                  0.03    0.04    2.07 v _35_/Y (sky130_fd_sc_hd__nor2_1)
     1    0.00                           _02_ (net)
                  0.03    0.00    2.07 v _46_/D (sky130_fd_sc_hd__dfrtp_1)
                                  2.07   data arrival time

                         10.00   10.00   clock clk (rise edge)
                          0.00   10.00   clock source latency
                  0.05    0.03   10.03 ^ clk (in)
     1    0.01                           clk (net)
                  0.05    0.00   10.03 ^ clkbuf_0_clk/A (sky130_fd_sc_hd__clkbuf_16)
                  0.04    0.12   10.16 ^ clkbuf_0_clk/X (sky130_fd_sc_hd__clkbuf_16)
     2    0.02                           clknet_0_clk (net)
                  0.04    0.00   10.16 ^ clkbuf_1_0__f_clk/A (sky130_fd_sc_hd__clkbuf_16)
                  0.03    0.11   10.27 ^ clkbuf_1_0__f_clk/X (sky130_fd_sc_hd__clkbuf_16)
     4    0.01                           clknet_1_0__leaf_clk (net)
                  0.03    0.00   10.27 ^ _46_/CLK (sky130_fd_sc_hd__dfrtp_1)
                         -0.25   10.02   clock uncertainty
                          0.03   10.04   clock reconvergence pessimism
                         -0.11    9.93   library setup time
                                  9.93   data required time
-----------------------------------------------------------------------------
                                  9.93   data required time
                                 -2.07   data arrival time
-----------------------------------------------------------------------------
                                  7.86   slack (MET)


Startpoint: reset (input port clocked by clk)
Endpoint: _44_ (recovery check against rising-edge clock clk)
Path Group: asynchronous
Path Type: max
Corner: Typical

Fanout     Cap    Slew   Delay    Time   Description
-----------------------------------------------------------------------------
                          0.00    0.00   clock clk (rise edge)
                          0.00    0.00   clock network delay (propagated)
                          2.00    2.00 v input external delay
                  0.01    0.01    2.01 v reset (in)
     1    0.00                           reset (net)
                  0.01    0.00    2.01 v input1/A (sky130_fd_sc_hd__clkbuf_4)
                  0.10    0.19    2.20 v input1/X (sky130_fd_sc_hd__clkbuf_4)
     8    0.04                           net1 (net)
                  0.10    0.00    2.20 v _36_/A (sky130_fd_sc_hd__inv_2)
                  0.05    0.08    2.28 ^ _36_/Y (sky130_fd_sc_hd__inv_2)
     1    0.01                           _08_ (net)
                  0.05    0.00    2.28 ^ _44_/RESET_B (sky130_fd_sc_hd__dfrtp_1)
                                  2.28   data arrival time

                         10.00   10.00   clock clk (rise edge)
                          0.00   10.00   clock source latency
                  0.05    0.03   10.03 ^ clk (in)
     1    0.01                           clk (net)
                  0.05    0.00   10.03 ^ clkbuf_0_clk/A (sky130_fd_sc_hd__clkbuf_16)
                  0.04    0.12   10.16 ^ clkbuf_0_clk/X (sky130_fd_sc_hd__clkbuf_16)
     2    0.02                           clknet_0_clk (net)
                  0.04    0.00   10.16 ^ clkbuf_1_0__f_clk/A (sky130_fd_sc_hd__clkbuf_16)
                  0.03    0.11   10.27 ^ clkbuf_1_0__f_clk/X (sky130_fd_sc_hd__clkbuf_16)
     4    0.01                           clknet_1_0__leaf_clk (net)
                  0.03    0.00   10.27 ^ _44_/CLK (sky130_fd_sc_hd__dfrtp_1)
                         -0.25   10.02   clock uncertainty
                          0.00   10.02   clock reconvergence pessimism
                          0.23   10.24   library recovery time
                                 10.24   data required time
-----------------------------------------------------------------------------
                                 10.24   data required time
                                 -2.28   data arrival time
-----------------------------------------------------------------------------
                                  7.96   slack (MET)


Startpoint: reset (input port clocked by clk)
Endpoint: _47_ (recovery check against rising-edge clock clk)
Path Group: asynchronous
Path Type: max
Corner: Typical

Fanout     Cap    Slew   Delay    Time   Description
-----------------------------------------------------------------------------
                          0.00    0.00   clock clk (rise edge)
                          0.00    0.00   clock network delay (propagated)
                          2.00    2.00 v input external delay
                  0.01    0.01    2.01 v reset (in)
     1    0.00                           reset (net)
                  0.01    0.00    2.01 v input1/A (sky130_fd_sc_hd__clkbuf_4)
                  0.10    0.19    2.20 v input1/X (sky130_fd_sc_hd__clkbuf_4)
     8    0.04                           net1 (net)
                  0.10    0.00    2.20 v _39_/A (sky130_fd_sc_hd__inv_2)
                  0.04    0.07    2.27 ^ _39_/Y (sky130_fd_sc_hd__inv_2)
     1    0.00                           _11_ (net)
                  0.04    0.00    2.27 ^ _47_/RESET_B (sky130_fd_sc_hd__dfrtp_1)
                                  2.27   data arrival time

                         10.00   10.00   clock clk (rise edge)
                          0.00   10.00   clock source latency
                  0.05    0.03   10.03 ^ clk (in)
     1    0.01                           clk (net)
                  0.05    0.00   10.03 ^ clkbuf_0_clk/A (sky130_fd_sc_hd__clkbuf_16)
                  0.04    0.12   10.16 ^ clkbuf_0_clk/X (sky130_fd_sc_hd__clkbuf_16)
     2    0.02                           clknet_0_clk (net)
                  0.04    0.00   10.16 ^ clkbuf_1_0__f_clk/A (sky130_fd_sc_hd__clkbuf_16)
                  0.03    0.11   10.27 ^ clkbuf_1_0__f_clk/X (sky130_fd_sc_hd__clkbuf_16)
     4    0.01                           clknet_1_0__leaf_clk (net)
                  0.03    0.00   10.27 ^ _47_/CLK (sky130_fd_sc_hd__dfrtp_1)
                         -0.25   10.02   clock uncertainty
                          0.00   10.02   clock reconvergence pessimism
                          0.23   10.25   library recovery time
                                 10.25   data required time
-----------------------------------------------------------------------------
                                 10.25   data required time
                                 -2.27   data arrival time
-----------------------------------------------------------------------------
                                  7.98   slack (MET)


Startpoint: reset (input port clocked by clk)
Endpoint: _51_ (recovery check against rising-edge clock clk)
Path Group: asynchronous
Path Type: max
Corner: Typical

Fanout     Cap    Slew   Delay    Time   Description
-----------------------------------------------------------------------------
                          0.00    0.00   clock clk (rise edge)
                          0.00    0.00   clock network delay (propagated)
                          2.00    2.00 v input external delay
                  0.01    0.01    2.01 v reset (in)
     1    0.00                           reset (net)
                  0.01    0.00    2.01 v input1/A (sky130_fd_sc_hd__clkbuf_4)
                  0.10    0.19    2.20 v input1/X (sky130_fd_sc_hd__clkbuf_4)
     8    0.04                           net1 (net)
                  0.10    0.00    2.20 v _43_/A (sky130_fd_sc_hd__inv_2)
                  0.04    0.07    2.27 ^ _43_/Y (sky130_fd_sc_hd__inv_2)
     1    0.00                           _15_ (net)
                  0.04    0.00    2.27 ^ _51_/RESET_B (sky130_fd_sc_hd__dfrtp_1)
                                  2.27   data arrival time

                         10.00   10.00   clock clk (rise edge)
                          0.00   10.00   clock source latency
                  0.05    0.03   10.03 ^ clk (in)
     1    0.01                           clk (net)
                  0.05    0.00   10.03 ^ clkbuf_0_clk/A (sky130_fd_sc_hd__clkbuf_16)
                  0.04    0.12   10.16 ^ clkbuf_0_clk/X (sky130_fd_sc_hd__clkbuf_16)
     2    0.02                           clknet_0_clk (net)
                  0.04    0.00   10.16 ^ clkbuf_1_1__f_clk/A (sky130_fd_sc_hd__clkbuf_16)
                  0.04    0.11   10.27 ^ clkbuf_1_1__f_clk/X (sky130_fd_sc_hd__clkbuf_16)
     4    0.01                           clknet_1_1__leaf_clk (net)
                  0.04    0.00   10.27 ^ _51_/CLK (sky130_fd_sc_hd__dfrtp_1)
                         -0.25   10.02   clock uncertainty
                          0.00   10.02   clock reconvergence pessimism
                          0.23   10.25   library recovery time
                                 10.25   data required time
-----------------------------------------------------------------------------
                                 10.25   data required time
                                 -2.27   data arrival time
-----------------------------------------------------------------------------
                                  7.98   slack (MET)


Startpoint: reset (input port clocked by clk)
Endpoint: _45_ (recovery check against rising-edge clock clk)
Path Group: asynchronous
Path Type: max
Corner: Typical

Fanout     Cap    Slew   Delay    Time   Description
-----------------------------------------------------------------------------
                          0.00    0.00   clock clk (rise edge)
                          0.00    0.00   clock network delay (propagated)
                          2.00    2.00 v input external delay
                  0.01    0.01    2.01 v reset (in)
     1    0.00                           reset (net)
                  0.01    0.00    2.01 v input1/A (sky130_fd_sc_hd__clkbuf_4)
                  0.10    0.19    2.20 v input1/X (sky130_fd_sc_hd__clkbuf_4)
     8    0.04                           net1 (net)
                  0.10    0.00    2.20 v _37_/A (sky130_fd_sc_hd__inv_2)
                  0.04    0.07    2.27 ^ _37_/Y (sky130_fd_sc_hd__inv_2)
     1    0.00                           _09_ (net)
                  0.04    0.00    2.27 ^ _45_/RESET_B (sky130_fd_sc_hd__dfrtp_1)
                                  2.27   data arrival time

                         10.00   10.00   clock clk (rise edge)
                          0.00   10.00   clock source latency
                  0.05    0.03   10.03 ^ clk (in)
     1    0.01                           clk (net)
                  0.05    0.00   10.03 ^ clkbuf_0_clk/A (sky130_fd_sc_hd__clkbuf_16)
                  0.04    0.12   10.16 ^ clkbuf_0_clk/X (sky130_fd_sc_hd__clkbuf_16)
     2    0.02                           clknet_0_clk (net)
                  0.04    0.00   10.16 ^ clkbuf_1_0__f_clk/A (sky130_fd_sc_hd__clkbuf_16)
                  0.03    0.11   10.27 ^ clkbuf_1_0__f_clk/X (sky130_fd_sc_hd__clkbuf_16)
     4    0.01                           clknet_1_0__leaf_clk (net)
                  0.03    0.00   10.27 ^ _45_/CLK (sky130_fd_sc_hd__dfrtp_1)
                         -0.25   10.02   clock uncertainty
                          0.00   10.02   clock reconvergence pessimism
                          0.23   10.25   library recovery time
                                 10.25   data required time
-----------------------------------------------------------------------------
                                 10.25   data required time
                                 -2.27   data arrival time
-----------------------------------------------------------------------------
                                  7.98   slack (MET)


Startpoint: reset (input port clocked by clk)
Endpoint: _46_ (recovery check against rising-edge clock clk)
Path Group: asynchronous
Path Type: max
Corner: Typical

Fanout     Cap    Slew   Delay    Time   Description
-----------------------------------------------------------------------------
                          0.00    0.00   clock clk (rise edge)
                          0.00    0.00   clock network delay (propagated)
                          2.00    2.00 v input external delay
                  0.01    0.01    2.01 v reset (in)
     1    0.00                           reset (net)
                  0.01    0.00    2.01 v input1/A (sky130_fd_sc_hd__clkbuf_4)
                  0.10    0.19    2.20 v input1/X (sky130_fd_sc_hd__clkbuf_4)
     8    0.04                           net1 (net)
                  0.10    0.00    2.20 v _38_/A (sky130_fd_sc_hd__inv_2)
                  0.04    0.07    2.27 ^ _38_/Y (sky130_fd_sc_hd__inv_2)
     1    0.00                           _10_ (net)
                  0.04    0.00    2.27 ^ _46_/RESET_B (sky130_fd_sc_hd__dfrtp_1)
                                  2.27   data arrival time

                         10.00   10.00   clock clk (rise edge)
                          0.00   10.00   clock source latency
                  0.05    0.03   10.03 ^ clk (in)
     1    0.01                           clk (net)
                  0.05    0.00   10.03 ^ clkbuf_0_clk/A (sky130_fd_sc_hd__clkbuf_16)
                  0.04    0.12   10.16 ^ clkbuf_0_clk/X (sky130_fd_sc_hd__clkbuf_16)
     2    0.02                           clknet_0_clk (net)
                  0.04    0.00   10.16 ^ clkbuf_1_0__f_clk/A (sky130_fd_sc_hd__clkbuf_16)
                  0.03    0.11   10.27 ^ clkbuf_1_0__f_clk/X (sky130_fd_sc_hd__clkbuf_16)
     4    0.01                           clknet_1_0__leaf_clk (net)
                  0.03    0.00   10.27 ^ _46_/CLK (sky130_fd_sc_hd__dfrtp_1)
                         -0.25   10.02   clock uncertainty
                          0.00   10.02   clock reconvergence pessimism
                          0.23   10.25   library recovery time
                                 10.25   data required time
-----------------------------------------------------------------------------
                                 10.25   data required time
                                 -2.27   data arrival time
-----------------------------------------------------------------------------
                                  7.98   slack (MET)


Startpoint: reset (input port clocked by clk)
Endpoint: _49_ (recovery check against rising-edge clock clk)
Path Group: asynchronous
Path Type: max
Corner: Typical

Fanout     Cap    Slew   Delay    Time   Description
-----------------------------------------------------------------------------
                          0.00    0.00   clock clk (rise edge)
                          0.00    0.00   clock network delay (propagated)
                          2.00    2.00 v input external delay
                  0.01    0.01    2.01 v reset (in)
     1    0.00                           reset (net)
                  0.01    0.00    2.01 v input1/A (sky130_fd_sc_hd__clkbuf_4)
                  0.10    0.19    2.20 v input1/X (sky130_fd_sc_hd__clkbuf_4)
     8    0.04                           net1 (net)
                  0.10    0.00    2.20 v _41_/A (sky130_fd_sc_hd__inv_2)
                  0.04    0.07    2.27 ^ _41_/Y (sky130_fd_sc_hd__inv_2)
     1    0.00                           _13_ (net)
                  0.04    0.00    2.27 ^ _49_/RESET_B (sky130_fd_sc_hd__dfrtp_1)
                                  2.27   data arrival time

                         10.00   10.00   clock clk (rise edge)
                          0.00   10.00   clock source latency
                  0.05    0.03   10.03 ^ clk (in)
     1    0.01                           clk (net)
                  0.05    0.00   10.03 ^ clkbuf_0_clk/A (sky130_fd_sc_hd__clkbuf_16)
                  0.04    0.12   10.16 ^ clkbuf_0_clk/X (sky130_fd_sc_hd__clkbuf_16)
     2    0.02                           clknet_0_clk (net)
                  0.04    0.00   10.16 ^ clkbuf_1_1__f_clk/A (sky130_fd_sc_hd__clkbuf_16)
                  0.04    0.11   10.27 ^ clkbuf_1_1__f_clk/X (sky130_fd_sc_hd__clkbuf_16)
     4    0.01                           clknet_1_1__leaf_clk (net)
                  0.04    0.00   10.27 ^ _49_/CLK (sky130_fd_sc_hd__dfrtp_1)
                         -0.25   10.02   clock uncertainty
                          0.00   10.02   clock reconvergence pessimism
                          0.23   10.25   library recovery time
                                 10.25   data required time
-----------------------------------------------------------------------------
                                 10.25   data required time
                                 -2.27   data arrival time
-----------------------------------------------------------------------------
                                  7.98   slack (MET)


Startpoint: reset (input port clocked by clk)
Endpoint: _50_ (recovery check against rising-edge clock clk)
Path Group: asynchronous
Path Type: max
Corner: Typical

Fanout     Cap    Slew   Delay    Time   Description
-----------------------------------------------------------------------------
                          0.00    0.00   clock clk (rise edge)
                          0.00    0.00   clock network delay (propagated)
                          2.00    2.00 v input external delay
                  0.01    0.01    2.01 v reset (in)
     1    0.00                           reset (net)
                  0.01    0.00    2.01 v input1/A (sky130_fd_sc_hd__clkbuf_4)
                  0.10    0.19    2.20 v input1/X (sky130_fd_sc_hd__clkbuf_4)
     8    0.04                           net1 (net)
                  0.10    0.00    2.20 v _42_/A (sky130_fd_sc_hd__inv_2)
                  0.04    0.07    2.27 ^ _42_/Y (sky130_fd_sc_hd__inv_2)
     1    0.00                           _14_ (net)
                  0.04    0.00    2.27 ^ _50_/RESET_B (sky130_fd_sc_hd__dfrtp_1)
                                  2.27   data arrival time

                         10.00   10.00   clock clk (rise edge)
                          0.00   10.00   clock source latency
                  0.05    0.03   10.03 ^ clk (in)
     1    0.01                           clk (net)
                  0.05    0.00   10.03 ^ clkbuf_0_clk/A (sky130_fd_sc_hd__clkbuf_16)
                  0.04    0.12   10.16 ^ clkbuf_0_clk/X (sky130_fd_sc_hd__clkbuf_16)
     2    0.02                           clknet_0_clk (net)
                  0.04    0.00   10.16 ^ clkbuf_1_1__f_clk/A (sky130_fd_sc_hd__clkbuf_16)
                  0.04    0.11   10.27 ^ clkbuf_1_1__f_clk/X (sky130_fd_sc_hd__clkbuf_16)
     4    0.01                           clknet_1_1__leaf_clk (net)
                  0.04    0.00   10.27 ^ _50_/CLK (sky130_fd_sc_hd__dfrtp_1)
                         -0.25   10.02   clock uncertainty
                          0.00   10.02   clock reconvergence pessimism
                          0.23   10.25   library recovery time
                                 10.25   data required time
-----------------------------------------------------------------------------
                                 10.25   data required time
                                 -2.27   data arrival time
-----------------------------------------------------------------------------
                                  7.98   slack (MET)


Startpoint: reset (input port clocked by clk)
Endpoint: _48_ (recovery check against rising-edge clock clk)
Path Group: asynchronous
Path Type: max
Corner: Typical

Fanout     Cap    Slew   Delay    Time   Description
-----------------------------------------------------------------------------
                          0.00    0.00   clock clk (rise edge)
                          0.00    0.00   clock network delay (propagated)
                          2.00    2.00 v input external delay
                  0.01    0.01    2.01 v reset (in)
     1    0.00                           reset (net)
                  0.01    0.00    2.01 v input1/A (sky130_fd_sc_hd__clkbuf_4)
                  0.10    0.19    2.20 v input1/X (sky130_fd_sc_hd__clkbuf_4)
     8    0.04                           net1 (net)
                  0.10    0.00    2.20 v _40_/A (sky130_fd_sc_hd__inv_2)
                  0.04    0.07    2.27 ^ _40_/Y (sky130_fd_sc_hd__inv_2)
     1    0.00                           _12_ (net)
                  0.04    0.00    2.27 ^ _48_/RESET_B (sky130_fd_sc_hd__dfrtp_1)
                                  2.27   data arrival time

                         10.00   10.00   clock clk (rise edge)
                          0.00   10.00   clock source latency
                  0.05    0.03   10.03 ^ clk (in)
     1    0.01                           clk (net)
                  0.05    0.00   10.03 ^ clkbuf_0_clk/A (sky130_fd_sc_hd__clkbuf_16)
                  0.04    0.12   10.16 ^ clkbuf_0_clk/X (sky130_fd_sc_hd__clkbuf_16)
     2    0.02                           clknet_0_clk (net)
                  0.04    0.00   10.16 ^ clkbuf_1_1__f_clk/A (sky130_fd_sc_hd__clkbuf_16)
                  0.04    0.11   10.27 ^ clkbuf_1_1__f_clk/X (sky130_fd_sc_hd__clkbuf_16)
     4    0.01                           clknet_1_1__leaf_clk (net)
                  0.04    0.00   10.27 ^ _48_/CLK (sky130_fd_sc_hd__dfrtp_1)
                         -0.25   10.02   clock uncertainty
                          0.00   10.02   clock reconvergence pessimism
                          0.23   10.25   library recovery time
                                 10.25   data required time
-----------------------------------------------------------------------------
                                 10.25   data required time
                                 -2.27   data arrival time
-----------------------------------------------------------------------------
                                  7.98   slack (MET)


Startpoint: _48_ (rising edge-triggered flip-flop clocked by clk)
Endpoint: _49_ (rising edge-triggered flip-flop clocked by clk)
Path Group: clk
Path Type: max
Corner: Typical

Fanout     Cap    Slew   Delay    Time   Description
-----------------------------------------------------------------------------
                          0.00    0.00   clock clk (rise edge)
                          0.00    0.00   clock source latency
                  0.05    0.04    0.04 ^ clk (in)
     1    0.01                           clk (net)
                  0.05    0.00    0.04 ^ clkbuf_0_clk/A (sky130_fd_sc_hd__clkbuf_16)
                  0.04    0.13    0.17 ^ clkbuf_0_clk/X (sky130_fd_sc_hd__clkbuf_16)
     2    0.02                           clknet_0_clk (net)
                  0.04    0.00    0.17 ^ clkbuf_1_1__f_clk/A (sky130_fd_sc_hd__clkbuf_16)
                  0.04    0.12    0.30 ^ clkbuf_1_1__f_clk/X (sky130_fd_sc_hd__clkbuf_16)
     4    0.01                           clknet_1_1__leaf_clk (net)
                  0.04    0.00    0.30 ^ _48_/CLK (sky130_fd_sc_hd__dfrtp_1)
                  0.07    0.41    0.70 v _48_/Q (sky130_fd_sc_hd__dfrtp_1)
     4    0.01                           net6 (net)
                  0.07    0.00    0.70 v hold4/A (sky130_fd_sc_hd__dlygate4sd3_1)
                  0.07    0.62    1.32 v hold4/X (sky130_fd_sc_hd__dlygate4sd3_1)
     2    0.01                           net13 (net)
                  0.07    0.00    1.32 v _28_/A1 (sky130_fd_sc_hd__a21oi_1)
                  0.12    0.14    1.47 ^ _28_/Y (sky130_fd_sc_hd__a21oi_1)
     1    0.00                           _19_ (net)
                  0.12    0.00    1.47 ^ _29_/B (sky130_fd_sc_hd__nor2_1)
                  0.04    0.06    1.53 v _29_/Y (sky130_fd_sc_hd__nor2_1)
     1    0.00                           _05_ (net)
                  0.04    0.00    1.53 v _49_/D (sky130_fd_sc_hd__dfrtp_1)
                                  1.53   data arrival time

                         10.00   10.00   clock clk (rise edge)
                          0.00   10.00   clock source latency
                  0.05    0.03   10.03 ^ clk (in)
     1    0.01                           clk (net)
                  0.05    0.00   10.03 ^ clkbuf_0_clk/A (sky130_fd_sc_hd__clkbuf_16)
                  0.04    0.12   10.16 ^ clkbuf_0_clk/X (sky130_fd_sc_hd__clkbuf_16)
     2    0.02                           clknet_0_clk (net)
                  0.04    0.00   10.16 ^ clkbuf_1_1__f_clk/A (sky130_fd_sc_hd__clkbuf_16)
                  0.04    0.11   10.27 ^ clkbuf_1_1__f_clk/X (sky130_fd_sc_hd__clkbuf_16)
     4    0.01                           clknet_1_1__leaf_clk (net)
                  0.04    0.00   10.27 ^ _49_/CLK (sky130_fd_sc_hd__dfrtp_1)
                         -0.25   10.02   clock uncertainty
                          0.03   10.05   clock reconvergence pessimism
                         -0.11    9.93   library setup time
                                  9.93   data required time
-----------------------------------------------------------------------------
                                  9.93   data required time
                                 -1.53   data arrival time
-----------------------------------------------------------------------------
                                  8.41   slack (MET)


Startpoint: _45_ (rising edge-triggered flip-flop clocked by clk)
Endpoint: _45_ (rising edge-triggered flip-flop clocked by clk)
Path Group: clk
Path Type: max
Corner: Typical

Fanout     Cap    Slew   Delay    Time   Description
-----------------------------------------------------------------------------
                          0.00    0.00   clock clk (rise edge)
                          0.00    0.00   clock source latency
                  0.05    0.04    0.04 ^ clk (in)
     1    0.01                           clk (net)
                  0.05    0.00    0.04 ^ clkbuf_0_clk/A (sky130_fd_sc_hd__clkbuf_16)
                  0.04    0.13    0.17 ^ clkbuf_0_clk/X (sky130_fd_sc_hd__clkbuf_16)
     2    0.02                           clknet_0_clk (net)
                  0.04    0.00    0.17 ^ clkbuf_1_0__f_clk/A (sky130_fd_sc_hd__clkbuf_16)
                  0.03    0.12    0.29 ^ clkbuf_1_0__f_clk/X (sky130_fd_sc_hd__clkbuf_16)
     4    0.01                           clknet_1_0__leaf_clk (net)
                  0.03    0.00    0.29 ^ _45_/CLK (sky130_fd_sc_hd__dfrtp_1)
                  0.09    0.43    0.73 v _45_/Q (sky130_fd_sc_hd__dfrtp_1)
     5    0.02                           net3 (net)
                  0.09    0.00    0.73 v hold5/A (sky130_fd_sc_hd__dlygate4sd3_1)
                  0.07    0.62    1.34 v hold5/X (sky130_fd_sc_hd__dlygate4sd3_1)
     1    0.01                           net14 (net)
                  0.07    0.00    1.35 v _33_/B (sky130_fd_sc_hd__xor2_1)
                  0.06    0.15    1.50 v _33_/X (sky130_fd_sc_hd__xor2_1)
     1    0.00                           _01_ (net)
                  0.06    0.00    1.50 v _45_/D (sky130_fd_sc_hd__dfrtp_1)
                                  1.50   data arrival time

                         10.00   10.00   clock clk (rise edge)
                          0.00   10.00   clock source latency
                  0.05    0.03   10.03 ^ clk (in)
     1    0.01                           clk (net)
                  0.05    0.00   10.03 ^ clkbuf_0_clk/A (sky130_fd_sc_hd__clkbuf_16)
                  0.04    0.12   10.16 ^ clkbuf_0_clk/X (sky130_fd_sc_hd__clkbuf_16)
     2    0.02                           clknet_0_clk (net)
                  0.04    0.00   10.16 ^ clkbuf_1_0__f_clk/A (sky130_fd_sc_hd__clkbuf_16)
                  0.03    0.11   10.27 ^ clkbuf_1_0__f_clk/X (sky130_fd_sc_hd__clkbuf_16)
     4    0.01                           clknet_1_0__leaf_clk (net)
                  0.03    0.00   10.27 ^ _45_/CLK (sky130_fd_sc_hd__dfrtp_1)
                         -0.25   10.02   clock uncertainty
                          0.03   10.04   clock reconvergence pessimism
                         -0.12    9.92   library setup time
                                  9.92   data required time
-----------------------------------------------------------------------------
                                  9.92   data required time
                                 -1.50   data arrival time
-----------------------------------------------------------------------------
                                  8.43   slack (MET)


Startpoint: _48_ (rising edge-triggered flip-flop clocked by clk)
Endpoint: _48_ (rising edge-triggered flip-flop clocked by clk)
Path Group: clk
Path Type: max
Corner: Typical

Fanout     Cap    Slew   Delay    Time   Description
-----------------------------------------------------------------------------
                          0.00    0.00   clock clk (rise edge)
                          0.00    0.00   clock source latency
                  0.05    0.04    0.04 ^ clk (in)
     1    0.01                           clk (net)
                  0.05    0.00    0.04 ^ clkbuf_0_clk/A (sky130_fd_sc_hd__clkbuf_16)
                  0.04    0.13    0.17 ^ clkbuf_0_clk/X (sky130_fd_sc_hd__clkbuf_16)
     2    0.02                           clknet_0_clk (net)
                  0.04    0.00    0.17 ^ clkbuf_1_1__f_clk/A (sky130_fd_sc_hd__clkbuf_16)
                  0.04    0.12    0.30 ^ clkbuf_1_1__f_clk/X (sky130_fd_sc_hd__clkbuf_16)
     4    0.01                           clknet_1_1__leaf_clk (net)
                  0.04    0.00    0.30 ^ _48_/CLK (sky130_fd_sc_hd__dfrtp_1)
                  0.07    0.41    0.70 v _48_/Q (sky130_fd_sc_hd__dfrtp_1)
     4    0.01                           net6 (net)
                  0.07    0.00    0.70 v hold4/A (sky130_fd_sc_hd__dlygate4sd3_1)
                  0.07    0.62    1.32 v hold4/X (sky130_fd_sc_hd__dlygate4sd3_1)
     2    0.01                           net13 (net)
                  0.07    0.00    1.32 v _26_/A (sky130_fd_sc_hd__xor2_1)
                  0.06    0.17    1.49 v _26_/X (sky130_fd_sc_hd__xor2_1)
     1    0.00                           _04_ (net)
                  0.06    0.00    1.49 v _48_/D (sky130_fd_sc_hd__dfrtp_1)
                                  1.49   data arrival time

                         10.00   10.00   clock clk (rise edge)
                          0.00   10.00   clock source latency
                  0.05    0.03   10.03 ^ clk (in)
     1    0.01                           clk (net)
                  0.05    0.00   10.03 ^ clkbuf_0_clk/A (sky130_fd_sc_hd__clkbuf_16)
                  0.04    0.12   10.16 ^ clkbuf_0_clk/X (sky130_fd_sc_hd__clkbuf_16)
     2    0.02                           clknet_0_clk (net)
                  0.04    0.00   10.16 ^ clkbuf_1_1__f_clk/A (sky130_fd_sc_hd__clkbuf_16)
                  0.04    0.11   10.27 ^ clkbuf_1_1__f_clk/X (sky130_fd_sc_hd__clkbuf_16)
     4    0.01                           clknet_1_1__leaf_clk (net)
                  0.04    0.00   10.27 ^ _48_/CLK (sky130_fd_sc_hd__dfrtp_1)
                         -0.25   10.02   clock uncertainty
                          0.03   10.05   clock reconvergence pessimism
                         -0.12    9.92   library setup time
                                  9.92   data required time
-----------------------------------------------------------------------------
                                  9.92   data required time
                                 -1.49   data arrival time
-----------------------------------------------------------------------------
                                  8.43   slack (MET)


Startpoint: _47_ (rising edge-triggered flip-flop clocked by clk)
Endpoint: _47_ (rising edge-triggered flip-flop clocked by clk)
Path Group: clk
Path Type: max
Corner: Typical

Fanout     Cap    Slew   Delay    Time   Description
-----------------------------------------------------------------------------
                          0.00    0.00   clock clk (rise edge)
                          0.00    0.00   clock source latency
                  0.05    0.04    0.04 ^ clk (in)
     1    0.01                           clk (net)
                  0.05    0.00    0.04 ^ clkbuf_0_clk/A (sky130_fd_sc_hd__clkbuf_16)
                  0.04    0.13    0.17 ^ clkbuf_0_clk/X (sky130_fd_sc_hd__clkbuf_16)
     2    0.02                           clknet_0_clk (net)
                  0.04    0.00    0.17 ^ clkbuf_1_0__f_clk/A (sky130_fd_sc_hd__clkbuf_16)
                  0.03    0.12    0.29 ^ clkbuf_1_0__f_clk/X (sky130_fd_sc_hd__clkbuf_16)
     4    0.01                           clknet_1_0__leaf_clk (net)
                  0.03    0.00    0.29 ^ _47_/CLK (sky130_fd_sc_hd__dfrtp_1)
                  0.07    0.40    0.69 v _47_/Q (sky130_fd_sc_hd__dfrtp_1)
     3    0.01                           net5 (net)
                  0.07    0.00    0.69 v hold6/A (sky130_fd_sc_hd__dlygate4sd3_1)
                  0.05    0.59    1.28 v hold6/X (sky130_fd_sc_hd__dlygate4sd3_1)
     1    0.00                           net15 (net)
                  0.05    0.00    1.28 v _25_/A1 (sky130_fd_sc_hd__o21ba_1)
                  0.04    0.19    1.47 v _25_/X (sky130_fd_sc_hd__o21ba_1)
     1    0.00                           _03_ (net)
                  0.04    0.00    1.47 v _47_/D (sky130_fd_sc_hd__dfrtp_1)
                                  1.47   data arrival time

                         10.00   10.00   clock clk (rise edge)
                          0.00   10.00   clock source latency
                  0.05    0.03   10.03 ^ clk (in)
     1    0.01                           clk (net)
                  0.05    0.00   10.03 ^ clkbuf_0_clk/A (sky130_fd_sc_hd__clkbuf_16)
                  0.04    0.12   10.16 ^ clkbuf_0_clk/X (sky130_fd_sc_hd__clkbuf_16)
     2    0.02                           clknet_0_clk (net)
                  0.04    0.00   10.16 ^ clkbuf_1_0__f_clk/A (sky130_fd_sc_hd__clkbuf_16)
                  0.03    0.11   10.27 ^ clkbuf_1_0__f_clk/X (sky130_fd_sc_hd__clkbuf_16)
     4    0.01                           clknet_1_0__leaf_clk (net)
                  0.03    0.00   10.27 ^ _47_/CLK (sky130_fd_sc_hd__dfrtp_1)
                         -0.25   10.02   clock uncertainty
                          0.03   10.04   clock reconvergence pessimism
                         -0.11    9.93   library setup time
                                  9.93   data required time
-----------------------------------------------------------------------------
                                  9.93   data required time
                                 -1.47   data arrival time
-----------------------------------------------------------------------------
                                  8.46   slack (MET)


Startpoint: _50_ (rising edge-triggered flip-flop clocked by clk)
Endpoint: _50_ (rising edge-triggered flip-flop clocked by clk)
Path Group: clk
Path Type: max
Corner: Typical

Fanout     Cap    Slew   Delay    Time   Description
-----------------------------------------------------------------------------
                          0.00    0.00   clock clk (rise edge)
                          0.00    0.00   clock source latency
                  0.05    0.04    0.04 ^ clk (in)
     1    0.01                           clk (net)
                  0.05    0.00    0.04 ^ clkbuf_0_clk/A (sky130_fd_sc_hd__clkbuf_16)
                  0.04    0.13    0.17 ^ clkbuf_0_clk/X (sky130_fd_sc_hd__clkbuf_16)
     2    0.02                           clknet_0_clk (net)
                  0.04    0.00    0.17 ^ clkbuf_1_1__f_clk/A (sky130_fd_sc_hd__clkbuf_16)
                  0.04    0.12    0.30 ^ clkbuf_1_1__f_clk/X (sky130_fd_sc_hd__clkbuf_16)
     4    0.01                           clknet_1_1__leaf_clk (net)
                  0.04    0.00    0.30 ^ _50_/CLK (sky130_fd_sc_hd__dfrtp_1)
                  0.06    0.40    0.69 v _50_/Q (sky130_fd_sc_hd__dfrtp_1)
     3    0.01                           net8 (net)
                  0.06    0.00    0.69 v hold3/A (sky130_fd_sc_hd__dlygate4sd3_1)
                  0.07    0.60    1.29 v hold3/X (sky130_fd_sc_hd__dlygate4sd3_1)
     1    0.01                           net12 (net)
                  0.07    0.00    1.29 v _30_/A (sky130_fd_sc_hd__xor2_1)
                  0.05    0.17    1.46 v _30_/X (sky130_fd_sc_hd__xor2_1)
     1    0.00                           _06_ (net)
                  0.05    0.00    1.46 v _50_/D (sky130_fd_sc_hd__dfrtp_1)
                                  1.46   data arrival time

                         10.00   10.00   clock clk (rise edge)
                          0.00   10.00   clock source latency
                  0.05    0.03   10.03 ^ clk (in)
     1    0.01                           clk (net)
                  0.05    0.00   10.03 ^ clkbuf_0_clk/A (sky130_fd_sc_hd__clkbuf_16)
                  0.04    0.12   10.16 ^ clkbuf_0_clk/X (sky130_fd_sc_hd__clkbuf_16)
     2    0.02                           clknet_0_clk (net)
                  0.04    0.00   10.16 ^ clkbuf_1_1__f_clk/A (sky130_fd_sc_hd__clkbuf_16)
                  0.04    0.11   10.27 ^ clkbuf_1_1__f_clk/X (sky130_fd_sc_hd__clkbuf_16)
     4    0.01                           clknet_1_1__leaf_clk (net)
                  0.04    0.00   10.27 ^ _50_/CLK (sky130_fd_sc_hd__dfrtp_1)
                         -0.25   10.02   clock uncertainty
                          0.03   10.05   clock reconvergence pessimism
                         -0.12    9.93   library setup time
                                  9.93   data required time
-----------------------------------------------------------------------------
                                  9.93   data required time
                                 -1.46   data arrival time
-----------------------------------------------------------------------------
                                  8.46   slack (MET)


Startpoint: _51_ (rising edge-triggered flip-flop clocked by clk)
Endpoint: _51_ (rising edge-triggered flip-flop clocked by clk)
Path Group: clk
Path Type: max
Corner: Typical

Fanout     Cap    Slew   Delay    Time   Description
-----------------------------------------------------------------------------
                          0.00    0.00   clock clk (rise edge)
                          0.00    0.00   clock source latency
                  0.05    0.04    0.04 ^ clk (in)
     1    0.01                           clk (net)
                  0.05    0.00    0.04 ^ clkbuf_0_clk/A (sky130_fd_sc_hd__clkbuf_16)
                  0.04    0.13    0.17 ^ clkbuf_0_clk/X (sky130_fd_sc_hd__clkbuf_16)
     2    0.02                           clknet_0_clk (net)
                  0.04    0.00    0.17 ^ clkbuf_1_1__f_clk/A (sky130_fd_sc_hd__clkbuf_16)
                  0.04    0.12    0.30 ^ clkbuf_1_1__f_clk/X (sky130_fd_sc_hd__clkbuf_16)
     4    0.01                           clknet_1_1__leaf_clk (net)
                  0.04    0.00    0.30 ^ _51_/CLK (sky130_fd_sc_hd__dfrtp_1)
                  0.05    0.39    0.68 v _51_/Q (sky130_fd_sc_hd__dfrtp_1)
     2    0.01                           net9 (net)
                  0.05    0.00    0.68 v hold2/A (sky130_fd_sc_hd__dlygate4sd3_1)
                  0.06    0.59    1.27 v hold2/X (sky130_fd_sc_hd__dlygate4sd3_1)
     1    0.00                           net11 (net)
                  0.06    0.00    1.27 v _32_/A (sky130_fd_sc_hd__xor2_1)
                  0.05    0.17    1.44 v _32_/X (sky130_fd_sc_hd__xor2_1)
     1    0.00                           _07_ (net)
                  0.05    0.00    1.44 v _51_/D (sky130_fd_sc_hd__dfrtp_1)
                                  1.44   data arrival time

                         10.00   10.00   clock clk (rise edge)
                          0.00   10.00   clock source latency
                  0.05    0.03   10.03 ^ clk (in)
     1    0.01                           clk (net)
                  0.05    0.00   10.03 ^ clkbuf_0_clk/A (sky130_fd_sc_hd__clkbuf_16)
                  0.04    0.12   10.16 ^ clkbuf_0_clk/X (sky130_fd_sc_hd__clkbuf_16)
     2    0.02                           clknet_0_clk (net)
                  0.04    0.00   10.16 ^ clkbuf_1_1__f_clk/A (sky130_fd_sc_hd__clkbuf_16)
                  0.04    0.11   10.27 ^ clkbuf_1_1__f_clk/X (sky130_fd_sc_hd__clkbuf_16)
     4    0.01                           clknet_1_1__leaf_clk (net)
                  0.04    0.00   10.27 ^ _51_/CLK (sky130_fd_sc_hd__dfrtp_1)
                         -0.25   10.02   clock uncertainty
                          0.03   10.05   clock reconvergence pessimism
                         -0.12    9.93   library setup time
                                  9.93   data required time
-----------------------------------------------------------------------------
                                  9.93   data required time
                                 -1.44   data arrival time
-----------------------------------------------------------------------------
                                  8.49   slack (MET)


Startpoint: _44_ (rising edge-triggered flip-flop clocked by clk)
Endpoint: _44_ (rising edge-triggered flip-flop clocked by clk)
Path Group: clk
Path Type: max
Corner: Typical

Fanout     Cap    Slew   Delay    Time   Description
-----------------------------------------------------------------------------
                          0.00    0.00   clock clk (rise edge)
                          0.00    0.00   clock source latency
                  0.05    0.04    0.04 ^ clk (in)
     1    0.01                           clk (net)
                  0.05    0.00    0.04 ^ clkbuf_0_clk/A (sky130_fd_sc_hd__clkbuf_16)
                  0.04    0.13    0.17 ^ clkbuf_0_clk/X (sky130_fd_sc_hd__clkbuf_16)
     2    0.02                           clknet_0_clk (net)
                  0.04    0.00    0.17 ^ clkbuf_1_0__f_clk/A (sky130_fd_sc_hd__clkbuf_16)
                  0.03    0.12    0.29 ^ clkbuf_1_0__f_clk/X (sky130_fd_sc_hd__clkbuf_16)
     4    0.01                           clknet_1_0__leaf_clk (net)
                  0.03    0.00    0.29 ^ _44_/CLK (sky130_fd_sc_hd__dfrtp_1)
                  0.12    0.39    0.69 ^ _44_/Q (sky130_fd_sc_hd__dfrtp_1)
     4    0.01                           net2 (net)
                  0.12    0.00    0.69 ^ hold1/A (sky130_fd_sc_hd__buf_1)
                  0.18    0.20    0.89 ^ hold1/X (sky130_fd_sc_hd__buf_1)
     3    0.01                           net10 (net)
                  0.18    0.00    0.89 ^ _22_/A (sky130_fd_sc_hd__inv_2)
                  0.03    0.04    0.93 v _22_/Y (sky130_fd_sc_hd__inv_2)
     1    0.00                           _00_ (net)
                  0.03    0.00    0.93 v _44_/D (sky130_fd_sc_hd__dfrtp_1)
                                  0.93   data arrival time

                         10.00   10.00   clock clk (rise edge)
                          0.00   10.00   clock source latency
                  0.05    0.03   10.03 ^ clk (in)
     1    0.01                           clk (net)
                  0.05    0.00   10.03 ^ clkbuf_0_clk/A (sky130_fd_sc_hd__clkbuf_16)
                  0.04    0.12   10.16 ^ clkbuf_0_clk/X (sky130_fd_sc_hd__clkbuf_16)
     2    0.02                           clknet_0_clk (net)
                  0.04    0.00   10.16 ^ clkbuf_1_0__f_clk/A (sky130_fd_sc_hd__clkbuf_16)
                  0.03    0.11   10.27 ^ clkbuf_1_0__f_clk/X (sky130_fd_sc_hd__clkbuf_16)
     4    0.01                           clknet_1_0__leaf_clk (net)
                  0.03    0.00   10.27 ^ _44_/CLK (sky130_fd_sc_hd__dfrtp_1)
                         -0.25   10.02   clock uncertainty
                          0.03   10.04   clock reconvergence pessimism
                         -0.11    9.93   library setup time
                                  9.93   data required time
-----------------------------------------------------------------------------
                                  9.93   data required time
                                 -0.93   data arrival time
-----------------------------------------------------------------------------
                                  9.00   slack (MET)



