
===========================================================================
report_checks -path_delay min (Hold)
============================================================================
======================= Fastest Corner ===================================

Startpoint: _44_ (rising edge-triggered flip-flop clocked by clk)
Endpoint: _44_ (rising edge-triggered flip-flop clocked by clk)
Path Group: clk
Path Type: min
Corner: Fastest

Fanout     Cap    Slew   Delay    Time   Description
-----------------------------------------------------------------------------
                          0.00    0.00   clock clk (rise edge)
                          0.00    0.00   clock source latency
                  0.04    0.03    0.03 ^ clk (in)
     1    0.01                           clk (net)
                  0.04    0.00    0.03 ^ clkbuf_0_clk/A (sky130_fd_sc_hd__clkbuf_16)
                  0.03    0.08    0.11 ^ clkbuf_0_clk/X (sky130_fd_sc_hd__clkbuf_16)
     2    0.02                           clknet_0_clk (net)
                  0.03    0.00    0.11 ^ clkbuf_1_0__f_clk/A (sky130_fd_sc_hd__clkbuf_16)
                  0.03    0.08    0.18 ^ clkbuf_1_0__f_clk/X (sky130_fd_sc_hd__clkbuf_16)
     4    0.01                           clknet_1_0__leaf_clk (net)
                  0.03    0.00    0.18 ^ _44_/CLK (sky130_fd_sc_hd__dfrtp_1)
                  0.06    0.24    0.42 v _44_/Q (sky130_fd_sc_hd__dfrtp_1)
     4    0.01                           net2 (net)
                  0.06    0.00    0.42 v hold1/A (sky130_fd_sc_hd__buf_1)
                  0.06    0.09    0.52 v hold1/X (sky130_fd_sc_hd__buf_1)
     3    0.01                           net10 (net)
                  0.06    0.00    0.52 v _22_/A (sky130_fd_sc_hd__inv_2)
                  0.02    0.03    0.55 ^ _22_/Y (sky130_fd_sc_hd__inv_2)
     1    0.00                           _00_ (net)
                  0.02    0.00    0.55 ^ _44_/D (sky130_fd_sc_hd__dfrtp_1)
                                  0.55   data arrival time

                          0.00    0.00   clock clk (rise edge)
                          0.00    0.00   clock source latency
                  0.04    0.03    0.03 ^ clk (in)
     1    0.01                           clk (net)
                  0.04    0.00    0.03 ^ clkbuf_0_clk/A (sky130_fd_sc_hd__clkbuf_16)
                  0.03    0.09    0.12 ^ clkbuf_0_clk/X (sky130_fd_sc_hd__clkbuf_16)
     2    0.02                           clknet_0_clk (net)
                  0.03    0.00    0.12 ^ clkbuf_1_0__f_clk/A (sky130_fd_sc_hd__clkbuf_16)
                  0.03    0.08    0.20 ^ clkbuf_1_0__f_clk/X (sky130_fd_sc_hd__clkbuf_16)
     4    0.01                           clknet_1_0__leaf_clk (net)
                  0.03    0.00    0.20 ^ _44_/CLK (sky130_fd_sc_hd__dfrtp_1)
                          0.25    0.45   clock uncertainty
                         -0.02    0.43   clock reconvergence pessimism
                         -0.02    0.41   library hold time
                                  0.41   data required time
-----------------------------------------------------------------------------
                                  0.41   data required time
                                 -0.55   data arrival time
-----------------------------------------------------------------------------
                                  0.14   slack (MET)


Startpoint: _50_ (rising edge-triggered flip-flop clocked by clk)
Endpoint: _51_ (rising edge-triggered flip-flop clocked by clk)
Path Group: clk
Path Type: min
Corner: Fastest

Fanout     Cap    Slew   Delay    Time   Description
-----------------------------------------------------------------------------
                          0.00    0.00   clock clk (rise edge)
                          0.00    0.00   clock source latency
                  0.04    0.03    0.03 ^ clk (in)
     1    0.01                           clk (net)
                  0.04    0.00    0.03 ^ clkbuf_0_clk/A (sky130_fd_sc_hd__clkbuf_16)
                  0.03    0.08    0.11 ^ clkbuf_0_clk/X (sky130_fd_sc_hd__clkbuf_16)
     2    0.02                           clknet_0_clk (net)
                  0.03    0.00    0.11 ^ clkbuf_1_1__f_clk/A (sky130_fd_sc_hd__clkbuf_16)
                  0.03    0.08    0.18 ^ clkbuf_1_1__f_clk/X (sky130_fd_sc_hd__clkbuf_16)
     4    0.01                           clknet_1_1__leaf_clk (net)
                  0.03    0.00    0.18 ^ _50_/CLK (sky130_fd_sc_hd__dfrtp_1)
                  0.07    0.21    0.40 ^ _50_/Q (sky130_fd_sc_hd__dfrtp_1)
     3    0.01                           net8 (net)
                  0.07    0.00    0.40 ^ _31_/C (sky130_fd_sc_hd__and4_1)
                  0.05    0.12    0.51 ^ _31_/X (sky130_fd_sc_hd__and4_1)
     1    0.01                           _20_ (net)
                  0.05    0.00    0.51 ^ _32_/B (sky130_fd_sc_hd__xor2_1)
                  0.03    0.04    0.55 v _32_/X (sky130_fd_sc_hd__xor2_1)
     1    0.00                           _07_ (net)
                  0.03    0.00    0.55 v _51_/D (sky130_fd_sc_hd__dfrtp_1)
                                  0.55   data arrival time

                          0.00    0.00   clock clk (rise edge)
                          0.00    0.00   clock source latency
                  0.04    0.03    0.03 ^ clk (in)
     1    0.01                           clk (net)
                  0.04    0.00    0.03 ^ clkbuf_0_clk/A (sky130_fd_sc_hd__clkbuf_16)
                  0.03    0.09    0.12 ^ clkbuf_0_clk/X (sky130_fd_sc_hd__clkbuf_16)
     2    0.02                           clknet_0_clk (net)
                  0.03    0.00    0.12 ^ clkbuf_1_1__f_clk/A (sky130_fd_sc_hd__clkbuf_16)
                  0.03    0.08    0.20 ^ clkbuf_1_1__f_clk/X (sky130_fd_sc_hd__clkbuf_16)
     4    0.01                           clknet_1_1__leaf_clk (net)
                  0.03    0.00    0.20 ^ _51_/CLK (sky130_fd_sc_hd__dfrtp_1)
                          0.25    0.45   clock uncertainty
                         -0.02    0.43   clock reconvergence pessimism
                         -0.03    0.40   library hold time
                                  0.40   data required time
-----------------------------------------------------------------------------
                                  0.40   data required time
                                 -0.55   data arrival time
-----------------------------------------------------------------------------
                                  0.15   slack (MET)


Startpoint: _46_ (rising edge-triggered flip-flop clocked by clk)
Endpoint: _46_ (rising edge-triggered flip-flop clocked by clk)
Path Group: clk
Path Type: min
Corner: Fastest

Fanout     Cap    Slew   Delay    Time   Description
-----------------------------------------------------------------------------
                          0.00    0.00   clock clk (rise edge)
                          0.00    0.00   clock source latency
                  0.04    0.03    0.03 ^ clk (in)
     1    0.01                           clk (net)
                  0.04    0.00    0.03 ^ clkbuf_0_clk/A (sky130_fd_sc_hd__clkbuf_16)
                  0.03    0.08    0.11 ^ clkbuf_0_clk/X (sky130_fd_sc_hd__clkbuf_16)
     2    0.02                           clknet_0_clk (net)
                  0.03    0.00    0.11 ^ clkbuf_1_0__f_clk/A (sky130_fd_sc_hd__clkbuf_16)
                  0.03    0.08    0.18 ^ clkbuf_1_0__f_clk/X (sky130_fd_sc_hd__clkbuf_16)
     4    0.01                           clknet_1_0__leaf_clk (net)
                  0.03    0.00    0.18 ^ _46_/CLK (sky130_fd_sc_hd__dfrtp_1)
                  0.08    0.22    0.41 ^ _46_/Q (sky130_fd_sc_hd__dfrtp_1)
     4    0.01                           net4 (net)
                  0.08    0.00    0.41 ^ _23_/C (sky130_fd_sc_hd__and3_1)
                  0.07    0.12    0.52 ^ _23_/X (sky130_fd_sc_hd__and3_1)
     2    0.01                           _16_ (net)
                  0.07    0.00    0.52 ^ _35_/A (sky130_fd_sc_hd__nor2_1)
                  0.02    0.03    0.55 v _35_/Y (sky130_fd_sc_hd__nor2_1)
     1    0.00                           _02_ (net)
                  0.02    0.00    0.55 v _46_/D (sky130_fd_sc_hd__dfrtp_1)
                                  0.55   data arrival time

                          0.00    0.00   clock clk (rise edge)
                          0.00    0.00   clock source latency
                  0.04    0.03    0.03 ^ clk (in)
     1    0.01                           clk (net)
                  0.04    0.00    0.03 ^ clkbuf_0_clk/A (sky130_fd_sc_hd__clkbuf_16)
                  0.03    0.09    0.12 ^ clkbuf_0_clk/X (sky130_fd_sc_hd__clkbuf_16)
     2    0.02                           clknet_0_clk (net)
                  0.03    0.00    0.12 ^ clkbuf_1_0__f_clk/A (sky130_fd_sc_hd__clkbuf_16)
                  0.03    0.08    0.20 ^ clkbuf_1_0__f_clk/X (sky130_fd_sc_hd__clkbuf_16)
     4    0.01                           clknet_1_0__leaf_clk (net)
                  0.03    0.00    0.20 ^ _46_/CLK (sky130_fd_sc_hd__dfrtp_1)
                          0.25    0.45   clock uncertainty
                         -0.02    0.43   clock reconvergence pessimism
                         -0.03    0.40   library hold time
                                  0.40   data required time
-----------------------------------------------------------------------------
                                  0.40   data required time
                                 -0.55   data arrival time
-----------------------------------------------------------------------------
                                  0.15   slack (MET)


Startpoint: _48_ (rising edge-triggered flip-flop clocked by clk)
Endpoint: _49_ (rising edge-triggered flip-flop clocked by clk)
Path Group: clk
Path Type: min
Corner: Fastest

Fanout     Cap    Slew   Delay    Time   Description
-----------------------------------------------------------------------------
                          0.00    0.00   clock clk (rise edge)
                          0.00    0.00   clock source latency
                  0.04    0.03    0.03 ^ clk (in)
     1    0.01                           clk (net)
                  0.04    0.00    0.03 ^ clkbuf_0_clk/A (sky130_fd_sc_hd__clkbuf_16)
                  0.03    0.08    0.11 ^ clkbuf_0_clk/X (sky130_fd_sc_hd__clkbuf_16)
     2    0.02                           clknet_0_clk (net)
                  0.03    0.00    0.11 ^ clkbuf_1_1__f_clk/A (sky130_fd_sc_hd__clkbuf_16)
                  0.03    0.08    0.18 ^ clkbuf_1_1__f_clk/X (sky130_fd_sc_hd__clkbuf_16)
     4    0.01                           clknet_1_1__leaf_clk (net)
                  0.03    0.00    0.18 ^ _48_/CLK (sky130_fd_sc_hd__dfrtp_1)
                  0.08    0.22    0.41 ^ _48_/Q (sky130_fd_sc_hd__dfrtp_1)
     4    0.01                           net6 (net)
                  0.08    0.00    0.41 ^ _27_/A (sky130_fd_sc_hd__and3_1)
                  0.08    0.12    0.53 ^ _27_/X (sky130_fd_sc_hd__and3_1)
     2    0.01                           _18_ (net)
                  0.08    0.00    0.53 ^ _29_/A (sky130_fd_sc_hd__nor2_1)
                  0.02    0.03    0.56 v _29_/Y (sky130_fd_sc_hd__nor2_1)
     1    0.00                           _05_ (net)
                  0.02    0.00    0.56 v _49_/D (sky130_fd_sc_hd__dfrtp_1)
                                  0.56   data arrival time

                          0.00    0.00   clock clk (rise edge)
                          0.00    0.00   clock source latency
                  0.04    0.03    0.03 ^ clk (in)
     1    0.01                           clk (net)
                  0.04    0.00    0.03 ^ clkbuf_0_clk/A (sky130_fd_sc_hd__clkbuf_16)
                  0.03    0.09    0.12 ^ clkbuf_0_clk/X (sky130_fd_sc_hd__clkbuf_16)
     2    0.02                           clknet_0_clk (net)
                  0.03    0.00    0.12 ^ clkbuf_1_1__f_clk/A (sky130_fd_sc_hd__clkbuf_16)
                  0.03    0.08    0.20 ^ clkbuf_1_1__f_clk/X (sky130_fd_sc_hd__clkbuf_16)
     4    0.01                           clknet_1_1__leaf_clk (net)
                  0.03    0.00    0.20 ^ _49_/CLK (sky130_fd_sc_hd__dfrtp_1)
                          0.25    0.45   clock uncertainty
                         -0.02    0.43   clock reconvergence pessimism
                         -0.03    0.40   library hold time
                                  0.40   data required time
-----------------------------------------------------------------------------
                                  0.40   data required time
                                 -0.56   data arrival time
-----------------------------------------------------------------------------
                                  0.15   slack (MET)


Startpoint: _48_ (rising edge-triggered flip-flop clocked by clk)
Endpoint: _50_ (rising edge-triggered flip-flop clocked by clk)
Path Group: clk
Path Type: min
Corner: Fastest

Fanout     Cap    Slew   Delay    Time   Description
-----------------------------------------------------------------------------
                          0.00    0.00   clock clk (rise edge)
                          0.00    0.00   clock source latency
                  0.04    0.03    0.03 ^ clk (in)
     1    0.01                           clk (net)
                  0.04    0.00    0.03 ^ clkbuf_0_clk/A (sky130_fd_sc_hd__clkbuf_16)
                  0.03    0.08    0.11 ^ clkbuf_0_clk/X (sky130_fd_sc_hd__clkbuf_16)
     2    0.02                           clknet_0_clk (net)
                  0.03    0.00    0.11 ^ clkbuf_1_1__f_clk/A (sky130_fd_sc_hd__clkbuf_16)
                  0.03    0.08    0.18 ^ clkbuf_1_1__f_clk/X (sky130_fd_sc_hd__clkbuf_16)
     4    0.01                           clknet_1_1__leaf_clk (net)
                  0.03    0.00    0.18 ^ _48_/CLK (sky130_fd_sc_hd__dfrtp_1)
                  0.08    0.22    0.41 ^ _48_/Q (sky130_fd_sc_hd__dfrtp_1)
     4    0.01                           net6 (net)
                  0.08    0.00    0.41 ^ _27_/A (sky130_fd_sc_hd__and3_1)
                  0.08    0.12    0.53 ^ _27_/X (sky130_fd_sc_hd__and3_1)
     2    0.01                           _18_ (net)
                  0.08    0.00    0.53 ^ _30_/B (sky130_fd_sc_hd__xor2_1)
                  0.02    0.04    0.56 v _30_/X (sky130_fd_sc_hd__xor2_1)
     1    0.00                           _06_ (net)
                  0.02    0.00    0.56 v _50_/D (sky130_fd_sc_hd__dfrtp_1)
                                  0.56   data arrival time

                          0.00    0.00   clock clk (rise edge)
                          0.00    0.00   clock source latency
                  0.04    0.03    0.03 ^ clk (in)
     1    0.01                           clk (net)
                  0.04    0.00    0.03 ^ clkbuf_0_clk/A (sky130_fd_sc_hd__clkbuf_16)
                  0.03    0.09    0.12 ^ clkbuf_0_clk/X (sky130_fd_sc_hd__clkbuf_16)
     2    0.02                           clknet_0_clk (net)
                  0.03    0.00    0.12 ^ clkbuf_1_1__f_clk/A (sky130_fd_sc_hd__clkbuf_16)
                  0.03    0.08    0.20 ^ clkbuf_1_1__f_clk/X (sky130_fd_sc_hd__clkbuf_16)
     4    0.01                           clknet_1_1__leaf_clk (net)
                  0.03    0.00    0.20 ^ _50_/CLK (sky130_fd_sc_hd__dfrtp_1)
                          0.25    0.45   clock uncertainty
                         -0.02    0.43   clock reconvergence pessimism
                         -0.03    0.40   library hold time
                                  0.40   data required time
-----------------------------------------------------------------------------
                                  0.40   data required time
                                 -0.56   data arrival time
-----------------------------------------------------------------------------
                                  0.16   slack (MET)


Startpoint: _44_ (rising edge-triggered flip-flop clocked by clk)
Endpoint: _45_ (rising edge-triggered flip-flop clocked by clk)
Path Group: clk
Path Type: min
Corner: Fastest

Fanout     Cap    Slew   Delay    Time   Description
-----------------------------------------------------------------------------
                          0.00    0.00   clock clk (rise edge)
                          0.00    0.00   clock source latency
                  0.04    0.03    0.03 ^ clk (in)
     1    0.01                           clk (net)
                  0.04    0.00    0.03 ^ clkbuf_0_clk/A (sky130_fd_sc_hd__clkbuf_16)
                  0.03    0.08    0.11 ^ clkbuf_0_clk/X (sky130_fd_sc_hd__clkbuf_16)
     2    0.02                           clknet_0_clk (net)
                  0.03    0.00    0.11 ^ clkbuf_1_0__f_clk/A (sky130_fd_sc_hd__clkbuf_16)
                  0.03    0.08    0.18 ^ clkbuf_1_0__f_clk/X (sky130_fd_sc_hd__clkbuf_16)
     4    0.01                           clknet_1_0__leaf_clk (net)
                  0.03    0.00    0.18 ^ _44_/CLK (sky130_fd_sc_hd__dfrtp_1)
                  0.09    0.23    0.41 ^ _44_/Q (sky130_fd_sc_hd__dfrtp_1)
     4    0.01                           net2 (net)
                  0.09    0.00    0.41 ^ hold1/A (sky130_fd_sc_hd__buf_1)
                  0.13    0.12    0.54 ^ hold1/X (sky130_fd_sc_hd__buf_1)
     3    0.01                           net10 (net)
                  0.13    0.00    0.54 ^ _33_/A (sky130_fd_sc_hd__xor2_1)
                  0.03    0.05    0.58 v _33_/X (sky130_fd_sc_hd__xor2_1)
     1    0.00                           _01_ (net)
                  0.03    0.00    0.58 v _45_/D (sky130_fd_sc_hd__dfrtp_1)
                                  0.58   data arrival time

                          0.00    0.00   clock clk (rise edge)
                          0.00    0.00   clock source latency
                  0.04    0.03    0.03 ^ clk (in)
     1    0.01                           clk (net)
                  0.04    0.00    0.03 ^ clkbuf_0_clk/A (sky130_fd_sc_hd__clkbuf_16)
                  0.03    0.09    0.12 ^ clkbuf_0_clk/X (sky130_fd_sc_hd__clkbuf_16)
     2    0.02                           clknet_0_clk (net)
                  0.03    0.00    0.12 ^ clkbuf_1_0__f_clk/A (sky130_fd_sc_hd__clkbuf_16)
                  0.03    0.08    0.20 ^ clkbuf_1_0__f_clk/X (sky130_fd_sc_hd__clkbuf_16)
     4    0.01                           clknet_1_0__leaf_clk (net)
                  0.03    0.00    0.20 ^ _45_/CLK (sky130_fd_sc_hd__dfrtp_1)
                          0.25    0.45   clock uncertainty
                         -0.02    0.43   clock reconvergence pessimism
                         -0.03    0.40   library hold time
                                  0.40   data required time
-----------------------------------------------------------------------------
                                  0.40   data required time
                                 -0.58   data arrival time
-----------------------------------------------------------------------------
                                  0.18   slack (MET)


Startpoint: _46_ (rising edge-triggered flip-flop clocked by clk)
Endpoint: _47_ (rising edge-triggered flip-flop clocked by clk)
Path Group: clk
Path Type: min
Corner: Fastest

Fanout     Cap    Slew   Delay    Time   Description
-----------------------------------------------------------------------------
                          0.00    0.00   clock clk (rise edge)
                          0.00    0.00   clock source latency
                  0.04    0.03    0.03 ^ clk (in)
     1    0.01                           clk (net)
                  0.04    0.00    0.03 ^ clkbuf_0_clk/A (sky130_fd_sc_hd__clkbuf_16)
                  0.03    0.08    0.11 ^ clkbuf_0_clk/X (sky130_fd_sc_hd__clkbuf_16)
     2    0.02                           clknet_0_clk (net)
                  0.03    0.00    0.11 ^ clkbuf_1_0__f_clk/A (sky130_fd_sc_hd__clkbuf_16)
                  0.03    0.08    0.18 ^ clkbuf_1_0__f_clk/X (sky130_fd_sc_hd__clkbuf_16)
     4    0.01                           clknet_1_0__leaf_clk (net)
                  0.03    0.00    0.18 ^ _46_/CLK (sky130_fd_sc_hd__dfrtp_1)
                  0.08    0.22    0.41 ^ _46_/Q (sky130_fd_sc_hd__dfrtp_1)
     4    0.01                           net4 (net)
                  0.08    0.00    0.41 ^ _23_/C (sky130_fd_sc_hd__and3_1)
                  0.07    0.12    0.52 ^ _23_/X (sky130_fd_sc_hd__and3_1)
     2    0.01                           _16_ (net)
                  0.07    0.00    0.52 ^ _25_/A2 (sky130_fd_sc_hd__o21ba_1)
                  0.03    0.07    0.60 ^ _25_/X (sky130_fd_sc_hd__o21ba_1)
     1    0.00                           _03_ (net)
                  0.03    0.00    0.60 ^ _47_/D (sky130_fd_sc_hd__dfrtp_1)
                                  0.60   data arrival time

                          0.00    0.00   clock clk (rise edge)
                          0.00    0.00   clock source latency
                  0.04    0.03    0.03 ^ clk (in)
     1    0.01                           clk (net)
                  0.04    0.00    0.03 ^ clkbuf_0_clk/A (sky130_fd_sc_hd__clkbuf_16)
                  0.03    0.09    0.12 ^ clkbuf_0_clk/X (sky130_fd_sc_hd__clkbuf_16)
     2    0.02                           clknet_0_clk (net)
                  0.03    0.00    0.12 ^ clkbuf_1_0__f_clk/A (sky130_fd_sc_hd__clkbuf_16)
                  0.03    0.08    0.20 ^ clkbuf_1_0__f_clk/X (sky130_fd_sc_hd__clkbuf_16)
     4    0.01                           clknet_1_0__leaf_clk (net)
                  0.03    0.00    0.20 ^ _47_/CLK (sky130_fd_sc_hd__dfrtp_1)
                          0.25    0.45   clock uncertainty
                         -0.02    0.43   clock reconvergence pessimism
                         -0.02    0.41   library hold time
                                  0.41   data required time
-----------------------------------------------------------------------------
                                  0.41   data required time
                                 -0.60   data arrival time
-----------------------------------------------------------------------------
                                  0.18   slack (MET)


Startpoint: _47_ (rising edge-triggered flip-flop clocked by clk)
Endpoint: _48_ (rising edge-triggered flip-flop clocked by clk)
Path Group: clk
Path Type: min
Corner: Fastest

Fanout     Cap    Slew   Delay    Time   Description
-----------------------------------------------------------------------------
                          0.00    0.00   clock clk (rise edge)
                          0.00    0.00   clock source latency
                  0.04    0.03    0.03 ^ clk (in)
     1    0.01                           clk (net)
                  0.04    0.00    0.03 ^ clkbuf_0_clk/A (sky130_fd_sc_hd__clkbuf_16)
                  0.03    0.08    0.11 ^ clkbuf_0_clk/X (sky130_fd_sc_hd__clkbuf_16)
     2    0.02                           clknet_0_clk (net)
                  0.03    0.00    0.11 ^ clkbuf_1_0__f_clk/A (sky130_fd_sc_hd__clkbuf_16)
                  0.03    0.08    0.18 ^ clkbuf_1_0__f_clk/X (sky130_fd_sc_hd__clkbuf_16)
     4    0.01                           clknet_1_0__leaf_clk (net)
                  0.03    0.00    0.18 ^ _47_/CLK (sky130_fd_sc_hd__dfrtp_1)
                  0.07    0.22    0.40 ^ _47_/Q (sky130_fd_sc_hd__dfrtp_1)
     3    0.01                           net5 (net)
                  0.07    0.00    0.40 ^ _24_/D (sky130_fd_sc_hd__and4_1)
                  0.13    0.18    0.58 ^ _24_/X (sky130_fd_sc_hd__and4_1)
     5    0.02                           _17_ (net)
                  0.13    0.00    0.58 ^ _26_/B (sky130_fd_sc_hd__xor2_1)
                  0.02    0.04    0.62 v _26_/X (sky130_fd_sc_hd__xor2_1)
     1    0.00                           _04_ (net)
                  0.02    0.00    0.62 v _48_/D (sky130_fd_sc_hd__dfrtp_1)
                                  0.62   data arrival time

                          0.00    0.00   clock clk (rise edge)
                          0.00    0.00   clock source latency
                  0.04    0.03    0.03 ^ clk (in)
     1    0.01                           clk (net)
                  0.04    0.00    0.03 ^ clkbuf_0_clk/A (sky130_fd_sc_hd__clkbuf_16)
                  0.03    0.09    0.12 ^ clkbuf_0_clk/X (sky130_fd_sc_hd__clkbuf_16)
     2    0.02                           clknet_0_clk (net)
                  0.03    0.00    0.12 ^ clkbuf_1_1__f_clk/A (sky130_fd_sc_hd__clkbuf_16)
                  0.03    0.08    0.20 ^ clkbuf_1_1__f_clk/X (sky130_fd_sc_hd__clkbuf_16)
     4    0.01                           clknet_1_1__leaf_clk (net)
                  0.03    0.00    0.20 ^ _48_/CLK (sky130_fd_sc_hd__dfrtp_1)
                          0.25    0.45   clock uncertainty
                         -0.01    0.44   clock reconvergence pessimism
                         -0.03    0.41   library hold time
                                  0.41   data required time
-----------------------------------------------------------------------------
                                  0.41   data required time
                                 -0.62   data arrival time
-----------------------------------------------------------------------------
                                  0.21   slack (MET)


Startpoint: reset (input port clocked by clk)
Endpoint: _48_ (removal check against rising-edge clock clk)
Path Group: asynchronous
Path Type: min
Corner: Fastest

Fanout     Cap    Slew   Delay    Time   Description
-----------------------------------------------------------------------------
                          0.00    0.00   clock clk (rise edge)
                          0.00    0.00   clock network delay (propagated)
                          2.00    2.00 v input external delay
                  0.01    0.00    2.00 v reset (in)
     1    0.00                           reset (net)
                  0.01    0.00    2.00 v input1/A (sky130_fd_sc_hd__clkbuf_4)
                  0.07    0.12    2.12 v input1/X (sky130_fd_sc_hd__clkbuf_4)
     8    0.04                           net1 (net)
                  0.07    0.00    2.12 v _40_/A (sky130_fd_sc_hd__inv_2)
                  0.03    0.04    2.16 ^ _40_/Y (sky130_fd_sc_hd__inv_2)
     1    0.00                           _12_ (net)
                  0.03    0.00    2.16 ^ _48_/RESET_B (sky130_fd_sc_hd__dfrtp_1)
                                  2.16   data arrival time

                          0.00    0.00   clock clk (rise edge)
                          0.00    0.00   clock source latency
                  0.04    0.03    0.03 ^ clk (in)
     1    0.01                           clk (net)
                  0.04    0.00    0.03 ^ clkbuf_0_clk/A (sky130_fd_sc_hd__clkbuf_16)
                  0.03    0.09    0.12 ^ clkbuf_0_clk/X (sky130_fd_sc_hd__clkbuf_16)
     2    0.02                           clknet_0_clk (net)
                  0.03    0.00    0.12 ^ clkbuf_1_1__f_clk/A (sky130_fd_sc_hd__clkbuf_16)
                  0.03    0.08    0.20 ^ clkbuf_1_1__f_clk/X (sky130_fd_sc_hd__clkbuf_16)
     4    0.01                           clknet_1_1__leaf_clk (net)
                  0.03    0.00    0.20 ^ _48_/CLK (sky130_fd_sc_hd__dfrtp_1)
                          0.25    0.45   clock uncertainty
                          0.00    0.45   clock reconvergence pessimism
                          0.20    0.65   library removal time
                                  0.65   data required time
-----------------------------------------------------------------------------
                                  0.65   data required time
                                 -2.16   data arrival time
-----------------------------------------------------------------------------
                                  1.51   slack (MET)


Startpoint: reset (input port clocked by clk)
Endpoint: _50_ (removal check against rising-edge clock clk)
Path Group: asynchronous
Path Type: min
Corner: Fastest

Fanout     Cap    Slew   Delay    Time   Description
-----------------------------------------------------------------------------
                          0.00    0.00   clock clk (rise edge)
                          0.00    0.00   clock network delay (propagated)
                          2.00    2.00 v input external delay
                  0.01    0.00    2.00 v reset (in)
     1    0.00                           reset (net)
                  0.01    0.00    2.00 v input1/A (sky130_fd_sc_hd__clkbuf_4)
                  0.07    0.12    2.12 v input1/X (sky130_fd_sc_hd__clkbuf_4)
     8    0.04                           net1 (net)
                  0.07    0.00    2.12 v _42_/A (sky130_fd_sc_hd__inv_2)
                  0.03    0.04    2.16 ^ _42_/Y (sky130_fd_sc_hd__inv_2)
     1    0.00                           _14_ (net)
                  0.03    0.00    2.16 ^ _50_/RESET_B (sky130_fd_sc_hd__dfrtp_1)
                                  2.16   data arrival time

                          0.00    0.00   clock clk (rise edge)
                          0.00    0.00   clock source latency
                  0.04    0.03    0.03 ^ clk (in)
     1    0.01                           clk (net)
                  0.04    0.00    0.03 ^ clkbuf_0_clk/A (sky130_fd_sc_hd__clkbuf_16)
                  0.03    0.09    0.12 ^ clkbuf_0_clk/X (sky130_fd_sc_hd__clkbuf_16)
     2    0.02                           clknet_0_clk (net)
                  0.03    0.00    0.12 ^ clkbuf_1_1__f_clk/A (sky130_fd_sc_hd__clkbuf_16)
                  0.03    0.08    0.20 ^ clkbuf_1_1__f_clk/X (sky130_fd_sc_hd__clkbuf_16)
     4    0.01                           clknet_1_1__leaf_clk (net)
                  0.03    0.00    0.20 ^ _50_/CLK (sky130_fd_sc_hd__dfrtp_1)
                          0.25    0.45   clock uncertainty
                          0.00    0.45   clock reconvergence pessimism
                          0.20    0.65   library removal time
                                  0.65   data required time
-----------------------------------------------------------------------------
                                  0.65   data required time
                                 -2.16   data arrival time
-----------------------------------------------------------------------------
                                  1.51   slack (MET)


Startpoint: reset (input port clocked by clk)
Endpoint: _49_ (removal check against rising-edge clock clk)
Path Group: asynchronous
Path Type: min
Corner: Fastest

Fanout     Cap    Slew   Delay    Time   Description
-----------------------------------------------------------------------------
                          0.00    0.00   clock clk (rise edge)
                          0.00    0.00   clock network delay (propagated)
                          2.00    2.00 v input external delay
                  0.01    0.00    2.00 v reset (in)
     1    0.00                           reset (net)
                  0.01    0.00    2.00 v input1/A (sky130_fd_sc_hd__clkbuf_4)
                  0.07    0.12    2.12 v input1/X (sky130_fd_sc_hd__clkbuf_4)
     8    0.04                           net1 (net)
                  0.07    0.00    2.12 v _41_/A (sky130_fd_sc_hd__inv_2)
                  0.03    0.04    2.16 ^ _41_/Y (sky130_fd_sc_hd__inv_2)
     1    0.00                           _13_ (net)
                  0.03    0.00    2.16 ^ _49_/RESET_B (sky130_fd_sc_hd__dfrtp_1)
                                  2.16   data arrival time

                          0.00    0.00   clock clk (rise edge)
                          0.00    0.00   clock source latency
                  0.04    0.03    0.03 ^ clk (in)
     1    0.01                           clk (net)
                  0.04    0.00    0.03 ^ clkbuf_0_clk/A (sky130_fd_sc_hd__clkbuf_16)
                  0.03    0.09    0.12 ^ clkbuf_0_clk/X (sky130_fd_sc_hd__clkbuf_16)
     2    0.02                           clknet_0_clk (net)
                  0.03    0.00    0.12 ^ clkbuf_1_1__f_clk/A (sky130_fd_sc_hd__clkbuf_16)
                  0.03    0.08    0.20 ^ clkbuf_1_1__f_clk/X (sky130_fd_sc_hd__clkbuf_16)
     4    0.01                           clknet_1_1__leaf_clk (net)
                  0.03    0.00    0.20 ^ _49_/CLK (sky130_fd_sc_hd__dfrtp_1)
                          0.25    0.45   clock uncertainty
                          0.00    0.45   clock reconvergence pessimism
                          0.20    0.65   library removal time
                                  0.65   data required time
-----------------------------------------------------------------------------
                                  0.65   data required time
                                 -2.16   data arrival time
-----------------------------------------------------------------------------
                                  1.52   slack (MET)


Startpoint: reset (input port clocked by clk)
Endpoint: _46_ (removal check against rising-edge clock clk)
Path Group: asynchronous
Path Type: min
Corner: Fastest

Fanout     Cap    Slew   Delay    Time   Description
-----------------------------------------------------------------------------
                          0.00    0.00   clock clk (rise edge)
                          0.00    0.00   clock network delay (propagated)
                          2.00    2.00 v input external delay
                  0.01    0.00    2.00 v reset (in)
     1    0.00                           reset (net)
                  0.01    0.00    2.00 v input1/A (sky130_fd_sc_hd__clkbuf_4)
                  0.07    0.12    2.12 v input1/X (sky130_fd_sc_hd__clkbuf_4)
     8    0.04                           net1 (net)
                  0.07    0.00    2.12 v _38_/A (sky130_fd_sc_hd__inv_2)
                  0.03    0.04    2.16 ^ _38_/Y (sky130_fd_sc_hd__inv_2)
     1    0.00                           _10_ (net)
                  0.03    0.00    2.16 ^ _46_/RESET_B (sky130_fd_sc_hd__dfrtp_1)
                                  2.16   data arrival time

                          0.00    0.00   clock clk (rise edge)
                          0.00    0.00   clock source latency
                  0.04    0.03    0.03 ^ clk (in)
     1    0.01                           clk (net)
                  0.04    0.00    0.03 ^ clkbuf_0_clk/A (sky130_fd_sc_hd__clkbuf_16)
                  0.03    0.09    0.12 ^ clkbuf_0_clk/X (sky130_fd_sc_hd__clkbuf_16)
     2    0.02                           clknet_0_clk (net)
                  0.03    0.00    0.12 ^ clkbuf_1_0__f_clk/A (sky130_fd_sc_hd__clkbuf_16)
                  0.03    0.08    0.20 ^ clkbuf_1_0__f_clk/X (sky130_fd_sc_hd__clkbuf_16)
     4    0.01                           clknet_1_0__leaf_clk (net)
                  0.03    0.00    0.20 ^ _46_/CLK (sky130_fd_sc_hd__dfrtp_1)
                          0.25    0.45   clock uncertainty
                          0.00    0.45   clock reconvergence pessimism
                          0.20    0.65   library removal time
                                  0.65   data required time
-----------------------------------------------------------------------------
                                  0.65   data required time
                                 -2.16   data arrival time
-----------------------------------------------------------------------------
                                  1.52   slack (MET)


Startpoint: reset (input port clocked by clk)
Endpoint: _45_ (removal check against rising-edge clock clk)
Path Group: asynchronous
Path Type: min
Corner: Fastest

Fanout     Cap    Slew   Delay    Time   Description
-----------------------------------------------------------------------------
                          0.00    0.00   clock clk (rise edge)
                          0.00    0.00   clock network delay (propagated)
                          2.00    2.00 v input external delay
                  0.01    0.00    2.00 v reset (in)
     1    0.00                           reset (net)
                  0.01    0.00    2.00 v input1/A (sky130_fd_sc_hd__clkbuf_4)
                  0.07    0.12    2.12 v input1/X (sky130_fd_sc_hd__clkbuf_4)
     8    0.04                           net1 (net)
                  0.07    0.00    2.12 v _37_/A (sky130_fd_sc_hd__inv_2)
                  0.03    0.04    2.16 ^ _37_/Y (sky130_fd_sc_hd__inv_2)
     1    0.00                           _09_ (net)
                  0.03    0.00    2.16 ^ _45_/RESET_B (sky130_fd_sc_hd__dfrtp_1)
                                  2.16   data arrival time

                          0.00    0.00   clock clk (rise edge)
                          0.00    0.00   clock source latency
                  0.04    0.03    0.03 ^ clk (in)
     1    0.01                           clk (net)
                  0.04    0.00    0.03 ^ clkbuf_0_clk/A (sky130_fd_sc_hd__clkbuf_16)
                  0.03    0.09    0.12 ^ clkbuf_0_clk/X (sky130_fd_sc_hd__clkbuf_16)
     2    0.02                           clknet_0_clk (net)
                  0.03    0.00    0.12 ^ clkbuf_1_0__f_clk/A (sky130_fd_sc_hd__clkbuf_16)
                  0.03    0.08    0.20 ^ clkbuf_1_0__f_clk/X (sky130_fd_sc_hd__clkbuf_16)
     4    0.01                           clknet_1_0__leaf_clk (net)
                  0.03    0.00    0.20 ^ _45_/CLK (sky130_fd_sc_hd__dfrtp_1)
                          0.25    0.45   clock uncertainty
                          0.00    0.45   clock reconvergence pessimism
                          0.20    0.65   library removal time
                                  0.65   data required time
-----------------------------------------------------------------------------
                                  0.65   data required time
                                 -2.16   data arrival time
-----------------------------------------------------------------------------
                                  1.52   slack (MET)


Startpoint: reset (input port clocked by clk)
Endpoint: _51_ (removal check against rising-edge clock clk)
Path Group: asynchronous
Path Type: min
Corner: Fastest

Fanout     Cap    Slew   Delay    Time   Description
-----------------------------------------------------------------------------
                          0.00    0.00   clock clk (rise edge)
                          0.00    0.00   clock network delay (propagated)
                          2.00    2.00 v input external delay
                  0.01    0.00    2.00 v reset (in)
     1    0.00                           reset (net)
                  0.01    0.00    2.00 v input1/A (sky130_fd_sc_hd__clkbuf_4)
                  0.07    0.12    2.12 v input1/X (sky130_fd_sc_hd__clkbuf_4)
     8    0.04                           net1 (net)
                  0.07    0.00    2.12 v _43_/A (sky130_fd_sc_hd__inv_2)
                  0.03    0.04    2.17 ^ _43_/Y (sky130_fd_sc_hd__inv_2)
     1    0.00                           _15_ (net)
                  0.03    0.00    2.17 ^ _51_/RESET_B (sky130_fd_sc_hd__dfrtp_1)
                                  2.17   data arrival time

                          0.00    0.00   clock clk (rise edge)
                          0.00    0.00   clock source latency
                  0.04    0.03    0.03 ^ clk (in)
     1    0.01                           clk (net)
                  0.04    0.00    0.03 ^ clkbuf_0_clk/A (sky130_fd_sc_hd__clkbuf_16)
                  0.03    0.09    0.12 ^ clkbuf_0_clk/X (sky130_fd_sc_hd__clkbuf_16)
     2    0.02                           clknet_0_clk (net)
                  0.03    0.00    0.12 ^ clkbuf_1_1__f_clk/A (sky130_fd_sc_hd__clkbuf_16)
                  0.03    0.08    0.20 ^ clkbuf_1_1__f_clk/X (sky130_fd_sc_hd__clkbuf_16)
     4    0.01                           clknet_1_1__leaf_clk (net)
                  0.03    0.00    0.20 ^ _51_/CLK (sky130_fd_sc_hd__dfrtp_1)
                          0.25    0.45   clock uncertainty
                          0.00    0.45   clock reconvergence pessimism
                          0.20    0.65   library removal time
                                  0.65   data required time
-----------------------------------------------------------------------------
                                  0.65   data required time
                                 -2.17   data arrival time
-----------------------------------------------------------------------------
                                  1.52   slack (MET)


Startpoint: reset (input port clocked by clk)
Endpoint: _47_ (removal check against rising-edge clock clk)
Path Group: asynchronous
Path Type: min
Corner: Fastest

Fanout     Cap    Slew   Delay    Time   Description
-----------------------------------------------------------------------------
                          0.00    0.00   clock clk (rise edge)
                          0.00    0.00   clock network delay (propagated)
                          2.00    2.00 v input external delay
                  0.01    0.00    2.00 v reset (in)
     1    0.00                           reset (net)
                  0.01    0.00    2.00 v input1/A (sky130_fd_sc_hd__clkbuf_4)
                  0.07    0.12    2.12 v input1/X (sky130_fd_sc_hd__clkbuf_4)
     8    0.04                           net1 (net)
                  0.07    0.00    2.12 v _39_/A (sky130_fd_sc_hd__inv_2)
                  0.03    0.04    2.17 ^ _39_/Y (sky130_fd_sc_hd__inv_2)
     1    0.00                           _11_ (net)
                  0.03    0.00    2.17 ^ _47_/RESET_B (sky130_fd_sc_hd__dfrtp_1)
                                  2.17   data arrival time

                          0.00    0.00   clock clk (rise edge)
                          0.00    0.00   clock source latency
                  0.04    0.03    0.03 ^ clk (in)
     1    0.01                           clk (net)
                  0.04    0.00    0.03 ^ clkbuf_0_clk/A (sky130_fd_sc_hd__clkbuf_16)
                  0.03    0.09    0.12 ^ clkbuf_0_clk/X (sky130_fd_sc_hd__clkbuf_16)
     2    0.02                           clknet_0_clk (net)
                  0.03    0.00    0.12 ^ clkbuf_1_0__f_clk/A (sky130_fd_sc_hd__clkbuf_16)
                  0.03    0.08    0.20 ^ clkbuf_1_0__f_clk/X (sky130_fd_sc_hd__clkbuf_16)
     4    0.01                           clknet_1_0__leaf_clk (net)
                  0.03    0.00    0.20 ^ _47_/CLK (sky130_fd_sc_hd__dfrtp_1)
                          0.25    0.45   clock uncertainty
                          0.00    0.45   clock reconvergence pessimism
                          0.20    0.65   library removal time
                                  0.65   data required time
-----------------------------------------------------------------------------
                                  0.65   data required time
                                 -2.17   data arrival time
-----------------------------------------------------------------------------
                                  1.52   slack (MET)


Startpoint: reset (input port clocked by clk)
Endpoint: _44_ (removal check against rising-edge clock clk)
Path Group: asynchronous
Path Type: min
Corner: Fastest

Fanout     Cap    Slew   Delay    Time   Description
-----------------------------------------------------------------------------
                          0.00    0.00   clock clk (rise edge)
                          0.00    0.00   clock network delay (propagated)
                          2.00    2.00 v input external delay
                  0.01    0.00    2.00 v reset (in)
     1    0.00                           reset (net)
                  0.01    0.00    2.00 v input1/A (sky130_fd_sc_hd__clkbuf_4)
                  0.07    0.12    2.12 v input1/X (sky130_fd_sc_hd__clkbuf_4)
     8    0.04                           net1 (net)
                  0.07    0.00    2.12 v _36_/A (sky130_fd_sc_hd__inv_2)
                  0.04    0.05    2.17 ^ _36_/Y (sky130_fd_sc_hd__inv_2)
     1    0.01                           _08_ (net)
                  0.04    0.00    2.17 ^ _44_/RESET_B (sky130_fd_sc_hd__dfrtp_1)
                                  2.17   data arrival time

                          0.00    0.00   clock clk (rise edge)
                          0.00    0.00   clock source latency
                  0.04    0.03    0.03 ^ clk (in)
     1    0.01                           clk (net)
                  0.04    0.00    0.03 ^ clkbuf_0_clk/A (sky130_fd_sc_hd__clkbuf_16)
                  0.03    0.09    0.12 ^ clkbuf_0_clk/X (sky130_fd_sc_hd__clkbuf_16)
     2    0.02                           clknet_0_clk (net)
                  0.03    0.00    0.12 ^ clkbuf_1_0__f_clk/A (sky130_fd_sc_hd__clkbuf_16)
                  0.03    0.08    0.20 ^ clkbuf_1_0__f_clk/X (sky130_fd_sc_hd__clkbuf_16)
     4    0.01                           clknet_1_0__leaf_clk (net)
                  0.03    0.00    0.20 ^ _44_/CLK (sky130_fd_sc_hd__dfrtp_1)
                          0.25    0.45   clock uncertainty
                          0.00    0.45   clock reconvergence pessimism
                          0.20    0.65   library removal time
                                  0.65   data required time
-----------------------------------------------------------------------------
                                  0.65   data required time
                                 -2.17   data arrival time
-----------------------------------------------------------------------------
                                  1.52   slack (MET)


Startpoint: _51_ (rising edge-triggered flip-flop clocked by clk)
Endpoint: count[7] (output port clocked by clk)
Path Group: clk
Path Type: min
Corner: Fastest

Fanout     Cap    Slew   Delay    Time   Description
-----------------------------------------------------------------------------
                          0.00    0.00   clock clk (rise edge)
                          0.00    0.00   clock source latency
                  0.04    0.03    0.03 ^ clk (in)
     1    0.01                           clk (net)
                  0.04    0.00    0.03 ^ clkbuf_0_clk/A (sky130_fd_sc_hd__clkbuf_16)
                  0.03    0.08    0.11 ^ clkbuf_0_clk/X (sky130_fd_sc_hd__clkbuf_16)
     2    0.02                           clknet_0_clk (net)
                  0.03    0.00    0.11 ^ clkbuf_1_1__f_clk/A (sky130_fd_sc_hd__clkbuf_16)
                  0.03    0.08    0.18 ^ clkbuf_1_1__f_clk/X (sky130_fd_sc_hd__clkbuf_16)
     4    0.01                           clknet_1_1__leaf_clk (net)
                  0.03    0.00    0.18 ^ _51_/CLK (sky130_fd_sc_hd__dfrtp_1)
                  0.05    0.20    0.39 ^ _51_/Q (sky130_fd_sc_hd__dfrtp_1)
     2    0.01                           net9 (net)
                  0.05    0.00    0.39 ^ output9/A (sky130_fd_sc_hd__clkbuf_4)
                  0.09    0.13    0.51 ^ output9/X (sky130_fd_sc_hd__clkbuf_4)
     1    0.04                           count[7] (net)
                  0.09    0.00    0.51 ^ count[7] (out)
                                  0.51   data arrival time

                          0.00    0.00   clock clk (rise edge)
                          0.00    0.00   clock network delay (propagated)
                          0.25    0.25   clock uncertainty
                          0.00    0.25   clock reconvergence pessimism
                         -2.00   -1.75   output external delay
                                 -1.75   data required time
-----------------------------------------------------------------------------
                                 -1.75   data required time
                                 -0.51   data arrival time
-----------------------------------------------------------------------------
                                  2.26   slack (MET)


Startpoint: _50_ (rising edge-triggered flip-flop clocked by clk)
Endpoint: count[6] (output port clocked by clk)
Path Group: clk
Path Type: min
Corner: Fastest

Fanout     Cap    Slew   Delay    Time   Description
-----------------------------------------------------------------------------
                          0.00    0.00   clock clk (rise edge)
                          0.00    0.00   clock source latency
                  0.04    0.03    0.03 ^ clk (in)
     1    0.01                           clk (net)
                  0.04    0.00    0.03 ^ clkbuf_0_clk/A (sky130_fd_sc_hd__clkbuf_16)
                  0.03    0.08    0.11 ^ clkbuf_0_clk/X (sky130_fd_sc_hd__clkbuf_16)
     2    0.02                           clknet_0_clk (net)
                  0.03    0.00    0.11 ^ clkbuf_1_1__f_clk/A (sky130_fd_sc_hd__clkbuf_16)
                  0.03    0.08    0.18 ^ clkbuf_1_1__f_clk/X (sky130_fd_sc_hd__clkbuf_16)
     4    0.01                           clknet_1_1__leaf_clk (net)
                  0.03    0.00    0.18 ^ _50_/CLK (sky130_fd_sc_hd__dfrtp_1)
                  0.07    0.21    0.40 ^ _50_/Q (sky130_fd_sc_hd__dfrtp_1)
     3    0.01                           net8 (net)
                  0.07    0.00    0.40 ^ output8/A (sky130_fd_sc_hd__clkbuf_4)
                  0.08    0.13    0.53 ^ output8/X (sky130_fd_sc_hd__clkbuf_4)
     1    0.03                           count[6] (net)
                  0.08    0.00    0.53 ^ count[6] (out)
                                  0.53   data arrival time

                          0.00    0.00   clock clk (rise edge)
                          0.00    0.00   clock network delay (propagated)
                          0.25    0.25   clock uncertainty
                          0.00    0.25   clock reconvergence pessimism
                         -2.00   -1.75   output external delay
                                 -1.75   data required time
-----------------------------------------------------------------------------
                                 -1.75   data required time
                                 -0.53   data arrival time
-----------------------------------------------------------------------------
                                  2.28   slack (MET)


Startpoint: _47_ (rising edge-triggered flip-flop clocked by clk)
Endpoint: count[3] (output port clocked by clk)
Path Group: clk
Path Type: min
Corner: Fastest

Fanout     Cap    Slew   Delay    Time   Description
-----------------------------------------------------------------------------
                          0.00    0.00   clock clk (rise edge)
                          0.00    0.00   clock source latency
                  0.04    0.03    0.03 ^ clk (in)
     1    0.01                           clk (net)
                  0.04    0.00    0.03 ^ clkbuf_0_clk/A (sky130_fd_sc_hd__clkbuf_16)
                  0.03    0.08    0.11 ^ clkbuf_0_clk/X (sky130_fd_sc_hd__clkbuf_16)
     2    0.02                           clknet_0_clk (net)
                  0.03    0.00    0.11 ^ clkbuf_1_0__f_clk/A (sky130_fd_sc_hd__clkbuf_16)
                  0.03    0.08    0.18 ^ clkbuf_1_0__f_clk/X (sky130_fd_sc_hd__clkbuf_16)
     4    0.01                           clknet_1_0__leaf_clk (net)
                  0.03    0.00    0.18 ^ _47_/CLK (sky130_fd_sc_hd__dfrtp_1)
                  0.07    0.22    0.40 ^ _47_/Q (sky130_fd_sc_hd__dfrtp_1)
     3    0.01                           net5 (net)
                  0.07    0.00    0.40 ^ output5/A (sky130_fd_sc_hd__clkbuf_4)
                  0.09    0.13    0.53 ^ output5/X (sky130_fd_sc_hd__clkbuf_4)
     1    0.04                           count[3] (net)
                  0.09    0.00    0.53 ^ count[3] (out)
                                  0.53   data arrival time

                          0.00    0.00   clock clk (rise edge)
                          0.00    0.00   clock network delay (propagated)
                          0.25    0.25   clock uncertainty
                          0.00    0.25   clock reconvergence pessimism
                         -2.00   -1.75   output external delay
                                 -1.75   data required time
-----------------------------------------------------------------------------
                                 -1.75   data required time
                                 -0.53   data arrival time
-----------------------------------------------------------------------------
                                  2.28   slack (MET)


Startpoint: _46_ (rising edge-triggered flip-flop clocked by clk)
Endpoint: count[2] (output port clocked by clk)
Path Group: clk
Path Type: min
Corner: Fastest

Fanout     Cap    Slew   Delay    Time   Description
-----------------------------------------------------------------------------
                          0.00    0.00   clock clk (rise edge)
                          0.00    0.00   clock source latency
                  0.04    0.03    0.03 ^ clk (in)
     1    0.01                           clk (net)
                  0.04    0.00    0.03 ^ clkbuf_0_clk/A (sky130_fd_sc_hd__clkbuf_16)
                  0.03    0.08    0.11 ^ clkbuf_0_clk/X (sky130_fd_sc_hd__clkbuf_16)
     2    0.02                           clknet_0_clk (net)
                  0.03    0.00    0.11 ^ clkbuf_1_0__f_clk/A (sky130_fd_sc_hd__clkbuf_16)
                  0.03    0.08    0.18 ^ clkbuf_1_0__f_clk/X (sky130_fd_sc_hd__clkbuf_16)
     4    0.01                           clknet_1_0__leaf_clk (net)
                  0.03    0.00    0.18 ^ _46_/CLK (sky130_fd_sc_hd__dfrtp_1)
                  0.08    0.22    0.41 ^ _46_/Q (sky130_fd_sc_hd__dfrtp_1)
     4    0.01                           net4 (net)
                  0.08    0.00    0.41 ^ output4/A (sky130_fd_sc_hd__clkbuf_4)
                  0.08    0.13    0.54 ^ output4/X (sky130_fd_sc_hd__clkbuf_4)
     1    0.03                           count[2] (net)
                  0.08    0.00    0.54 ^ count[2] (out)
                                  0.54   data arrival time

                          0.00    0.00   clock clk (rise edge)
                          0.00    0.00   clock network delay (propagated)
                          0.25    0.25   clock uncertainty
                          0.00    0.25   clock reconvergence pessimism
                         -2.00   -1.75   output external delay
                                 -1.75   data required time
-----------------------------------------------------------------------------
                                 -1.75   data required time
                                 -0.54   data arrival time
-----------------------------------------------------------------------------
                                  2.29   slack (MET)


Startpoint: _48_ (rising edge-triggered flip-flop clocked by clk)
Endpoint: count[4] (output port clocked by clk)
Path Group: clk
Path Type: min
Corner: Fastest

Fanout     Cap    Slew   Delay    Time   Description
-----------------------------------------------------------------------------
                          0.00    0.00   clock clk (rise edge)
                          0.00    0.00   clock source latency
                  0.04    0.03    0.03 ^ clk (in)
     1    0.01                           clk (net)
                  0.04    0.00    0.03 ^ clkbuf_0_clk/A (sky130_fd_sc_hd__clkbuf_16)
                  0.03    0.08    0.11 ^ clkbuf_0_clk/X (sky130_fd_sc_hd__clkbuf_16)
     2    0.02                           clknet_0_clk (net)
                  0.03    0.00    0.11 ^ clkbuf_1_1__f_clk/A (sky130_fd_sc_hd__clkbuf_16)
                  0.03    0.08    0.18 ^ clkbuf_1_1__f_clk/X (sky130_fd_sc_hd__clkbuf_16)
     4    0.01                           clknet_1_1__leaf_clk (net)
                  0.03    0.00    0.18 ^ _48_/CLK (sky130_fd_sc_hd__dfrtp_1)
                  0.08    0.22    0.41 ^ _48_/Q (sky130_fd_sc_hd__dfrtp_1)
     4    0.01                           net6 (net)
                  0.08    0.00    0.41 ^ output6/A (sky130_fd_sc_hd__clkbuf_4)
                  0.09    0.13    0.54 ^ output6/X (sky130_fd_sc_hd__clkbuf_4)
     1    0.03                           count[4] (net)
                  0.09    0.00    0.54 ^ count[4] (out)
                                  0.54   data arrival time

                          0.00    0.00   clock clk (rise edge)
                          0.00    0.00   clock network delay (propagated)
                          0.25    0.25   clock uncertainty
                          0.00    0.25   clock reconvergence pessimism
                         -2.00   -1.75   output external delay
                                 -1.75   data required time
-----------------------------------------------------------------------------
                                 -1.75   data required time
                                 -0.54   data arrival time
-----------------------------------------------------------------------------
                                  2.29   slack (MET)


Startpoint: _44_ (rising edge-triggered flip-flop clocked by clk)
Endpoint: count[0] (output port clocked by clk)
Path Group: clk
Path Type: min
Corner: Fastest

Fanout     Cap    Slew   Delay    Time   Description
-----------------------------------------------------------------------------
                          0.00    0.00   clock clk (rise edge)
                          0.00    0.00   clock source latency
                  0.04    0.03    0.03 ^ clk (in)
     1    0.01                           clk (net)
                  0.04    0.00    0.03 ^ clkbuf_0_clk/A (sky130_fd_sc_hd__clkbuf_16)
                  0.03    0.08    0.11 ^ clkbuf_0_clk/X (sky130_fd_sc_hd__clkbuf_16)
     2    0.02                           clknet_0_clk (net)
                  0.03    0.00    0.11 ^ clkbuf_1_0__f_clk/A (sky130_fd_sc_hd__clkbuf_16)
                  0.03    0.08    0.18 ^ clkbuf_1_0__f_clk/X (sky130_fd_sc_hd__clkbuf_16)
     4    0.01                           clknet_1_0__leaf_clk (net)
                  0.03    0.00    0.18 ^ _44_/CLK (sky130_fd_sc_hd__dfrtp_1)
                  0.09    0.23    0.41 ^ _44_/Q (sky130_fd_sc_hd__dfrtp_1)
     4    0.01                           net2 (net)
                  0.09    0.00    0.41 ^ output2/A (sky130_fd_sc_hd__clkbuf_4)
                  0.09    0.14    0.55 ^ output2/X (sky130_fd_sc_hd__clkbuf_4)
     1    0.04                           count[0] (net)
                  0.09    0.00    0.55 ^ count[0] (out)
                                  0.55   data arrival time

                          0.00    0.00   clock clk (rise edge)
                          0.00    0.00   clock network delay (propagated)
                          0.25    0.25   clock uncertainty
                          0.00    0.25   clock reconvergence pessimism
                         -2.00   -1.75   output external delay
                                 -1.75   data required time
-----------------------------------------------------------------------------
                                 -1.75   data required time
                                 -0.55   data arrival time
-----------------------------------------------------------------------------
                                  2.30   slack (MET)


Startpoint: _49_ (rising edge-triggered flip-flop clocked by clk)
Endpoint: count[5] (output port clocked by clk)
Path Group: clk
Path Type: min
Corner: Fastest

Fanout     Cap    Slew   Delay    Time   Description
-----------------------------------------------------------------------------
                          0.00    0.00   clock clk (rise edge)
                          0.00    0.00   clock source latency
                  0.04    0.03    0.03 ^ clk (in)
     1    0.01                           clk (net)
                  0.04    0.00    0.03 ^ clkbuf_0_clk/A (sky130_fd_sc_hd__clkbuf_16)
                  0.03    0.08    0.11 ^ clkbuf_0_clk/X (sky130_fd_sc_hd__clkbuf_16)
     2    0.02                           clknet_0_clk (net)
                  0.03    0.00    0.11 ^ clkbuf_1_1__f_clk/A (sky130_fd_sc_hd__clkbuf_16)
                  0.03    0.08    0.18 ^ clkbuf_1_1__f_clk/X (sky130_fd_sc_hd__clkbuf_16)
     4    0.01                           clknet_1_1__leaf_clk (net)
                  0.03    0.00    0.18 ^ _49_/CLK (sky130_fd_sc_hd__dfrtp_1)
                  0.06    0.24    0.43 v _49_/Q (sky130_fd_sc_hd__dfrtp_1)
     4    0.01                           net7 (net)
                  0.06    0.00    0.43 v output7/A (sky130_fd_sc_hd__clkbuf_4)
                  0.06    0.13    0.55 v output7/X (sky130_fd_sc_hd__clkbuf_4)
     1    0.03                           count[5] (net)
                  0.06    0.00    0.55 v count[5] (out)
                                  0.55   data arrival time

                          0.00    0.00   clock clk (rise edge)
                          0.00    0.00   clock network delay (propagated)
                          0.25    0.25   clock uncertainty
                          0.00    0.25   clock reconvergence pessimism
                         -2.00   -1.75   output external delay
                                 -1.75   data required time
-----------------------------------------------------------------------------
                                 -1.75   data required time
                                 -0.55   data arrival time
-----------------------------------------------------------------------------
                                  2.30   slack (MET)


Startpoint: _45_ (rising edge-triggered flip-flop clocked by clk)
Endpoint: count[1] (output port clocked by clk)
Path Group: clk
Path Type: min
Corner: Fastest

Fanout     Cap    Slew   Delay    Time   Description
-----------------------------------------------------------------------------
                          0.00    0.00   clock clk (rise edge)
                          0.00    0.00   clock source latency
                  0.04    0.03    0.03 ^ clk (in)
     1    0.01                           clk (net)
                  0.04    0.00    0.03 ^ clkbuf_0_clk/A (sky130_fd_sc_hd__clkbuf_16)
                  0.03    0.08    0.11 ^ clkbuf_0_clk/X (sky130_fd_sc_hd__clkbuf_16)
     2    0.02                           clknet_0_clk (net)
                  0.03    0.00    0.11 ^ clkbuf_1_0__f_clk/A (sky130_fd_sc_hd__clkbuf_16)
                  0.03    0.08    0.18 ^ clkbuf_1_0__f_clk/X (sky130_fd_sc_hd__clkbuf_16)
     4    0.01                           clknet_1_0__leaf_clk (net)
                  0.03    0.00    0.18 ^ _45_/CLK (sky130_fd_sc_hd__dfrtp_1)
                  0.07    0.25    0.43 v _45_/Q (sky130_fd_sc_hd__dfrtp_1)
     5    0.02                           net3 (net)
                  0.07    0.00    0.43 v output3/A (sky130_fd_sc_hd__clkbuf_4)
                  0.06    0.13    0.56 v output3/X (sky130_fd_sc_hd__clkbuf_4)
     1    0.03                           count[1] (net)
                  0.06    0.00    0.57 v count[1] (out)
                                  0.57   data arrival time

                          0.00    0.00   clock clk (rise edge)
                          0.00    0.00   clock network delay (propagated)
                          0.25    0.25   clock uncertainty
                          0.00    0.25   clock reconvergence pessimism
                         -2.00   -1.75   output external delay
                                 -1.75   data required time
-----------------------------------------------------------------------------
                                 -1.75   data required time
                                 -0.57   data arrival time
-----------------------------------------------------------------------------
                                  2.32   slack (MET)



======================= Slowest Corner ===================================

Startpoint: _44_ (rising edge-triggered flip-flop clocked by clk)
Endpoint: _44_ (rising edge-triggered flip-flop clocked by clk)
Path Group: clk
Path Type: min
Corner: Slowest

Fanout     Cap    Slew   Delay    Time   Description
-----------------------------------------------------------------------------
                          0.00    0.00   clock clk (rise edge)
                          0.00    0.00   clock source latency
                  0.09    0.05    0.05 ^ clk (in)
     1    0.01                           clk (net)
                  0.09    0.00    0.05 ^ clkbuf_0_clk/A (sky130_fd_sc_hd__clkbuf_16)
                  0.07    0.22    0.27 ^ clkbuf_0_clk/X (sky130_fd_sc_hd__clkbuf_16)
     2    0.02                           clknet_0_clk (net)
                  0.07    0.00    0.27 ^ clkbuf_1_0__f_clk/A (sky130_fd_sc_hd__clkbuf_16)
                  0.06    0.20    0.47 ^ clkbuf_1_0__f_clk/X (sky130_fd_sc_hd__clkbuf_16)
     4    0.01                           clknet_1_0__leaf_clk (net)
                  0.06    0.00    0.47 ^ _44_/CLK (sky130_fd_sc_hd__dfrtp_1)
                  0.15    0.77    1.24 v _44_/Q (sky130_fd_sc_hd__dfrtp_1)
     4    0.01                           net2 (net)
                  0.15    0.00    1.24 v hold1/A (sky130_fd_sc_hd__buf_1)
                  0.16    0.28    1.52 v hold1/X (sky130_fd_sc_hd__buf_1)
     3    0.01                           net10 (net)
                  0.16    0.00    1.52 v _22_/A (sky130_fd_sc_hd__inv_2)
                  0.05    0.09    1.61 ^ _22_/Y (sky130_fd_sc_hd__inv_2)
     1    0.00                           _00_ (net)
                  0.05    0.00    1.61 ^ _44_/D (sky130_fd_sc_hd__dfrtp_1)
                                  1.61   data arrival time

                          0.00    0.00   clock clk (rise edge)
                          0.00    0.00   clock source latency
                  0.09    0.06    0.06 ^ clk (in)
     1    0.01                           clk (net)
                  0.09    0.00    0.06 ^ clkbuf_0_clk/A (sky130_fd_sc_hd__clkbuf_16)
                  0.07    0.24    0.30 ^ clkbuf_0_clk/X (sky130_fd_sc_hd__clkbuf_16)
     2    0.02                           clknet_0_clk (net)
                  0.07    0.00    0.30 ^ clkbuf_1_0__f_clk/A (sky130_fd_sc_hd__clkbuf_16)
                  0.06    0.22    0.52 ^ clkbuf_1_0__f_clk/X (sky130_fd_sc_hd__clkbuf_16)
     4    0.01                           clknet_1_0__leaf_clk (net)
                  0.06    0.00    0.52 ^ _44_/CLK (sky130_fd_sc_hd__dfrtp_1)
                          0.25    0.77   clock uncertainty
                         -0.05    0.72   clock reconvergence pessimism
                         -0.07    0.64   library hold time
                                  0.64   data required time
-----------------------------------------------------------------------------
                                  0.64   data required time
                                 -1.61   data arrival time
-----------------------------------------------------------------------------
                                  0.97   slack (MET)


Startpoint: _46_ (rising edge-triggered flip-flop clocked by clk)
Endpoint: _46_ (rising edge-triggered flip-flop clocked by clk)
Path Group: clk
Path Type: min
Corner: Slowest

Fanout     Cap    Slew   Delay    Time   Description
-----------------------------------------------------------------------------
                          0.00    0.00   clock clk (rise edge)
                          0.00    0.00   clock source latency
                  0.09    0.05    0.05 ^ clk (in)
     1    0.01                           clk (net)
                  0.09    0.00    0.05 ^ clkbuf_0_clk/A (sky130_fd_sc_hd__clkbuf_16)
                  0.07    0.22    0.27 ^ clkbuf_0_clk/X (sky130_fd_sc_hd__clkbuf_16)
     2    0.02                           clknet_0_clk (net)
                  0.07    0.00    0.27 ^ clkbuf_1_0__f_clk/A (sky130_fd_sc_hd__clkbuf_16)
                  0.06    0.20    0.47 ^ clkbuf_1_0__f_clk/X (sky130_fd_sc_hd__clkbuf_16)
     4    0.01                           clknet_1_0__leaf_clk (net)
                  0.06    0.00    0.47 ^ _46_/CLK (sky130_fd_sc_hd__dfrtp_1)
                  0.17    0.68    1.15 ^ _46_/Q (sky130_fd_sc_hd__dfrtp_1)
     4    0.01                           net4 (net)
                  0.17    0.00    1.15 ^ _23_/C (sky130_fd_sc_hd__and3_1)
                  0.15    0.38    1.53 ^ _23_/X (sky130_fd_sc_hd__and3_1)
     2    0.01                           _16_ (net)
                  0.15    0.00    1.53 ^ _35_/A (sky130_fd_sc_hd__nor2_1)
                  0.04    0.11    1.64 v _35_/Y (sky130_fd_sc_hd__nor2_1)
     1    0.00                           _02_ (net)
                  0.04    0.00    1.64 v _46_/D (sky130_fd_sc_hd__dfrtp_1)
                                  1.64   data arrival time

                          0.00    0.00   clock clk (rise edge)
                          0.00    0.00   clock source latency
                  0.09    0.06    0.06 ^ clk (in)
     1    0.01                           clk (net)
                  0.09    0.00    0.06 ^ clkbuf_0_clk/A (sky130_fd_sc_hd__clkbuf_16)
                  0.07    0.24    0.30 ^ clkbuf_0_clk/X (sky130_fd_sc_hd__clkbuf_16)
     2    0.02                           clknet_0_clk (net)
                  0.07    0.00    0.30 ^ clkbuf_1_0__f_clk/A (sky130_fd_sc_hd__clkbuf_16)
                  0.06    0.22    0.52 ^ clkbuf_1_0__f_clk/X (sky130_fd_sc_hd__clkbuf_16)
     4    0.01                           clknet_1_0__leaf_clk (net)
                  0.06    0.00    0.52 ^ _46_/CLK (sky130_fd_sc_hd__dfrtp_1)
                          0.25    0.77   clock uncertainty
                         -0.05    0.72   clock reconvergence pessimism
                         -0.09    0.63   library hold time
                                  0.63   data required time
-----------------------------------------------------------------------------
                                  0.63   data required time
                                 -1.64   data arrival time
-----------------------------------------------------------------------------
                                  1.01   slack (MET)


Startpoint: reset (input port clocked by clk)
Endpoint: _48_ (removal check against rising-edge clock clk)
Path Group: asynchronous
Path Type: min
Corner: Slowest

Fanout     Cap    Slew   Delay    Time   Description
-----------------------------------------------------------------------------
                          0.00    0.00   clock clk (rise edge)
                          0.00    0.00   clock network delay (propagated)
                          2.00    2.00 v input external delay
                  0.02    0.01    2.01 v reset (in)
     1    0.00                           reset (net)
                  0.02    0.00    2.01 v input1/A (sky130_fd_sc_hd__clkbuf_4)
                  0.17    0.31    2.33 v input1/X (sky130_fd_sc_hd__clkbuf_4)
     8    0.04                           net1 (net)
                  0.17    0.00    2.33 v _40_/A (sky130_fd_sc_hd__inv_2)
                  0.06    0.10    2.43 ^ _40_/Y (sky130_fd_sc_hd__inv_2)
     1    0.00                           _12_ (net)
                  0.06    0.00    2.43 ^ _48_/RESET_B (sky130_fd_sc_hd__dfrtp_1)
                                  2.43   data arrival time

                          0.00    0.00   clock clk (rise edge)
                          0.00    0.00   clock source latency
                  0.09    0.06    0.06 ^ clk (in)
     1    0.01                           clk (net)
                  0.09    0.00    0.06 ^ clkbuf_0_clk/A (sky130_fd_sc_hd__clkbuf_16)
                  0.07    0.24    0.30 ^ clkbuf_0_clk/X (sky130_fd_sc_hd__clkbuf_16)
     2    0.02                           clknet_0_clk (net)
                  0.07    0.00    0.30 ^ clkbuf_1_1__f_clk/A (sky130_fd_sc_hd__clkbuf_16)
                  0.06    0.22    0.52 ^ clkbuf_1_1__f_clk/X (sky130_fd_sc_hd__clkbuf_16)
     4    0.01                           clknet_1_1__leaf_clk (net)
                  0.06    0.00    0.52 ^ _48_/CLK (sky130_fd_sc_hd__dfrtp_1)
                          0.25    0.77   clock uncertainty
                          0.00    0.77   clock reconvergence pessimism
                          0.65    1.42   library removal time
                                  1.42   data required time
-----------------------------------------------------------------------------
                                  1.42   data required time
                                 -2.43   data arrival time
-----------------------------------------------------------------------------
                                  1.01   slack (MET)


Startpoint: reset (input port clocked by clk)
Endpoint: _50_ (removal check against rising-edge clock clk)
Path Group: asynchronous
Path Type: min
Corner: Slowest

Fanout     Cap    Slew   Delay    Time   Description
-----------------------------------------------------------------------------
                          0.00    0.00   clock clk (rise edge)
                          0.00    0.00   clock network delay (propagated)
                          2.00    2.00 v input external delay
                  0.02    0.01    2.01 v reset (in)
     1    0.00                           reset (net)
                  0.02    0.00    2.01 v input1/A (sky130_fd_sc_hd__clkbuf_4)
                  0.17    0.31    2.33 v input1/X (sky130_fd_sc_hd__clkbuf_4)
     8    0.04                           net1 (net)
                  0.17    0.00    2.33 v _42_/A (sky130_fd_sc_hd__inv_2)
                  0.06    0.10    2.43 ^ _42_/Y (sky130_fd_sc_hd__inv_2)
     1    0.00                           _14_ (net)
                  0.06    0.00    2.43 ^ _50_/RESET_B (sky130_fd_sc_hd__dfrtp_1)
                                  2.43   data arrival time

                          0.00    0.00   clock clk (rise edge)
                          0.00    0.00   clock source latency
                  0.09    0.06    0.06 ^ clk (in)
     1    0.01                           clk (net)
                  0.09    0.00    0.06 ^ clkbuf_0_clk/A (sky130_fd_sc_hd__clkbuf_16)
                  0.07    0.24    0.30 ^ clkbuf_0_clk/X (sky130_fd_sc_hd__clkbuf_16)
     2    0.02                           clknet_0_clk (net)
                  0.07    0.00    0.30 ^ clkbuf_1_1__f_clk/A (sky130_fd_sc_hd__clkbuf_16)
                  0.06    0.22    0.52 ^ clkbuf_1_1__f_clk/X (sky130_fd_sc_hd__clkbuf_16)
     4    0.01                           clknet_1_1__leaf_clk (net)
                  0.06    0.00    0.52 ^ _50_/CLK (sky130_fd_sc_hd__dfrtp_1)
                          0.25    0.77   clock uncertainty
                          0.00    0.77   clock reconvergence pessimism
                          0.65    1.42   library removal time
                                  1.42   data required time
-----------------------------------------------------------------------------
                                  1.42   data required time
                                 -2.43   data arrival time
-----------------------------------------------------------------------------
                                  1.01   slack (MET)


Startpoint: reset (input port clocked by clk)
Endpoint: _49_ (removal check against rising-edge clock clk)
Path Group: asynchronous
Path Type: min
Corner: Slowest

Fanout     Cap    Slew   Delay    Time   Description
-----------------------------------------------------------------------------
                          0.00    0.00   clock clk (rise edge)
                          0.00    0.00   clock network delay (propagated)
                          2.00    2.00 v input external delay
                  0.02    0.01    2.01 v reset (in)
     1    0.00                           reset (net)
                  0.02    0.00    2.01 v input1/A (sky130_fd_sc_hd__clkbuf_4)
                  0.17    0.31    2.33 v input1/X (sky130_fd_sc_hd__clkbuf_4)
     8    0.04                           net1 (net)
                  0.17    0.00    2.33 v _41_/A (sky130_fd_sc_hd__inv_2)
                  0.06    0.10    2.43 ^ _41_/Y (sky130_fd_sc_hd__inv_2)
     1    0.00                           _13_ (net)
                  0.06    0.00    2.43 ^ _49_/RESET_B (sky130_fd_sc_hd__dfrtp_1)
                                  2.43   data arrival time

                          0.00    0.00   clock clk (rise edge)
                          0.00    0.00   clock source latency
                  0.09    0.06    0.06 ^ clk (in)
     1    0.01                           clk (net)
                  0.09    0.00    0.06 ^ clkbuf_0_clk/A (sky130_fd_sc_hd__clkbuf_16)
                  0.07    0.24    0.30 ^ clkbuf_0_clk/X (sky130_fd_sc_hd__clkbuf_16)
     2    0.02                           clknet_0_clk (net)
                  0.07    0.00    0.30 ^ clkbuf_1_1__f_clk/A (sky130_fd_sc_hd__clkbuf_16)
                  0.06    0.22    0.52 ^ clkbuf_1_1__f_clk/X (sky130_fd_sc_hd__clkbuf_16)
     4    0.01                           clknet_1_1__leaf_clk (net)
                  0.06    0.00    0.52 ^ _49_/CLK (sky130_fd_sc_hd__dfrtp_1)
                          0.25    0.77   clock uncertainty
                          0.00    0.77   clock reconvergence pessimism
                          0.65    1.42   library removal time
                                  1.42   data required time
-----------------------------------------------------------------------------
                                  1.42   data required time
                                 -2.43   data arrival time
-----------------------------------------------------------------------------
                                  1.01   slack (MET)


Startpoint: reset (input port clocked by clk)
Endpoint: _46_ (removal check against rising-edge clock clk)
Path Group: asynchronous
Path Type: min
Corner: Slowest

Fanout     Cap    Slew   Delay    Time   Description
-----------------------------------------------------------------------------
                          0.00    0.00   clock clk (rise edge)
                          0.00    0.00   clock network delay (propagated)
                          2.00    2.00 v input external delay
                  0.02    0.01    2.01 v reset (in)
     1    0.00                           reset (net)
                  0.02    0.00    2.01 v input1/A (sky130_fd_sc_hd__clkbuf_4)
                  0.17    0.31    2.33 v input1/X (sky130_fd_sc_hd__clkbuf_4)
     8    0.04                           net1 (net)
                  0.17    0.00    2.33 v _38_/A (sky130_fd_sc_hd__inv_2)
                  0.06    0.10    2.43 ^ _38_/Y (sky130_fd_sc_hd__inv_2)
     1    0.00                           _10_ (net)
                  0.06    0.00    2.43 ^ _46_/RESET_B (sky130_fd_sc_hd__dfrtp_1)
                                  2.43   data arrival time

                          0.00    0.00   clock clk (rise edge)
                          0.00    0.00   clock source latency
                  0.09    0.06    0.06 ^ clk (in)
     1    0.01                           clk (net)
                  0.09    0.00    0.06 ^ clkbuf_0_clk/A (sky130_fd_sc_hd__clkbuf_16)
                  0.07    0.24    0.30 ^ clkbuf_0_clk/X (sky130_fd_sc_hd__clkbuf_16)
     2    0.02                           clknet_0_clk (net)
                  0.07    0.00    0.30 ^ clkbuf_1_0__f_clk/A (sky130_fd_sc_hd__clkbuf_16)
                  0.06    0.22    0.52 ^ clkbuf_1_0__f_clk/X (sky130_fd_sc_hd__clkbuf_16)
     4    0.01                           clknet_1_0__leaf_clk (net)
                  0.06    0.00    0.52 ^ _46_/CLK (sky130_fd_sc_hd__dfrtp_1)
                          0.25    0.77   clock uncertainty
                          0.00    0.77   clock reconvergence pessimism
                          0.65    1.42   library removal time
                                  1.42   data required time
-----------------------------------------------------------------------------
                                  1.42   data required time
                                 -2.43   data arrival time
-----------------------------------------------------------------------------
                                  1.01   slack (MET)


Startpoint: reset (input port clocked by clk)
Endpoint: _45_ (removal check against rising-edge clock clk)
Path Group: asynchronous
Path Type: min
Corner: Slowest

Fanout     Cap    Slew   Delay    Time   Description
-----------------------------------------------------------------------------
                          0.00    0.00   clock clk (rise edge)
                          0.00    0.00   clock network delay (propagated)
                          2.00    2.00 v input external delay
                  0.02    0.01    2.01 v reset (in)
     1    0.00                           reset (net)
                  0.02    0.00    2.01 v input1/A (sky130_fd_sc_hd__clkbuf_4)
                  0.17    0.31    2.33 v input1/X (sky130_fd_sc_hd__clkbuf_4)
     8    0.04                           net1 (net)
                  0.17    0.00    2.33 v _37_/A (sky130_fd_sc_hd__inv_2)
                  0.06    0.10    2.43 ^ _37_/Y (sky130_fd_sc_hd__inv_2)
     1    0.00                           _09_ (net)
                  0.06    0.00    2.43 ^ _45_/RESET_B (sky130_fd_sc_hd__dfrtp_1)
                                  2.43   data arrival time

                          0.00    0.00   clock clk (rise edge)
                          0.00    0.00   clock source latency
                  0.09    0.06    0.06 ^ clk (in)
     1    0.01                           clk (net)
                  0.09    0.00    0.06 ^ clkbuf_0_clk/A (sky130_fd_sc_hd__clkbuf_16)
                  0.07    0.24    0.30 ^ clkbuf_0_clk/X (sky130_fd_sc_hd__clkbuf_16)
     2    0.02                           clknet_0_clk (net)
                  0.07    0.00    0.30 ^ clkbuf_1_0__f_clk/A (sky130_fd_sc_hd__clkbuf_16)
                  0.06    0.22    0.52 ^ clkbuf_1_0__f_clk/X (sky130_fd_sc_hd__clkbuf_16)
     4    0.01                           clknet_1_0__leaf_clk (net)
                  0.06    0.00    0.52 ^ _45_/CLK (sky130_fd_sc_hd__dfrtp_1)
                          0.25    0.77   clock uncertainty
                          0.00    0.77   clock reconvergence pessimism
                          0.65    1.42   library removal time
                                  1.42   data required time
-----------------------------------------------------------------------------
                                  1.42   data required time
                                 -2.43   data arrival time
-----------------------------------------------------------------------------
                                  1.01   slack (MET)


Startpoint: _48_ (rising edge-triggered flip-flop clocked by clk)
Endpoint: _49_ (rising edge-triggered flip-flop clocked by clk)
Path Group: clk
Path Type: min
Corner: Slowest

Fanout     Cap    Slew   Delay    Time   Description
-----------------------------------------------------------------------------
                          0.00    0.00   clock clk (rise edge)
                          0.00    0.00   clock source latency
                  0.09    0.05    0.05 ^ clk (in)
     1    0.01                           clk (net)
                  0.09    0.00    0.05 ^ clkbuf_0_clk/A (sky130_fd_sc_hd__clkbuf_16)
                  0.07    0.22    0.27 ^ clkbuf_0_clk/X (sky130_fd_sc_hd__clkbuf_16)
     2    0.02                           clknet_0_clk (net)
                  0.07    0.00    0.27 ^ clkbuf_1_1__f_clk/A (sky130_fd_sc_hd__clkbuf_16)
                  0.06    0.20    0.47 ^ clkbuf_1_1__f_clk/X (sky130_fd_sc_hd__clkbuf_16)
     4    0.01                           clknet_1_1__leaf_clk (net)
                  0.06    0.00    0.47 ^ _48_/CLK (sky130_fd_sc_hd__dfrtp_1)
                  0.18    0.68    1.15 ^ _48_/Q (sky130_fd_sc_hd__dfrtp_1)
     4    0.01                           net6 (net)
                  0.18    0.00    1.15 ^ _27_/A (sky130_fd_sc_hd__and3_1)
                  0.17    0.37    1.52 ^ _27_/X (sky130_fd_sc_hd__and3_1)
     2    0.01                           _18_ (net)
                  0.17    0.00    1.52 ^ _29_/A (sky130_fd_sc_hd__nor2_1)
                  0.06    0.12    1.64 v _29_/Y (sky130_fd_sc_hd__nor2_1)
     1    0.00                           _05_ (net)
                  0.06    0.00    1.64 v _49_/D (sky130_fd_sc_hd__dfrtp_1)
                                  1.64   data arrival time

                          0.00    0.00   clock clk (rise edge)
                          0.00    0.00   clock source latency
                  0.09    0.06    0.06 ^ clk (in)
     1    0.01                           clk (net)
                  0.09    0.00    0.06 ^ clkbuf_0_clk/A (sky130_fd_sc_hd__clkbuf_16)
                  0.07    0.24    0.30 ^ clkbuf_0_clk/X (sky130_fd_sc_hd__clkbuf_16)
     2    0.02                           clknet_0_clk (net)
                  0.07    0.00    0.30 ^ clkbuf_1_1__f_clk/A (sky130_fd_sc_hd__clkbuf_16)
                  0.06    0.22    0.52 ^ clkbuf_1_1__f_clk/X (sky130_fd_sc_hd__clkbuf_16)
     4    0.01                           clknet_1_1__leaf_clk (net)
                  0.06    0.00    0.52 ^ _49_/CLK (sky130_fd_sc_hd__dfrtp_1)
                          0.25    0.77   clock uncertainty
                         -0.05    0.72   clock reconvergence pessimism
                         -0.09    0.62   library hold time
                                  0.62   data required time
-----------------------------------------------------------------------------
                                  0.62   data required time
                                 -1.64   data arrival time
-----------------------------------------------------------------------------
                                  1.02   slack (MET)


Startpoint: reset (input port clocked by clk)
Endpoint: _51_ (removal check against rising-edge clock clk)
Path Group: asynchronous
Path Type: min
Corner: Slowest

Fanout     Cap    Slew   Delay    Time   Description
-----------------------------------------------------------------------------
                          0.00    0.00   clock clk (rise edge)
                          0.00    0.00   clock network delay (propagated)
                          2.00    2.00 v input external delay
                  0.02    0.01    2.01 v reset (in)
     1    0.00                           reset (net)
                  0.02    0.00    2.01 v input1/A (sky130_fd_sc_hd__clkbuf_4)
                  0.17    0.31    2.33 v input1/X (sky130_fd_sc_hd__clkbuf_4)
     8    0.04                           net1 (net)
                  0.17    0.00    2.33 v _43_/A (sky130_fd_sc_hd__inv_2)
                  0.06    0.11    2.43 ^ _43_/Y (sky130_fd_sc_hd__inv_2)
     1    0.00                           _15_ (net)
                  0.06    0.00    2.43 ^ _51_/RESET_B (sky130_fd_sc_hd__dfrtp_1)
                                  2.43   data arrival time

                          0.00    0.00   clock clk (rise edge)
                          0.00    0.00   clock source latency
                  0.09    0.06    0.06 ^ clk (in)
     1    0.01                           clk (net)
                  0.09    0.00    0.06 ^ clkbuf_0_clk/A (sky130_fd_sc_hd__clkbuf_16)
                  0.07    0.24    0.30 ^ clkbuf_0_clk/X (sky130_fd_sc_hd__clkbuf_16)
     2    0.02                           clknet_0_clk (net)
                  0.07    0.00    0.30 ^ clkbuf_1_1__f_clk/A (sky130_fd_sc_hd__clkbuf_16)
                  0.06    0.22    0.52 ^ clkbuf_1_1__f_clk/X (sky130_fd_sc_hd__clkbuf_16)
     4    0.01                           clknet_1_1__leaf_clk (net)
                  0.06    0.00    0.52 ^ _51_/CLK (sky130_fd_sc_hd__dfrtp_1)
                          0.25    0.77   clock uncertainty
                          0.00    0.77   clock reconvergence pessimism
                          0.65    1.42   library removal time
                                  1.42   data required time
-----------------------------------------------------------------------------
                                  1.42   data required time
                                 -2.43   data arrival time
-----------------------------------------------------------------------------
                                  1.02   slack (MET)


Startpoint: reset (input port clocked by clk)
Endpoint: _47_ (removal check against rising-edge clock clk)
Path Group: asynchronous
Path Type: min
Corner: Slowest

Fanout     Cap    Slew   Delay    Time   Description
-----------------------------------------------------------------------------
                          0.00    0.00   clock clk (rise edge)
                          0.00    0.00   clock network delay (propagated)
                          2.00    2.00 v input external delay
                  0.02    0.01    2.01 v reset (in)
     1    0.00                           reset (net)
                  0.02    0.00    2.01 v input1/A (sky130_fd_sc_hd__clkbuf_4)
                  0.17    0.31    2.33 v input1/X (sky130_fd_sc_hd__clkbuf_4)
     8    0.04                           net1 (net)
                  0.17    0.00    2.33 v _39_/A (sky130_fd_sc_hd__inv_2)
                  0.06    0.11    2.43 ^ _39_/Y (sky130_fd_sc_hd__inv_2)
     1    0.00                           _11_ (net)
                  0.06    0.00    2.43 ^ _47_/RESET_B (sky130_fd_sc_hd__dfrtp_1)
                                  2.43   data arrival time

                          0.00    0.00   clock clk (rise edge)
                          0.00    0.00   clock source latency
                  0.09    0.06    0.06 ^ clk (in)
     1    0.01                           clk (net)
                  0.09    0.00    0.06 ^ clkbuf_0_clk/A (sky130_fd_sc_hd__clkbuf_16)
                  0.07    0.24    0.30 ^ clkbuf_0_clk/X (sky130_fd_sc_hd__clkbuf_16)
     2    0.02                           clknet_0_clk (net)
                  0.07    0.00    0.30 ^ clkbuf_1_0__f_clk/A (sky130_fd_sc_hd__clkbuf_16)
                  0.06    0.22    0.52 ^ clkbuf_1_0__f_clk/X (sky130_fd_sc_hd__clkbuf_16)
     4    0.01                           clknet_1_0__leaf_clk (net)
                  0.06    0.00    0.52 ^ _47_/CLK (sky130_fd_sc_hd__dfrtp_1)
                          0.25    0.77   clock uncertainty
                          0.00    0.77   clock reconvergence pessimism
                          0.65    1.42   library removal time
                                  1.42   data required time
-----------------------------------------------------------------------------
                                  1.42   data required time
                                 -2.43   data arrival time
-----------------------------------------------------------------------------
                                  1.02   slack (MET)


Startpoint: reset (input port clocked by clk)
Endpoint: _44_ (removal check against rising-edge clock clk)
Path Group: asynchronous
Path Type: min
Corner: Slowest

Fanout     Cap    Slew   Delay    Time   Description
-----------------------------------------------------------------------------
                          0.00    0.00   clock clk (rise edge)
                          0.00    0.00   clock network delay (propagated)
                          2.00    2.00 v input external delay
                  0.02    0.01    2.01 v reset (in)
     1    0.00                           reset (net)
                  0.02    0.00    2.01 v input1/A (sky130_fd_sc_hd__clkbuf_4)
                  0.17    0.31    2.33 v input1/X (sky130_fd_sc_hd__clkbuf_4)
     8    0.04                           net1 (net)
                  0.17    0.00    2.33 v _36_/A (sky130_fd_sc_hd__inv_2)
                  0.08    0.12    2.45 ^ _36_/Y (sky130_fd_sc_hd__inv_2)
     1    0.01                           _08_ (net)
                  0.08    0.00    2.45 ^ _44_/RESET_B (sky130_fd_sc_hd__dfrtp_1)
                                  2.45   data arrival time

                          0.00    0.00   clock clk (rise edge)
                          0.00    0.00   clock source latency
                  0.09    0.06    0.06 ^ clk (in)
     1    0.01                           clk (net)
                  0.09    0.00    0.06 ^ clkbuf_0_clk/A (sky130_fd_sc_hd__clkbuf_16)
                  0.07    0.24    0.30 ^ clkbuf_0_clk/X (sky130_fd_sc_hd__clkbuf_16)
     2    0.02                           clknet_0_clk (net)
                  0.07    0.00    0.30 ^ clkbuf_1_0__f_clk/A (sky130_fd_sc_hd__clkbuf_16)
                  0.06    0.22    0.52 ^ clkbuf_1_0__f_clk/X (sky130_fd_sc_hd__clkbuf_16)
     4    0.01                           clknet_1_0__leaf_clk (net)
                  0.06    0.00    0.52 ^ _44_/CLK (sky130_fd_sc_hd__dfrtp_1)
                          0.25    0.77   clock uncertainty
                          0.00    0.77   clock reconvergence pessimism
                          0.66    1.42   library removal time
                                  1.42   data required time
-----------------------------------------------------------------------------
                                  1.42   data required time
                                 -2.45   data arrival time
-----------------------------------------------------------------------------
                                  1.03   slack (MET)


Startpoint: _48_ (rising edge-triggered flip-flop clocked by clk)
Endpoint: _50_ (rising edge-triggered flip-flop clocked by clk)
Path Group: clk
Path Type: min
Corner: Slowest

Fanout     Cap    Slew   Delay    Time   Description
-----------------------------------------------------------------------------
                          0.00    0.00   clock clk (rise edge)
                          0.00    0.00   clock source latency
                  0.09    0.05    0.05 ^ clk (in)
     1    0.01                           clk (net)
                  0.09    0.00    0.05 ^ clkbuf_0_clk/A (sky130_fd_sc_hd__clkbuf_16)
                  0.07    0.22    0.27 ^ clkbuf_0_clk/X (sky130_fd_sc_hd__clkbuf_16)
     2    0.02                           clknet_0_clk (net)
                  0.07    0.00    0.27 ^ clkbuf_1_1__f_clk/A (sky130_fd_sc_hd__clkbuf_16)
                  0.06    0.20    0.47 ^ clkbuf_1_1__f_clk/X (sky130_fd_sc_hd__clkbuf_16)
     4    0.01                           clknet_1_1__leaf_clk (net)
                  0.06    0.00    0.47 ^ _48_/CLK (sky130_fd_sc_hd__dfrtp_1)
                  0.18    0.68    1.15 ^ _48_/Q (sky130_fd_sc_hd__dfrtp_1)
     4    0.01                           net6 (net)
                  0.18    0.00    1.15 ^ _27_/A (sky130_fd_sc_hd__and3_1)
                  0.17    0.37    1.52 ^ _27_/X (sky130_fd_sc_hd__and3_1)
     2    0.01                           _18_ (net)
                  0.17    0.00    1.52 ^ _30_/B (sky130_fd_sc_hd__xor2_1)
                  0.07    0.15    1.67 v _30_/X (sky130_fd_sc_hd__xor2_1)
     1    0.00                           _06_ (net)
                  0.07    0.00    1.67 v _50_/D (sky130_fd_sc_hd__dfrtp_1)
                                  1.67   data arrival time

                          0.00    0.00   clock clk (rise edge)
                          0.00    0.00   clock source latency
                  0.09    0.06    0.06 ^ clk (in)
     1    0.01                           clk (net)
                  0.09    0.00    0.06 ^ clkbuf_0_clk/A (sky130_fd_sc_hd__clkbuf_16)
                  0.07    0.24    0.30 ^ clkbuf_0_clk/X (sky130_fd_sc_hd__clkbuf_16)
     2    0.02                           clknet_0_clk (net)
                  0.07    0.00    0.30 ^ clkbuf_1_1__f_clk/A (sky130_fd_sc_hd__clkbuf_16)
                  0.06    0.22    0.52 ^ clkbuf_1_1__f_clk/X (sky130_fd_sc_hd__clkbuf_16)
     4    0.01                           clknet_1_1__leaf_clk (net)
                  0.06    0.00    0.52 ^ _50_/CLK (sky130_fd_sc_hd__dfrtp_1)
                          0.25    0.77   clock uncertainty
                         -0.05    0.72   clock reconvergence pessimism
                         -0.10    0.62   library hold time
                                  0.62   data required time
-----------------------------------------------------------------------------
                                  0.62   data required time
                                 -1.67   data arrival time
-----------------------------------------------------------------------------
                                  1.05   slack (MET)


Startpoint: _48_ (rising edge-triggered flip-flop clocked by clk)
Endpoint: _51_ (rising edge-triggered flip-flop clocked by clk)
Path Group: clk
Path Type: min
Corner: Slowest

Fanout     Cap    Slew   Delay    Time   Description
-----------------------------------------------------------------------------
                          0.00    0.00   clock clk (rise edge)
                          0.00    0.00   clock source latency
                  0.09    0.05    0.05 ^ clk (in)
     1    0.01                           clk (net)
                  0.09    0.00    0.05 ^ clkbuf_0_clk/A (sky130_fd_sc_hd__clkbuf_16)
                  0.07    0.22    0.27 ^ clkbuf_0_clk/X (sky130_fd_sc_hd__clkbuf_16)
     2    0.02                           clknet_0_clk (net)
                  0.07    0.00    0.27 ^ clkbuf_1_1__f_clk/A (sky130_fd_sc_hd__clkbuf_16)
                  0.06    0.20    0.47 ^ clkbuf_1_1__f_clk/X (sky130_fd_sc_hd__clkbuf_16)
     4    0.01                           clknet_1_1__leaf_clk (net)
                  0.06    0.00    0.47 ^ _48_/CLK (sky130_fd_sc_hd__dfrtp_1)
                  0.18    0.68    1.15 ^ _48_/Q (sky130_fd_sc_hd__dfrtp_1)
     4    0.01                           net6 (net)
                  0.18    0.00    1.15 ^ _31_/A (sky130_fd_sc_hd__and4_1)
                  0.14    0.40    1.54 ^ _31_/X (sky130_fd_sc_hd__and4_1)
     1    0.01                           _20_ (net)
                  0.14    0.00    1.54 ^ _32_/B (sky130_fd_sc_hd__xor2_1)
                  0.07    0.14    1.68 v _32_/X (sky130_fd_sc_hd__xor2_1)
     1    0.00                           _07_ (net)
                  0.07    0.00    1.68 v _51_/D (sky130_fd_sc_hd__dfrtp_1)
                                  1.68   data arrival time

                          0.00    0.00   clock clk (rise edge)
                          0.00    0.00   clock source latency
                  0.09    0.06    0.06 ^ clk (in)
     1    0.01                           clk (net)
                  0.09    0.00    0.06 ^ clkbuf_0_clk/A (sky130_fd_sc_hd__clkbuf_16)
                  0.07    0.24    0.30 ^ clkbuf_0_clk/X (sky130_fd_sc_hd__clkbuf_16)
     2    0.02                           clknet_0_clk (net)
                  0.07    0.00    0.30 ^ clkbuf_1_1__f_clk/A (sky130_fd_sc_hd__clkbuf_16)
                  0.06    0.22    0.52 ^ clkbuf_1_1__f_clk/X (sky130_fd_sc_hd__clkbuf_16)
     4    0.01                           clknet_1_1__leaf_clk (net)
                  0.06    0.00    0.52 ^ _51_/CLK (sky130_fd_sc_hd__dfrtp_1)
                          0.25    0.77   clock uncertainty
                         -0.05    0.72   clock reconvergence pessimism
                         -0.10    0.62   library hold time
                                  0.62   data required time
-----------------------------------------------------------------------------
                                  0.62   data required time
                                 -1.68   data arrival time
-----------------------------------------------------------------------------
                                  1.07   slack (MET)


Startpoint: _44_ (rising edge-triggered flip-flop clocked by clk)
Endpoint: _45_ (rising edge-triggered flip-flop clocked by clk)
Path Group: clk
Path Type: min
Corner: Slowest

Fanout     Cap    Slew   Delay    Time   Description
-----------------------------------------------------------------------------
                          0.00    0.00   clock clk (rise edge)
                          0.00    0.00   clock source latency
                  0.09    0.05    0.05 ^ clk (in)
     1    0.01                           clk (net)
                  0.09    0.00    0.05 ^ clkbuf_0_clk/A (sky130_fd_sc_hd__clkbuf_16)
                  0.07    0.22    0.27 ^ clkbuf_0_clk/X (sky130_fd_sc_hd__clkbuf_16)
     2    0.02                           clknet_0_clk (net)
                  0.07    0.00    0.27 ^ clkbuf_1_0__f_clk/A (sky130_fd_sc_hd__clkbuf_16)
                  0.06    0.20    0.47 ^ clkbuf_1_0__f_clk/X (sky130_fd_sc_hd__clkbuf_16)
     4    0.01                           clknet_1_0__leaf_clk (net)
                  0.06    0.00    0.47 ^ _44_/CLK (sky130_fd_sc_hd__dfrtp_1)
                  0.20    0.70    1.16 ^ _44_/Q (sky130_fd_sc_hd__dfrtp_1)
     4    0.01                           net2 (net)
                  0.20    0.00    1.16 ^ hold1/A (sky130_fd_sc_hd__buf_1)
                  0.28    0.34    1.50 ^ hold1/X (sky130_fd_sc_hd__buf_1)
     3    0.01                           net10 (net)
                  0.28    0.00    1.50 ^ _33_/A (sky130_fd_sc_hd__xor2_1)
                  0.07    0.19    1.69 v _33_/X (sky130_fd_sc_hd__xor2_1)
     1    0.00                           _01_ (net)
                  0.07    0.00    1.69 v _45_/D (sky130_fd_sc_hd__dfrtp_1)
                                  1.69   data arrival time

                          0.00    0.00   clock clk (rise edge)
                          0.00    0.00   clock source latency
                  0.09    0.06    0.06 ^ clk (in)
     1    0.01                           clk (net)
                  0.09    0.00    0.06 ^ clkbuf_0_clk/A (sky130_fd_sc_hd__clkbuf_16)
                  0.07    0.24    0.30 ^ clkbuf_0_clk/X (sky130_fd_sc_hd__clkbuf_16)
     2    0.02                           clknet_0_clk (net)
                  0.07    0.00    0.30 ^ clkbuf_1_0__f_clk/A (sky130_fd_sc_hd__clkbuf_16)
                  0.06    0.22    0.52 ^ clkbuf_1_0__f_clk/X (sky130_fd_sc_hd__clkbuf_16)
     4    0.01                           clknet_1_0__leaf_clk (net)
                  0.06    0.00    0.52 ^ _45_/CLK (sky130_fd_sc_hd__dfrtp_1)
                          0.25    0.77   clock uncertainty
                         -0.05    0.72   clock reconvergence pessimism
                         -0.10    0.62   library hold time
                                  0.62   data required time
-----------------------------------------------------------------------------
                                  0.62   data required time
                                 -1.69   data arrival time
-----------------------------------------------------------------------------
                                  1.07   slack (MET)


Startpoint: _46_ (rising edge-triggered flip-flop clocked by clk)
Endpoint: _47_ (rising edge-triggered flip-flop clocked by clk)
Path Group: clk
Path Type: min
Corner: Slowest

Fanout     Cap    Slew   Delay    Time   Description
-----------------------------------------------------------------------------
                          0.00    0.00   clock clk (rise edge)
                          0.00    0.00   clock source latency
                  0.09    0.05    0.05 ^ clk (in)
     1    0.01                           clk (net)
                  0.09    0.00    0.05 ^ clkbuf_0_clk/A (sky130_fd_sc_hd__clkbuf_16)
                  0.07    0.22    0.27 ^ clkbuf_0_clk/X (sky130_fd_sc_hd__clkbuf_16)
     2    0.02                           clknet_0_clk (net)
                  0.07    0.00    0.27 ^ clkbuf_1_0__f_clk/A (sky130_fd_sc_hd__clkbuf_16)
                  0.06    0.20    0.47 ^ clkbuf_1_0__f_clk/X (sky130_fd_sc_hd__clkbuf_16)
     4    0.01                           clknet_1_0__leaf_clk (net)
                  0.06    0.00    0.47 ^ _46_/CLK (sky130_fd_sc_hd__dfrtp_1)
                  0.17    0.68    1.15 ^ _46_/Q (sky130_fd_sc_hd__dfrtp_1)
     4    0.01                           net4 (net)
                  0.17    0.00    1.15 ^ _23_/C (sky130_fd_sc_hd__and3_1)
                  0.15    0.38    1.53 ^ _23_/X (sky130_fd_sc_hd__and3_1)
     2    0.01                           _16_ (net)
                  0.15    0.00    1.53 ^ _25_/A2 (sky130_fd_sc_hd__o21ba_1)
                  0.08    0.24    1.77 ^ _25_/X (sky130_fd_sc_hd__o21ba_1)
     1    0.00                           _03_ (net)
                  0.08    0.00    1.77 ^ _47_/D (sky130_fd_sc_hd__dfrtp_1)
                                  1.77   data arrival time

                          0.00    0.00   clock clk (rise edge)
                          0.00    0.00   clock source latency
                  0.09    0.06    0.06 ^ clk (in)
     1    0.01                           clk (net)
                  0.09    0.00    0.06 ^ clkbuf_0_clk/A (sky130_fd_sc_hd__clkbuf_16)
                  0.07    0.24    0.30 ^ clkbuf_0_clk/X (sky130_fd_sc_hd__clkbuf_16)
     2    0.02                           clknet_0_clk (net)
                  0.07    0.00    0.30 ^ clkbuf_1_0__f_clk/A (sky130_fd_sc_hd__clkbuf_16)
                  0.06    0.22    0.52 ^ clkbuf_1_0__f_clk/X (sky130_fd_sc_hd__clkbuf_16)
     4    0.01                           clknet_1_0__leaf_clk (net)
                  0.06    0.00    0.52 ^ _47_/CLK (sky130_fd_sc_hd__dfrtp_1)
                          0.25    0.77   clock uncertainty
                         -0.05    0.72   clock reconvergence pessimism
                         -0.08    0.64   library hold time
                                  0.64   data required time
-----------------------------------------------------------------------------
                                  0.64   data required time
                                 -1.77   data arrival time
-----------------------------------------------------------------------------
                                  1.13   slack (MET)


Startpoint: _44_ (rising edge-triggered flip-flop clocked by clk)
Endpoint: _48_ (rising edge-triggered flip-flop clocked by clk)
Path Group: clk
Path Type: min
Corner: Slowest

Fanout     Cap    Slew   Delay    Time   Description
-----------------------------------------------------------------------------
                          0.00    0.00   clock clk (rise edge)
                          0.00    0.00   clock source latency
                  0.09    0.05    0.05 ^ clk (in)
     1    0.01                           clk (net)
                  0.09    0.00    0.05 ^ clkbuf_0_clk/A (sky130_fd_sc_hd__clkbuf_16)
                  0.07    0.22    0.27 ^ clkbuf_0_clk/X (sky130_fd_sc_hd__clkbuf_16)
     2    0.02                           clknet_0_clk (net)
                  0.07    0.00    0.27 ^ clkbuf_1_0__f_clk/A (sky130_fd_sc_hd__clkbuf_16)
                  0.06    0.20    0.47 ^ clkbuf_1_0__f_clk/X (sky130_fd_sc_hd__clkbuf_16)
     4    0.01                           clknet_1_0__leaf_clk (net)
                  0.06    0.00    0.47 ^ _44_/CLK (sky130_fd_sc_hd__dfrtp_1)
                  0.20    0.70    1.16 ^ _44_/Q (sky130_fd_sc_hd__dfrtp_1)
     4    0.01                           net2 (net)
                  0.20    0.00    1.16 ^ _24_/A (sky130_fd_sc_hd__and4_1)
                  0.29    0.53    1.69 ^ _24_/X (sky130_fd_sc_hd__and4_1)
     5    0.02                           _17_ (net)
                  0.29    0.00    1.69 ^ _26_/B (sky130_fd_sc_hd__xor2_1)
                  0.06    0.19    1.88 v _26_/X (sky130_fd_sc_hd__xor2_1)
     1    0.00                           _04_ (net)
                  0.06    0.00    1.88 v _48_/D (sky130_fd_sc_hd__dfrtp_1)
                                  1.88   data arrival time

                          0.00    0.00   clock clk (rise edge)
                          0.00    0.00   clock source latency
                  0.09    0.06    0.06 ^ clk (in)
     1    0.01                           clk (net)
                  0.09    0.00    0.06 ^ clkbuf_0_clk/A (sky130_fd_sc_hd__clkbuf_16)
                  0.07    0.24    0.30 ^ clkbuf_0_clk/X (sky130_fd_sc_hd__clkbuf_16)
     2    0.02                           clknet_0_clk (net)
                  0.07    0.00    0.30 ^ clkbuf_1_1__f_clk/A (sky130_fd_sc_hd__clkbuf_16)
                  0.06    0.22    0.52 ^ clkbuf_1_1__f_clk/X (sky130_fd_sc_hd__clkbuf_16)
     4    0.01                           clknet_1_1__leaf_clk (net)
                  0.06    0.00    0.52 ^ _48_/CLK (sky130_fd_sc_hd__dfrtp_1)
                          0.25    0.77   clock uncertainty
                         -0.03    0.74   clock reconvergence pessimism
                         -0.10    0.64   library hold time
                                  0.64   data required time
-----------------------------------------------------------------------------
                                  0.64   data required time
                                 -1.88   data arrival time
-----------------------------------------------------------------------------
                                  1.24   slack (MET)


Startpoint: _51_ (rising edge-triggered flip-flop clocked by clk)
Endpoint: count[7] (output port clocked by clk)
Path Group: clk
Path Type: min
Corner: Slowest

Fanout     Cap    Slew   Delay    Time   Description
-----------------------------------------------------------------------------
                          0.00    0.00   clock clk (rise edge)
                          0.00    0.00   clock source latency
                  0.09    0.05    0.05 ^ clk (in)
     1    0.01                           clk (net)
                  0.09    0.00    0.05 ^ clkbuf_0_clk/A (sky130_fd_sc_hd__clkbuf_16)
                  0.07    0.22    0.27 ^ clkbuf_0_clk/X (sky130_fd_sc_hd__clkbuf_16)
     2    0.02                           clknet_0_clk (net)
                  0.07    0.00    0.27 ^ clkbuf_1_1__f_clk/A (sky130_fd_sc_hd__clkbuf_16)
                  0.06    0.20    0.47 ^ clkbuf_1_1__f_clk/X (sky130_fd_sc_hd__clkbuf_16)
     4    0.01                           clknet_1_1__leaf_clk (net)
                  0.06    0.00    0.47 ^ _51_/CLK (sky130_fd_sc_hd__dfrtp_1)
                  0.12    0.64    1.11 ^ _51_/Q (sky130_fd_sc_hd__dfrtp_1)
     2    0.01                           net9 (net)
                  0.12    0.00    1.11 ^ output9/A (sky130_fd_sc_hd__clkbuf_4)
                  0.18    0.34    1.44 ^ output9/X (sky130_fd_sc_hd__clkbuf_4)
     1    0.04                           count[7] (net)
                  0.18    0.00    1.44 ^ count[7] (out)
                                  1.44   data arrival time

                          0.00    0.00   clock clk (rise edge)
                          0.00    0.00   clock network delay (propagated)
                          0.25    0.25   clock uncertainty
                          0.00    0.25   clock reconvergence pessimism
                         -2.00   -1.75   output external delay
                                 -1.75   data required time
-----------------------------------------------------------------------------
                                 -1.75   data required time
                                 -1.44   data arrival time
-----------------------------------------------------------------------------
                                  3.19   slack (MET)


Startpoint: _50_ (rising edge-triggered flip-flop clocked by clk)
Endpoint: count[6] (output port clocked by clk)
Path Group: clk
Path Type: min
Corner: Slowest

Fanout     Cap    Slew   Delay    Time   Description
-----------------------------------------------------------------------------
                          0.00    0.00   clock clk (rise edge)
                          0.00    0.00   clock source latency
                  0.09    0.05    0.05 ^ clk (in)
     1    0.01                           clk (net)
                  0.09    0.00    0.05 ^ clkbuf_0_clk/A (sky130_fd_sc_hd__clkbuf_16)
                  0.07    0.22    0.27 ^ clkbuf_0_clk/X (sky130_fd_sc_hd__clkbuf_16)
     2    0.02                           clknet_0_clk (net)
                  0.07    0.00    0.27 ^ clkbuf_1_1__f_clk/A (sky130_fd_sc_hd__clkbuf_16)
                  0.06    0.20    0.47 ^ clkbuf_1_1__f_clk/X (sky130_fd_sc_hd__clkbuf_16)
     4    0.01                           clknet_1_1__leaf_clk (net)
                  0.06    0.00    0.47 ^ _50_/CLK (sky130_fd_sc_hd__dfrtp_1)
                  0.14    0.66    1.12 ^ _50_/Q (sky130_fd_sc_hd__dfrtp_1)
     3    0.01                           net8 (net)
                  0.14    0.00    1.12 ^ output8/A (sky130_fd_sc_hd__clkbuf_4)
                  0.18    0.34    1.47 ^ output8/X (sky130_fd_sc_hd__clkbuf_4)
     1    0.03                           count[6] (net)
                  0.18    0.00    1.47 ^ count[6] (out)
                                  1.47   data arrival time

                          0.00    0.00   clock clk (rise edge)
                          0.00    0.00   clock network delay (propagated)
                          0.25    0.25   clock uncertainty
                          0.00    0.25   clock reconvergence pessimism
                         -2.00   -1.75   output external delay
                                 -1.75   data required time
-----------------------------------------------------------------------------
                                 -1.75   data required time
                                 -1.47   data arrival time
-----------------------------------------------------------------------------
                                  3.22   slack (MET)


Startpoint: _47_ (rising edge-triggered flip-flop clocked by clk)
Endpoint: count[3] (output port clocked by clk)
Path Group: clk
Path Type: min
Corner: Slowest

Fanout     Cap    Slew   Delay    Time   Description
-----------------------------------------------------------------------------
                          0.00    0.00   clock clk (rise edge)
                          0.00    0.00   clock source latency
                  0.09    0.05    0.05 ^ clk (in)
     1    0.01                           clk (net)
                  0.09    0.00    0.05 ^ clkbuf_0_clk/A (sky130_fd_sc_hd__clkbuf_16)
                  0.07    0.22    0.27 ^ clkbuf_0_clk/X (sky130_fd_sc_hd__clkbuf_16)
     2    0.02                           clknet_0_clk (net)
                  0.07    0.00    0.27 ^ clkbuf_1_0__f_clk/A (sky130_fd_sc_hd__clkbuf_16)
                  0.06    0.20    0.47 ^ clkbuf_1_0__f_clk/X (sky130_fd_sc_hd__clkbuf_16)
     4    0.01                           clknet_1_0__leaf_clk (net)
                  0.06    0.00    0.47 ^ _47_/CLK (sky130_fd_sc_hd__dfrtp_1)
                  0.15    0.66    1.13 ^ _47_/Q (sky130_fd_sc_hd__dfrtp_1)
     3    0.01                           net5 (net)
                  0.15    0.00    1.13 ^ output5/A (sky130_fd_sc_hd__clkbuf_4)
                  0.18    0.35    1.48 ^ output5/X (sky130_fd_sc_hd__clkbuf_4)
     1    0.04                           count[3] (net)
                  0.18    0.00    1.48 ^ count[3] (out)
                                  1.48   data arrival time

                          0.00    0.00   clock clk (rise edge)
                          0.00    0.00   clock network delay (propagated)
                          0.25    0.25   clock uncertainty
                          0.00    0.25   clock reconvergence pessimism
                         -2.00   -1.75   output external delay
                                 -1.75   data required time
-----------------------------------------------------------------------------
                                 -1.75   data required time
                                 -1.48   data arrival time
-----------------------------------------------------------------------------
                                  3.23   slack (MET)


Startpoint: _46_ (rising edge-triggered flip-flop clocked by clk)
Endpoint: count[2] (output port clocked by clk)
Path Group: clk
Path Type: min
Corner: Slowest

Fanout     Cap    Slew   Delay    Time   Description
-----------------------------------------------------------------------------
                          0.00    0.00   clock clk (rise edge)
                          0.00    0.00   clock source latency
                  0.09    0.05    0.05 ^ clk (in)
     1    0.01                           clk (net)
                  0.09    0.00    0.05 ^ clkbuf_0_clk/A (sky130_fd_sc_hd__clkbuf_16)
                  0.07    0.22    0.27 ^ clkbuf_0_clk/X (sky130_fd_sc_hd__clkbuf_16)
     2    0.02                           clknet_0_clk (net)
                  0.07    0.00    0.27 ^ clkbuf_1_0__f_clk/A (sky130_fd_sc_hd__clkbuf_16)
                  0.06    0.20    0.47 ^ clkbuf_1_0__f_clk/X (sky130_fd_sc_hd__clkbuf_16)
     4    0.01                           clknet_1_0__leaf_clk (net)
                  0.06    0.00    0.47 ^ _46_/CLK (sky130_fd_sc_hd__dfrtp_1)
                  0.17    0.68    1.15 ^ _46_/Q (sky130_fd_sc_hd__dfrtp_1)
     4    0.01                           net4 (net)
                  0.17    0.00    1.15 ^ output4/A (sky130_fd_sc_hd__clkbuf_4)
                  0.18    0.36    1.50 ^ output4/X (sky130_fd_sc_hd__clkbuf_4)
     1    0.03                           count[2] (net)
                  0.18    0.00    1.51 ^ count[2] (out)
                                  1.51   data arrival time

                          0.00    0.00   clock clk (rise edge)
                          0.00    0.00   clock network delay (propagated)
                          0.25    0.25   clock uncertainty
                          0.00    0.25   clock reconvergence pessimism
                         -2.00   -1.75   output external delay
                                 -1.75   data required time
-----------------------------------------------------------------------------
                                 -1.75   data required time
                                 -1.51   data arrival time
-----------------------------------------------------------------------------
                                  3.26   slack (MET)


Startpoint: _48_ (rising edge-triggered flip-flop clocked by clk)
Endpoint: count[4] (output port clocked by clk)
Path Group: clk
Path Type: min
Corner: Slowest

Fanout     Cap    Slew   Delay    Time   Description
-----------------------------------------------------------------------------
                          0.00    0.00   clock clk (rise edge)
                          0.00    0.00   clock source latency
                  0.09    0.05    0.05 ^ clk (in)
     1    0.01                           clk (net)
                  0.09    0.00    0.05 ^ clkbuf_0_clk/A (sky130_fd_sc_hd__clkbuf_16)
                  0.07    0.22    0.27 ^ clkbuf_0_clk/X (sky130_fd_sc_hd__clkbuf_16)
     2    0.02                           clknet_0_clk (net)
                  0.07    0.00    0.27 ^ clkbuf_1_1__f_clk/A (sky130_fd_sc_hd__clkbuf_16)
                  0.06    0.20    0.47 ^ clkbuf_1_1__f_clk/X (sky130_fd_sc_hd__clkbuf_16)
     4    0.01                           clknet_1_1__leaf_clk (net)
                  0.06    0.00    0.47 ^ _48_/CLK (sky130_fd_sc_hd__dfrtp_1)
                  0.18    0.68    1.15 ^ _48_/Q (sky130_fd_sc_hd__dfrtp_1)
     4    0.01                           net6 (net)
                  0.18    0.00    1.15 ^ output6/A (sky130_fd_sc_hd__clkbuf_4)
                  0.18    0.36    1.51 ^ output6/X (sky130_fd_sc_hd__clkbuf_4)
     1    0.03                           count[4] (net)
                  0.18    0.00    1.51 ^ count[4] (out)
                                  1.51   data arrival time

                          0.00    0.00   clock clk (rise edge)
                          0.00    0.00   clock network delay (propagated)
                          0.25    0.25   clock uncertainty
                          0.00    0.25   clock reconvergence pessimism
                         -2.00   -1.75   output external delay
                                 -1.75   data required time
-----------------------------------------------------------------------------
                                 -1.75   data required time
                                 -1.51   data arrival time
-----------------------------------------------------------------------------
                                  3.26   slack (MET)


Startpoint: _44_ (rising edge-triggered flip-flop clocked by clk)
Endpoint: count[0] (output port clocked by clk)
Path Group: clk
Path Type: min
Corner: Slowest

Fanout     Cap    Slew   Delay    Time   Description
-----------------------------------------------------------------------------
                          0.00    0.00   clock clk (rise edge)
                          0.00    0.00   clock source latency
                  0.09    0.05    0.05 ^ clk (in)
     1    0.01                           clk (net)
                  0.09    0.00    0.05 ^ clkbuf_0_clk/A (sky130_fd_sc_hd__clkbuf_16)
                  0.07    0.22    0.27 ^ clkbuf_0_clk/X (sky130_fd_sc_hd__clkbuf_16)
     2    0.02                           clknet_0_clk (net)
                  0.07    0.00    0.27 ^ clkbuf_1_0__f_clk/A (sky130_fd_sc_hd__clkbuf_16)
                  0.06    0.20    0.47 ^ clkbuf_1_0__f_clk/X (sky130_fd_sc_hd__clkbuf_16)
     4    0.01                           clknet_1_0__leaf_clk (net)
                  0.06    0.00    0.47 ^ _44_/CLK (sky130_fd_sc_hd__dfrtp_1)
                  0.20    0.70    1.16 ^ _44_/Q (sky130_fd_sc_hd__dfrtp_1)
     4    0.01                           net2 (net)
                  0.20    0.00    1.16 ^ output2/A (sky130_fd_sc_hd__clkbuf_4)
                  0.18    0.37    1.53 ^ output2/X (sky130_fd_sc_hd__clkbuf_4)
     1    0.04                           count[0] (net)
                  0.18    0.00    1.53 ^ count[0] (out)
                                  1.53   data arrival time

                          0.00    0.00   clock clk (rise edge)
                          0.00    0.00   clock network delay (propagated)
                          0.25    0.25   clock uncertainty
                          0.00    0.25   clock reconvergence pessimism
                         -2.00   -1.75   output external delay
                                 -1.75   data required time
-----------------------------------------------------------------------------
                                 -1.75   data required time
                                 -1.53   data arrival time
-----------------------------------------------------------------------------
                                  3.28   slack (MET)


Startpoint: _49_ (rising edge-triggered flip-flop clocked by clk)
Endpoint: count[5] (output port clocked by clk)
Path Group: clk
Path Type: min
Corner: Slowest

Fanout     Cap    Slew   Delay    Time   Description
-----------------------------------------------------------------------------
                          0.00    0.00   clock clk (rise edge)
                          0.00    0.00   clock source latency
                  0.09    0.05    0.05 ^ clk (in)
     1    0.01                           clk (net)
                  0.09    0.00    0.05 ^ clkbuf_0_clk/A (sky130_fd_sc_hd__clkbuf_16)
                  0.07    0.22    0.27 ^ clkbuf_0_clk/X (sky130_fd_sc_hd__clkbuf_16)
     2    0.02                           clknet_0_clk (net)
                  0.07    0.00    0.27 ^ clkbuf_1_1__f_clk/A (sky130_fd_sc_hd__clkbuf_16)
                  0.06    0.20    0.47 ^ clkbuf_1_1__f_clk/X (sky130_fd_sc_hd__clkbuf_16)
     4    0.01                           clknet_1_1__leaf_clk (net)
                  0.06    0.00    0.47 ^ _49_/CLK (sky130_fd_sc_hd__dfrtp_1)
                  0.20    0.70    1.17 ^ _49_/Q (sky130_fd_sc_hd__dfrtp_1)
     4    0.01                           net7 (net)
                  0.20    0.00    1.17 ^ output7/A (sky130_fd_sc_hd__clkbuf_4)
                  0.18    0.37    1.54 ^ output7/X (sky130_fd_sc_hd__clkbuf_4)
     1    0.03                           count[5] (net)
                  0.18    0.00    1.54 ^ count[5] (out)
                                  1.54   data arrival time

                          0.00    0.00   clock clk (rise edge)
                          0.00    0.00   clock network delay (propagated)
                          0.25    0.25   clock uncertainty
                          0.00    0.25   clock reconvergence pessimism
                         -2.00   -1.75   output external delay
                                 -1.75   data required time
-----------------------------------------------------------------------------
                                 -1.75   data required time
                                 -1.54   data arrival time
-----------------------------------------------------------------------------
                                  3.29   slack (MET)


Startpoint: _45_ (rising edge-triggered flip-flop clocked by clk)
Endpoint: count[1] (output port clocked by clk)
Path Group: clk
Path Type: min
Corner: Slowest

Fanout     Cap    Slew   Delay    Time   Description
-----------------------------------------------------------------------------
                          0.00    0.00   clock clk (rise edge)
                          0.00    0.00   clock source latency
                  0.09    0.05    0.05 ^ clk (in)
     1    0.01                           clk (net)
                  0.09    0.00    0.05 ^ clkbuf_0_clk/A (sky130_fd_sc_hd__clkbuf_16)
                  0.07    0.22    0.27 ^ clkbuf_0_clk/X (sky130_fd_sc_hd__clkbuf_16)
     2    0.02                           clknet_0_clk (net)
                  0.07    0.00    0.27 ^ clkbuf_1_0__f_clk/A (sky130_fd_sc_hd__clkbuf_16)
                  0.06    0.20    0.47 ^ clkbuf_1_0__f_clk/X (sky130_fd_sc_hd__clkbuf_16)
     4    0.01                           clknet_1_0__leaf_clk (net)
                  0.06    0.00    0.47 ^ _45_/CLK (sky130_fd_sc_hd__dfrtp_1)
                  0.24    0.73    1.20 ^ _45_/Q (sky130_fd_sc_hd__dfrtp_1)
     5    0.02                           net3 (net)
                  0.24    0.00    1.20 ^ output3/A (sky130_fd_sc_hd__clkbuf_4)
                  0.18    0.39    1.59 ^ output3/X (sky130_fd_sc_hd__clkbuf_4)
     1    0.03                           count[1] (net)
                  0.18    0.00    1.59 ^ count[1] (out)
                                  1.59   data arrival time

                          0.00    0.00   clock clk (rise edge)
                          0.00    0.00   clock network delay (propagated)
                          0.25    0.25   clock uncertainty
                          0.00    0.25   clock reconvergence pessimism
                         -2.00   -1.75   output external delay
                                 -1.75   data required time
-----------------------------------------------------------------------------
                                 -1.75   data required time
                                 -1.59   data arrival time
-----------------------------------------------------------------------------
                                  3.34   slack (MET)



======================= Typical Corner ===================================

Startpoint: _44_ (rising edge-triggered flip-flop clocked by clk)
Endpoint: _44_ (rising edge-triggered flip-flop clocked by clk)
Path Group: clk
Path Type: min
Corner: Typical

Fanout     Cap    Slew   Delay    Time   Description
-----------------------------------------------------------------------------
                          0.00    0.00   clock clk (rise edge)
                          0.00    0.00   clock source latency
                  0.05    0.03    0.03 ^ clk (in)
     1    0.01                           clk (net)
                  0.05    0.00    0.03 ^ clkbuf_0_clk/A (sky130_fd_sc_hd__clkbuf_16)
                  0.04    0.12    0.16 ^ clkbuf_0_clk/X (sky130_fd_sc_hd__clkbuf_16)
     2    0.02                           clknet_0_clk (net)
                  0.04    0.00    0.16 ^ clkbuf_1_0__f_clk/A (sky130_fd_sc_hd__clkbuf_16)
                  0.03    0.11    0.27 ^ clkbuf_1_0__f_clk/X (sky130_fd_sc_hd__clkbuf_16)
     4    0.01                           clknet_1_0__leaf_clk (net)
                  0.03    0.00    0.27 ^ _44_/CLK (sky130_fd_sc_hd__dfrtp_1)
                  0.08    0.38    0.64 v _44_/Q (sky130_fd_sc_hd__dfrtp_1)
     4    0.01                           net2 (net)
                  0.08    0.00    0.64 v hold1/A (sky130_fd_sc_hd__buf_1)
                  0.08    0.14    0.79 v hold1/X (sky130_fd_sc_hd__buf_1)
     3    0.01                           net10 (net)
                  0.08    0.00    0.79 v _22_/A (sky130_fd_sc_hd__inv_2)
                  0.03    0.05    0.84 ^ _22_/Y (sky130_fd_sc_hd__inv_2)
     1    0.00                           _00_ (net)
                  0.03    0.00    0.84 ^ _44_/D (sky130_fd_sc_hd__dfrtp_1)
                                  0.84   data arrival time

                          0.00    0.00   clock clk (rise edge)
                          0.00    0.00   clock source latency
                  0.05    0.04    0.04 ^ clk (in)
     1    0.01                           clk (net)
                  0.05    0.00    0.04 ^ clkbuf_0_clk/A (sky130_fd_sc_hd__clkbuf_16)
                  0.04    0.13    0.17 ^ clkbuf_0_clk/X (sky130_fd_sc_hd__clkbuf_16)
     2    0.02                           clknet_0_clk (net)
                  0.04    0.00    0.17 ^ clkbuf_1_0__f_clk/A (sky130_fd_sc_hd__clkbuf_16)
                  0.03    0.12    0.29 ^ clkbuf_1_0__f_clk/X (sky130_fd_sc_hd__clkbuf_16)
     4    0.01                           clknet_1_0__leaf_clk (net)
                  0.03    0.00    0.29 ^ _44_/CLK (sky130_fd_sc_hd__dfrtp_1)
                          0.25    0.54   clock uncertainty
                         -0.03    0.52   clock reconvergence pessimism
                         -0.03    0.48   library hold time
                                  0.48   data required time
-----------------------------------------------------------------------------
                                  0.48   data required time
                                 -0.84   data arrival time
-----------------------------------------------------------------------------
                                  0.35   slack (MET)


Startpoint: _46_ (rising edge-triggered flip-flop clocked by clk)
Endpoint: _46_ (rising edge-triggered flip-flop clocked by clk)
Path Group: clk
Path Type: min
Corner: Typical

Fanout     Cap    Slew   Delay    Time   Description
-----------------------------------------------------------------------------
                          0.00    0.00   clock clk (rise edge)
                          0.00    0.00   clock source latency
                  0.05    0.03    0.03 ^ clk (in)
     1    0.01                           clk (net)
                  0.05    0.00    0.03 ^ clkbuf_0_clk/A (sky130_fd_sc_hd__clkbuf_16)
                  0.04    0.12    0.16 ^ clkbuf_0_clk/X (sky130_fd_sc_hd__clkbuf_16)
     2    0.02                           clknet_0_clk (net)
                  0.04    0.00    0.16 ^ clkbuf_1_0__f_clk/A (sky130_fd_sc_hd__clkbuf_16)
                  0.03    0.11    0.27 ^ clkbuf_1_0__f_clk/X (sky130_fd_sc_hd__clkbuf_16)
     4    0.01                           clknet_1_0__leaf_clk (net)
                  0.03    0.00    0.27 ^ _46_/CLK (sky130_fd_sc_hd__dfrtp_1)
                  0.11    0.35    0.61 ^ _46_/Q (sky130_fd_sc_hd__dfrtp_1)
     4    0.01                           net4 (net)
                  0.11    0.00    0.61 ^ _23_/C (sky130_fd_sc_hd__and3_1)
                  0.09    0.19    0.80 ^ _23_/X (sky130_fd_sc_hd__and3_1)
     2    0.01                           _16_ (net)
                  0.09    0.00    0.80 ^ _35_/A (sky130_fd_sc_hd__nor2_1)
                  0.02    0.05    0.85 v _35_/Y (sky130_fd_sc_hd__nor2_1)
     1    0.00                           _02_ (net)
                  0.02    0.00    0.85 v _46_/D (sky130_fd_sc_hd__dfrtp_1)
                                  0.85   data arrival time

                          0.00    0.00   clock clk (rise edge)
                          0.00    0.00   clock source latency
                  0.05    0.04    0.04 ^ clk (in)
     1    0.01                           clk (net)
                  0.05    0.00    0.04 ^ clkbuf_0_clk/A (sky130_fd_sc_hd__clkbuf_16)
                  0.04    0.13    0.17 ^ clkbuf_0_clk/X (sky130_fd_sc_hd__clkbuf_16)
     2    0.02                           clknet_0_clk (net)
                  0.04    0.00    0.17 ^ clkbuf_1_0__f_clk/A (sky130_fd_sc_hd__clkbuf_16)
                  0.03    0.12    0.29 ^ clkbuf_1_0__f_clk/X (sky130_fd_sc_hd__clkbuf_16)
     4    0.01                           clknet_1_0__leaf_clk (net)
                  0.03    0.00    0.29 ^ _46_/CLK (sky130_fd_sc_hd__dfrtp_1)
                          0.25    0.54   clock uncertainty
                         -0.03    0.52   clock reconvergence pessimism
                         -0.04    0.48   library hold time
                                  0.48   data required time
-----------------------------------------------------------------------------
                                  0.48   data required time
                                 -0.85   data arrival time
-----------------------------------------------------------------------------
                                  0.38   slack (MET)


Startpoint: _48_ (rising edge-triggered flip-flop clocked by clk)
Endpoint: _49_ (rising edge-triggered flip-flop clocked by clk)
Path Group: clk
Path Type: min
Corner: Typical

Fanout     Cap    Slew   Delay    Time   Description
-----------------------------------------------------------------------------
                          0.00    0.00   clock clk (rise edge)
                          0.00    0.00   clock source latency
                  0.05    0.03    0.03 ^ clk (in)
     1    0.01                           clk (net)
                  0.05    0.00    0.03 ^ clkbuf_0_clk/A (sky130_fd_sc_hd__clkbuf_16)
                  0.04    0.12    0.16 ^ clkbuf_0_clk/X (sky130_fd_sc_hd__clkbuf_16)
     2    0.02                           clknet_0_clk (net)
                  0.04    0.00    0.16 ^ clkbuf_1_1__f_clk/A (sky130_fd_sc_hd__clkbuf_16)
                  0.04    0.11    0.27 ^ clkbuf_1_1__f_clk/X (sky130_fd_sc_hd__clkbuf_16)
     4    0.01                           clknet_1_1__leaf_clk (net)
                  0.04    0.00    0.27 ^ _48_/CLK (sky130_fd_sc_hd__dfrtp_1)
                  0.11    0.35    0.61 ^ _48_/Q (sky130_fd_sc_hd__dfrtp_1)
     4    0.01                           net6 (net)
                  0.11    0.00    0.61 ^ _27_/A (sky130_fd_sc_hd__and3_1)
                  0.10    0.19    0.80 ^ _27_/X (sky130_fd_sc_hd__and3_1)
     2    0.01                           _18_ (net)
                  0.10    0.00    0.80 ^ _29_/A (sky130_fd_sc_hd__nor2_1)
                  0.03    0.06    0.86 v _29_/Y (sky130_fd_sc_hd__nor2_1)
     1    0.00                           _05_ (net)
                  0.03    0.00    0.86 v _49_/D (sky130_fd_sc_hd__dfrtp_1)
                                  0.86   data arrival time

                          0.00    0.00   clock clk (rise edge)
                          0.00    0.00   clock source latency
                  0.05    0.04    0.04 ^ clk (in)
     1    0.01                           clk (net)
                  0.05    0.00    0.04 ^ clkbuf_0_clk/A (sky130_fd_sc_hd__clkbuf_16)
                  0.04    0.13    0.17 ^ clkbuf_0_clk/X (sky130_fd_sc_hd__clkbuf_16)
     2    0.02                           clknet_0_clk (net)
                  0.04    0.00    0.17 ^ clkbuf_1_1__f_clk/A (sky130_fd_sc_hd__clkbuf_16)
                  0.04    0.12    0.30 ^ clkbuf_1_1__f_clk/X (sky130_fd_sc_hd__clkbuf_16)
     4    0.01                           clknet_1_1__leaf_clk (net)
                  0.04    0.00    0.30 ^ _49_/CLK (sky130_fd_sc_hd__dfrtp_1)
                          0.25    0.55   clock uncertainty
                         -0.03    0.52   clock reconvergence pessimism
                         -0.04    0.47   library hold time
                                  0.47   data required time
-----------------------------------------------------------------------------
                                  0.47   data required time
                                 -0.86   data arrival time
-----------------------------------------------------------------------------
                                  0.39   slack (MET)


Startpoint: _50_ (rising edge-triggered flip-flop clocked by clk)
Endpoint: _51_ (rising edge-triggered flip-flop clocked by clk)
Path Group: clk
Path Type: min
Corner: Typical

Fanout     Cap    Slew   Delay    Time   Description
-----------------------------------------------------------------------------
                          0.00    0.00   clock clk (rise edge)
                          0.00    0.00   clock source latency
                  0.05    0.03    0.03 ^ clk (in)
     1    0.01                           clk (net)
                  0.05    0.00    0.03 ^ clkbuf_0_clk/A (sky130_fd_sc_hd__clkbuf_16)
                  0.04    0.12    0.16 ^ clkbuf_0_clk/X (sky130_fd_sc_hd__clkbuf_16)
     2    0.02                           clknet_0_clk (net)
                  0.04    0.00    0.16 ^ clkbuf_1_1__f_clk/A (sky130_fd_sc_hd__clkbuf_16)
                  0.04    0.11    0.27 ^ clkbuf_1_1__f_clk/X (sky130_fd_sc_hd__clkbuf_16)
     4    0.01                           clknet_1_1__leaf_clk (net)
                  0.04    0.00    0.27 ^ _50_/CLK (sky130_fd_sc_hd__dfrtp_1)
                  0.09    0.33    0.60 ^ _50_/Q (sky130_fd_sc_hd__dfrtp_1)
     3    0.01                           net8 (net)
                  0.09    0.00    0.60 ^ _31_/C (sky130_fd_sc_hd__and4_1)
                  0.08    0.20    0.80 ^ _31_/X (sky130_fd_sc_hd__and4_1)
     1    0.01                           _20_ (net)
                  0.08    0.00    0.80 ^ _32_/B (sky130_fd_sc_hd__xor2_1)
                  0.04    0.06    0.86 v _32_/X (sky130_fd_sc_hd__xor2_1)
     1    0.00                           _07_ (net)
                  0.04    0.00    0.86 v _51_/D (sky130_fd_sc_hd__dfrtp_1)
                                  0.86   data arrival time

                          0.00    0.00   clock clk (rise edge)
                          0.00    0.00   clock source latency
                  0.05    0.04    0.04 ^ clk (in)
     1    0.01                           clk (net)
                  0.05    0.00    0.04 ^ clkbuf_0_clk/A (sky130_fd_sc_hd__clkbuf_16)
                  0.04    0.13    0.17 ^ clkbuf_0_clk/X (sky130_fd_sc_hd__clkbuf_16)
     2    0.02                           clknet_0_clk (net)
                  0.04    0.00    0.17 ^ clkbuf_1_1__f_clk/A (sky130_fd_sc_hd__clkbuf_16)
                  0.04    0.12    0.30 ^ clkbuf_1_1__f_clk/X (sky130_fd_sc_hd__clkbuf_16)
     4    0.01                           clknet_1_1__leaf_clk (net)
                  0.04    0.00    0.30 ^ _51_/CLK (sky130_fd_sc_hd__dfrtp_1)
                          0.25    0.55   clock uncertainty
                         -0.03    0.52   clock reconvergence pessimism
                         -0.04    0.47   library hold time
                                  0.47   data required time
-----------------------------------------------------------------------------
                                  0.47   data required time
                                 -0.86   data arrival time
-----------------------------------------------------------------------------
                                  0.39   slack (MET)


Startpoint: _48_ (rising edge-triggered flip-flop clocked by clk)
Endpoint: _50_ (rising edge-triggered flip-flop clocked by clk)
Path Group: clk
Path Type: min
Corner: Typical

Fanout     Cap    Slew   Delay    Time   Description
-----------------------------------------------------------------------------
                          0.00    0.00   clock clk (rise edge)
                          0.00    0.00   clock source latency
                  0.05    0.03    0.03 ^ clk (in)
     1    0.01                           clk (net)
                  0.05    0.00    0.03 ^ clkbuf_0_clk/A (sky130_fd_sc_hd__clkbuf_16)
                  0.04    0.12    0.16 ^ clkbuf_0_clk/X (sky130_fd_sc_hd__clkbuf_16)
     2    0.02                           clknet_0_clk (net)
                  0.04    0.00    0.16 ^ clkbuf_1_1__f_clk/A (sky130_fd_sc_hd__clkbuf_16)
                  0.04    0.11    0.27 ^ clkbuf_1_1__f_clk/X (sky130_fd_sc_hd__clkbuf_16)
     4    0.01                           clknet_1_1__leaf_clk (net)
                  0.04    0.00    0.27 ^ _48_/CLK (sky130_fd_sc_hd__dfrtp_1)
                  0.11    0.35    0.61 ^ _48_/Q (sky130_fd_sc_hd__dfrtp_1)
     4    0.01                           net6 (net)
                  0.11    0.00    0.61 ^ _27_/A (sky130_fd_sc_hd__and3_1)
                  0.10    0.19    0.80 ^ _27_/X (sky130_fd_sc_hd__and3_1)
     2    0.01                           _18_ (net)
                  0.10    0.00    0.80 ^ _30_/B (sky130_fd_sc_hd__xor2_1)
                  0.04    0.07    0.87 v _30_/X (sky130_fd_sc_hd__xor2_1)
     1    0.00                           _06_ (net)
                  0.04    0.00    0.87 v _50_/D (sky130_fd_sc_hd__dfrtp_1)
                                  0.87   data arrival time

                          0.00    0.00   clock clk (rise edge)
                          0.00    0.00   clock source latency
                  0.05    0.04    0.04 ^ clk (in)
     1    0.01                           clk (net)
                  0.05    0.00    0.04 ^ clkbuf_0_clk/A (sky130_fd_sc_hd__clkbuf_16)
                  0.04    0.13    0.17 ^ clkbuf_0_clk/X (sky130_fd_sc_hd__clkbuf_16)
     2    0.02                           clknet_0_clk (net)
                  0.04    0.00    0.17 ^ clkbuf_1_1__f_clk/A (sky130_fd_sc_hd__clkbuf_16)
                  0.04    0.12    0.30 ^ clkbuf_1_1__f_clk/X (sky130_fd_sc_hd__clkbuf_16)
     4    0.01                           clknet_1_1__leaf_clk (net)
                  0.04    0.00    0.30 ^ _50_/CLK (sky130_fd_sc_hd__dfrtp_1)
                          0.25    0.55   clock uncertainty
                         -0.03    0.52   clock reconvergence pessimism
                         -0.04    0.47   library hold time
                                  0.47   data required time
-----------------------------------------------------------------------------
                                  0.47   data required time
                                 -0.87   data arrival time
-----------------------------------------------------------------------------
                                  0.40   slack (MET)


Startpoint: _44_ (rising edge-triggered flip-flop clocked by clk)
Endpoint: _45_ (rising edge-triggered flip-flop clocked by clk)
Path Group: clk
Path Type: min
Corner: Typical

Fanout     Cap    Slew   Delay    Time   Description
-----------------------------------------------------------------------------
                          0.00    0.00   clock clk (rise edge)
                          0.00    0.00   clock source latency
                  0.05    0.03    0.03 ^ clk (in)
     1    0.01                           clk (net)
                  0.05    0.00    0.03 ^ clkbuf_0_clk/A (sky130_fd_sc_hd__clkbuf_16)
                  0.04    0.12    0.16 ^ clkbuf_0_clk/X (sky130_fd_sc_hd__clkbuf_16)
     2    0.02                           clknet_0_clk (net)
                  0.04    0.00    0.16 ^ clkbuf_1_0__f_clk/A (sky130_fd_sc_hd__clkbuf_16)
                  0.03    0.11    0.27 ^ clkbuf_1_0__f_clk/X (sky130_fd_sc_hd__clkbuf_16)
     4    0.01                           clknet_1_0__leaf_clk (net)
                  0.03    0.00    0.27 ^ _44_/CLK (sky130_fd_sc_hd__dfrtp_1)
                  0.12    0.35    0.62 ^ _44_/Q (sky130_fd_sc_hd__dfrtp_1)
     4    0.01                           net2 (net)
                  0.12    0.00    0.62 ^ hold1/A (sky130_fd_sc_hd__buf_1)
                  0.18    0.18    0.81 ^ hold1/X (sky130_fd_sc_hd__buf_1)
     3    0.01                           net10 (net)
                  0.18    0.00    0.81 ^ _33_/A (sky130_fd_sc_hd__xor2_1)
                  0.04    0.09    0.89 v _33_/X (sky130_fd_sc_hd__xor2_1)
     1    0.00                           _01_ (net)
                  0.04    0.00    0.89 v _45_/D (sky130_fd_sc_hd__dfrtp_1)
                                  0.89   data arrival time

                          0.00    0.00   clock clk (rise edge)
                          0.00    0.00   clock source latency
                  0.05    0.04    0.04 ^ clk (in)
     1    0.01                           clk (net)
                  0.05    0.00    0.04 ^ clkbuf_0_clk/A (sky130_fd_sc_hd__clkbuf_16)
                  0.04    0.13    0.17 ^ clkbuf_0_clk/X (sky130_fd_sc_hd__clkbuf_16)
     2    0.02                           clknet_0_clk (net)
                  0.04    0.00    0.17 ^ clkbuf_1_0__f_clk/A (sky130_fd_sc_hd__clkbuf_16)
                  0.03    0.12    0.29 ^ clkbuf_1_0__f_clk/X (sky130_fd_sc_hd__clkbuf_16)
     4    0.01                           clknet_1_0__leaf_clk (net)
                  0.03    0.00    0.29 ^ _45_/CLK (sky130_fd_sc_hd__dfrtp_1)
                          0.25    0.54   clock uncertainty
                         -0.03    0.52   clock reconvergence pessimism
                         -0.04    0.47   library hold time
                                  0.47   data required time
-----------------------------------------------------------------------------
                                  0.47   data required time
                                 -0.89   data arrival time
-----------------------------------------------------------------------------
                                  0.42   slack (MET)


Startpoint: _46_ (rising edge-triggered flip-flop clocked by clk)
Endpoint: _47_ (rising edge-triggered flip-flop clocked by clk)
Path Group: clk
Path Type: min
Corner: Typical

Fanout     Cap    Slew   Delay    Time   Description
-----------------------------------------------------------------------------
                          0.00    0.00   clock clk (rise edge)
                          0.00    0.00   clock source latency
                  0.05    0.03    0.03 ^ clk (in)
     1    0.01                           clk (net)
                  0.05    0.00    0.03 ^ clkbuf_0_clk/A (sky130_fd_sc_hd__clkbuf_16)
                  0.04    0.12    0.16 ^ clkbuf_0_clk/X (sky130_fd_sc_hd__clkbuf_16)
     2    0.02                           clknet_0_clk (net)
                  0.04    0.00    0.16 ^ clkbuf_1_0__f_clk/A (sky130_fd_sc_hd__clkbuf_16)
                  0.03    0.11    0.27 ^ clkbuf_1_0__f_clk/X (sky130_fd_sc_hd__clkbuf_16)
     4    0.01                           clknet_1_0__leaf_clk (net)
                  0.03    0.00    0.27 ^ _46_/CLK (sky130_fd_sc_hd__dfrtp_1)
                  0.11    0.35    0.61 ^ _46_/Q (sky130_fd_sc_hd__dfrtp_1)
     4    0.01                           net4 (net)
                  0.11    0.00    0.61 ^ _23_/C (sky130_fd_sc_hd__and3_1)
                  0.09    0.19    0.80 ^ _23_/X (sky130_fd_sc_hd__and3_1)
     2    0.01                           _16_ (net)
                  0.09    0.00    0.80 ^ _25_/A2 (sky130_fd_sc_hd__o21ba_1)
                  0.05    0.12    0.92 ^ _25_/X (sky130_fd_sc_hd__o21ba_1)
     1    0.00                           _03_ (net)
                  0.05    0.00    0.92 ^ _47_/D (sky130_fd_sc_hd__dfrtp_1)
                                  0.92   data arrival time

                          0.00    0.00   clock clk (rise edge)
                          0.00    0.00   clock source latency
                  0.05    0.04    0.04 ^ clk (in)
     1    0.01                           clk (net)
                  0.05    0.00    0.04 ^ clkbuf_0_clk/A (sky130_fd_sc_hd__clkbuf_16)
                  0.04    0.13    0.17 ^ clkbuf_0_clk/X (sky130_fd_sc_hd__clkbuf_16)
     2    0.02                           clknet_0_clk (net)
                  0.04    0.00    0.17 ^ clkbuf_1_0__f_clk/A (sky130_fd_sc_hd__clkbuf_16)
                  0.03    0.12    0.29 ^ clkbuf_1_0__f_clk/X (sky130_fd_sc_hd__clkbuf_16)
     4    0.01                           clknet_1_0__leaf_clk (net)
                  0.03    0.00    0.29 ^ _47_/CLK (sky130_fd_sc_hd__dfrtp_1)
                          0.25    0.54   clock uncertainty
                         -0.03    0.52   clock reconvergence pessimism
                         -0.04    0.48   library hold time
                                  0.48   data required time
-----------------------------------------------------------------------------
                                  0.48   data required time
                                 -0.92   data arrival time
-----------------------------------------------------------------------------
                                  0.44   slack (MET)


Startpoint: _47_ (rising edge-triggered flip-flop clocked by clk)
Endpoint: _48_ (rising edge-triggered flip-flop clocked by clk)
Path Group: clk
Path Type: min
Corner: Typical

Fanout     Cap    Slew   Delay    Time   Description
-----------------------------------------------------------------------------
                          0.00    0.00   clock clk (rise edge)
                          0.00    0.00   clock source latency
                  0.05    0.03    0.03 ^ clk (in)
     1    0.01                           clk (net)
                  0.05    0.00    0.03 ^ clkbuf_0_clk/A (sky130_fd_sc_hd__clkbuf_16)
                  0.04    0.12    0.16 ^ clkbuf_0_clk/X (sky130_fd_sc_hd__clkbuf_16)
     2    0.02                           clknet_0_clk (net)
                  0.04    0.00    0.16 ^ clkbuf_1_0__f_clk/A (sky130_fd_sc_hd__clkbuf_16)
                  0.03    0.11    0.27 ^ clkbuf_1_0__f_clk/X (sky130_fd_sc_hd__clkbuf_16)
     4    0.01                           clknet_1_0__leaf_clk (net)
                  0.03    0.00    0.27 ^ _47_/CLK (sky130_fd_sc_hd__dfrtp_1)
                  0.09    0.34    0.60 ^ _47_/Q (sky130_fd_sc_hd__dfrtp_1)
     3    0.01                           net5 (net)
                  0.09    0.00    0.60 ^ _24_/D (sky130_fd_sc_hd__and4_1)
                  0.17    0.28    0.88 ^ _24_/X (sky130_fd_sc_hd__and4_1)
     5    0.02                           _17_ (net)
                  0.17    0.00    0.88 ^ _26_/B (sky130_fd_sc_hd__xor2_1)
                  0.03    0.08    0.96 v _26_/X (sky130_fd_sc_hd__xor2_1)
     1    0.00                           _04_ (net)
                  0.03    0.00    0.96 v _48_/D (sky130_fd_sc_hd__dfrtp_1)
                                  0.96   data arrival time

                          0.00    0.00   clock clk (rise edge)
                          0.00    0.00   clock source latency
                  0.05    0.04    0.04 ^ clk (in)
     1    0.01                           clk (net)
                  0.05    0.00    0.04 ^ clkbuf_0_clk/A (sky130_fd_sc_hd__clkbuf_16)
                  0.04    0.13    0.17 ^ clkbuf_0_clk/X (sky130_fd_sc_hd__clkbuf_16)
     2    0.02                           clknet_0_clk (net)
                  0.04    0.00    0.17 ^ clkbuf_1_1__f_clk/A (sky130_fd_sc_hd__clkbuf_16)
                  0.04    0.12    0.30 ^ clkbuf_1_1__f_clk/X (sky130_fd_sc_hd__clkbuf_16)
     4    0.01                           clknet_1_1__leaf_clk (net)
                  0.04    0.00    0.30 ^ _48_/CLK (sky130_fd_sc_hd__dfrtp_1)
                          0.25    0.55   clock uncertainty
                         -0.02    0.53   clock reconvergence pessimism
                         -0.04    0.49   library hold time
                                  0.49   data required time
-----------------------------------------------------------------------------
                                  0.49   data required time
                                 -0.96   data arrival time
-----------------------------------------------------------------------------
                                  0.48   slack (MET)


Startpoint: reset (input port clocked by clk)
Endpoint: _48_ (removal check against rising-edge clock clk)
Path Group: asynchronous
Path Type: min
Corner: Typical

Fanout     Cap    Slew   Delay    Time   Description
-----------------------------------------------------------------------------
                          0.00    0.00   clock clk (rise edge)
                          0.00    0.00   clock network delay (propagated)
                          2.00    2.00 v input external delay
                  0.01    0.01    2.01 v reset (in)
     1    0.00                           reset (net)
                  0.01    0.00    2.01 v input1/A (sky130_fd_sc_hd__clkbuf_4)
                  0.10    0.17    2.18 v input1/X (sky130_fd_sc_hd__clkbuf_4)
     8    0.04                           net1 (net)
                  0.10    0.00    2.18 v _40_/A (sky130_fd_sc_hd__inv_2)
                  0.04    0.06    2.24 ^ _40_/Y (sky130_fd_sc_hd__inv_2)
     1    0.00                           _12_ (net)
                  0.04    0.00    2.24 ^ _48_/RESET_B (sky130_fd_sc_hd__dfrtp_1)
                                  2.24   data arrival time

                          0.00    0.00   clock clk (rise edge)
                          0.00    0.00   clock source latency
                  0.05    0.04    0.04 ^ clk (in)
     1    0.01                           clk (net)
                  0.05    0.00    0.04 ^ clkbuf_0_clk/A (sky130_fd_sc_hd__clkbuf_16)
                  0.04    0.13    0.17 ^ clkbuf_0_clk/X (sky130_fd_sc_hd__clkbuf_16)
     2    0.02                           clknet_0_clk (net)
                  0.04    0.00    0.17 ^ clkbuf_1_1__f_clk/A (sky130_fd_sc_hd__clkbuf_16)
                  0.04    0.12    0.30 ^ clkbuf_1_1__f_clk/X (sky130_fd_sc_hd__clkbuf_16)
     4    0.01                           clknet_1_1__leaf_clk (net)
                  0.04    0.00    0.30 ^ _48_/CLK (sky130_fd_sc_hd__dfrtp_1)
                          0.25    0.55   clock uncertainty
                          0.00    0.55   clock reconvergence pessimism
                          0.32    0.86   library removal time
                                  0.86   data required time
-----------------------------------------------------------------------------
                                  0.86   data required time
                                 -2.24   data arrival time
-----------------------------------------------------------------------------
                                  1.38   slack (MET)


Startpoint: reset (input port clocked by clk)
Endpoint: _50_ (removal check against rising-edge clock clk)
Path Group: asynchronous
Path Type: min
Corner: Typical

Fanout     Cap    Slew   Delay    Time   Description
-----------------------------------------------------------------------------
                          0.00    0.00   clock clk (rise edge)
                          0.00    0.00   clock network delay (propagated)
                          2.00    2.00 v input external delay
                  0.01    0.01    2.01 v reset (in)
     1    0.00                           reset (net)
                  0.01    0.00    2.01 v input1/A (sky130_fd_sc_hd__clkbuf_4)
                  0.10    0.17    2.18 v input1/X (sky130_fd_sc_hd__clkbuf_4)
     8    0.04                           net1 (net)
                  0.10    0.00    2.18 v _42_/A (sky130_fd_sc_hd__inv_2)
                  0.04    0.06    2.24 ^ _42_/Y (sky130_fd_sc_hd__inv_2)
     1    0.00                           _14_ (net)
                  0.04    0.00    2.24 ^ _50_/RESET_B (sky130_fd_sc_hd__dfrtp_1)
                                  2.24   data arrival time

                          0.00    0.00   clock clk (rise edge)
                          0.00    0.00   clock source latency
                  0.05    0.04    0.04 ^ clk (in)
     1    0.01                           clk (net)
                  0.05    0.00    0.04 ^ clkbuf_0_clk/A (sky130_fd_sc_hd__clkbuf_16)
                  0.04    0.13    0.17 ^ clkbuf_0_clk/X (sky130_fd_sc_hd__clkbuf_16)
     2    0.02                           clknet_0_clk (net)
                  0.04    0.00    0.17 ^ clkbuf_1_1__f_clk/A (sky130_fd_sc_hd__clkbuf_16)
                  0.04    0.12    0.30 ^ clkbuf_1_1__f_clk/X (sky130_fd_sc_hd__clkbuf_16)
     4    0.01                           clknet_1_1__leaf_clk (net)
                  0.04    0.00    0.30 ^ _50_/CLK (sky130_fd_sc_hd__dfrtp_1)
                          0.25    0.55   clock uncertainty
                          0.00    0.55   clock reconvergence pessimism
                          0.32    0.86   library removal time
                                  0.86   data required time
-----------------------------------------------------------------------------
                                  0.86   data required time
                                 -2.24   data arrival time
-----------------------------------------------------------------------------
                                  1.38   slack (MET)


Startpoint: reset (input port clocked by clk)
Endpoint: _49_ (removal check against rising-edge clock clk)
Path Group: asynchronous
Path Type: min
Corner: Typical

Fanout     Cap    Slew   Delay    Time   Description
-----------------------------------------------------------------------------
                          0.00    0.00   clock clk (rise edge)
                          0.00    0.00   clock network delay (propagated)
                          2.00    2.00 v input external delay
                  0.01    0.01    2.01 v reset (in)
     1    0.00                           reset (net)
                  0.01    0.00    2.01 v input1/A (sky130_fd_sc_hd__clkbuf_4)
                  0.10    0.17    2.18 v input1/X (sky130_fd_sc_hd__clkbuf_4)
     8    0.04                           net1 (net)
                  0.10    0.00    2.18 v _41_/A (sky130_fd_sc_hd__inv_2)
                  0.04    0.06    2.24 ^ _41_/Y (sky130_fd_sc_hd__inv_2)
     1    0.00                           _13_ (net)
                  0.04    0.00    2.24 ^ _49_/RESET_B (sky130_fd_sc_hd__dfrtp_1)
                                  2.24   data arrival time

                          0.00    0.00   clock clk (rise edge)
                          0.00    0.00   clock source latency
                  0.05    0.04    0.04 ^ clk (in)
     1    0.01                           clk (net)
                  0.05    0.00    0.04 ^ clkbuf_0_clk/A (sky130_fd_sc_hd__clkbuf_16)
                  0.04    0.13    0.17 ^ clkbuf_0_clk/X (sky130_fd_sc_hd__clkbuf_16)
     2    0.02                           clknet_0_clk (net)
                  0.04    0.00    0.17 ^ clkbuf_1_1__f_clk/A (sky130_fd_sc_hd__clkbuf_16)
                  0.04    0.12    0.30 ^ clkbuf_1_1__f_clk/X (sky130_fd_sc_hd__clkbuf_16)
     4    0.01                           clknet_1_1__leaf_clk (net)
                  0.04    0.00    0.30 ^ _49_/CLK (sky130_fd_sc_hd__dfrtp_1)
                          0.25    0.55   clock uncertainty
                          0.00    0.55   clock reconvergence pessimism
                          0.32    0.86   library removal time
                                  0.86   data required time
-----------------------------------------------------------------------------
                                  0.86   data required time
                                 -2.24   data arrival time
-----------------------------------------------------------------------------
                                  1.38   slack (MET)


Startpoint: reset (input port clocked by clk)
Endpoint: _46_ (removal check against rising-edge clock clk)
Path Group: asynchronous
Path Type: min
Corner: Typical

Fanout     Cap    Slew   Delay    Time   Description
-----------------------------------------------------------------------------
                          0.00    0.00   clock clk (rise edge)
                          0.00    0.00   clock network delay (propagated)
                          2.00    2.00 v input external delay
                  0.01    0.01    2.01 v reset (in)
     1    0.00                           reset (net)
                  0.01    0.00    2.01 v input1/A (sky130_fd_sc_hd__clkbuf_4)
                  0.10    0.17    2.18 v input1/X (sky130_fd_sc_hd__clkbuf_4)
     8    0.04                           net1 (net)
                  0.10    0.00    2.18 v _38_/A (sky130_fd_sc_hd__inv_2)
                  0.04    0.06    2.24 ^ _38_/Y (sky130_fd_sc_hd__inv_2)
     1    0.00                           _10_ (net)
                  0.04    0.00    2.24 ^ _46_/RESET_B (sky130_fd_sc_hd__dfrtp_1)
                                  2.24   data arrival time

                          0.00    0.00   clock clk (rise edge)
                          0.00    0.00   clock source latency
                  0.05    0.04    0.04 ^ clk (in)
     1    0.01                           clk (net)
                  0.05    0.00    0.04 ^ clkbuf_0_clk/A (sky130_fd_sc_hd__clkbuf_16)
                  0.04    0.13    0.17 ^ clkbuf_0_clk/X (sky130_fd_sc_hd__clkbuf_16)
     2    0.02                           clknet_0_clk (net)
                  0.04    0.00    0.17 ^ clkbuf_1_0__f_clk/A (sky130_fd_sc_hd__clkbuf_16)
                  0.03    0.12    0.29 ^ clkbuf_1_0__f_clk/X (sky130_fd_sc_hd__clkbuf_16)
     4    0.01                           clknet_1_0__leaf_clk (net)
                  0.03    0.00    0.29 ^ _46_/CLK (sky130_fd_sc_hd__dfrtp_1)
                          0.25    0.54   clock uncertainty
                          0.00    0.54   clock reconvergence pessimism
                          0.32    0.86   library removal time
                                  0.86   data required time
-----------------------------------------------------------------------------
                                  0.86   data required time
                                 -2.24   data arrival time
-----------------------------------------------------------------------------
                                  1.38   slack (MET)


Startpoint: reset (input port clocked by clk)
Endpoint: _45_ (removal check against rising-edge clock clk)
Path Group: asynchronous
Path Type: min
Corner: Typical

Fanout     Cap    Slew   Delay    Time   Description
-----------------------------------------------------------------------------
                          0.00    0.00   clock clk (rise edge)
                          0.00    0.00   clock network delay (propagated)
                          2.00    2.00 v input external delay
                  0.01    0.01    2.01 v reset (in)
     1    0.00                           reset (net)
                  0.01    0.00    2.01 v input1/A (sky130_fd_sc_hd__clkbuf_4)
                  0.10    0.17    2.18 v input1/X (sky130_fd_sc_hd__clkbuf_4)
     8    0.04                           net1 (net)
                  0.10    0.00    2.18 v _37_/A (sky130_fd_sc_hd__inv_2)
                  0.04    0.06    2.24 ^ _37_/Y (sky130_fd_sc_hd__inv_2)
     1    0.00                           _09_ (net)
                  0.04    0.00    2.24 ^ _45_/RESET_B (sky130_fd_sc_hd__dfrtp_1)
                                  2.24   data arrival time

                          0.00    0.00   clock clk (rise edge)
                          0.00    0.00   clock source latency
                  0.05    0.04    0.04 ^ clk (in)
     1    0.01                           clk (net)
                  0.05    0.00    0.04 ^ clkbuf_0_clk/A (sky130_fd_sc_hd__clkbuf_16)
                  0.04    0.13    0.17 ^ clkbuf_0_clk/X (sky130_fd_sc_hd__clkbuf_16)
     2    0.02                           clknet_0_clk (net)
                  0.04    0.00    0.17 ^ clkbuf_1_0__f_clk/A (sky130_fd_sc_hd__clkbuf_16)
                  0.03    0.12    0.29 ^ clkbuf_1_0__f_clk/X (sky130_fd_sc_hd__clkbuf_16)
     4    0.01                           clknet_1_0__leaf_clk (net)
                  0.03    0.00    0.29 ^ _45_/CLK (sky130_fd_sc_hd__dfrtp_1)
                          0.25    0.54   clock uncertainty
                          0.00    0.54   clock reconvergence pessimism
                          0.32    0.86   library removal time
                                  0.86   data required time
-----------------------------------------------------------------------------
                                  0.86   data required time
                                 -2.24   data arrival time
-----------------------------------------------------------------------------
                                  1.38   slack (MET)


Startpoint: reset (input port clocked by clk)
Endpoint: _51_ (removal check against rising-edge clock clk)
Path Group: asynchronous
Path Type: min
Corner: Typical

Fanout     Cap    Slew   Delay    Time   Description
-----------------------------------------------------------------------------
                          0.00    0.00   clock clk (rise edge)
                          0.00    0.00   clock network delay (propagated)
                          2.00    2.00 v input external delay
                  0.01    0.01    2.01 v reset (in)
     1    0.00                           reset (net)
                  0.01    0.00    2.01 v input1/A (sky130_fd_sc_hd__clkbuf_4)
                  0.10    0.17    2.18 v input1/X (sky130_fd_sc_hd__clkbuf_4)
     8    0.04                           net1 (net)
                  0.10    0.00    2.18 v _43_/A (sky130_fd_sc_hd__inv_2)
                  0.04    0.06    2.24 ^ _43_/Y (sky130_fd_sc_hd__inv_2)
     1    0.00                           _15_ (net)
                  0.04    0.00    2.24 ^ _51_/RESET_B (sky130_fd_sc_hd__dfrtp_1)
                                  2.24   data arrival time

                          0.00    0.00   clock clk (rise edge)
                          0.00    0.00   clock source latency
                  0.05    0.04    0.04 ^ clk (in)
     1    0.01                           clk (net)
                  0.05    0.00    0.04 ^ clkbuf_0_clk/A (sky130_fd_sc_hd__clkbuf_16)
                  0.04    0.13    0.17 ^ clkbuf_0_clk/X (sky130_fd_sc_hd__clkbuf_16)
     2    0.02                           clknet_0_clk (net)
                  0.04    0.00    0.17 ^ clkbuf_1_1__f_clk/A (sky130_fd_sc_hd__clkbuf_16)
                  0.04    0.12    0.30 ^ clkbuf_1_1__f_clk/X (sky130_fd_sc_hd__clkbuf_16)
     4    0.01                           clknet_1_1__leaf_clk (net)
                  0.04    0.00    0.30 ^ _51_/CLK (sky130_fd_sc_hd__dfrtp_1)
                          0.25    0.55   clock uncertainty
                          0.00    0.55   clock reconvergence pessimism
                          0.32    0.86   library removal time
                                  0.86   data required time
-----------------------------------------------------------------------------
                                  0.86   data required time
                                 -2.24   data arrival time
-----------------------------------------------------------------------------
                                  1.38   slack (MET)


Startpoint: reset (input port clocked by clk)
Endpoint: _47_ (removal check against rising-edge clock clk)
Path Group: asynchronous
Path Type: min
Corner: Typical

Fanout     Cap    Slew   Delay    Time   Description
-----------------------------------------------------------------------------
                          0.00    0.00   clock clk (rise edge)
                          0.00    0.00   clock network delay (propagated)
                          2.00    2.00 v input external delay
                  0.01    0.01    2.01 v reset (in)
     1    0.00                           reset (net)
                  0.01    0.00    2.01 v input1/A (sky130_fd_sc_hd__clkbuf_4)
                  0.10    0.17    2.18 v input1/X (sky130_fd_sc_hd__clkbuf_4)
     8    0.04                           net1 (net)
                  0.10    0.00    2.18 v _39_/A (sky130_fd_sc_hd__inv_2)
                  0.04    0.06    2.24 ^ _39_/Y (sky130_fd_sc_hd__inv_2)
     1    0.00                           _11_ (net)
                  0.04    0.00    2.24 ^ _47_/RESET_B (sky130_fd_sc_hd__dfrtp_1)
                                  2.24   data arrival time

                          0.00    0.00   clock clk (rise edge)
                          0.00    0.00   clock source latency
                  0.05    0.04    0.04 ^ clk (in)
     1    0.01                           clk (net)
                  0.05    0.00    0.04 ^ clkbuf_0_clk/A (sky130_fd_sc_hd__clkbuf_16)
                  0.04    0.13    0.17 ^ clkbuf_0_clk/X (sky130_fd_sc_hd__clkbuf_16)
     2    0.02                           clknet_0_clk (net)
                  0.04    0.00    0.17 ^ clkbuf_1_0__f_clk/A (sky130_fd_sc_hd__clkbuf_16)
                  0.03    0.12    0.29 ^ clkbuf_1_0__f_clk/X (sky130_fd_sc_hd__clkbuf_16)
     4    0.01                           clknet_1_0__leaf_clk (net)
                  0.03    0.00    0.29 ^ _47_/CLK (sky130_fd_sc_hd__dfrtp_1)
                          0.25    0.54   clock uncertainty
                          0.00    0.54   clock reconvergence pessimism
                          0.32    0.86   library removal time
                                  0.86   data required time
-----------------------------------------------------------------------------
                                  0.86   data required time
                                 -2.24   data arrival time
-----------------------------------------------------------------------------
                                  1.38   slack (MET)


Startpoint: reset (input port clocked by clk)
Endpoint: _44_ (removal check against rising-edge clock clk)
Path Group: asynchronous
Path Type: min
Corner: Typical

Fanout     Cap    Slew   Delay    Time   Description
-----------------------------------------------------------------------------
                          0.00    0.00   clock clk (rise edge)
                          0.00    0.00   clock network delay (propagated)
                          2.00    2.00 v input external delay
                  0.01    0.01    2.01 v reset (in)
     1    0.00                           reset (net)
                  0.01    0.00    2.01 v input1/A (sky130_fd_sc_hd__clkbuf_4)
                  0.10    0.17    2.18 v input1/X (sky130_fd_sc_hd__clkbuf_4)
     8    0.04                           net1 (net)
                  0.10    0.00    2.18 v _36_/A (sky130_fd_sc_hd__inv_2)
                  0.05    0.07    2.25 ^ _36_/Y (sky130_fd_sc_hd__inv_2)
     1    0.01                           _08_ (net)
                  0.05    0.00    2.25 ^ _44_/RESET_B (sky130_fd_sc_hd__dfrtp_1)
                                  2.25   data arrival time

                          0.00    0.00   clock clk (rise edge)
                          0.00    0.00   clock source latency
                  0.05    0.04    0.04 ^ clk (in)
     1    0.01                           clk (net)
                  0.05    0.00    0.04 ^ clkbuf_0_clk/A (sky130_fd_sc_hd__clkbuf_16)
                  0.04    0.13    0.17 ^ clkbuf_0_clk/X (sky130_fd_sc_hd__clkbuf_16)
     2    0.02                           clknet_0_clk (net)
                  0.04    0.00    0.17 ^ clkbuf_1_0__f_clk/A (sky130_fd_sc_hd__clkbuf_16)
                  0.03    0.12    0.29 ^ clkbuf_1_0__f_clk/X (sky130_fd_sc_hd__clkbuf_16)
     4    0.01                           clknet_1_0__leaf_clk (net)
                  0.03    0.00    0.29 ^ _44_/CLK (sky130_fd_sc_hd__dfrtp_1)
                          0.25    0.54   clock uncertainty
                          0.00    0.54   clock reconvergence pessimism
                          0.32    0.86   library removal time
                                  0.86   data required time
-----------------------------------------------------------------------------
                                  0.86   data required time
                                 -2.25   data arrival time
-----------------------------------------------------------------------------
                                  1.39   slack (MET)


Startpoint: _51_ (rising edge-triggered flip-flop clocked by clk)
Endpoint: count[7] (output port clocked by clk)
Path Group: clk
Path Type: min
Corner: Typical

Fanout     Cap    Slew   Delay    Time   Description
-----------------------------------------------------------------------------
                          0.00    0.00   clock clk (rise edge)
                          0.00    0.00   clock source latency
                  0.05    0.03    0.03 ^ clk (in)
     1    0.01                           clk (net)
                  0.05    0.00    0.03 ^ clkbuf_0_clk/A (sky130_fd_sc_hd__clkbuf_16)
                  0.04    0.12    0.16 ^ clkbuf_0_clk/X (sky130_fd_sc_hd__clkbuf_16)
     2    0.02                           clknet_0_clk (net)
                  0.04    0.00    0.16 ^ clkbuf_1_1__f_clk/A (sky130_fd_sc_hd__clkbuf_16)
                  0.04    0.11    0.27 ^ clkbuf_1_1__f_clk/X (sky130_fd_sc_hd__clkbuf_16)
     4    0.01                           clknet_1_1__leaf_clk (net)
                  0.04    0.00    0.27 ^ _51_/CLK (sky130_fd_sc_hd__dfrtp_1)
                  0.07    0.32    0.59 ^ _51_/Q (sky130_fd_sc_hd__dfrtp_1)
     2    0.01                           net9 (net)
                  0.07    0.00    0.59 ^ output9/A (sky130_fd_sc_hd__clkbuf_4)
                  0.12    0.19    0.77 ^ output9/X (sky130_fd_sc_hd__clkbuf_4)
     1    0.04                           count[7] (net)
                  0.12    0.00    0.77 ^ count[7] (out)
                                  0.77   data arrival time

                          0.00    0.00   clock clk (rise edge)
                          0.00    0.00   clock network delay (propagated)
                          0.25    0.25   clock uncertainty
                          0.00    0.25   clock reconvergence pessimism
                         -2.00   -1.75   output external delay
                                 -1.75   data required time
-----------------------------------------------------------------------------
                                 -1.75   data required time
                                 -0.77   data arrival time
-----------------------------------------------------------------------------
                                  2.52   slack (MET)


Startpoint: _50_ (rising edge-triggered flip-flop clocked by clk)
Endpoint: count[6] (output port clocked by clk)
Path Group: clk
Path Type: min
Corner: Typical

Fanout     Cap    Slew   Delay    Time   Description
-----------------------------------------------------------------------------
                          0.00    0.00   clock clk (rise edge)
                          0.00    0.00   clock source latency
                  0.05    0.03    0.03 ^ clk (in)
     1    0.01                           clk (net)
                  0.05    0.00    0.03 ^ clkbuf_0_clk/A (sky130_fd_sc_hd__clkbuf_16)
                  0.04    0.12    0.16 ^ clkbuf_0_clk/X (sky130_fd_sc_hd__clkbuf_16)
     2    0.02                           clknet_0_clk (net)
                  0.04    0.00    0.16 ^ clkbuf_1_1__f_clk/A (sky130_fd_sc_hd__clkbuf_16)
                  0.04    0.11    0.27 ^ clkbuf_1_1__f_clk/X (sky130_fd_sc_hd__clkbuf_16)
     4    0.01                           clknet_1_1__leaf_clk (net)
                  0.04    0.00    0.27 ^ _50_/CLK (sky130_fd_sc_hd__dfrtp_1)
                  0.09    0.33    0.60 ^ _50_/Q (sky130_fd_sc_hd__dfrtp_1)
     3    0.01                           net8 (net)
                  0.09    0.00    0.60 ^ output8/A (sky130_fd_sc_hd__clkbuf_4)
                  0.11    0.19    0.79 ^ output8/X (sky130_fd_sc_hd__clkbuf_4)
     1    0.03                           count[6] (net)
                  0.11    0.00    0.79 ^ count[6] (out)
                                  0.79   data arrival time

                          0.00    0.00   clock clk (rise edge)
                          0.00    0.00   clock network delay (propagated)
                          0.25    0.25   clock uncertainty
                          0.00    0.25   clock reconvergence pessimism
                         -2.00   -1.75   output external delay
                                 -1.75   data required time
-----------------------------------------------------------------------------
                                 -1.75   data required time
                                 -0.79   data arrival time
-----------------------------------------------------------------------------
                                  2.54   slack (MET)


Startpoint: _47_ (rising edge-triggered flip-flop clocked by clk)
Endpoint: count[3] (output port clocked by clk)
Path Group: clk
Path Type: min
Corner: Typical

Fanout     Cap    Slew   Delay    Time   Description
-----------------------------------------------------------------------------
                          0.00    0.00   clock clk (rise edge)
                          0.00    0.00   clock source latency
                  0.05    0.03    0.03 ^ clk (in)
     1    0.01                           clk (net)
                  0.05    0.00    0.03 ^ clkbuf_0_clk/A (sky130_fd_sc_hd__clkbuf_16)
                  0.04    0.12    0.16 ^ clkbuf_0_clk/X (sky130_fd_sc_hd__clkbuf_16)
     2    0.02                           clknet_0_clk (net)
                  0.04    0.00    0.16 ^ clkbuf_1_0__f_clk/A (sky130_fd_sc_hd__clkbuf_16)
                  0.03    0.11    0.27 ^ clkbuf_1_0__f_clk/X (sky130_fd_sc_hd__clkbuf_16)
     4    0.01                           clknet_1_0__leaf_clk (net)
                  0.03    0.00    0.27 ^ _47_/CLK (sky130_fd_sc_hd__dfrtp_1)
                  0.09    0.34    0.60 ^ _47_/Q (sky130_fd_sc_hd__dfrtp_1)
     3    0.01                           net5 (net)
                  0.09    0.00    0.60 ^ output5/A (sky130_fd_sc_hd__clkbuf_4)
                  0.12    0.19    0.80 ^ output5/X (sky130_fd_sc_hd__clkbuf_4)
     1    0.04                           count[3] (net)
                  0.12    0.00    0.80 ^ count[3] (out)
                                  0.80   data arrival time

                          0.00    0.00   clock clk (rise edge)
                          0.00    0.00   clock network delay (propagated)
                          0.25    0.25   clock uncertainty
                          0.00    0.25   clock reconvergence pessimism
                         -2.00   -1.75   output external delay
                                 -1.75   data required time
-----------------------------------------------------------------------------
                                 -1.75   data required time
                                 -0.80   data arrival time
-----------------------------------------------------------------------------
                                  2.55   slack (MET)


Startpoint: _46_ (rising edge-triggered flip-flop clocked by clk)
Endpoint: count[2] (output port clocked by clk)
Path Group: clk
Path Type: min
Corner: Typical

Fanout     Cap    Slew   Delay    Time   Description
-----------------------------------------------------------------------------
                          0.00    0.00   clock clk (rise edge)
                          0.00    0.00   clock source latency
                  0.05    0.03    0.03 ^ clk (in)
     1    0.01                           clk (net)
                  0.05    0.00    0.03 ^ clkbuf_0_clk/A (sky130_fd_sc_hd__clkbuf_16)
                  0.04    0.12    0.16 ^ clkbuf_0_clk/X (sky130_fd_sc_hd__clkbuf_16)
     2    0.02                           clknet_0_clk (net)
                  0.04    0.00    0.16 ^ clkbuf_1_0__f_clk/A (sky130_fd_sc_hd__clkbuf_16)
                  0.03    0.11    0.27 ^ clkbuf_1_0__f_clk/X (sky130_fd_sc_hd__clkbuf_16)
     4    0.01                           clknet_1_0__leaf_clk (net)
                  0.03    0.00    0.27 ^ _46_/CLK (sky130_fd_sc_hd__dfrtp_1)
                  0.11    0.35    0.61 ^ _46_/Q (sky130_fd_sc_hd__dfrtp_1)
     4    0.01                           net4 (net)
                  0.11    0.00    0.61 ^ output4/A (sky130_fd_sc_hd__clkbuf_4)
                  0.11    0.20    0.81 ^ output4/X (sky130_fd_sc_hd__clkbuf_4)
     1    0.03                           count[2] (net)
                  0.11    0.00    0.81 ^ count[2] (out)
                                  0.81   data arrival time

                          0.00    0.00   clock clk (rise edge)
                          0.00    0.00   clock network delay (propagated)
                          0.25    0.25   clock uncertainty
                          0.00    0.25   clock reconvergence pessimism
                         -2.00   -1.75   output external delay
                                 -1.75   data required time
-----------------------------------------------------------------------------
                                 -1.75   data required time
                                 -0.81   data arrival time
-----------------------------------------------------------------------------
                                  2.56   slack (MET)


Startpoint: _48_ (rising edge-triggered flip-flop clocked by clk)
Endpoint: count[4] (output port clocked by clk)
Path Group: clk
Path Type: min
Corner: Typical

Fanout     Cap    Slew   Delay    Time   Description
-----------------------------------------------------------------------------
                          0.00    0.00   clock clk (rise edge)
                          0.00    0.00   clock source latency
                  0.05    0.03    0.03 ^ clk (in)
     1    0.01                           clk (net)
                  0.05    0.00    0.03 ^ clkbuf_0_clk/A (sky130_fd_sc_hd__clkbuf_16)
                  0.04    0.12    0.16 ^ clkbuf_0_clk/X (sky130_fd_sc_hd__clkbuf_16)
     2    0.02                           clknet_0_clk (net)
                  0.04    0.00    0.16 ^ clkbuf_1_1__f_clk/A (sky130_fd_sc_hd__clkbuf_16)
                  0.04    0.11    0.27 ^ clkbuf_1_1__f_clk/X (sky130_fd_sc_hd__clkbuf_16)
     4    0.01                           clknet_1_1__leaf_clk (net)
                  0.04    0.00    0.27 ^ _48_/CLK (sky130_fd_sc_hd__dfrtp_1)
                  0.11    0.35    0.61 ^ _48_/Q (sky130_fd_sc_hd__dfrtp_1)
     4    0.01                           net6 (net)
                  0.11    0.00    0.61 ^ output6/A (sky130_fd_sc_hd__clkbuf_4)
                  0.11    0.20    0.81 ^ output6/X (sky130_fd_sc_hd__clkbuf_4)
     1    0.03                           count[4] (net)
                  0.11    0.00    0.81 ^ count[4] (out)
                                  0.81   data arrival time

                          0.00    0.00   clock clk (rise edge)
                          0.00    0.00   clock network delay (propagated)
                          0.25    0.25   clock uncertainty
                          0.00    0.25   clock reconvergence pessimism
                         -2.00   -1.75   output external delay
                                 -1.75   data required time
-----------------------------------------------------------------------------
                                 -1.75   data required time
                                 -0.81   data arrival time
-----------------------------------------------------------------------------
                                  2.56   slack (MET)


Startpoint: _44_ (rising edge-triggered flip-flop clocked by clk)
Endpoint: count[0] (output port clocked by clk)
Path Group: clk
Path Type: min
Corner: Typical

Fanout     Cap    Slew   Delay    Time   Description
-----------------------------------------------------------------------------
                          0.00    0.00   clock clk (rise edge)
                          0.00    0.00   clock source latency
                  0.05    0.03    0.03 ^ clk (in)
     1    0.01                           clk (net)
                  0.05    0.00    0.03 ^ clkbuf_0_clk/A (sky130_fd_sc_hd__clkbuf_16)
                  0.04    0.12    0.16 ^ clkbuf_0_clk/X (sky130_fd_sc_hd__clkbuf_16)
     2    0.02                           clknet_0_clk (net)
                  0.04    0.00    0.16 ^ clkbuf_1_0__f_clk/A (sky130_fd_sc_hd__clkbuf_16)
                  0.03    0.11    0.27 ^ clkbuf_1_0__f_clk/X (sky130_fd_sc_hd__clkbuf_16)
     4    0.01                           clknet_1_0__leaf_clk (net)
                  0.03    0.00    0.27 ^ _44_/CLK (sky130_fd_sc_hd__dfrtp_1)
                  0.12    0.35    0.62 ^ _44_/Q (sky130_fd_sc_hd__dfrtp_1)
     4    0.01                           net2 (net)
                  0.12    0.00    0.62 ^ output2/A (sky130_fd_sc_hd__clkbuf_4)
                  0.11    0.20    0.82 ^ output2/X (sky130_fd_sc_hd__clkbuf_4)
     1    0.04                           count[0] (net)
                  0.11    0.00    0.83 ^ count[0] (out)
                                  0.83   data arrival time

                          0.00    0.00   clock clk (rise edge)
                          0.00    0.00   clock network delay (propagated)
                          0.25    0.25   clock uncertainty
                          0.00    0.25   clock reconvergence pessimism
                         -2.00   -1.75   output external delay
                                 -1.75   data required time
-----------------------------------------------------------------------------
                                 -1.75   data required time
                                 -0.83   data arrival time
-----------------------------------------------------------------------------
                                  2.58   slack (MET)


Startpoint: _49_ (rising edge-triggered flip-flop clocked by clk)
Endpoint: count[5] (output port clocked by clk)
Path Group: clk
Path Type: min
Corner: Typical

Fanout     Cap    Slew   Delay    Time   Description
-----------------------------------------------------------------------------
                          0.00    0.00   clock clk (rise edge)
                          0.00    0.00   clock source latency
                  0.05    0.03    0.03 ^ clk (in)
     1    0.01                           clk (net)
                  0.05    0.00    0.03 ^ clkbuf_0_clk/A (sky130_fd_sc_hd__clkbuf_16)
                  0.04    0.12    0.16 ^ clkbuf_0_clk/X (sky130_fd_sc_hd__clkbuf_16)
     2    0.02                           clknet_0_clk (net)
                  0.04    0.00    0.16 ^ clkbuf_1_1__f_clk/A (sky130_fd_sc_hd__clkbuf_16)
                  0.04    0.11    0.27 ^ clkbuf_1_1__f_clk/X (sky130_fd_sc_hd__clkbuf_16)
     4    0.01                           clknet_1_1__leaf_clk (net)
                  0.04    0.00    0.27 ^ _49_/CLK (sky130_fd_sc_hd__dfrtp_1)
                  0.12    0.36    0.63 ^ _49_/Q (sky130_fd_sc_hd__dfrtp_1)
     4    0.01                           net7 (net)
                  0.12    0.00    0.63 ^ output7/A (sky130_fd_sc_hd__clkbuf_4)
                  0.11    0.20    0.83 ^ output7/X (sky130_fd_sc_hd__clkbuf_4)
     1    0.03                           count[5] (net)
                  0.11    0.00    0.83 ^ count[5] (out)
                                  0.83   data arrival time

                          0.00    0.00   clock clk (rise edge)
                          0.00    0.00   clock network delay (propagated)
                          0.25    0.25   clock uncertainty
                          0.00    0.25   clock reconvergence pessimism
                         -2.00   -1.75   output external delay
                                 -1.75   data required time
-----------------------------------------------------------------------------
                                 -1.75   data required time
                                 -0.83   data arrival time
-----------------------------------------------------------------------------
                                  2.58   slack (MET)


Startpoint: _45_ (rising edge-triggered flip-flop clocked by clk)
Endpoint: count[1] (output port clocked by clk)
Path Group: clk
Path Type: min
Corner: Typical

Fanout     Cap    Slew   Delay    Time   Description
-----------------------------------------------------------------------------
                          0.00    0.00   clock clk (rise edge)
                          0.00    0.00   clock source latency
                  0.05    0.03    0.03 ^ clk (in)
     1    0.01                           clk (net)
                  0.05    0.00    0.03 ^ clkbuf_0_clk/A (sky130_fd_sc_hd__clkbuf_16)
                  0.04    0.12    0.16 ^ clkbuf_0_clk/X (sky130_fd_sc_hd__clkbuf_16)
     2    0.02                           clknet_0_clk (net)
                  0.04    0.00    0.16 ^ clkbuf_1_0__f_clk/A (sky130_fd_sc_hd__clkbuf_16)
                  0.03    0.11    0.27 ^ clkbuf_1_0__f_clk/X (sky130_fd_sc_hd__clkbuf_16)
     4    0.01                           clknet_1_0__leaf_clk (net)
                  0.03    0.00    0.27 ^ _45_/CLK (sky130_fd_sc_hd__dfrtp_1)
                  0.09    0.39    0.66 v _45_/Q (sky130_fd_sc_hd__dfrtp_1)
     5    0.02                           net3 (net)
                  0.09    0.00    0.66 v output3/A (sky130_fd_sc_hd__clkbuf_4)
                  0.08    0.19    0.85 v output3/X (sky130_fd_sc_hd__clkbuf_4)
     1    0.03                           count[1] (net)
                  0.08    0.00    0.85 v count[1] (out)
                                  0.85   data arrival time

                          0.00    0.00   clock clk (rise edge)
                          0.00    0.00   clock network delay (propagated)
                          0.25    0.25   clock uncertainty
                          0.00    0.25   clock reconvergence pessimism
                         -2.00   -1.75   output external delay
                                 -1.75   data required time
-----------------------------------------------------------------------------
                                 -1.75   data required time
                                 -0.85   data arrival time
-----------------------------------------------------------------------------
                                  2.60   slack (MET)



