
===========================================================================
report_checks -path_delay max (Setup)
============================================================================
======================= Typical Corner ===================================

Startpoint: _252_ (rising edge-triggered flip-flop clocked by clk)
Endpoint: rx_data[5] (output port clocked by clk)
Path Group: clk
Path Type: max

Fanout     Cap    Slew   Delay    Time   Description
-----------------------------------------------------------------------------
                          0.00    0.00   clock clk (rise edge)
                          0.00    0.00   clock source latency
                  0.07    0.05    0.05 ^ clk (in)
     1    0.01                           clk (net)
                  0.07    0.00    0.05 ^ clkbuf_0_clk/A (sky130_fd_sc_hd__clkbuf_16)
                  0.06    0.16    0.21 ^ clkbuf_0_clk/X (sky130_fd_sc_hd__clkbuf_16)
     4    0.04                           clknet_0_clk (net)
                  0.06    0.00    0.21 ^ clkbuf_2_0__f_clk/A (sky130_fd_sc_hd__clkbuf_16)
                  0.05    0.15    0.36 ^ clkbuf_2_0__f_clk/X (sky130_fd_sc_hd__clkbuf_16)
     9    0.03                           clknet_2_0__leaf_clk (net)
                  0.05    0.00    0.36 ^ _252_/CLK (sky130_fd_sc_hd__dfrtp_1)
                  0.08    0.42    0.78 v _252_/Q (sky130_fd_sc_hd__dfrtp_1)
     2    0.01                           net16 (net)
                  0.08    0.00    0.78 v output16/A (sky130_fd_sc_hd__clkbuf_4)
                  0.08    0.21    0.99 v output16/X (sky130_fd_sc_hd__clkbuf_4)
     1    0.03                           rx_data[5] (net)
                  0.08    0.00    0.99 v rx_data[5] (out)
                                  0.99   data arrival time

                         20.00   20.00   clock clk (rise edge)
                          0.00   20.00   clock network delay (propagated)
                         -0.25   19.75   clock uncertainty
                          0.00   19.75   clock reconvergence pessimism
                         -4.00   15.75   output external delay
                                 15.75   data required time
-----------------------------------------------------------------------------
                                 15.75   data required time
                                 -0.99   data arrival time
-----------------------------------------------------------------------------
                                 14.76   slack (MET)


Startpoint: _254_ (rising edge-triggered flip-flop clocked by clk)
Endpoint: rx_data[7] (output port clocked by clk)
Path Group: clk
Path Type: max

Fanout     Cap    Slew   Delay    Time   Description
-----------------------------------------------------------------------------
                          0.00    0.00   clock clk (rise edge)
                          0.00    0.00   clock source latency
                  0.07    0.05    0.05 ^ clk (in)
     1    0.01                           clk (net)
                  0.07    0.00    0.05 ^ clkbuf_0_clk/A (sky130_fd_sc_hd__clkbuf_16)
                  0.06    0.16    0.21 ^ clkbuf_0_clk/X (sky130_fd_sc_hd__clkbuf_16)
     4    0.04                           clknet_0_clk (net)
                  0.06    0.00    0.21 ^ clkbuf_2_0__f_clk/A (sky130_fd_sc_hd__clkbuf_16)
                  0.05    0.15    0.36 ^ clkbuf_2_0__f_clk/X (sky130_fd_sc_hd__clkbuf_16)
     9    0.03                           clknet_2_0__leaf_clk (net)
                  0.05    0.00    0.36 ^ _254_/CLK (sky130_fd_sc_hd__dfrtp_1)
                  0.07    0.41    0.77 v _254_/Q (sky130_fd_sc_hd__dfrtp_1)
     2    0.01                           net18 (net)
                  0.07    0.00    0.77 v output18/A (sky130_fd_sc_hd__clkbuf_4)
                  0.08    0.20    0.97 v output18/X (sky130_fd_sc_hd__clkbuf_4)
     1    0.03                           rx_data[7] (net)
                  0.08    0.00    0.97 v rx_data[7] (out)
                                  0.97   data arrival time

                         20.00   20.00   clock clk (rise edge)
                          0.00   20.00   clock network delay (propagated)
                         -0.25   19.75   clock uncertainty
                          0.00   19.75   clock reconvergence pessimism
                         -4.00   15.75   output external delay
                                 15.75   data required time
-----------------------------------------------------------------------------
                                 15.75   data required time
                                 -0.97   data arrival time
-----------------------------------------------------------------------------
                                 14.78   slack (MET)


Startpoint: _248_ (rising edge-triggered flip-flop clocked by clk)
Endpoint: rx_data[1] (output port clocked by clk)
Path Group: clk
Path Type: max

Fanout     Cap    Slew   Delay    Time   Description
-----------------------------------------------------------------------------
                          0.00    0.00   clock clk (rise edge)
                          0.00    0.00   clock source latency
                  0.07    0.05    0.05 ^ clk (in)
     1    0.01                           clk (net)
                  0.07    0.00    0.05 ^ clkbuf_0_clk/A (sky130_fd_sc_hd__clkbuf_16)
                  0.06    0.16    0.21 ^ clkbuf_0_clk/X (sky130_fd_sc_hd__clkbuf_16)
     4    0.04                           clknet_0_clk (net)
                  0.06    0.00    0.21 ^ clkbuf_2_1__f_clk/A (sky130_fd_sc_hd__clkbuf_16)
                  0.05    0.14    0.36 ^ clkbuf_2_1__f_clk/X (sky130_fd_sc_hd__clkbuf_16)
     9    0.03                           clknet_2_1__leaf_clk (net)
                  0.05    0.00    0.36 ^ _248_/CLK (sky130_fd_sc_hd__dfrtp_1)
                  0.07    0.41    0.76 v _248_/Q (sky130_fd_sc_hd__dfrtp_1)
     2    0.01                           net12 (net)
                  0.07    0.00    0.76 v output12/A (sky130_fd_sc_hd__clkbuf_4)
                  0.08    0.20    0.97 v output12/X (sky130_fd_sc_hd__clkbuf_4)
     1    0.03                           rx_data[1] (net)
                  0.08    0.00    0.97 v rx_data[1] (out)
                                  0.97   data arrival time

                         20.00   20.00   clock clk (rise edge)
                          0.00   20.00   clock network delay (propagated)
                         -0.25   19.75   clock uncertainty
                          0.00   19.75   clock reconvergence pessimism
                         -4.00   15.75   output external delay
                                 15.75   data required time
-----------------------------------------------------------------------------
                                 15.75   data required time
                                 -0.97   data arrival time
-----------------------------------------------------------------------------
                                 14.78   slack (MET)


Startpoint: _246_ (rising edge-triggered flip-flop clocked by clk)
Endpoint: rx_done (output port clocked by clk)
Path Group: clk
Path Type: max

Fanout     Cap    Slew   Delay    Time   Description
-----------------------------------------------------------------------------
                          0.00    0.00   clock clk (rise edge)
                          0.00    0.00   clock source latency
                  0.07    0.05    0.05 ^ clk (in)
     1    0.01                           clk (net)
                  0.07    0.00    0.05 ^ clkbuf_0_clk/A (sky130_fd_sc_hd__clkbuf_16)
                  0.06    0.16    0.21 ^ clkbuf_0_clk/X (sky130_fd_sc_hd__clkbuf_16)
     4    0.04                           clknet_0_clk (net)
                  0.06    0.00    0.21 ^ clkbuf_2_0__f_clk/A (sky130_fd_sc_hd__clkbuf_16)
                  0.05    0.15    0.36 ^ clkbuf_2_0__f_clk/X (sky130_fd_sc_hd__clkbuf_16)
     9    0.03                           clknet_2_0__leaf_clk (net)
                  0.05    0.00    0.36 ^ _246_/CLK (sky130_fd_sc_hd__dfrtp_1)
                  0.06    0.40    0.76 v _246_/Q (sky130_fd_sc_hd__dfrtp_1)
     2    0.01                           net19 (net)
                  0.06    0.00    0.76 v output19/A (sky130_fd_sc_hd__clkbuf_4)
                  0.08    0.20    0.96 v output19/X (sky130_fd_sc_hd__clkbuf_4)
     1    0.03                           rx_done (net)
                  0.08    0.00    0.96 v rx_done (out)
                                  0.96   data arrival time

                         20.00   20.00   clock clk (rise edge)
                          0.00   20.00   clock network delay (propagated)
                         -0.25   19.75   clock uncertainty
                          0.00   19.75   clock reconvergence pessimism
                         -4.00   15.75   output external delay
                                 15.75   data required time
-----------------------------------------------------------------------------
                                 15.75   data required time
                                 -0.96   data arrival time
-----------------------------------------------------------------------------
                                 14.79   slack (MET)


Startpoint: _247_ (rising edge-triggered flip-flop clocked by clk)
Endpoint: rx_data[0] (output port clocked by clk)
Path Group: clk
Path Type: max

Fanout     Cap    Slew   Delay    Time   Description
-----------------------------------------------------------------------------
                          0.00    0.00   clock clk (rise edge)
                          0.00    0.00   clock source latency
                  0.07    0.05    0.05 ^ clk (in)
     1    0.01                           clk (net)
                  0.07    0.00    0.05 ^ clkbuf_0_clk/A (sky130_fd_sc_hd__clkbuf_16)
                  0.06    0.16    0.21 ^ clkbuf_0_clk/X (sky130_fd_sc_hd__clkbuf_16)
     4    0.04                           clknet_0_clk (net)
                  0.06    0.00    0.21 ^ clkbuf_2_2__f_clk/A (sky130_fd_sc_hd__clkbuf_16)
                  0.04    0.14    0.35 ^ clkbuf_2_2__f_clk/X (sky130_fd_sc_hd__clkbuf_16)
     6    0.02                           clknet_2_2__leaf_clk (net)
                  0.04    0.00    0.35 ^ _247_/CLK (sky130_fd_sc_hd__dfrtp_1)
                  0.07    0.40    0.75 v _247_/Q (sky130_fd_sc_hd__dfrtp_1)
     2    0.01                           net11 (net)
                  0.07    0.00    0.76 v output11/A (sky130_fd_sc_hd__clkbuf_4)
                  0.08    0.20    0.96 v output11/X (sky130_fd_sc_hd__clkbuf_4)
     1    0.03                           rx_data[0] (net)
                  0.08    0.00    0.96 v rx_data[0] (out)
                                  0.96   data arrival time

                         20.00   20.00   clock clk (rise edge)
                          0.00   20.00   clock network delay (propagated)
                         -0.25   19.75   clock uncertainty
                          0.00   19.75   clock reconvergence pessimism
                         -4.00   15.75   output external delay
                                 15.75   data required time
-----------------------------------------------------------------------------
                                 15.75   data required time
                                 -0.96   data arrival time
-----------------------------------------------------------------------------
                                 14.79   slack (MET)


Startpoint: _249_ (rising edge-triggered flip-flop clocked by clk)
Endpoint: rx_data[2] (output port clocked by clk)
Path Group: clk
Path Type: max

Fanout     Cap    Slew   Delay    Time   Description
-----------------------------------------------------------------------------
                          0.00    0.00   clock clk (rise edge)
                          0.00    0.00   clock source latency
                  0.07    0.05    0.05 ^ clk (in)
     1    0.01                           clk (net)
                  0.07    0.00    0.05 ^ clkbuf_0_clk/A (sky130_fd_sc_hd__clkbuf_16)
                  0.06    0.16    0.21 ^ clkbuf_0_clk/X (sky130_fd_sc_hd__clkbuf_16)
     4    0.04                           clknet_0_clk (net)
                  0.06    0.00    0.21 ^ clkbuf_2_0__f_clk/A (sky130_fd_sc_hd__clkbuf_16)
                  0.05    0.15    0.36 ^ clkbuf_2_0__f_clk/X (sky130_fd_sc_hd__clkbuf_16)
     9    0.03                           clknet_2_0__leaf_clk (net)
                  0.05    0.00    0.36 ^ _249_/CLK (sky130_fd_sc_hd__dfrtp_1)
                  0.05    0.39    0.75 v _249_/Q (sky130_fd_sc_hd__dfrtp_1)
     2    0.01                           net13 (net)
                  0.05    0.00    0.75 v output13/A (sky130_fd_sc_hd__clkbuf_4)
                  0.08    0.20    0.95 v output13/X (sky130_fd_sc_hd__clkbuf_4)
     1    0.03                           rx_data[2] (net)
                  0.08    0.00    0.95 v rx_data[2] (out)
                                  0.95   data arrival time

                         20.00   20.00   clock clk (rise edge)
                          0.00   20.00   clock network delay (propagated)
                         -0.25   19.75   clock uncertainty
                          0.00   19.75   clock reconvergence pessimism
                         -4.00   15.75   output external delay
                                 15.75   data required time
-----------------------------------------------------------------------------
                                 15.75   data required time
                                 -0.95   data arrival time
-----------------------------------------------------------------------------
                                 14.80   slack (MET)


Startpoint: _253_ (rising edge-triggered flip-flop clocked by clk)
Endpoint: rx_data[6] (output port clocked by clk)
Path Group: clk
Path Type: max

Fanout     Cap    Slew   Delay    Time   Description
-----------------------------------------------------------------------------
                          0.00    0.00   clock clk (rise edge)
                          0.00    0.00   clock source latency
                  0.07    0.05    0.05 ^ clk (in)
     1    0.01                           clk (net)
                  0.07    0.00    0.05 ^ clkbuf_0_clk/A (sky130_fd_sc_hd__clkbuf_16)
                  0.06    0.16    0.21 ^ clkbuf_0_clk/X (sky130_fd_sc_hd__clkbuf_16)
     4    0.04                           clknet_0_clk (net)
                  0.06    0.00    0.21 ^ clkbuf_2_3__f_clk/A (sky130_fd_sc_hd__clkbuf_16)
                  0.05    0.15    0.36 ^ clkbuf_2_3__f_clk/X (sky130_fd_sc_hd__clkbuf_16)
     9    0.03                           clknet_2_3__leaf_clk (net)
                  0.05    0.00    0.36 ^ _253_/CLK (sky130_fd_sc_hd__dfrtp_1)
                  0.05    0.39    0.75 v _253_/Q (sky130_fd_sc_hd__dfrtp_1)
     2    0.01                           net17 (net)
                  0.05    0.00    0.75 v output17/A (sky130_fd_sc_hd__clkbuf_4)
                  0.08    0.20    0.95 v output17/X (sky130_fd_sc_hd__clkbuf_4)
     1    0.03                           rx_data[6] (net)
                  0.08    0.00    0.95 v rx_data[6] (out)
                                  0.95   data arrival time

                         20.00   20.00   clock clk (rise edge)
                          0.00   20.00   clock network delay (propagated)
                         -0.25   19.75   clock uncertainty
                          0.00   19.75   clock reconvergence pessimism
                         -4.00   15.75   output external delay
                                 15.75   data required time
-----------------------------------------------------------------------------
                                 15.75   data required time
                                 -0.95   data arrival time
-----------------------------------------------------------------------------
                                 14.80   slack (MET)


Startpoint: _250_ (rising edge-triggered flip-flop clocked by clk)
Endpoint: rx_data[3] (output port clocked by clk)
Path Group: clk
Path Type: max

Fanout     Cap    Slew   Delay    Time   Description
-----------------------------------------------------------------------------
                          0.00    0.00   clock clk (rise edge)
                          0.00    0.00   clock source latency
                  0.07    0.05    0.05 ^ clk (in)
     1    0.01                           clk (net)
                  0.07    0.00    0.05 ^ clkbuf_0_clk/A (sky130_fd_sc_hd__clkbuf_16)
                  0.06    0.16    0.21 ^ clkbuf_0_clk/X (sky130_fd_sc_hd__clkbuf_16)
     4    0.04                           clknet_0_clk (net)
                  0.06    0.00    0.21 ^ clkbuf_2_0__f_clk/A (sky130_fd_sc_hd__clkbuf_16)
                  0.05    0.15    0.36 ^ clkbuf_2_0__f_clk/X (sky130_fd_sc_hd__clkbuf_16)
     9    0.03                           clknet_2_0__leaf_clk (net)
                  0.05    0.00    0.36 ^ _250_/CLK (sky130_fd_sc_hd__dfrtp_1)
                  0.05    0.39    0.75 v _250_/Q (sky130_fd_sc_hd__dfrtp_1)
     2    0.01                           net14 (net)
                  0.05    0.00    0.75 v output14/A (sky130_fd_sc_hd__clkbuf_4)
                  0.08    0.19    0.95 v output14/X (sky130_fd_sc_hd__clkbuf_4)
     1    0.03                           rx_data[3] (net)
                  0.08    0.00    0.95 v rx_data[3] (out)
                                  0.95   data arrival time

                         20.00   20.00   clock clk (rise edge)
                          0.00   20.00   clock network delay (propagated)
                         -0.25   19.75   clock uncertainty
                          0.00   19.75   clock reconvergence pessimism
                         -4.00   15.75   output external delay
                                 15.75   data required time
-----------------------------------------------------------------------------
                                 15.75   data required time
                                 -0.95   data arrival time
-----------------------------------------------------------------------------
                                 14.80   slack (MET)


Startpoint: _238_ (rising edge-triggered flip-flop clocked by clk)
Endpoint: tx_done (output port clocked by clk)
Path Group: clk
Path Type: max

Fanout     Cap    Slew   Delay    Time   Description
-----------------------------------------------------------------------------
                          0.00    0.00   clock clk (rise edge)
                          0.00    0.00   clock source latency
                  0.07    0.05    0.05 ^ clk (in)
     1    0.01                           clk (net)
                  0.07    0.00    0.05 ^ clkbuf_0_clk/A (sky130_fd_sc_hd__clkbuf_16)
                  0.06    0.16    0.21 ^ clkbuf_0_clk/X (sky130_fd_sc_hd__clkbuf_16)
     4    0.04                           clknet_0_clk (net)
                  0.06    0.00    0.21 ^ clkbuf_2_2__f_clk/A (sky130_fd_sc_hd__clkbuf_16)
                  0.04    0.14    0.35 ^ clkbuf_2_2__f_clk/X (sky130_fd_sc_hd__clkbuf_16)
     6    0.02                           clknet_2_2__leaf_clk (net)
                  0.04    0.00    0.35 ^ _238_/CLK (sky130_fd_sc_hd__dfrtp_1)
                  0.06    0.40    0.75 v _238_/Q (sky130_fd_sc_hd__dfrtp_1)
     2    0.01                           net20 (net)
                  0.06    0.00    0.75 v output20/A (sky130_fd_sc_hd__buf_2)
                  0.09    0.20    0.94 v output20/X (sky130_fd_sc_hd__buf_2)
     1    0.03                           tx_done (net)
                  0.09    0.00    0.94 v tx_done (out)
                                  0.94   data arrival time

                         20.00   20.00   clock clk (rise edge)
                          0.00   20.00   clock network delay (propagated)
                         -0.25   19.75   clock uncertainty
                          0.00   19.75   clock reconvergence pessimism
                         -4.00   15.75   output external delay
                                 15.75   data required time
-----------------------------------------------------------------------------
                                 15.75   data required time
                                 -0.94   data arrival time
-----------------------------------------------------------------------------
                                 14.81   slack (MET)


Startpoint: _251_ (rising edge-triggered flip-flop clocked by clk)
Endpoint: rx_data[4] (output port clocked by clk)
Path Group: clk
Path Type: max

Fanout     Cap    Slew   Delay    Time   Description
-----------------------------------------------------------------------------
                          0.00    0.00   clock clk (rise edge)
                          0.00    0.00   clock source latency
                  0.07    0.05    0.05 ^ clk (in)
     1    0.01                           clk (net)
                  0.07    0.00    0.05 ^ clkbuf_0_clk/A (sky130_fd_sc_hd__clkbuf_16)
                  0.06    0.16    0.21 ^ clkbuf_0_clk/X (sky130_fd_sc_hd__clkbuf_16)
     4    0.04                           clknet_0_clk (net)
                  0.06    0.00    0.21 ^ clkbuf_2_2__f_clk/A (sky130_fd_sc_hd__clkbuf_16)
                  0.04    0.14    0.35 ^ clkbuf_2_2__f_clk/X (sky130_fd_sc_hd__clkbuf_16)
     6    0.02                           clknet_2_2__leaf_clk (net)
                  0.04    0.00    0.35 ^ _251_/CLK (sky130_fd_sc_hd__dfrtp_1)
                  0.05    0.38    0.74 v _251_/Q (sky130_fd_sc_hd__dfrtp_1)
     2    0.01                           net15 (net)
                  0.05    0.00    0.74 v output15/A (sky130_fd_sc_hd__clkbuf_4)
                  0.08    0.19    0.93 v output15/X (sky130_fd_sc_hd__clkbuf_4)
     1    0.03                           rx_data[4] (net)
                  0.08    0.00    0.93 v rx_data[4] (out)
                                  0.93   data arrival time

                         20.00   20.00   clock clk (rise edge)
                          0.00   20.00   clock network delay (propagated)
                         -0.25   19.75   clock uncertainty
                          0.00   19.75   clock reconvergence pessimism
                         -4.00   15.75   output external delay
                                 15.75   data required time
-----------------------------------------------------------------------------
                                 15.75   data required time
                                 -0.93   data arrival time
-----------------------------------------------------------------------------
                                 14.82   slack (MET)


Startpoint: reset (input port clocked by clk)
Endpoint: _260_ (rising edge-triggered flip-flop clocked by clk)
Path Group: clk
Path Type: max

Fanout     Cap    Slew   Delay    Time   Description
-----------------------------------------------------------------------------
                          0.00    0.00   clock clk (rise edge)
                          0.00    0.00   clock network delay (propagated)
                          4.00    4.00 ^ input external delay
                  0.03    0.02    4.02 ^ reset (in)
     1    0.00                           reset (net)
                  0.03    0.00    4.02 ^ input1/A (sky130_fd_sc_hd__clkbuf_4)
                  0.14    0.21    4.22 ^ input1/X (sky130_fd_sc_hd__clkbuf_4)
     7    0.04                           net1 (net)
                  0.14    0.00    4.22 ^ _185_/A (sky130_fd_sc_hd__inv_2)
                  0.04    0.06    4.28 v _185_/Y (sky130_fd_sc_hd__inv_2)
     2    0.01                           _008_ (net)
                  0.04    0.00    4.28 v _212_/C (sky130_fd_sc_hd__and3_1)
                  0.04    0.18    4.46 v _212_/X (sky130_fd_sc_hd__and3_1)
     1    0.00                           _104_ (net)
                  0.04    0.00    4.46 v _213_/A (sky130_fd_sc_hd__clkbuf_4)
                  0.09    0.19    4.65 v _213_/X (sky130_fd_sc_hd__clkbuf_4)
     8    0.04                           _105_ (net)
                  0.09    0.00    4.65 v _224_/S (sky130_fd_sc_hd__mux2_1)
                  0.06    0.34    4.99 v _224_/X (sky130_fd_sc_hd__mux2_1)
     1    0.00                           _111_ (net)
                  0.06    0.00    4.99 v _225_/A (sky130_fd_sc_hd__clkbuf_1)
                  0.02    0.09    5.09 v _225_/X (sky130_fd_sc_hd__clkbuf_1)
     1    0.00                           _054_ (net)
                  0.02    0.00    5.09 v _260_/D (sky130_fd_sc_hd__dfxtp_1)
                                  5.09   data arrival time

                         20.00   20.00   clock clk (rise edge)
                          0.00   20.00   clock source latency
                  0.07    0.05   20.05 ^ clk (in)
     1    0.01                           clk (net)
                  0.07    0.00   20.05 ^ clkbuf_0_clk/A (sky130_fd_sc_hd__clkbuf_16)
                  0.06    0.15   20.19 ^ clkbuf_0_clk/X (sky130_fd_sc_hd__clkbuf_16)
     4    0.04                           clknet_0_clk (net)
                  0.06    0.00   20.19 ^ clkbuf_2_1__f_clk/A (sky130_fd_sc_hd__clkbuf_16)
                  0.05    0.13   20.32 ^ clkbuf_2_1__f_clk/X (sky130_fd_sc_hd__clkbuf_16)
     9    0.03                           clknet_2_1__leaf_clk (net)
                  0.05    0.00   20.32 ^ _260_/CLK (sky130_fd_sc_hd__dfxtp_1)
                         -0.25   20.07   clock uncertainty
                          0.00   20.07   clock reconvergence pessimism
                         -0.10   19.97   library setup time
                                 19.97   data required time
-----------------------------------------------------------------------------
                                 19.97   data required time
                                 -5.09   data arrival time
-----------------------------------------------------------------------------
                                 14.89   slack (MET)


Startpoint: reset (input port clocked by clk)
Endpoint: _262_ (rising edge-triggered flip-flop clocked by clk)
Path Group: clk
Path Type: max

Fanout     Cap    Slew   Delay    Time   Description
-----------------------------------------------------------------------------
                          0.00    0.00   clock clk (rise edge)
                          0.00    0.00   clock network delay (propagated)
                          4.00    4.00 ^ input external delay
                  0.03    0.02    4.02 ^ reset (in)
     1    0.00                           reset (net)
                  0.03    0.00    4.02 ^ input1/A (sky130_fd_sc_hd__clkbuf_4)
                  0.14    0.21    4.22 ^ input1/X (sky130_fd_sc_hd__clkbuf_4)
     7    0.04                           net1 (net)
                  0.14    0.00    4.22 ^ _185_/A (sky130_fd_sc_hd__inv_2)
                  0.04    0.06    4.28 v _185_/Y (sky130_fd_sc_hd__inv_2)
     2    0.01                           _008_ (net)
                  0.04    0.00    4.28 v _212_/C (sky130_fd_sc_hd__and3_1)
                  0.04    0.18    4.46 v _212_/X (sky130_fd_sc_hd__and3_1)
     1    0.00                           _104_ (net)
                  0.04    0.00    4.46 v _213_/A (sky130_fd_sc_hd__clkbuf_4)
                  0.09    0.19    4.65 v _213_/X (sky130_fd_sc_hd__clkbuf_4)
     8    0.04                           _105_ (net)
                  0.09    0.00    4.65 v _228_/S (sky130_fd_sc_hd__mux2_1)
                  0.06    0.34    4.99 v _228_/X (sky130_fd_sc_hd__mux2_1)
     1    0.00                           _113_ (net)
                  0.06    0.00    4.99 v _229_/A (sky130_fd_sc_hd__clkbuf_1)
                  0.02    0.09    5.08 v _229_/X (sky130_fd_sc_hd__clkbuf_1)
     1    0.00                           _056_ (net)
                  0.02    0.00    5.08 v _262_/D (sky130_fd_sc_hd__dfxtp_1)
                                  5.08   data arrival time

                         20.00   20.00   clock clk (rise edge)
                          0.00   20.00   clock source latency
                  0.07    0.05   20.05 ^ clk (in)
     1    0.01                           clk (net)
                  0.07    0.00   20.05 ^ clkbuf_0_clk/A (sky130_fd_sc_hd__clkbuf_16)
                  0.06    0.15   20.19 ^ clkbuf_0_clk/X (sky130_fd_sc_hd__clkbuf_16)
     4    0.04                           clknet_0_clk (net)
                  0.06    0.00   20.19 ^ clkbuf_2_1__f_clk/A (sky130_fd_sc_hd__clkbuf_16)
                  0.05    0.13   20.32 ^ clkbuf_2_1__f_clk/X (sky130_fd_sc_hd__clkbuf_16)
     9    0.03                           clknet_2_1__leaf_clk (net)
                  0.05    0.00   20.32 ^ _262_/CLK (sky130_fd_sc_hd__dfxtp_1)
                         -0.25   20.07   clock uncertainty
                          0.00   20.07   clock reconvergence pessimism
                         -0.10   19.97   library setup time
                                 19.97   data required time
-----------------------------------------------------------------------------
                                 19.97   data required time
                                 -5.08   data arrival time
-----------------------------------------------------------------------------
                                 14.89   slack (MET)


Startpoint: reset (input port clocked by clk)
Endpoint: _257_ (rising edge-triggered flip-flop clocked by clk)
Path Group: clk
Path Type: max

Fanout     Cap    Slew   Delay    Time   Description
-----------------------------------------------------------------------------
                          0.00    0.00   clock clk (rise edge)
                          0.00    0.00   clock network delay (propagated)
                          4.00    4.00 ^ input external delay
                  0.03    0.02    4.02 ^ reset (in)
     1    0.00                           reset (net)
                  0.03    0.00    4.02 ^ input1/A (sky130_fd_sc_hd__clkbuf_4)
                  0.14    0.21    4.22 ^ input1/X (sky130_fd_sc_hd__clkbuf_4)
     7    0.04                           net1 (net)
                  0.14    0.00    4.22 ^ _185_/A (sky130_fd_sc_hd__inv_2)
                  0.04    0.06    4.28 v _185_/Y (sky130_fd_sc_hd__inv_2)
     2    0.01                           _008_ (net)
                  0.04    0.00    4.28 v _212_/C (sky130_fd_sc_hd__and3_1)
                  0.04    0.18    4.46 v _212_/X (sky130_fd_sc_hd__and3_1)
     1    0.00                           _104_ (net)
                  0.04    0.00    4.46 v _213_/A (sky130_fd_sc_hd__clkbuf_4)
                  0.09    0.19    4.65 v _213_/X (sky130_fd_sc_hd__clkbuf_4)
     8    0.04                           _105_ (net)
                  0.09    0.00    4.65 v _218_/S (sky130_fd_sc_hd__mux2_1)
                  0.05    0.33    4.98 v _218_/X (sky130_fd_sc_hd__mux2_1)
     1    0.00                           _108_ (net)
                  0.05    0.00    4.98 v _219_/A (sky130_fd_sc_hd__clkbuf_1)
                  0.03    0.10    5.08 v _219_/X (sky130_fd_sc_hd__clkbuf_1)
     1    0.00                           _051_ (net)
                  0.03    0.00    5.08 v _257_/D (sky130_fd_sc_hd__dfxtp_1)
                                  5.08   data arrival time

                         20.00   20.00   clock clk (rise edge)
                          0.00   20.00   clock source latency
                  0.07    0.05   20.05 ^ clk (in)
     1    0.01                           clk (net)
                  0.07    0.00   20.05 ^ clkbuf_0_clk/A (sky130_fd_sc_hd__clkbuf_16)
                  0.06    0.15   20.19 ^ clkbuf_0_clk/X (sky130_fd_sc_hd__clkbuf_16)
     4    0.04                           clknet_0_clk (net)
                  0.06    0.00   20.19 ^ clkbuf_2_1__f_clk/A (sky130_fd_sc_hd__clkbuf_16)
                  0.05    0.13   20.32 ^ clkbuf_2_1__f_clk/X (sky130_fd_sc_hd__clkbuf_16)
     9    0.03                           clknet_2_1__leaf_clk (net)
                  0.05    0.00   20.32 ^ _257_/CLK (sky130_fd_sc_hd__dfxtp_1)
                         -0.25   20.07   clock uncertainty
                          0.00   20.07   clock reconvergence pessimism
                         -0.10   19.97   library setup time
                                 19.97   data required time
-----------------------------------------------------------------------------
                                 19.97   data required time
                                 -5.08   data arrival time
-----------------------------------------------------------------------------
                                 14.89   slack (MET)


Startpoint: reset (input port clocked by clk)
Endpoint: _259_ (rising edge-triggered flip-flop clocked by clk)
Path Group: clk
Path Type: max

Fanout     Cap    Slew   Delay    Time   Description
-----------------------------------------------------------------------------
                          0.00    0.00   clock clk (rise edge)
                          0.00    0.00   clock network delay (propagated)
                          4.00    4.00 ^ input external delay
                  0.03    0.02    4.02 ^ reset (in)
     1    0.00                           reset (net)
                  0.03    0.00    4.02 ^ input1/A (sky130_fd_sc_hd__clkbuf_4)
                  0.14    0.21    4.22 ^ input1/X (sky130_fd_sc_hd__clkbuf_4)
     7    0.04                           net1 (net)
                  0.14    0.00    4.22 ^ _185_/A (sky130_fd_sc_hd__inv_2)
                  0.04    0.06    4.28 v _185_/Y (sky130_fd_sc_hd__inv_2)
     2    0.01                           _008_ (net)
                  0.04    0.00    4.28 v _212_/C (sky130_fd_sc_hd__and3_1)
                  0.04    0.18    4.46 v _212_/X (sky130_fd_sc_hd__and3_1)
     1    0.00                           _104_ (net)
                  0.04    0.00    4.46 v _213_/A (sky130_fd_sc_hd__clkbuf_4)
                  0.09    0.19    4.65 v _213_/X (sky130_fd_sc_hd__clkbuf_4)
     8    0.04                           _105_ (net)
                  0.09    0.00    4.65 v _222_/S (sky130_fd_sc_hd__mux2_1)
                  0.06    0.34    4.99 v _222_/X (sky130_fd_sc_hd__mux2_1)
     1    0.00                           _110_ (net)
                  0.06    0.00    4.99 v _223_/A (sky130_fd_sc_hd__clkbuf_1)
                  0.02    0.09    5.08 v _223_/X (sky130_fd_sc_hd__clkbuf_1)
     1    0.00                           _053_ (net)
                  0.02    0.00    5.08 v _259_/D (sky130_fd_sc_hd__dfxtp_1)
                                  5.08   data arrival time

                         20.00   20.00   clock clk (rise edge)
                          0.00   20.00   clock source latency
                  0.07    0.05   20.05 ^ clk (in)
     1    0.01                           clk (net)
                  0.07    0.00   20.05 ^ clkbuf_0_clk/A (sky130_fd_sc_hd__clkbuf_16)
                  0.06    0.15   20.19 ^ clkbuf_0_clk/X (sky130_fd_sc_hd__clkbuf_16)
     4    0.04                           clknet_0_clk (net)
                  0.06    0.00   20.19 ^ clkbuf_2_1__f_clk/A (sky130_fd_sc_hd__clkbuf_16)
                  0.05    0.13   20.32 ^ clkbuf_2_1__f_clk/X (sky130_fd_sc_hd__clkbuf_16)
     9    0.03                           clknet_2_1__leaf_clk (net)
                  0.05    0.00   20.32 ^ _259_/CLK (sky130_fd_sc_hd__dfxtp_1)
                         -0.25   20.07   clock uncertainty
                          0.00   20.07   clock reconvergence pessimism
                         -0.10   19.97   library setup time
                                 19.97   data required time
-----------------------------------------------------------------------------
                                 19.97   data required time
                                 -5.08   data arrival time
-----------------------------------------------------------------------------
                                 14.89   slack (MET)


Startpoint: reset (input port clocked by clk)
Endpoint: _255_ (rising edge-triggered flip-flop clocked by clk)
Path Group: clk
Path Type: max

Fanout     Cap    Slew   Delay    Time   Description
-----------------------------------------------------------------------------
                          0.00    0.00   clock clk (rise edge)
                          0.00    0.00   clock network delay (propagated)
                          4.00    4.00 ^ input external delay
                  0.03    0.02    4.02 ^ reset (in)
     1    0.00                           reset (net)
                  0.03    0.00    4.02 ^ input1/A (sky130_fd_sc_hd__clkbuf_4)
                  0.14    0.21    4.22 ^ input1/X (sky130_fd_sc_hd__clkbuf_4)
     7    0.04                           net1 (net)
                  0.14    0.00    4.22 ^ _185_/A (sky130_fd_sc_hd__inv_2)
                  0.04    0.06    4.28 v _185_/Y (sky130_fd_sc_hd__inv_2)
     2    0.01                           _008_ (net)
                  0.04    0.00    4.28 v _212_/C (sky130_fd_sc_hd__and3_1)
                  0.04    0.18    4.46 v _212_/X (sky130_fd_sc_hd__and3_1)
     1    0.00                           _104_ (net)
                  0.04    0.00    4.46 v _213_/A (sky130_fd_sc_hd__clkbuf_4)
                  0.09    0.19    4.65 v _213_/X (sky130_fd_sc_hd__clkbuf_4)
     8    0.04                           _105_ (net)
                  0.09    0.00    4.65 v _214_/S (sky130_fd_sc_hd__mux2_1)
                  0.06    0.34    4.99 v _214_/X (sky130_fd_sc_hd__mux2_1)
     1    0.00                           _106_ (net)
                  0.06    0.00    4.99 v _215_/A (sky130_fd_sc_hd__clkbuf_1)
                  0.02    0.09    5.08 v _215_/X (sky130_fd_sc_hd__clkbuf_1)
     1    0.00                           _049_ (net)
                  0.02    0.00    5.08 v _255_/D (sky130_fd_sc_hd__dfxtp_1)
                                  5.08   data arrival time

                         20.00   20.00   clock clk (rise edge)
                          0.00   20.00   clock source latency
                  0.07    0.05   20.05 ^ clk (in)
     1    0.01                           clk (net)
                  0.07    0.00   20.05 ^ clkbuf_0_clk/A (sky130_fd_sc_hd__clkbuf_16)
                  0.06    0.15   20.19 ^ clkbuf_0_clk/X (sky130_fd_sc_hd__clkbuf_16)
     4    0.04                           clknet_0_clk (net)
                  0.06    0.00   20.19 ^ clkbuf_2_1__f_clk/A (sky130_fd_sc_hd__clkbuf_16)
                  0.05    0.13   20.32 ^ clkbuf_2_1__f_clk/X (sky130_fd_sc_hd__clkbuf_16)
     9    0.03                           clknet_2_1__leaf_clk (net)
                  0.05    0.00   20.32 ^ _255_/CLK (sky130_fd_sc_hd__dfxtp_1)
                         -0.25   20.07   clock uncertainty
                          0.00   20.07   clock reconvergence pessimism
                         -0.10   19.97   library setup time
                                 19.97   data required time
-----------------------------------------------------------------------------
                                 19.97   data required time
                                 -5.08   data arrival time
-----------------------------------------------------------------------------
                                 14.89   slack (MET)


Startpoint: reset (input port clocked by clk)
Endpoint: _258_ (rising edge-triggered flip-flop clocked by clk)
Path Group: clk
Path Type: max

Fanout     Cap    Slew   Delay    Time   Description
-----------------------------------------------------------------------------
                          0.00    0.00   clock clk (rise edge)
                          0.00    0.00   clock network delay (propagated)
                          4.00    4.00 ^ input external delay
                  0.03    0.02    4.02 ^ reset (in)
     1    0.00                           reset (net)
                  0.03    0.00    4.02 ^ input1/A (sky130_fd_sc_hd__clkbuf_4)
                  0.14    0.21    4.22 ^ input1/X (sky130_fd_sc_hd__clkbuf_4)
     7    0.04                           net1 (net)
                  0.14    0.00    4.22 ^ _185_/A (sky130_fd_sc_hd__inv_2)
                  0.04    0.06    4.28 v _185_/Y (sky130_fd_sc_hd__inv_2)
     2    0.01                           _008_ (net)
                  0.04    0.00    4.28 v _212_/C (sky130_fd_sc_hd__and3_1)
                  0.04    0.18    4.46 v _212_/X (sky130_fd_sc_hd__and3_1)
     1    0.00                           _104_ (net)
                  0.04    0.00    4.46 v _213_/A (sky130_fd_sc_hd__clkbuf_4)
                  0.09    0.19    4.65 v _213_/X (sky130_fd_sc_hd__clkbuf_4)
     8    0.04                           _105_ (net)
                  0.09    0.00    4.65 v _220_/S (sky130_fd_sc_hd__mux2_1)
                  0.05    0.33    4.98 v _220_/X (sky130_fd_sc_hd__mux2_1)
     1    0.00                           _109_ (net)
                  0.05    0.00    4.98 v _221_/A (sky130_fd_sc_hd__clkbuf_1)
                  0.03    0.09    5.08 v _221_/X (sky130_fd_sc_hd__clkbuf_1)
     1    0.00                           _052_ (net)
                  0.03    0.00    5.08 v _258_/D (sky130_fd_sc_hd__dfxtp_1)
                                  5.08   data arrival time

                         20.00   20.00   clock clk (rise edge)
                          0.00   20.00   clock source latency
                  0.07    0.05   20.05 ^ clk (in)
     1    0.01                           clk (net)
                  0.07    0.00   20.05 ^ clkbuf_0_clk/A (sky130_fd_sc_hd__clkbuf_16)
                  0.06    0.15   20.19 ^ clkbuf_0_clk/X (sky130_fd_sc_hd__clkbuf_16)
     4    0.04                           clknet_0_clk (net)
                  0.06    0.00   20.19 ^ clkbuf_2_1__f_clk/A (sky130_fd_sc_hd__clkbuf_16)
                  0.05    0.13   20.32 ^ clkbuf_2_1__f_clk/X (sky130_fd_sc_hd__clkbuf_16)
     9    0.03                           clknet_2_1__leaf_clk (net)
                  0.05    0.00   20.32 ^ _258_/CLK (sky130_fd_sc_hd__dfxtp_1)
                         -0.25   20.07   clock uncertainty
                          0.00   20.07   clock reconvergence pessimism
                         -0.10   19.97   library setup time
                                 19.97   data required time
-----------------------------------------------------------------------------
                                 19.97   data required time
                                 -5.08   data arrival time
-----------------------------------------------------------------------------
                                 14.89   slack (MET)


Startpoint: reset (input port clocked by clk)
Endpoint: _256_ (rising edge-triggered flip-flop clocked by clk)
Path Group: clk
Path Type: max

Fanout     Cap    Slew   Delay    Time   Description
-----------------------------------------------------------------------------
                          0.00    0.00   clock clk (rise edge)
                          0.00    0.00   clock network delay (propagated)
                          4.00    4.00 ^ input external delay
                  0.03    0.02    4.02 ^ reset (in)
     1    0.00                           reset (net)
                  0.03    0.00    4.02 ^ input1/A (sky130_fd_sc_hd__clkbuf_4)
                  0.14    0.21    4.22 ^ input1/X (sky130_fd_sc_hd__clkbuf_4)
     7    0.04                           net1 (net)
                  0.14    0.00    4.22 ^ _185_/A (sky130_fd_sc_hd__inv_2)
                  0.04    0.06    4.28 v _185_/Y (sky130_fd_sc_hd__inv_2)
     2    0.01                           _008_ (net)
                  0.04    0.00    4.28 v _212_/C (sky130_fd_sc_hd__and3_1)
                  0.04    0.18    4.46 v _212_/X (sky130_fd_sc_hd__and3_1)
     1    0.00                           _104_ (net)
                  0.04    0.00    4.46 v _213_/A (sky130_fd_sc_hd__clkbuf_4)
                  0.09    0.19    4.65 v _213_/X (sky130_fd_sc_hd__clkbuf_4)
     8    0.04                           _105_ (net)
                  0.09    0.00    4.65 v _216_/S (sky130_fd_sc_hd__mux2_1)
                  0.05    0.33    4.99 v _216_/X (sky130_fd_sc_hd__mux2_1)
     1    0.00                           _107_ (net)
                  0.05    0.00    4.99 v _217_/A (sky130_fd_sc_hd__clkbuf_1)
                  0.02    0.09    5.08 v _217_/X (sky130_fd_sc_hd__clkbuf_1)
     1    0.00                           _050_ (net)
                  0.02    0.00    5.08 v _256_/D (sky130_fd_sc_hd__dfxtp_1)
                                  5.08   data arrival time

                         20.00   20.00   clock clk (rise edge)
                          0.00   20.00   clock source latency
                  0.07    0.05   20.05 ^ clk (in)
     1    0.01                           clk (net)
                  0.07    0.00   20.05 ^ clkbuf_0_clk/A (sky130_fd_sc_hd__clkbuf_16)
                  0.06    0.15   20.19 ^ clkbuf_0_clk/X (sky130_fd_sc_hd__clkbuf_16)
     4    0.04                           clknet_0_clk (net)
                  0.06    0.00   20.19 ^ clkbuf_2_1__f_clk/A (sky130_fd_sc_hd__clkbuf_16)
                  0.05    0.13   20.32 ^ clkbuf_2_1__f_clk/X (sky130_fd_sc_hd__clkbuf_16)
     9    0.03                           clknet_2_1__leaf_clk (net)
                  0.05    0.00   20.32 ^ _256_/CLK (sky130_fd_sc_hd__dfxtp_1)
                         -0.25   20.07   clock uncertainty
                          0.00   20.07   clock reconvergence pessimism
                         -0.10   19.97   library setup time
                                 19.97   data required time
-----------------------------------------------------------------------------
                                 19.97   data required time
                                 -5.08   data arrival time
-----------------------------------------------------------------------------
                                 14.90   slack (MET)


Startpoint: reset (input port clocked by clk)
Endpoint: _261_ (rising edge-triggered flip-flop clocked by clk)
Path Group: clk
Path Type: max

Fanout     Cap    Slew   Delay    Time   Description
-----------------------------------------------------------------------------
                          0.00    0.00   clock clk (rise edge)
                          0.00    0.00   clock network delay (propagated)
                          4.00    4.00 ^ input external delay
                  0.03    0.02    4.02 ^ reset (in)
     1    0.00                           reset (net)
                  0.03    0.00    4.02 ^ input1/A (sky130_fd_sc_hd__clkbuf_4)
                  0.14    0.21    4.22 ^ input1/X (sky130_fd_sc_hd__clkbuf_4)
     7    0.04                           net1 (net)
                  0.14    0.00    4.22 ^ _185_/A (sky130_fd_sc_hd__inv_2)
                  0.04    0.06    4.28 v _185_/Y (sky130_fd_sc_hd__inv_2)
     2    0.01                           _008_ (net)
                  0.04    0.00    4.28 v _212_/C (sky130_fd_sc_hd__and3_1)
                  0.04    0.18    4.46 v _212_/X (sky130_fd_sc_hd__and3_1)
     1    0.00                           _104_ (net)
                  0.04    0.00    4.46 v _213_/A (sky130_fd_sc_hd__clkbuf_4)
                  0.09    0.19    4.65 v _213_/X (sky130_fd_sc_hd__clkbuf_4)
     8    0.04                           _105_ (net)
                  0.09    0.00    4.65 v _226_/S (sky130_fd_sc_hd__mux2_1)
                  0.05    0.33    4.98 v _226_/X (sky130_fd_sc_hd__mux2_1)
     1    0.00                           _112_ (net)
                  0.05    0.00    4.98 v _227_/A (sky130_fd_sc_hd__clkbuf_1)
                  0.02    0.09    5.07 v _227_/X (sky130_fd_sc_hd__clkbuf_1)
     1    0.00                           _055_ (net)
                  0.02    0.00    5.07 v _261_/D (sky130_fd_sc_hd__dfxtp_1)
                                  5.07   data arrival time

                         20.00   20.00   clock clk (rise edge)
                          0.00   20.00   clock source latency
                  0.07    0.05   20.05 ^ clk (in)
     1    0.01                           clk (net)
                  0.07    0.00   20.05 ^ clkbuf_0_clk/A (sky130_fd_sc_hd__clkbuf_16)
                  0.06    0.15   20.19 ^ clkbuf_0_clk/X (sky130_fd_sc_hd__clkbuf_16)
     4    0.04                           clknet_0_clk (net)
                  0.06    0.00   20.19 ^ clkbuf_2_1__f_clk/A (sky130_fd_sc_hd__clkbuf_16)
                  0.05    0.13   20.32 ^ clkbuf_2_1__f_clk/X (sky130_fd_sc_hd__clkbuf_16)
     9    0.03                           clknet_2_1__leaf_clk (net)
                  0.05    0.00   20.32 ^ _261_/CLK (sky130_fd_sc_hd__dfxtp_1)
                         -0.25   20.07   clock uncertainty
                          0.00   20.07   clock reconvergence pessimism
                         -0.10   19.97   library setup time
                                 19.97   data required time
-----------------------------------------------------------------------------
                                 19.97   data required time
                                 -5.07   data arrival time
-----------------------------------------------------------------------------
                                 14.90   slack (MET)


Startpoint: start (input port clocked by clk)
Endpoint: _242_ (rising edge-triggered flip-flop clocked by clk)
Path Group: clk
Path Type: max

Fanout     Cap    Slew   Delay    Time   Description
-----------------------------------------------------------------------------
                          0.00    0.00   clock clk (rise edge)
                          0.00    0.00   clock network delay (propagated)
                          4.00    4.00 ^ input external delay
                  0.02    0.01    4.01 ^ start (in)
     1    0.00                           start (net)
                  0.02    0.00    4.01 ^ input2/A (sky130_fd_sc_hd__buf_1)
                  0.17    0.17    4.19 ^ input2/X (sky130_fd_sc_hd__buf_1)
     2    0.01                           net2 (net)
                  0.17    0.00    4.19 ^ _170_/A (sky130_fd_sc_hd__inv_2)
                  0.04    0.06    4.25 v _170_/Y (sky130_fd_sc_hd__inv_2)
     2    0.01                           _095_ (net)
                  0.04    0.00    4.25 v _171_/A2 (sky130_fd_sc_hd__a21o_1)
                  0.03    0.18    4.42 v _171_/X (sky130_fd_sc_hd__a21o_1)
     1    0.00                           _006_ (net)
                  0.03    0.00    4.42 v _242_/D (sky130_fd_sc_hd__dfstp_1)
                                  4.42   data arrival time

                         20.00   20.00   clock clk (rise edge)
                          0.00   20.00   clock source latency
                  0.07    0.05   20.05 ^ clk (in)
     1    0.01                           clk (net)
                  0.07    0.00   20.05 ^ clkbuf_0_clk/A (sky130_fd_sc_hd__clkbuf_16)
                  0.06    0.15   20.19 ^ clkbuf_0_clk/X (sky130_fd_sc_hd__clkbuf_16)
     4    0.04                           clknet_0_clk (net)
                  0.06    0.00   20.19 ^ clkbuf_2_3__f_clk/A (sky130_fd_sc_hd__clkbuf_16)
                  0.05    0.13   20.33 ^ clkbuf_2_3__f_clk/X (sky130_fd_sc_hd__clkbuf_16)
     9    0.03                           clknet_2_3__leaf_clk (net)
                  0.05    0.00   20.33 ^ _242_/CLK (sky130_fd_sc_hd__dfstp_1)
                         -0.25   20.08   clock uncertainty
                          0.00   20.08   clock reconvergence pessimism
                         -0.06   20.01   library setup time
                                 20.01   data required time
-----------------------------------------------------------------------------
                                 20.01   data required time
                                 -4.42   data arrival time
-----------------------------------------------------------------------------
                                 15.59   slack (MET)


Startpoint: start (input port clocked by clk)
Endpoint: _244_ (rising edge-triggered flip-flop clocked by clk)
Path Group: clk
Path Type: max

Fanout     Cap    Slew   Delay    Time   Description
-----------------------------------------------------------------------------
                          0.00    0.00   clock clk (rise edge)
                          0.00    0.00   clock network delay (propagated)
                          4.00    4.00 ^ input external delay
                  0.02    0.01    4.01 ^ start (in)
     1    0.00                           start (net)
                  0.02    0.00    4.01 ^ input2/A (sky130_fd_sc_hd__buf_1)
                  0.17    0.17    4.19 ^ input2/X (sky130_fd_sc_hd__buf_1)
     2    0.01                           net2 (net)
                  0.17    0.00    4.19 ^ _170_/A (sky130_fd_sc_hd__inv_2)
                  0.04    0.06    4.25 v _170_/Y (sky130_fd_sc_hd__inv_2)
     2    0.01                           _095_ (net)
                  0.04    0.00    4.25 v _176_/B (sky130_fd_sc_hd__nor2_1)
                  0.08    0.09    4.33 ^ _176_/Y (sky130_fd_sc_hd__nor2_1)
     1    0.00                           _002_ (net)
                  0.08    0.00    4.33 ^ _244_/D (sky130_fd_sc_hd__dfrtp_1)
                                  4.33   data arrival time

                         20.00   20.00   clock clk (rise edge)
                          0.00   20.00   clock source latency
                  0.07    0.05   20.05 ^ clk (in)
     1    0.01                           clk (net)
                  0.07    0.00   20.05 ^ clkbuf_0_clk/A (sky130_fd_sc_hd__clkbuf_16)
                  0.06    0.15   20.19 ^ clkbuf_0_clk/X (sky130_fd_sc_hd__clkbuf_16)
     4    0.04                           clknet_0_clk (net)
                  0.06    0.00   20.19 ^ clkbuf_2_3__f_clk/A (sky130_fd_sc_hd__clkbuf_16)
                  0.05    0.13   20.33 ^ clkbuf_2_3__f_clk/X (sky130_fd_sc_hd__clkbuf_16)
     9    0.03                           clknet_2_3__leaf_clk (net)
                  0.05    0.00   20.33 ^ _244_/CLK (sky130_fd_sc_hd__dfrtp_1)
                         -0.25   20.08   clock uncertainty
                          0.00   20.08   clock reconvergence pessimism
                         -0.07   20.01   library setup time
                                 20.01   data required time
-----------------------------------------------------------------------------
                                 20.01   data required time
                                 -4.33   data arrival time
-----------------------------------------------------------------------------
                                 15.67   slack (MET)


Startpoint: reset (input port clocked by clk)
Endpoint: _237_ (recovery check against rising-edge clock clk)
Path Group: asynchronous
Path Type: max

Fanout     Cap    Slew   Delay    Time   Description
-----------------------------------------------------------------------------
                          0.00    0.00   clock clk (rise edge)
                          0.00    0.00   clock network delay (propagated)
                          4.00    4.00 v input external delay
                  0.01    0.01    4.01 v reset (in)
     1    0.00                           reset (net)
                  0.01    0.00    4.01 v input1/A (sky130_fd_sc_hd__clkbuf_4)
                  0.09    0.19    4.19 v input1/X (sky130_fd_sc_hd__clkbuf_4)
     7    0.04                           net1 (net)
                  0.09    0.00    4.20 v _186_/A (sky130_fd_sc_hd__buf_4)
                  0.09    0.23    4.42 v _186_/X (sky130_fd_sc_hd__buf_4)
    10    0.06                           _102_ (net)
                  0.09    0.00    4.43 v _193_/A (sky130_fd_sc_hd__inv_2)
                  0.03    0.06    4.49 ^ _193_/Y (sky130_fd_sc_hd__inv_2)
     1    0.00                           _015_ (net)
                  0.03    0.00    4.49 ^ _237_/SET_B (sky130_fd_sc_hd__dfstp_1)
                                  4.49   data arrival time

                         20.00   20.00   clock clk (rise edge)
                          0.00   20.00   clock source latency
                  0.07    0.05   20.05 ^ clk (in)
     1    0.01                           clk (net)
                  0.07    0.00   20.05 ^ clkbuf_0_clk/A (sky130_fd_sc_hd__clkbuf_16)
                  0.06    0.15   20.19 ^ clkbuf_0_clk/X (sky130_fd_sc_hd__clkbuf_16)
     4    0.04                           clknet_0_clk (net)
                  0.06    0.00   20.19 ^ clkbuf_2_3__f_clk/A (sky130_fd_sc_hd__clkbuf_16)
                  0.05    0.13   20.33 ^ clkbuf_2_3__f_clk/X (sky130_fd_sc_hd__clkbuf_16)
     9    0.03                           clknet_2_3__leaf_clk (net)
                  0.05    0.00   20.33 ^ _237_/CLK (sky130_fd_sc_hd__dfstp_1)
                         -0.25   20.08   clock uncertainty
                          0.00   20.08   clock reconvergence pessimism
                          0.14   20.22   library recovery time
                                 20.22   data required time
-----------------------------------------------------------------------------
                                 20.22   data required time
                                 -4.49   data arrival time
-----------------------------------------------------------------------------
                                 15.73   slack (MET)


Startpoint: reset (input port clocked by clk)
Endpoint: _242_ (recovery check against rising-edge clock clk)
Path Group: asynchronous
Path Type: max

Fanout     Cap    Slew   Delay    Time   Description
-----------------------------------------------------------------------------
                          0.00    0.00   clock clk (rise edge)
                          0.00    0.00   clock network delay (propagated)
                          4.00    4.00 v input external delay
                  0.01    0.01    4.01 v reset (in)
     1    0.00                           reset (net)
                  0.01    0.00    4.01 v input1/A (sky130_fd_sc_hd__clkbuf_4)
                  0.09    0.19    4.19 v input1/X (sky130_fd_sc_hd__clkbuf_4)
     7    0.04                           net1 (net)
                  0.09    0.00    4.20 v _197_/A (sky130_fd_sc_hd__buf_4)
                  0.09    0.23    4.42 v _197_/X (sky130_fd_sc_hd__buf_4)
    10    0.06                           _103_ (net)
                  0.09    0.00    4.43 v _199_/A (sky130_fd_sc_hd__inv_2)
                  0.03    0.06    4.49 ^ _199_/Y (sky130_fd_sc_hd__inv_2)
     1    0.00                           _020_ (net)
                  0.03    0.00    4.49 ^ _242_/SET_B (sky130_fd_sc_hd__dfstp_1)
                                  4.49   data arrival time

                         20.00   20.00   clock clk (rise edge)
                          0.00   20.00   clock source latency
                  0.07    0.05   20.05 ^ clk (in)
     1    0.01                           clk (net)
                  0.07    0.00   20.05 ^ clkbuf_0_clk/A (sky130_fd_sc_hd__clkbuf_16)
                  0.06    0.15   20.19 ^ clkbuf_0_clk/X (sky130_fd_sc_hd__clkbuf_16)
     4    0.04                           clknet_0_clk (net)
                  0.06    0.00   20.19 ^ clkbuf_2_3__f_clk/A (sky130_fd_sc_hd__clkbuf_16)
                  0.05    0.13   20.33 ^ clkbuf_2_3__f_clk/X (sky130_fd_sc_hd__clkbuf_16)
     9    0.03                           clknet_2_3__leaf_clk (net)
                  0.05    0.00   20.33 ^ _242_/CLK (sky130_fd_sc_hd__dfstp_1)
                         -0.25   20.08   clock uncertainty
                          0.00   20.08   clock reconvergence pessimism
                          0.14   20.22   library recovery time
                                 20.22   data required time
-----------------------------------------------------------------------------
                                 20.22   data required time
                                 -4.49   data arrival time
-----------------------------------------------------------------------------
                                 15.73   slack (MET)


Startpoint: reset (input port clocked by clk)
Endpoint: _235_ (recovery check against rising-edge clock clk)
Path Group: asynchronous
Path Type: max

Fanout     Cap    Slew   Delay    Time   Description
-----------------------------------------------------------------------------
                          0.00    0.00   clock clk (rise edge)
                          0.00    0.00   clock network delay (propagated)
                          4.00    4.00 v input external delay
                  0.01    0.01    4.01 v reset (in)
     1    0.00                           reset (net)
                  0.01    0.00    4.01 v input1/A (sky130_fd_sc_hd__clkbuf_4)
                  0.09    0.19    4.19 v input1/X (sky130_fd_sc_hd__clkbuf_4)
     7    0.04                           net1 (net)
                  0.09    0.00    4.20 v _186_/A (sky130_fd_sc_hd__buf_4)
                  0.09    0.23    4.42 v _186_/X (sky130_fd_sc_hd__buf_4)
    10    0.06                           _102_ (net)
                  0.09    0.00    4.43 v _191_/A (sky130_fd_sc_hd__inv_2)
                  0.04    0.07    4.49 ^ _191_/Y (sky130_fd_sc_hd__inv_2)
     1    0.01                           _013_ (net)
                  0.04    0.00    4.49 ^ _235_/RESET_B (sky130_fd_sc_hd__dfrtp_4)
                                  4.49   data arrival time

                         20.00   20.00   clock clk (rise edge)
                          0.00   20.00   clock source latency
                  0.07    0.05   20.05 ^ clk (in)
     1    0.01                           clk (net)
                  0.07    0.00   20.05 ^ clkbuf_0_clk/A (sky130_fd_sc_hd__clkbuf_16)
                  0.06    0.15   20.19 ^ clkbuf_0_clk/X (sky130_fd_sc_hd__clkbuf_16)
     4    0.04                           clknet_0_clk (net)
                  0.06    0.00   20.19 ^ clkbuf_2_3__f_clk/A (sky130_fd_sc_hd__clkbuf_16)
                  0.05    0.13   20.33 ^ clkbuf_2_3__f_clk/X (sky130_fd_sc_hd__clkbuf_16)
     9    0.03                           clknet_2_3__leaf_clk (net)
                  0.05    0.00   20.33 ^ _235_/CLK (sky130_fd_sc_hd__dfrtp_4)
                         -0.25   20.08   clock uncertainty
                          0.00   20.08   clock reconvergence pessimism
                          0.22   20.30   library recovery time
                                 20.30   data required time
-----------------------------------------------------------------------------
                                 20.30   data required time
                                 -4.49   data arrival time
-----------------------------------------------------------------------------
                                 15.80   slack (MET)


Startpoint: reset (input port clocked by clk)
Endpoint: _234_ (recovery check against rising-edge clock clk)
Path Group: asynchronous
Path Type: max

Fanout     Cap    Slew   Delay    Time   Description
-----------------------------------------------------------------------------
                          0.00    0.00   clock clk (rise edge)
                          0.00    0.00   clock network delay (propagated)
                          4.00    4.00 v input external delay
                  0.01    0.01    4.01 v reset (in)
     1    0.00                           reset (net)
                  0.01    0.00    4.01 v input1/A (sky130_fd_sc_hd__clkbuf_4)
                  0.09    0.19    4.19 v input1/X (sky130_fd_sc_hd__clkbuf_4)
     7    0.04                           net1 (net)
                  0.09    0.00    4.20 v _186_/A (sky130_fd_sc_hd__buf_4)
                  0.09    0.23    4.42 v _186_/X (sky130_fd_sc_hd__buf_4)
    10    0.06                           _102_ (net)
                  0.09    0.00    4.43 v _190_/A (sky130_fd_sc_hd__inv_2)
                  0.04    0.07    4.49 ^ _190_/Y (sky130_fd_sc_hd__inv_2)
     1    0.00                           _012_ (net)
                  0.04    0.00    4.49 ^ _234_/RESET_B (sky130_fd_sc_hd__dfrtp_4)
                                  4.49   data arrival time

                         20.00   20.00   clock clk (rise edge)
                          0.00   20.00   clock source latency
                  0.07    0.05   20.05 ^ clk (in)
     1    0.01                           clk (net)
                  0.07    0.00   20.05 ^ clkbuf_0_clk/A (sky130_fd_sc_hd__clkbuf_16)
                  0.06    0.15   20.19 ^ clkbuf_0_clk/X (sky130_fd_sc_hd__clkbuf_16)
     4    0.04                           clknet_0_clk (net)
                  0.06    0.00   20.19 ^ clkbuf_2_3__f_clk/A (sky130_fd_sc_hd__clkbuf_16)
                  0.05    0.13   20.33 ^ clkbuf_2_3__f_clk/X (sky130_fd_sc_hd__clkbuf_16)
     9    0.03                           clknet_2_3__leaf_clk (net)
                  0.05    0.00   20.33 ^ _234_/CLK (sky130_fd_sc_hd__dfrtp_4)
                         -0.25   20.08   clock uncertainty
                          0.00   20.08   clock reconvergence pessimism
                          0.22   20.30   library recovery time
                                 20.30   data required time
-----------------------------------------------------------------------------
                                 20.30   data required time
                                 -4.49   data arrival time
-----------------------------------------------------------------------------
                                 15.81   slack (MET)


Startpoint: reset (input port clocked by clk)
Endpoint: _231_ (recovery check against rising-edge clock clk)
Path Group: asynchronous
Path Type: max

Fanout     Cap    Slew   Delay    Time   Description
-----------------------------------------------------------------------------
                          0.00    0.00   clock clk (rise edge)
                          0.00    0.00   clock network delay (propagated)
                          4.00    4.00 v input external delay
                  0.01    0.01    4.01 v reset (in)
     1    0.00                           reset (net)
                  0.01    0.00    4.01 v input1/A (sky130_fd_sc_hd__clkbuf_4)
                  0.09    0.19    4.19 v input1/X (sky130_fd_sc_hd__clkbuf_4)
     7    0.04                           net1 (net)
                  0.09    0.00    4.20 v _186_/A (sky130_fd_sc_hd__buf_4)
                  0.09    0.23    4.42 v _186_/X (sky130_fd_sc_hd__buf_4)
    10    0.06                           _102_ (net)
                  0.09    0.00    4.43 v _187_/A (sky130_fd_sc_hd__inv_2)
                  0.04    0.06    4.49 ^ _187_/Y (sky130_fd_sc_hd__inv_2)
     1    0.00                           _009_ (net)
                  0.04    0.00    4.49 ^ _231_/RESET_B (sky130_fd_sc_hd__dfrtp_2)
                                  4.49   data arrival time

                         20.00   20.00   clock clk (rise edge)
                          0.00   20.00   clock source latency
                  0.07    0.05   20.05 ^ clk (in)
     1    0.01                           clk (net)
                  0.07    0.00   20.05 ^ clkbuf_0_clk/A (sky130_fd_sc_hd__clkbuf_16)
                  0.06    0.15   20.19 ^ clkbuf_0_clk/X (sky130_fd_sc_hd__clkbuf_16)
     4    0.04                           clknet_0_clk (net)
                  0.06    0.00   20.19 ^ clkbuf_2_0__f_clk/A (sky130_fd_sc_hd__clkbuf_16)
                  0.05    0.13   20.33 ^ clkbuf_2_0__f_clk/X (sky130_fd_sc_hd__clkbuf_16)
     9    0.03                           clknet_2_0__leaf_clk (net)
                  0.05    0.00   20.33 ^ _231_/CLK (sky130_fd_sc_hd__dfrtp_2)
                         -0.25   20.08   clock uncertainty
                          0.00   20.08   clock reconvergence pessimism
                          0.22   20.30   library recovery time
                                 20.30   data required time
-----------------------------------------------------------------------------
                                 20.30   data required time
                                 -4.49   data arrival time
-----------------------------------------------------------------------------
                                 15.81   slack (MET)


Startpoint: reset (input port clocked by clk)
Endpoint: _233_ (recovery check against rising-edge clock clk)
Path Group: asynchronous
Path Type: max

Fanout     Cap    Slew   Delay    Time   Description
-----------------------------------------------------------------------------
                          0.00    0.00   clock clk (rise edge)
                          0.00    0.00   clock network delay (propagated)
                          4.00    4.00 v input external delay
                  0.01    0.01    4.01 v reset (in)
     1    0.00                           reset (net)
                  0.01    0.00    4.01 v input1/A (sky130_fd_sc_hd__clkbuf_4)
                  0.09    0.19    4.19 v input1/X (sky130_fd_sc_hd__clkbuf_4)
     7    0.04                           net1 (net)
                  0.09    0.00    4.20 v _186_/A (sky130_fd_sc_hd__buf_4)
                  0.09    0.23    4.42 v _186_/X (sky130_fd_sc_hd__buf_4)
    10    0.06                           _102_ (net)
                  0.09    0.00    4.43 v _189_/A (sky130_fd_sc_hd__inv_2)
                  0.04    0.07    4.49 ^ _189_/Y (sky130_fd_sc_hd__inv_2)
     1    0.00                           _011_ (net)
                  0.04    0.00    4.49 ^ _233_/RESET_B (sky130_fd_sc_hd__dfrtp_1)
                                  4.49   data arrival time

                         20.00   20.00   clock clk (rise edge)
                          0.00   20.00   clock source latency
                  0.07    0.05   20.05 ^ clk (in)
     1    0.01                           clk (net)
                  0.07    0.00   20.05 ^ clkbuf_0_clk/A (sky130_fd_sc_hd__clkbuf_16)
                  0.06    0.15   20.19 ^ clkbuf_0_clk/X (sky130_fd_sc_hd__clkbuf_16)
     4    0.04                           clknet_0_clk (net)
                  0.06    0.00   20.19 ^ clkbuf_2_2__f_clk/A (sky130_fd_sc_hd__clkbuf_16)
                  0.04    0.13   20.32 ^ clkbuf_2_2__f_clk/X (sky130_fd_sc_hd__clkbuf_16)
     6    0.02                           clknet_2_2__leaf_clk (net)
                  0.04    0.00   20.32 ^ _233_/CLK (sky130_fd_sc_hd__dfrtp_1)
                         -0.25   20.07   clock uncertainty
                          0.00   20.07   clock reconvergence pessimism
                          0.23   20.30   library recovery time
                                 20.30   data required time
-----------------------------------------------------------------------------
                                 20.30   data required time
                                 -4.49   data arrival time
-----------------------------------------------------------------------------
                                 15.81   slack (MET)


Startpoint: reset (input port clocked by clk)
Endpoint: _240_ (recovery check against rising-edge clock clk)
Path Group: asynchronous
Path Type: max

Fanout     Cap    Slew   Delay    Time   Description
-----------------------------------------------------------------------------
                          0.00    0.00   clock clk (rise edge)
                          0.00    0.00   clock network delay (propagated)
                          4.00    4.00 v input external delay
                  0.01    0.01    4.01 v reset (in)
     1    0.00                           reset (net)
                  0.01    0.00    4.01 v input1/A (sky130_fd_sc_hd__clkbuf_4)
                  0.09    0.19    4.19 v input1/X (sky130_fd_sc_hd__clkbuf_4)
     7    0.04                           net1 (net)
                  0.09    0.00    4.20 v _186_/A (sky130_fd_sc_hd__buf_4)
                  0.09    0.23    4.42 v _186_/X (sky130_fd_sc_hd__buf_4)
    10    0.06                           _102_ (net)
                  0.09    0.00    4.43 v _196_/A (sky130_fd_sc_hd__inv_2)
                  0.03    0.06    4.49 ^ _196_/Y (sky130_fd_sc_hd__inv_2)
     1    0.00                           _018_ (net)
                  0.03    0.00    4.49 ^ _240_/RESET_B (sky130_fd_sc_hd__dfrtp_4)
                                  4.49   data arrival time

                         20.00   20.00   clock clk (rise edge)
                          0.00   20.00   clock source latency
                  0.07    0.05   20.05 ^ clk (in)
     1    0.01                           clk (net)
                  0.07    0.00   20.05 ^ clkbuf_0_clk/A (sky130_fd_sc_hd__clkbuf_16)
                  0.06    0.15   20.19 ^ clkbuf_0_clk/X (sky130_fd_sc_hd__clkbuf_16)
     4    0.04                           clknet_0_clk (net)
                  0.06    0.00   20.19 ^ clkbuf_2_0__f_clk/A (sky130_fd_sc_hd__clkbuf_16)
                  0.05    0.13   20.33 ^ clkbuf_2_0__f_clk/X (sky130_fd_sc_hd__clkbuf_16)
     9    0.03                           clknet_2_0__leaf_clk (net)
                  0.05    0.00   20.33 ^ _240_/CLK (sky130_fd_sc_hd__dfrtp_4)
                         -0.25   20.08   clock uncertainty
                          0.00   20.08   clock reconvergence pessimism
                          0.22   20.30   library recovery time
                                 20.30   data required time
-----------------------------------------------------------------------------
                                 20.30   data required time
                                 -4.49   data arrival time
-----------------------------------------------------------------------------
                                 15.81   slack (MET)


Startpoint: reset (input port clocked by clk)
Endpoint: _243_ (recovery check against rising-edge clock clk)
Path Group: asynchronous
Path Type: max

Fanout     Cap    Slew   Delay    Time   Description
-----------------------------------------------------------------------------
                          0.00    0.00   clock clk (rise edge)
                          0.00    0.00   clock network delay (propagated)
                          4.00    4.00 v input external delay
                  0.01    0.01    4.01 v reset (in)
     1    0.00                           reset (net)
                  0.01    0.00    4.01 v input1/A (sky130_fd_sc_hd__clkbuf_4)
                  0.09    0.19    4.19 v input1/X (sky130_fd_sc_hd__clkbuf_4)
     7    0.04                           net1 (net)
                  0.09    0.00    4.20 v _197_/A (sky130_fd_sc_hd__buf_4)
                  0.09    0.23    4.42 v _197_/X (sky130_fd_sc_hd__buf_4)
    10    0.06                           _103_ (net)
                  0.09    0.00    4.43 v _200_/A (sky130_fd_sc_hd__inv_2)
                  0.03    0.06    4.49 ^ _200_/Y (sky130_fd_sc_hd__inv_2)
     1    0.00                           _021_ (net)
                  0.03    0.00    4.49 ^ _243_/RESET_B (sky130_fd_sc_hd__dfrtp_4)
                                  4.49   data arrival time

                         20.00   20.00   clock clk (rise edge)
                          0.00   20.00   clock source latency
                  0.07    0.05   20.05 ^ clk (in)
     1    0.01                           clk (net)
                  0.07    0.00   20.05 ^ clkbuf_0_clk/A (sky130_fd_sc_hd__clkbuf_16)
                  0.06    0.15   20.19 ^ clkbuf_0_clk/X (sky130_fd_sc_hd__clkbuf_16)
     4    0.04                           clknet_0_clk (net)
                  0.06    0.00   20.19 ^ clkbuf_2_3__f_clk/A (sky130_fd_sc_hd__clkbuf_16)
                  0.05    0.13   20.33 ^ clkbuf_2_3__f_clk/X (sky130_fd_sc_hd__clkbuf_16)
     9    0.03                           clknet_2_3__leaf_clk (net)
                  0.05    0.00   20.33 ^ _243_/CLK (sky130_fd_sc_hd__dfrtp_4)
                         -0.25   20.08   clock uncertainty
                          0.00   20.08   clock reconvergence pessimism
                          0.22   20.30   library recovery time
                                 20.30   data required time
-----------------------------------------------------------------------------
                                 20.30   data required time
                                 -4.49   data arrival time
-----------------------------------------------------------------------------
                                 15.81   slack (MET)


Startpoint: reset (input port clocked by clk)
Endpoint: _241_ (recovery check against rising-edge clock clk)
Path Group: asynchronous
Path Type: max

Fanout     Cap    Slew   Delay    Time   Description
-----------------------------------------------------------------------------
                          0.00    0.00   clock clk (rise edge)
                          0.00    0.00   clock network delay (propagated)
                          4.00    4.00 v input external delay
                  0.01    0.01    4.01 v reset (in)
     1    0.00                           reset (net)
                  0.01    0.00    4.01 v input1/A (sky130_fd_sc_hd__clkbuf_4)
                  0.09    0.19    4.19 v input1/X (sky130_fd_sc_hd__clkbuf_4)
     7    0.04                           net1 (net)
                  0.09    0.00    4.20 v _197_/A (sky130_fd_sc_hd__buf_4)
                  0.09    0.23    4.42 v _197_/X (sky130_fd_sc_hd__buf_4)
    10    0.06                           _103_ (net)
                  0.09    0.00    4.43 v _198_/A (sky130_fd_sc_hd__inv_2)
                  0.04    0.06    4.49 ^ _198_/Y (sky130_fd_sc_hd__inv_2)
     1    0.00                           _019_ (net)
                  0.04    0.00    4.49 ^ _241_/RESET_B (sky130_fd_sc_hd__dfrtp_4)
                                  4.49   data arrival time

                         20.00   20.00   clock clk (rise edge)
                          0.00   20.00   clock source latency
                  0.07    0.05   20.05 ^ clk (in)
     1    0.01                           clk (net)
                  0.07    0.00   20.05 ^ clkbuf_0_clk/A (sky130_fd_sc_hd__clkbuf_16)
                  0.06    0.15   20.19 ^ clkbuf_0_clk/X (sky130_fd_sc_hd__clkbuf_16)
     4    0.04                           clknet_0_clk (net)
                  0.06    0.00   20.19 ^ clkbuf_2_0__f_clk/A (sky130_fd_sc_hd__clkbuf_16)
                  0.05    0.13   20.33 ^ clkbuf_2_0__f_clk/X (sky130_fd_sc_hd__clkbuf_16)
     9    0.03                           clknet_2_0__leaf_clk (net)
                  0.05    0.00   20.33 ^ _241_/CLK (sky130_fd_sc_hd__dfrtp_4)
                         -0.25   20.08   clock uncertainty
                          0.00   20.08   clock reconvergence pessimism
                          0.22   20.30   library recovery time
                                 20.30   data required time
-----------------------------------------------------------------------------
                                 20.30   data required time
                                 -4.49   data arrival time
-----------------------------------------------------------------------------
                                 15.81   slack (MET)


Startpoint: reset (input port clocked by clk)
Endpoint: _247_ (recovery check against rising-edge clock clk)
Path Group: asynchronous
Path Type: max

Fanout     Cap    Slew   Delay    Time   Description
-----------------------------------------------------------------------------
                          0.00    0.00   clock clk (rise edge)
                          0.00    0.00   clock network delay (propagated)
                          4.00    4.00 v input external delay
                  0.01    0.01    4.01 v reset (in)
     1    0.00                           reset (net)
                  0.01    0.00    4.01 v input1/A (sky130_fd_sc_hd__clkbuf_4)
                  0.09    0.19    4.19 v input1/X (sky130_fd_sc_hd__clkbuf_4)
     7    0.04                           net1 (net)
                  0.09    0.00    4.20 v _197_/A (sky130_fd_sc_hd__buf_4)
                  0.09    0.23    4.42 v _197_/X (sky130_fd_sc_hd__buf_4)
    10    0.06                           _103_ (net)
                  0.09    0.00    4.43 v _204_/A (sky130_fd_sc_hd__inv_2)
                  0.04    0.06    4.49 ^ _204_/Y (sky130_fd_sc_hd__inv_2)
     1    0.00                           _025_ (net)
                  0.04    0.00    4.49 ^ _247_/RESET_B (sky130_fd_sc_hd__dfrtp_1)
                                  4.49   data arrival time

                         20.00   20.00   clock clk (rise edge)
                          0.00   20.00   clock source latency
                  0.07    0.05   20.05 ^ clk (in)
     1    0.01                           clk (net)
                  0.07    0.00   20.05 ^ clkbuf_0_clk/A (sky130_fd_sc_hd__clkbuf_16)
                  0.06    0.15   20.19 ^ clkbuf_0_clk/X (sky130_fd_sc_hd__clkbuf_16)
     4    0.04                           clknet_0_clk (net)
                  0.06    0.00   20.19 ^ clkbuf_2_2__f_clk/A (sky130_fd_sc_hd__clkbuf_16)
                  0.04    0.13   20.32 ^ clkbuf_2_2__f_clk/X (sky130_fd_sc_hd__clkbuf_16)
     6    0.02                           clknet_2_2__leaf_clk (net)
                  0.04    0.00   20.32 ^ _247_/CLK (sky130_fd_sc_hd__dfrtp_1)
                         -0.25   20.07   clock uncertainty
                          0.00   20.07   clock reconvergence pessimism
                          0.23   20.30   library recovery time
                                 20.30   data required time
-----------------------------------------------------------------------------
                                 20.30   data required time
                                 -4.49   data arrival time
-----------------------------------------------------------------------------
                                 15.81   slack (MET)


Startpoint: reset (input port clocked by clk)
Endpoint: _232_ (recovery check against rising-edge clock clk)
Path Group: asynchronous
Path Type: max

Fanout     Cap    Slew   Delay    Time   Description
-----------------------------------------------------------------------------
                          0.00    0.00   clock clk (rise edge)
                          0.00    0.00   clock network delay (propagated)
                          4.00    4.00 v input external delay
                  0.01    0.01    4.01 v reset (in)
     1    0.00                           reset (net)
                  0.01    0.00    4.01 v input1/A (sky130_fd_sc_hd__clkbuf_4)
                  0.09    0.19    4.19 v input1/X (sky130_fd_sc_hd__clkbuf_4)
     7    0.04                           net1 (net)
                  0.09    0.00    4.20 v _186_/A (sky130_fd_sc_hd__buf_4)
                  0.09    0.23    4.42 v _186_/X (sky130_fd_sc_hd__buf_4)
    10    0.06                           _102_ (net)
                  0.09    0.00    4.43 v _188_/A (sky130_fd_sc_hd__inv_2)
                  0.03    0.06    4.49 ^ _188_/Y (sky130_fd_sc_hd__inv_2)
     1    0.00                           _010_ (net)
                  0.03    0.00    4.49 ^ _232_/RESET_B (sky130_fd_sc_hd__dfrtp_1)
                                  4.49   data arrival time

                         20.00   20.00   clock clk (rise edge)
                          0.00   20.00   clock source latency
                  0.07    0.05   20.05 ^ clk (in)
     1    0.01                           clk (net)
                  0.07    0.00   20.05 ^ clkbuf_0_clk/A (sky130_fd_sc_hd__clkbuf_16)
                  0.06    0.15   20.19 ^ clkbuf_0_clk/X (sky130_fd_sc_hd__clkbuf_16)
     4    0.04                           clknet_0_clk (net)
                  0.06    0.00   20.19 ^ clkbuf_2_2__f_clk/A (sky130_fd_sc_hd__clkbuf_16)
                  0.04    0.13   20.32 ^ clkbuf_2_2__f_clk/X (sky130_fd_sc_hd__clkbuf_16)
     6    0.02                           clknet_2_2__leaf_clk (net)
                  0.04    0.00   20.32 ^ _232_/CLK (sky130_fd_sc_hd__dfrtp_1)
                         -0.25   20.07   clock uncertainty
                          0.00   20.07   clock reconvergence pessimism
                          0.23   20.30   library recovery time
                                 20.30   data required time
-----------------------------------------------------------------------------
                                 20.30   data required time
                                 -4.49   data arrival time
-----------------------------------------------------------------------------
                                 15.81   slack (MET)


Startpoint: reset (input port clocked by clk)
Endpoint: _238_ (recovery check against rising-edge clock clk)
Path Group: asynchronous
Path Type: max

Fanout     Cap    Slew   Delay    Time   Description
-----------------------------------------------------------------------------
                          0.00    0.00   clock clk (rise edge)
                          0.00    0.00   clock network delay (propagated)
                          4.00    4.00 v input external delay
                  0.01    0.01    4.01 v reset (in)
     1    0.00                           reset (net)
                  0.01    0.00    4.01 v input1/A (sky130_fd_sc_hd__clkbuf_4)
                  0.09    0.19    4.19 v input1/X (sky130_fd_sc_hd__clkbuf_4)
     7    0.04                           net1 (net)
                  0.09    0.00    4.20 v _186_/A (sky130_fd_sc_hd__buf_4)
                  0.09    0.23    4.42 v _186_/X (sky130_fd_sc_hd__buf_4)
    10    0.06                           _102_ (net)
                  0.09    0.00    4.43 v _194_/A (sky130_fd_sc_hd__inv_2)
                  0.03    0.06    4.49 ^ _194_/Y (sky130_fd_sc_hd__inv_2)
     1    0.00                           _016_ (net)
                  0.03    0.00    4.49 ^ _238_/RESET_B (sky130_fd_sc_hd__dfrtp_1)
                                  4.49   data arrival time

                         20.00   20.00   clock clk (rise edge)
                          0.00   20.00   clock source latency
                  0.07    0.05   20.05 ^ clk (in)
     1    0.01                           clk (net)
                  0.07    0.00   20.05 ^ clkbuf_0_clk/A (sky130_fd_sc_hd__clkbuf_16)
                  0.06    0.15   20.19 ^ clkbuf_0_clk/X (sky130_fd_sc_hd__clkbuf_16)
     4    0.04                           clknet_0_clk (net)
                  0.06    0.00   20.19 ^ clkbuf_2_2__f_clk/A (sky130_fd_sc_hd__clkbuf_16)
                  0.04    0.13   20.32 ^ clkbuf_2_2__f_clk/X (sky130_fd_sc_hd__clkbuf_16)
     6    0.02                           clknet_2_2__leaf_clk (net)
                  0.04    0.00   20.32 ^ _238_/CLK (sky130_fd_sc_hd__dfrtp_1)
                         -0.25   20.07   clock uncertainty
                          0.00   20.07   clock reconvergence pessimism
                          0.23   20.30   library recovery time
                                 20.30   data required time
-----------------------------------------------------------------------------
                                 20.30   data required time
                                 -4.49   data arrival time
-----------------------------------------------------------------------------
                                 15.81   slack (MET)


Startpoint: reset (input port clocked by clk)
Endpoint: _246_ (recovery check against rising-edge clock clk)
Path Group: asynchronous
Path Type: max

Fanout     Cap    Slew   Delay    Time   Description
-----------------------------------------------------------------------------
                          0.00    0.00   clock clk (rise edge)
                          0.00    0.00   clock network delay (propagated)
                          4.00    4.00 v input external delay
                  0.01    0.01    4.01 v reset (in)
     1    0.00                           reset (net)
                  0.01    0.00    4.01 v input1/A (sky130_fd_sc_hd__clkbuf_4)
                  0.09    0.19    4.19 v input1/X (sky130_fd_sc_hd__clkbuf_4)
     7    0.04                           net1 (net)
                  0.09    0.00    4.20 v _197_/A (sky130_fd_sc_hd__buf_4)
                  0.09    0.23    4.42 v _197_/X (sky130_fd_sc_hd__buf_4)
    10    0.06                           _103_ (net)
                  0.09    0.00    4.43 v _203_/A (sky130_fd_sc_hd__inv_2)
                  0.04    0.07    4.49 ^ _203_/Y (sky130_fd_sc_hd__inv_2)
     1    0.00                           _024_ (net)
                  0.04    0.00    4.49 ^ _246_/RESET_B (sky130_fd_sc_hd__dfrtp_1)
                                  4.49   data arrival time

                         20.00   20.00   clock clk (rise edge)
                          0.00   20.00   clock source latency
                  0.07    0.05   20.05 ^ clk (in)
     1    0.01                           clk (net)
                  0.07    0.00   20.05 ^ clkbuf_0_clk/A (sky130_fd_sc_hd__clkbuf_16)
                  0.06    0.15   20.19 ^ clkbuf_0_clk/X (sky130_fd_sc_hd__clkbuf_16)
     4    0.04                           clknet_0_clk (net)
                  0.06    0.00   20.19 ^ clkbuf_2_0__f_clk/A (sky130_fd_sc_hd__clkbuf_16)
                  0.05    0.13   20.33 ^ clkbuf_2_0__f_clk/X (sky130_fd_sc_hd__clkbuf_16)
     9    0.03                           clknet_2_0__leaf_clk (net)
                  0.05    0.00   20.33 ^ _246_/CLK (sky130_fd_sc_hd__dfrtp_1)
                         -0.25   20.08   clock uncertainty
                          0.00   20.08   clock reconvergence pessimism
                          0.23   20.31   library recovery time
                                 20.31   data required time
-----------------------------------------------------------------------------
                                 20.31   data required time
                                 -4.49   data arrival time
-----------------------------------------------------------------------------
                                 15.82   slack (MET)


Startpoint: reset (input port clocked by clk)
Endpoint: _244_ (recovery check against rising-edge clock clk)
Path Group: asynchronous
Path Type: max

Fanout     Cap    Slew   Delay    Time   Description
-----------------------------------------------------------------------------
                          0.00    0.00   clock clk (rise edge)
                          0.00    0.00   clock network delay (propagated)
                          4.00    4.00 v input external delay
                  0.01    0.01    4.01 v reset (in)
     1    0.00                           reset (net)
                  0.01    0.00    4.01 v input1/A (sky130_fd_sc_hd__clkbuf_4)
                  0.09    0.19    4.19 v input1/X (sky130_fd_sc_hd__clkbuf_4)
     7    0.04                           net1 (net)
                  0.09    0.00    4.20 v _197_/A (sky130_fd_sc_hd__buf_4)
                  0.09    0.23    4.42 v _197_/X (sky130_fd_sc_hd__buf_4)
    10    0.06                           _103_ (net)
                  0.09    0.00    4.43 v _201_/A (sky130_fd_sc_hd__inv_2)
                  0.04    0.06    4.49 ^ _201_/Y (sky130_fd_sc_hd__inv_2)
     1    0.00                           _022_ (net)
                  0.04    0.00    4.49 ^ _244_/RESET_B (sky130_fd_sc_hd__dfrtp_1)
                                  4.49   data arrival time

                         20.00   20.00   clock clk (rise edge)
                          0.00   20.00   clock source latency
                  0.07    0.05   20.05 ^ clk (in)
     1    0.01                           clk (net)
                  0.07    0.00   20.05 ^ clkbuf_0_clk/A (sky130_fd_sc_hd__clkbuf_16)
                  0.06    0.15   20.19 ^ clkbuf_0_clk/X (sky130_fd_sc_hd__clkbuf_16)
     4    0.04                           clknet_0_clk (net)
                  0.06    0.00   20.19 ^ clkbuf_2_3__f_clk/A (sky130_fd_sc_hd__clkbuf_16)
                  0.05    0.13   20.33 ^ clkbuf_2_3__f_clk/X (sky130_fd_sc_hd__clkbuf_16)
     9    0.03                           clknet_2_3__leaf_clk (net)
                  0.05    0.00   20.33 ^ _244_/CLK (sky130_fd_sc_hd__dfrtp_1)
                         -0.25   20.08   clock uncertainty
                          0.00   20.08   clock reconvergence pessimism
                          0.23   20.31   library recovery time
                                 20.31   data required time
-----------------------------------------------------------------------------
                                 20.31   data required time
                                 -4.49   data arrival time
-----------------------------------------------------------------------------
                                 15.82   slack (MET)


Startpoint: reset (input port clocked by clk)
Endpoint: _239_ (recovery check against rising-edge clock clk)
Path Group: asynchronous
Path Type: max

Fanout     Cap    Slew   Delay    Time   Description
-----------------------------------------------------------------------------
                          0.00    0.00   clock clk (rise edge)
                          0.00    0.00   clock network delay (propagated)
                          4.00    4.00 v input external delay
                  0.01    0.01    4.01 v reset (in)
     1    0.00                           reset (net)
                  0.01    0.00    4.01 v input1/A (sky130_fd_sc_hd__clkbuf_4)
                  0.09    0.19    4.19 v input1/X (sky130_fd_sc_hd__clkbuf_4)
     7    0.04                           net1 (net)
                  0.09    0.00    4.20 v _186_/A (sky130_fd_sc_hd__buf_4)
                  0.09    0.23    4.42 v _186_/X (sky130_fd_sc_hd__buf_4)
    10    0.06                           _102_ (net)
                  0.09    0.00    4.43 v _195_/A (sky130_fd_sc_hd__inv_2)
                  0.04    0.06    4.49 ^ _195_/Y (sky130_fd_sc_hd__inv_2)
     1    0.00                           _017_ (net)
                  0.04    0.00    4.49 ^ _239_/RESET_B (sky130_fd_sc_hd__dfrtp_1)
                                  4.49   data arrival time

                         20.00   20.00   clock clk (rise edge)
                          0.00   20.00   clock source latency
                  0.07    0.05   20.05 ^ clk (in)
     1    0.01                           clk (net)
                  0.07    0.00   20.05 ^ clkbuf_0_clk/A (sky130_fd_sc_hd__clkbuf_16)
                  0.06    0.15   20.19 ^ clkbuf_0_clk/X (sky130_fd_sc_hd__clkbuf_16)
     4    0.04                           clknet_0_clk (net)
                  0.06    0.00   20.19 ^ clkbuf_2_0__f_clk/A (sky130_fd_sc_hd__clkbuf_16)
                  0.05    0.13   20.33 ^ clkbuf_2_0__f_clk/X (sky130_fd_sc_hd__clkbuf_16)
     9    0.03                           clknet_2_0__leaf_clk (net)
                  0.05    0.00   20.33 ^ _239_/CLK (sky130_fd_sc_hd__dfrtp_1)
                         -0.25   20.08   clock uncertainty
                          0.00   20.08   clock reconvergence pessimism
                          0.23   20.31   library recovery time
                                 20.31   data required time
-----------------------------------------------------------------------------
                                 20.31   data required time
                                 -4.49   data arrival time
-----------------------------------------------------------------------------
                                 15.82   slack (MET)


Startpoint: reset (input port clocked by clk)
Endpoint: _236_ (recovery check against rising-edge clock clk)
Path Group: asynchronous
Path Type: max

Fanout     Cap    Slew   Delay    Time   Description
-----------------------------------------------------------------------------
                          0.00    0.00   clock clk (rise edge)
                          0.00    0.00   clock network delay (propagated)
                          4.00    4.00 v input external delay
                  0.01    0.01    4.01 v reset (in)
     1    0.00                           reset (net)
                  0.01    0.00    4.01 v input1/A (sky130_fd_sc_hd__clkbuf_4)
                  0.09    0.19    4.19 v input1/X (sky130_fd_sc_hd__clkbuf_4)
     7    0.04                           net1 (net)
                  0.09    0.00    4.20 v _186_/A (sky130_fd_sc_hd__buf_4)
                  0.09    0.23    4.42 v _186_/X (sky130_fd_sc_hd__buf_4)
    10    0.06                           _102_ (net)
                  0.09    0.00    4.42 v _192_/A (sky130_fd_sc_hd__inv_2)
                  0.04    0.06    4.49 ^ _192_/Y (sky130_fd_sc_hd__inv_2)
     1    0.00                           _014_ (net)
                  0.04    0.00    4.49 ^ _236_/RESET_B (sky130_fd_sc_hd__dfrtp_1)
                                  4.49   data arrival time

                         20.00   20.00   clock clk (rise edge)
                          0.00   20.00   clock source latency
                  0.07    0.05   20.05 ^ clk (in)
     1    0.01                           clk (net)
                  0.07    0.00   20.05 ^ clkbuf_0_clk/A (sky130_fd_sc_hd__clkbuf_16)
                  0.06    0.15   20.19 ^ clkbuf_0_clk/X (sky130_fd_sc_hd__clkbuf_16)
     4    0.04                           clknet_0_clk (net)
                  0.06    0.00   20.19 ^ clkbuf_2_3__f_clk/A (sky130_fd_sc_hd__clkbuf_16)
                  0.05    0.13   20.33 ^ clkbuf_2_3__f_clk/X (sky130_fd_sc_hd__clkbuf_16)
     9    0.03                           clknet_2_3__leaf_clk (net)
                  0.05    0.00   20.33 ^ _236_/CLK (sky130_fd_sc_hd__dfrtp_1)
                         -0.25   20.08   clock uncertainty
                          0.00   20.08   clock reconvergence pessimism
                          0.23   20.31   library recovery time
                                 20.31   data required time
-----------------------------------------------------------------------------
                                 20.31   data required time
                                 -4.49   data arrival time
-----------------------------------------------------------------------------
                                 15.82   slack (MET)


Startpoint: reset (input port clocked by clk)
Endpoint: _248_ (recovery check against rising-edge clock clk)
Path Group: asynchronous
Path Type: max

Fanout     Cap    Slew   Delay    Time   Description
-----------------------------------------------------------------------------
                          0.00    0.00   clock clk (rise edge)
                          0.00    0.00   clock network delay (propagated)
                          4.00    4.00 v input external delay
                  0.01    0.01    4.01 v reset (in)
     1    0.00                           reset (net)
                  0.01    0.00    4.01 v input1/A (sky130_fd_sc_hd__clkbuf_4)
                  0.09    0.19    4.19 v input1/X (sky130_fd_sc_hd__clkbuf_4)
     7    0.04                           net1 (net)
                  0.09    0.00    4.20 v _197_/A (sky130_fd_sc_hd__buf_4)
                  0.09    0.23    4.42 v _197_/X (sky130_fd_sc_hd__buf_4)
    10    0.06                           _103_ (net)
                  0.09    0.00    4.42 v _205_/A (sky130_fd_sc_hd__inv_2)
                  0.03    0.06    4.49 ^ _205_/Y (sky130_fd_sc_hd__inv_2)
     1    0.00                           _026_ (net)
                  0.03    0.00    4.49 ^ _248_/RESET_B (sky130_fd_sc_hd__dfrtp_1)
                                  4.49   data arrival time

                         20.00   20.00   clock clk (rise edge)
                          0.00   20.00   clock source latency
                  0.07    0.05   20.05 ^ clk (in)
     1    0.01                           clk (net)
                  0.07    0.00   20.05 ^ clkbuf_0_clk/A (sky130_fd_sc_hd__clkbuf_16)
                  0.06    0.15   20.19 ^ clkbuf_0_clk/X (sky130_fd_sc_hd__clkbuf_16)
     4    0.04                           clknet_0_clk (net)
                  0.06    0.00   20.19 ^ clkbuf_2_1__f_clk/A (sky130_fd_sc_hd__clkbuf_16)
                  0.05    0.13   20.32 ^ clkbuf_2_1__f_clk/X (sky130_fd_sc_hd__clkbuf_16)
     9    0.03                           clknet_2_1__leaf_clk (net)
                  0.05    0.00   20.32 ^ _248_/CLK (sky130_fd_sc_hd__dfrtp_1)
                         -0.25   20.07   clock uncertainty
                          0.00   20.07   clock reconvergence pessimism
                          0.23   20.31   library recovery time
                                 20.31   data required time
-----------------------------------------------------------------------------
                                 20.31   data required time
                                 -4.49   data arrival time
-----------------------------------------------------------------------------
                                 15.82   slack (MET)


Startpoint: reset (input port clocked by clk)
Endpoint: _245_ (recovery check against rising-edge clock clk)
Path Group: asynchronous
Path Type: max

Fanout     Cap    Slew   Delay    Time   Description
-----------------------------------------------------------------------------
                          0.00    0.00   clock clk (rise edge)
                          0.00    0.00   clock network delay (propagated)
                          4.00    4.00 v input external delay
                  0.01    0.01    4.01 v reset (in)
     1    0.00                           reset (net)
                  0.01    0.00    4.01 v input1/A (sky130_fd_sc_hd__clkbuf_4)
                  0.09    0.19    4.19 v input1/X (sky130_fd_sc_hd__clkbuf_4)
     7    0.04                           net1 (net)
                  0.09    0.00    4.20 v _197_/A (sky130_fd_sc_hd__buf_4)
                  0.09    0.23    4.42 v _197_/X (sky130_fd_sc_hd__buf_4)
    10    0.06                           _103_ (net)
                  0.09    0.00    4.43 v _202_/A (sky130_fd_sc_hd__inv_2)
                  0.03    0.06    4.49 ^ _202_/Y (sky130_fd_sc_hd__inv_2)
     1    0.00                           _023_ (net)
                  0.03    0.00    4.49 ^ _245_/RESET_B (sky130_fd_sc_hd__dfrtp_1)
                                  4.49   data arrival time

                         20.00   20.00   clock clk (rise edge)
                          0.00   20.00   clock source latency
                  0.07    0.05   20.05 ^ clk (in)
     1    0.01                           clk (net)
                  0.07    0.00   20.05 ^ clkbuf_0_clk/A (sky130_fd_sc_hd__clkbuf_16)
                  0.06    0.15   20.19 ^ clkbuf_0_clk/X (sky130_fd_sc_hd__clkbuf_16)
     4    0.04                           clknet_0_clk (net)
                  0.06    0.00   20.19 ^ clkbuf_2_3__f_clk/A (sky130_fd_sc_hd__clkbuf_16)
                  0.05    0.13   20.33 ^ clkbuf_2_3__f_clk/X (sky130_fd_sc_hd__clkbuf_16)
     9    0.03                           clknet_2_3__leaf_clk (net)
                  0.05    0.00   20.33 ^ _245_/CLK (sky130_fd_sc_hd__dfrtp_1)
                         -0.25   20.08   clock uncertainty
                          0.00   20.08   clock reconvergence pessimism
                          0.23   20.31   library recovery time
                                 20.31   data required time
-----------------------------------------------------------------------------
                                 20.31   data required time
                                 -4.49   data arrival time
-----------------------------------------------------------------------------
                                 15.82   slack (MET)


Startpoint: reset (input port clocked by clk)
Endpoint: _249_ (recovery check against rising-edge clock clk)
Path Group: asynchronous
Path Type: max

Fanout     Cap    Slew   Delay    Time   Description
-----------------------------------------------------------------------------
                          0.00    0.00   clock clk (rise edge)
                          0.00    0.00   clock network delay (propagated)
                          4.00    4.00 v input external delay
                  0.01    0.01    4.01 v reset (in)
     1    0.00                           reset (net)
                  0.01    0.00    4.01 v input1/A (sky130_fd_sc_hd__clkbuf_4)
                  0.09    0.19    4.19 v input1/X (sky130_fd_sc_hd__clkbuf_4)
     7    0.04                           net1 (net)
                  0.09    0.00    4.20 v _197_/A (sky130_fd_sc_hd__buf_4)
                  0.09    0.23    4.42 v _197_/X (sky130_fd_sc_hd__buf_4)
    10    0.06                           _103_ (net)
                  0.09    0.00    4.43 v _206_/A (sky130_fd_sc_hd__inv_2)
                  0.03    0.06    4.49 ^ _206_/Y (sky130_fd_sc_hd__inv_2)
     1    0.00                           _027_ (net)
                  0.03    0.00    4.49 ^ _249_/RESET_B (sky130_fd_sc_hd__dfrtp_1)
                                  4.49   data arrival time

                         20.00   20.00   clock clk (rise edge)
                          0.00   20.00   clock source latency
                  0.07    0.05   20.05 ^ clk (in)
     1    0.01                           clk (net)
                  0.07    0.00   20.05 ^ clkbuf_0_clk/A (sky130_fd_sc_hd__clkbuf_16)
                  0.06    0.15   20.19 ^ clkbuf_0_clk/X (sky130_fd_sc_hd__clkbuf_16)
     4    0.04                           clknet_0_clk (net)
                  0.06    0.00   20.19 ^ clkbuf_2_0__f_clk/A (sky130_fd_sc_hd__clkbuf_16)
                  0.05    0.13   20.33 ^ clkbuf_2_0__f_clk/X (sky130_fd_sc_hd__clkbuf_16)
     9    0.03                           clknet_2_0__leaf_clk (net)
                  0.05    0.00   20.33 ^ _249_/CLK (sky130_fd_sc_hd__dfrtp_1)
                         -0.25   20.08   clock uncertainty
                          0.00   20.08   clock reconvergence pessimism
                          0.23   20.31   library recovery time
                                 20.31   data required time
-----------------------------------------------------------------------------
                                 20.31   data required time
                                 -4.49   data arrival time
-----------------------------------------------------------------------------
                                 15.82   slack (MET)


Startpoint: reset (input port clocked by clk)
Endpoint: _250_ (recovery check against rising-edge clock clk)
Path Group: asynchronous
Path Type: max

Fanout     Cap    Slew   Delay    Time   Description
-----------------------------------------------------------------------------
                          0.00    0.00   clock clk (rise edge)
                          0.00    0.00   clock network delay (propagated)
                          4.00    4.00 v input external delay
                  0.01    0.01    4.01 v reset (in)
     1    0.00                           reset (net)
                  0.01    0.00    4.01 v input1/A (sky130_fd_sc_hd__clkbuf_4)
                  0.09    0.19    4.19 v input1/X (sky130_fd_sc_hd__clkbuf_4)
     7    0.04                           net1 (net)
                  0.09    0.00    4.20 v _197_/A (sky130_fd_sc_hd__buf_4)
                  0.09    0.23    4.42 v _197_/X (sky130_fd_sc_hd__buf_4)
    10    0.06                           _103_ (net)
                  0.09    0.00    4.43 v _207_/A (sky130_fd_sc_hd__inv_2)
                  0.03    0.06    4.49 ^ _207_/Y (sky130_fd_sc_hd__inv_2)
     1    0.00                           _028_ (net)
                  0.03    0.00    4.49 ^ _250_/RESET_B (sky130_fd_sc_hd__dfrtp_1)
                                  4.49   data arrival time

                         20.00   20.00   clock clk (rise edge)
                          0.00   20.00   clock source latency
                  0.07    0.05   20.05 ^ clk (in)
     1    0.01                           clk (net)
                  0.07    0.00   20.05 ^ clkbuf_0_clk/A (sky130_fd_sc_hd__clkbuf_16)
                  0.06    0.15   20.19 ^ clkbuf_0_clk/X (sky130_fd_sc_hd__clkbuf_16)
     4    0.04                           clknet_0_clk (net)
                  0.06    0.00   20.19 ^ clkbuf_2_0__f_clk/A (sky130_fd_sc_hd__clkbuf_16)
                  0.05    0.13   20.33 ^ clkbuf_2_0__f_clk/X (sky130_fd_sc_hd__clkbuf_16)
     9    0.03                           clknet_2_0__leaf_clk (net)
                  0.05    0.00   20.33 ^ _250_/CLK (sky130_fd_sc_hd__dfrtp_1)
                         -0.25   20.08   clock uncertainty
                          0.00   20.08   clock reconvergence pessimism
                          0.23   20.31   library recovery time
                                 20.31   data required time
-----------------------------------------------------------------------------
                                 20.31   data required time
                                 -4.49   data arrival time
-----------------------------------------------------------------------------
                                 15.82   slack (MET)


Startpoint: reset (input port clocked by clk)
Endpoint: _230_ (recovery check against rising-edge clock clk)
Path Group: asynchronous
Path Type: max

Fanout     Cap    Slew   Delay    Time   Description
-----------------------------------------------------------------------------
                          0.00    0.00   clock clk (rise edge)
                          0.00    0.00   clock network delay (propagated)
                          4.00    4.00 v input external delay
                  0.01    0.01    4.01 v reset (in)
     1    0.00                           reset (net)
                  0.01    0.00    4.01 v input1/A (sky130_fd_sc_hd__clkbuf_4)
                  0.09    0.19    4.19 v input1/X (sky130_fd_sc_hd__clkbuf_4)
     7    0.04                           net1 (net)
                  0.09    0.00    4.20 v _185_/A (sky130_fd_sc_hd__inv_2)
                  0.05    0.08    4.27 ^ _185_/Y (sky130_fd_sc_hd__inv_2)
     2    0.01                           _008_ (net)
                  0.05    0.00    4.27 ^ _230_/SET_B (sky130_fd_sc_hd__dfstp_1)
                                  4.27   data arrival time

                         20.00   20.00   clock clk (rise edge)
                          0.00   20.00   clock source latency
                  0.07    0.05   20.05 ^ clk (in)
     1    0.01                           clk (net)
                  0.07    0.00   20.05 ^ clkbuf_0_clk/A (sky130_fd_sc_hd__clkbuf_16)
                  0.06    0.15   20.19 ^ clkbuf_0_clk/X (sky130_fd_sc_hd__clkbuf_16)
     4    0.04                           clknet_0_clk (net)
                  0.06    0.00   20.19 ^ clkbuf_2_2__f_clk/A (sky130_fd_sc_hd__clkbuf_16)
                  0.04    0.13   20.32 ^ clkbuf_2_2__f_clk/X (sky130_fd_sc_hd__clkbuf_16)
     6    0.02                           clknet_2_2__leaf_clk (net)
                  0.04    0.00   20.32 ^ _230_/CLK (sky130_fd_sc_hd__dfstp_1)
                         -0.25   20.07   clock uncertainty
                          0.00   20.07   clock reconvergence pessimism
                          0.14   20.21   library recovery time
                                 20.21   data required time
-----------------------------------------------------------------------------
                                 20.21   data required time
                                 -4.27   data arrival time
-----------------------------------------------------------------------------
                                 15.93   slack (MET)


Startpoint: reset (input port clocked by clk)
Endpoint: _251_ (recovery check against rising-edge clock clk)
Path Group: asynchronous
Path Type: max

Fanout     Cap    Slew   Delay    Time   Description
-----------------------------------------------------------------------------
                          0.00    0.00   clock clk (rise edge)
                          0.00    0.00   clock network delay (propagated)
                          4.00    4.00 v input external delay
                  0.01    0.01    4.01 v reset (in)
     1    0.00                           reset (net)
                  0.01    0.00    4.01 v input1/A (sky130_fd_sc_hd__clkbuf_4)
                  0.09    0.19    4.19 v input1/X (sky130_fd_sc_hd__clkbuf_4)
     7    0.04                           net1 (net)
                  0.09    0.00    4.20 v _208_/A (sky130_fd_sc_hd__inv_2)
                  0.04    0.07    4.27 ^ _208_/Y (sky130_fd_sc_hd__inv_2)
     1    0.01                           _029_ (net)
                  0.04    0.00    4.27 ^ _251_/RESET_B (sky130_fd_sc_hd__dfrtp_1)
                                  4.27   data arrival time

                         20.00   20.00   clock clk (rise edge)
                          0.00   20.00   clock source latency
                  0.07    0.05   20.05 ^ clk (in)
     1    0.01                           clk (net)
                  0.07    0.00   20.05 ^ clkbuf_0_clk/A (sky130_fd_sc_hd__clkbuf_16)
                  0.06    0.15   20.19 ^ clkbuf_0_clk/X (sky130_fd_sc_hd__clkbuf_16)
     4    0.04                           clknet_0_clk (net)
                  0.06    0.00   20.19 ^ clkbuf_2_2__f_clk/A (sky130_fd_sc_hd__clkbuf_16)
                  0.04    0.13   20.32 ^ clkbuf_2_2__f_clk/X (sky130_fd_sc_hd__clkbuf_16)
     6    0.02                           clknet_2_2__leaf_clk (net)
                  0.04    0.00   20.32 ^ _251_/CLK (sky130_fd_sc_hd__dfrtp_1)
                         -0.25   20.07   clock uncertainty
                          0.00   20.07   clock reconvergence pessimism
                          0.23   20.30   library recovery time
                                 20.30   data required time
-----------------------------------------------------------------------------
                                 20.30   data required time
                                 -4.27   data arrival time
-----------------------------------------------------------------------------
                                 16.03   slack (MET)


Startpoint: reset (input port clocked by clk)
Endpoint: _254_ (recovery check against rising-edge clock clk)
Path Group: asynchronous
Path Type: max

Fanout     Cap    Slew   Delay    Time   Description
-----------------------------------------------------------------------------
                          0.00    0.00   clock clk (rise edge)
                          0.00    0.00   clock network delay (propagated)
                          4.00    4.00 v input external delay
                  0.01    0.01    4.01 v reset (in)
     1    0.00                           reset (net)
                  0.01    0.00    4.01 v input1/A (sky130_fd_sc_hd__clkbuf_4)
                  0.09    0.19    4.19 v input1/X (sky130_fd_sc_hd__clkbuf_4)
     7    0.04                           net1 (net)
                  0.09    0.00    4.20 v _211_/A (sky130_fd_sc_hd__inv_2)
                  0.04    0.07    4.27 ^ _211_/Y (sky130_fd_sc_hd__inv_2)
     1    0.01                           _032_ (net)
                  0.04    0.00    4.27 ^ _254_/RESET_B (sky130_fd_sc_hd__dfrtp_1)
                                  4.27   data arrival time

                         20.00   20.00   clock clk (rise edge)
                          0.00   20.00   clock source latency
                  0.07    0.05   20.05 ^ clk (in)
     1    0.01                           clk (net)
                  0.07    0.00   20.05 ^ clkbuf_0_clk/A (sky130_fd_sc_hd__clkbuf_16)
                  0.06    0.15   20.19 ^ clkbuf_0_clk/X (sky130_fd_sc_hd__clkbuf_16)
     4    0.04                           clknet_0_clk (net)
                  0.06    0.00   20.19 ^ clkbuf_2_0__f_clk/A (sky130_fd_sc_hd__clkbuf_16)
                  0.05    0.13   20.33 ^ clkbuf_2_0__f_clk/X (sky130_fd_sc_hd__clkbuf_16)
     9    0.03                           clknet_2_0__leaf_clk (net)
                  0.05    0.00   20.33 ^ _254_/CLK (sky130_fd_sc_hd__dfrtp_1)
                         -0.25   20.08   clock uncertainty
                          0.00   20.08   clock reconvergence pessimism
                          0.23   20.31   library recovery time
                                 20.31   data required time
-----------------------------------------------------------------------------
                                 20.31   data required time
                                 -4.27   data arrival time
-----------------------------------------------------------------------------
                                 16.04   slack (MET)


Startpoint: reset (input port clocked by clk)
Endpoint: _252_ (recovery check against rising-edge clock clk)
Path Group: asynchronous
Path Type: max

Fanout     Cap    Slew   Delay    Time   Description
-----------------------------------------------------------------------------
                          0.00    0.00   clock clk (rise edge)
                          0.00    0.00   clock network delay (propagated)
                          4.00    4.00 v input external delay
                  0.01    0.01    4.01 v reset (in)
     1    0.00                           reset (net)
                  0.01    0.00    4.01 v input1/A (sky130_fd_sc_hd__clkbuf_4)
                  0.09    0.19    4.19 v input1/X (sky130_fd_sc_hd__clkbuf_4)
     7    0.04                           net1 (net)
                  0.09    0.00    4.20 v _209_/A (sky130_fd_sc_hd__inv_2)
                  0.04    0.07    4.26 ^ _209_/Y (sky130_fd_sc_hd__inv_2)
     1    0.00                           _030_ (net)
                  0.04    0.00    4.26 ^ _252_/RESET_B (sky130_fd_sc_hd__dfrtp_1)
                                  4.26   data arrival time

                         20.00   20.00   clock clk (rise edge)
                          0.00   20.00   clock source latency
                  0.07    0.05   20.05 ^ clk (in)
     1    0.01                           clk (net)
                  0.07    0.00   20.05 ^ clkbuf_0_clk/A (sky130_fd_sc_hd__clkbuf_16)
                  0.06    0.15   20.19 ^ clkbuf_0_clk/X (sky130_fd_sc_hd__clkbuf_16)
     4    0.04                           clknet_0_clk (net)
                  0.06    0.00   20.19 ^ clkbuf_2_0__f_clk/A (sky130_fd_sc_hd__clkbuf_16)
                  0.05    0.13   20.33 ^ clkbuf_2_0__f_clk/X (sky130_fd_sc_hd__clkbuf_16)
     9    0.03                           clknet_2_0__leaf_clk (net)
                  0.05    0.00   20.33 ^ _252_/CLK (sky130_fd_sc_hd__dfrtp_1)
                         -0.25   20.08   clock uncertainty
                          0.00   20.08   clock reconvergence pessimism
                          0.23   20.31   library recovery time
                                 20.31   data required time
-----------------------------------------------------------------------------
                                 20.31   data required time
                                 -4.26   data arrival time
-----------------------------------------------------------------------------
                                 16.05   slack (MET)


Startpoint: reset (input port clocked by clk)
Endpoint: _253_ (recovery check against rising-edge clock clk)
Path Group: asynchronous
Path Type: max

Fanout     Cap    Slew   Delay    Time   Description
-----------------------------------------------------------------------------
                          0.00    0.00   clock clk (rise edge)
                          0.00    0.00   clock network delay (propagated)
                          4.00    4.00 v input external delay
                  0.01    0.01    4.01 v reset (in)
     1    0.00                           reset (net)
                  0.01    0.00    4.01 v input1/A (sky130_fd_sc_hd__clkbuf_4)
                  0.09    0.19    4.19 v input1/X (sky130_fd_sc_hd__clkbuf_4)
     7    0.04                           net1 (net)
                  0.09    0.00    4.19 v _210_/A (sky130_fd_sc_hd__inv_2)
                  0.04    0.07    4.26 ^ _210_/Y (sky130_fd_sc_hd__inv_2)
     1    0.00                           _031_ (net)
                  0.04    0.00    4.26 ^ _253_/RESET_B (sky130_fd_sc_hd__dfrtp_1)
                                  4.26   data arrival time

                         20.00   20.00   clock clk (rise edge)
                          0.00   20.00   clock source latency
                  0.07    0.05   20.05 ^ clk (in)
     1    0.01                           clk (net)
                  0.07    0.00   20.05 ^ clkbuf_0_clk/A (sky130_fd_sc_hd__clkbuf_16)
                  0.06    0.15   20.19 ^ clkbuf_0_clk/X (sky130_fd_sc_hd__clkbuf_16)
     4    0.04                           clknet_0_clk (net)
                  0.06    0.00   20.19 ^ clkbuf_2_3__f_clk/A (sky130_fd_sc_hd__clkbuf_16)
                  0.05    0.13   20.33 ^ clkbuf_2_3__f_clk/X (sky130_fd_sc_hd__clkbuf_16)
     9    0.03                           clknet_2_3__leaf_clk (net)
                  0.05    0.00   20.33 ^ _253_/CLK (sky130_fd_sc_hd__dfrtp_1)
                         -0.25   20.08   clock uncertainty
                          0.00   20.08   clock reconvergence pessimism
                          0.23   20.31   library recovery time
                                 20.31   data required time
-----------------------------------------------------------------------------
                                 20.31   data required time
                                 -4.26   data arrival time
-----------------------------------------------------------------------------
                                 16.05   slack (MET)


Startpoint: _233_ (rising edge-triggered flip-flop clocked by clk)
Endpoint: _246_ (rising edge-triggered flip-flop clocked by clk)
Path Group: clk
Path Type: max

Fanout     Cap    Slew   Delay    Time   Description
-----------------------------------------------------------------------------
                          0.00    0.00   clock clk (rise edge)
                          0.00    0.00   clock source latency
                  0.07    0.05    0.05 ^ clk (in)
     1    0.01                           clk (net)
                  0.07    0.00    0.05 ^ clkbuf_0_clk/A (sky130_fd_sc_hd__clkbuf_16)
                  0.06    0.16    0.21 ^ clkbuf_0_clk/X (sky130_fd_sc_hd__clkbuf_16)
     4    0.04                           clknet_0_clk (net)
                  0.06    0.00    0.21 ^ clkbuf_2_2__f_clk/A (sky130_fd_sc_hd__clkbuf_16)
                  0.04    0.14    0.35 ^ clkbuf_2_2__f_clk/X (sky130_fd_sc_hd__clkbuf_16)
     6    0.02                           clknet_2_2__leaf_clk (net)
                  0.04    0.00    0.35 ^ _233_/CLK (sky130_fd_sc_hd__dfrtp_1)
                  0.08    0.42    0.78 v _233_/Q (sky130_fd_sc_hd__dfrtp_1)
     5    0.01                           rx_inst.state[3] (net)
                  0.08    0.00    0.78 v hold35/A (sky130_fd_sc_hd__dlygate4sd3_1)
                  0.05    0.59    1.37 v hold35/X (sky130_fd_sc_hd__dlygate4sd3_1)
     1    0.00                           net55 (net)
                  0.05    0.00    1.37 v _149_/A1 (sky130_fd_sc_hd__o21a_1)
                  0.05    0.21    1.58 v _149_/X (sky130_fd_sc_hd__o21a_1)
     2    0.01                           _000_ (net)
                  0.05    0.00    1.58 v _150_/B1 (sky130_fd_sc_hd__o22a_1)
                  0.05    0.19    1.77 v _150_/X (sky130_fd_sc_hd__o22a_1)
     1    0.00                           _040_ (net)
                  0.05    0.00    1.77 v hold10/A (sky130_fd_sc_hd__dlygate4sd3_1)
                  0.06    0.59    2.37 v hold10/X (sky130_fd_sc_hd__dlygate4sd3_1)
     1    0.00                           net30 (net)
                  0.06    0.00    2.37 v _246_/D (sky130_fd_sc_hd__dfrtp_1)
                                  2.37   data arrival time

                         20.00   20.00   clock clk (rise edge)
                          0.00   20.00   clock source latency
                  0.07    0.05   20.05 ^ clk (in)
     1    0.01                           clk (net)
                  0.07    0.00   20.05 ^ clkbuf_0_clk/A (sky130_fd_sc_hd__clkbuf_16)
                  0.06    0.15   20.19 ^ clkbuf_0_clk/X (sky130_fd_sc_hd__clkbuf_16)
     4    0.04                           clknet_0_clk (net)
                  0.06    0.00   20.19 ^ clkbuf_2_0__f_clk/A (sky130_fd_sc_hd__clkbuf_16)
                  0.05    0.13   20.33 ^ clkbuf_2_0__f_clk/X (sky130_fd_sc_hd__clkbuf_16)
     9    0.03                           clknet_2_0__leaf_clk (net)
                  0.05    0.00   20.33 ^ _246_/CLK (sky130_fd_sc_hd__dfrtp_1)
                         -0.25   20.08   clock uncertainty
                          0.02   20.10   clock reconvergence pessimism
                         -0.12   19.97   library setup time
                                 19.97   data required time
-----------------------------------------------------------------------------
                                 19.97   data required time
                                 -2.37   data arrival time
-----------------------------------------------------------------------------
                                 17.61   slack (MET)


Startpoint: _242_ (rising edge-triggered flip-flop clocked by clk)
Endpoint: _238_ (rising edge-triggered flip-flop clocked by clk)
Path Group: clk
Path Type: max

Fanout     Cap    Slew   Delay    Time   Description
-----------------------------------------------------------------------------
                          0.00    0.00   clock clk (rise edge)
                          0.00    0.00   clock source latency
                  0.07    0.05    0.05 ^ clk (in)
     1    0.01                           clk (net)
                  0.07    0.00    0.05 ^ clkbuf_0_clk/A (sky130_fd_sc_hd__clkbuf_16)
                  0.06    0.16    0.21 ^ clkbuf_0_clk/X (sky130_fd_sc_hd__clkbuf_16)
     4    0.04                           clknet_0_clk (net)
                  0.06    0.00    0.21 ^ clkbuf_2_3__f_clk/A (sky130_fd_sc_hd__clkbuf_16)
                  0.05    0.15    0.36 ^ clkbuf_2_3__f_clk/X (sky130_fd_sc_hd__clkbuf_16)
     9    0.03                           clknet_2_3__leaf_clk (net)
                  0.05    0.00    0.36 ^ _242_/CLK (sky130_fd_sc_hd__dfstp_1)
                  0.09    0.56    0.92 ^ _242_/Q (sky130_fd_sc_hd__dfstp_1)
     3    0.01                           tx_inst.state[0] (net)
                  0.09    0.00    0.92 ^ hold7/A (sky130_fd_sc_hd__dlygate4sd3_1)
                  0.10    0.62    1.54 ^ hold7/X (sky130_fd_sc_hd__dlygate4sd3_1)
     2    0.01                           net27 (net)
                  0.10    0.00    1.54 ^ _159_/A (sky130_fd_sc_hd__inv_2)
                  0.03    0.05    1.59 v _159_/Y (sky130_fd_sc_hd__inv_2)
     2    0.01                           _088_ (net)
                  0.03    0.00    1.59 v _160_/A2 (sky130_fd_sc_hd__a21o_1)
                  0.03    0.17    1.76 v _160_/X (sky130_fd_sc_hd__a21o_1)
     1    0.00                           _036_ (net)
                  0.03    0.00    1.76 v hold6/A (sky130_fd_sc_hd__dlygate4sd3_1)
                  0.05    0.57    2.33 v hold6/X (sky130_fd_sc_hd__dlygate4sd3_1)
     1    0.00                           net26 (net)
                  0.05    0.00    2.33 v _238_/D (sky130_fd_sc_hd__dfrtp_1)
                                  2.33   data arrival time

                         20.00   20.00   clock clk (rise edge)
                          0.00   20.00   clock source latency
                  0.07    0.05   20.05 ^ clk (in)
     1    0.01                           clk (net)
                  0.07    0.00   20.05 ^ clkbuf_0_clk/A (sky130_fd_sc_hd__clkbuf_16)
                  0.06    0.15   20.19 ^ clkbuf_0_clk/X (sky130_fd_sc_hd__clkbuf_16)
     4    0.04                           clknet_0_clk (net)
                  0.06    0.00   20.19 ^ clkbuf_2_2__f_clk/A (sky130_fd_sc_hd__clkbuf_16)
                  0.04    0.13   20.32 ^ clkbuf_2_2__f_clk/X (sky130_fd_sc_hd__clkbuf_16)
     6    0.02                           clknet_2_2__leaf_clk (net)
                  0.04    0.00   20.32 ^ _238_/CLK (sky130_fd_sc_hd__dfrtp_1)
                         -0.25   20.07   clock uncertainty
                          0.02   20.09   clock reconvergence pessimism
                         -0.12   19.97   library setup time
                                 19.97   data required time
-----------------------------------------------------------------------------
                                 19.97   data required time
                                 -2.33   data arrival time
-----------------------------------------------------------------------------
                                 17.65   slack (MET)


Startpoint: _237_ (rising edge-triggered flip-flop clocked by clk)
Endpoint: _233_ (rising edge-triggered flip-flop clocked by clk)
Path Group: clk
Path Type: max

Fanout     Cap    Slew   Delay    Time   Description
-----------------------------------------------------------------------------
                          0.00    0.00   clock clk (rise edge)
                          0.00    0.00   clock source latency
                  0.07    0.05    0.05 ^ clk (in)
     1    0.01                           clk (net)
                  0.07    0.00    0.05 ^ clkbuf_0_clk/A (sky130_fd_sc_hd__clkbuf_16)
                  0.06    0.16    0.21 ^ clkbuf_0_clk/X (sky130_fd_sc_hd__clkbuf_16)
     4    0.04                           clknet_0_clk (net)
                  0.06    0.00    0.21 ^ clkbuf_2_3__f_clk/A (sky130_fd_sc_hd__clkbuf_16)
                  0.05    0.15    0.36 ^ clkbuf_2_3__f_clk/X (sky130_fd_sc_hd__clkbuf_16)
     9    0.03                           clknet_2_3__leaf_clk (net)
                  0.05    0.00    0.36 ^ _237_/CLK (sky130_fd_sc_hd__dfstp_1)
                  0.06    0.53    0.89 ^ _237_/Q (sky130_fd_sc_hd__dfstp_1)
     2    0.01                           rx_inst.rx (net)
                  0.06    0.00    0.89 ^ hold17/A (sky130_fd_sc_hd__dlygate4sd3_1)
                  0.08    0.59    1.49 ^ hold17/X (sky130_fd_sc_hd__dlygate4sd3_1)
     1    0.01                           net37 (net)
                  0.08    0.00    1.49 ^ _174_/A (sky130_fd_sc_hd__inv_2)
                  0.02    0.04    1.53 v _174_/Y (sky130_fd_sc_hd__inv_2)
     1    0.00                           _096_ (net)
                  0.02    0.00    1.53 v _175_/B1 (sky130_fd_sc_hd__a32o_1)
                  0.04    0.19    1.72 v _175_/X (sky130_fd_sc_hd__a32o_1)
     1    0.00                           _005_ (net)
                  0.04    0.00    1.72 v hold18/A (sky130_fd_sc_hd__dlygate4sd3_1)
                  0.05    0.57    2.29 v hold18/X (sky130_fd_sc_hd__dlygate4sd3_1)
     1    0.00                           net38 (net)
                  0.05    0.00    2.29 v _233_/D (sky130_fd_sc_hd__dfrtp_1)
                                  2.29   data arrival time

                         20.00   20.00   clock clk (rise edge)
                          0.00   20.00   clock source latency
                  0.07    0.05   20.05 ^ clk (in)
     1    0.01                           clk (net)
                  0.07    0.00   20.05 ^ clkbuf_0_clk/A (sky130_fd_sc_hd__clkbuf_16)
                  0.06    0.15   20.19 ^ clkbuf_0_clk/X (sky130_fd_sc_hd__clkbuf_16)
     4    0.04                           clknet_0_clk (net)
                  0.06    0.00   20.19 ^ clkbuf_2_2__f_clk/A (sky130_fd_sc_hd__clkbuf_16)
                  0.04    0.13   20.32 ^ clkbuf_2_2__f_clk/X (sky130_fd_sc_hd__clkbuf_16)
     6    0.02                           clknet_2_2__leaf_clk (net)
                  0.04    0.00   20.32 ^ _233_/CLK (sky130_fd_sc_hd__dfrtp_1)
                         -0.25   20.07   clock uncertainty
                          0.02   20.09   clock reconvergence pessimism
                         -0.12   19.97   library setup time
                                 19.97   data required time
-----------------------------------------------------------------------------
                                 19.97   data required time
                                 -2.29   data arrival time
-----------------------------------------------------------------------------
                                 17.68   slack (MET)


Startpoint: _233_ (rising edge-triggered flip-flop clocked by clk)
Endpoint: _250_ (rising edge-triggered flip-flop clocked by clk)
Path Group: clk
Path Type: max

Fanout     Cap    Slew   Delay    Time   Description
-----------------------------------------------------------------------------
                          0.00    0.00   clock clk (rise edge)
                          0.00    0.00   clock source latency
                  0.07    0.05    0.05 ^ clk (in)
     1    0.01                           clk (net)
                  0.07    0.00    0.05 ^ clkbuf_0_clk/A (sky130_fd_sc_hd__clkbuf_16)
                  0.06    0.16    0.21 ^ clkbuf_0_clk/X (sky130_fd_sc_hd__clkbuf_16)
     4    0.04                           clknet_0_clk (net)
                  0.06    0.00    0.21 ^ clkbuf_2_2__f_clk/A (sky130_fd_sc_hd__clkbuf_16)
                  0.04    0.14    0.35 ^ clkbuf_2_2__f_clk/X (sky130_fd_sc_hd__clkbuf_16)
     6    0.02                           clknet_2_2__leaf_clk (net)
                  0.04    0.00    0.35 ^ _233_/CLK (sky130_fd_sc_hd__dfrtp_1)
                  0.08    0.42    0.78 v _233_/Q (sky130_fd_sc_hd__dfrtp_1)
     5    0.01                           rx_inst.state[3] (net)
                  0.08    0.00    0.78 v _119_/A (sky130_fd_sc_hd__or3_2)
                  0.12    0.58    1.36 v _119_/X (sky130_fd_sc_hd__or3_2)
     6    0.02                           _061_ (net)
                  0.12    0.00    1.36 v _136_/D (sky130_fd_sc_hd__or4_1)
                  0.11    0.47    1.83 v _136_/X (sky130_fd_sc_hd__or4_1)
     1    0.01                           _074_ (net)
                  0.11    0.00    1.83 v _137_/S (sky130_fd_sc_hd__mux2_1)
                  0.05    0.34    2.17 v _137_/X (sky130_fd_sc_hd__mux2_1)
     1    0.00                           _075_ (net)
                  0.05    0.00    2.17 v _138_/A (sky130_fd_sc_hd__clkbuf_1)
                  0.03    0.09    2.27 v _138_/X (sky130_fd_sc_hd__clkbuf_1)
     1    0.00                           _044_ (net)
                  0.03    0.00    2.27 v _250_/D (sky130_fd_sc_hd__dfrtp_1)
                                  2.27   data arrival time

                         20.00   20.00   clock clk (rise edge)
                          0.00   20.00   clock source latency
                  0.07    0.05   20.05 ^ clk (in)
     1    0.01                           clk (net)
                  0.07    0.00   20.05 ^ clkbuf_0_clk/A (sky130_fd_sc_hd__clkbuf_16)
                  0.06    0.15   20.19 ^ clkbuf_0_clk/X (sky130_fd_sc_hd__clkbuf_16)
     4    0.04                           clknet_0_clk (net)
                  0.06    0.00   20.19 ^ clkbuf_2_0__f_clk/A (sky130_fd_sc_hd__clkbuf_16)
                  0.05    0.13   20.33 ^ clkbuf_2_0__f_clk/X (sky130_fd_sc_hd__clkbuf_16)
     9    0.03                           clknet_2_0__leaf_clk (net)
                  0.05    0.00   20.33 ^ _250_/CLK (sky130_fd_sc_hd__dfrtp_1)
                         -0.25   20.08   clock uncertainty
                          0.02   20.10   clock reconvergence pessimism
                         -0.10   19.99   library setup time
                                 19.99   data required time
-----------------------------------------------------------------------------
                                 19.99   data required time
                                 -2.27   data arrival time
-----------------------------------------------------------------------------
                                 17.72   slack (MET)


Startpoint: _233_ (rising edge-triggered flip-flop clocked by clk)
Endpoint: _248_ (rising edge-triggered flip-flop clocked by clk)
Path Group: clk
Path Type: max

Fanout     Cap    Slew   Delay    Time   Description
-----------------------------------------------------------------------------
                          0.00    0.00   clock clk (rise edge)
                          0.00    0.00   clock source latency
                  0.07    0.05    0.05 ^ clk (in)
     1    0.01                           clk (net)
                  0.07    0.00    0.05 ^ clkbuf_0_clk/A (sky130_fd_sc_hd__clkbuf_16)
                  0.06    0.16    0.21 ^ clkbuf_0_clk/X (sky130_fd_sc_hd__clkbuf_16)
     4    0.04                           clknet_0_clk (net)
                  0.06    0.00    0.21 ^ clkbuf_2_2__f_clk/A (sky130_fd_sc_hd__clkbuf_16)
                  0.04    0.14    0.35 ^ clkbuf_2_2__f_clk/X (sky130_fd_sc_hd__clkbuf_16)
     6    0.02                           clknet_2_2__leaf_clk (net)
                  0.04    0.00    0.35 ^ _233_/CLK (sky130_fd_sc_hd__dfrtp_1)
                  0.08    0.42    0.78 v _233_/Q (sky130_fd_sc_hd__dfrtp_1)
     5    0.01                           rx_inst.state[3] (net)
                  0.08    0.00    0.78 v _119_/A (sky130_fd_sc_hd__or3_2)
                  0.12    0.58    1.36 v _119_/X (sky130_fd_sc_hd__or3_2)
     6    0.02                           _061_ (net)
                  0.12    0.00    1.36 v _142_/D (sky130_fd_sc_hd__or4_1)
                  0.09    0.45    1.81 v _142_/X (sky130_fd_sc_hd__or4_1)
     1    0.00                           _078_ (net)
                  0.09    0.00    1.81 v _143_/S (sky130_fd_sc_hd__mux2_1)
                  0.06    0.34    2.15 v _143_/X (sky130_fd_sc_hd__mux2_1)
     1    0.00                           _079_ (net)
                  0.06    0.00    2.15 v _144_/A (sky130_fd_sc_hd__clkbuf_1)
                  0.02    0.10    2.24 v _144_/X (sky130_fd_sc_hd__clkbuf_1)
     1    0.00                           _042_ (net)
                  0.02    0.00    2.24 v _248_/D (sky130_fd_sc_hd__dfrtp_1)
                                  2.24   data arrival time

                         20.00   20.00   clock clk (rise edge)
                          0.00   20.00   clock source latency
                  0.07    0.05   20.05 ^ clk (in)
     1    0.01                           clk (net)
                  0.07    0.00   20.05 ^ clkbuf_0_clk/A (sky130_fd_sc_hd__clkbuf_16)
                  0.06    0.15   20.19 ^ clkbuf_0_clk/X (sky130_fd_sc_hd__clkbuf_16)
     4    0.04                           clknet_0_clk (net)
                  0.06    0.00   20.19 ^ clkbuf_2_1__f_clk/A (sky130_fd_sc_hd__clkbuf_16)
                  0.05    0.13   20.32 ^ clkbuf_2_1__f_clk/X (sky130_fd_sc_hd__clkbuf_16)
     9    0.03                           clknet_2_1__leaf_clk (net)
                  0.05    0.00   20.32 ^ _248_/CLK (sky130_fd_sc_hd__dfrtp_1)
                         -0.25   20.07   clock uncertainty
                          0.02   20.09   clock reconvergence pessimism
                         -0.10   19.99   library setup time
                                 19.99   data required time
-----------------------------------------------------------------------------
                                 19.99   data required time
                                 -2.24   data arrival time
-----------------------------------------------------------------------------
                                 17.75   slack (MET)


Startpoint: _233_ (rising edge-triggered flip-flop clocked by clk)
Endpoint: _249_ (rising edge-triggered flip-flop clocked by clk)
Path Group: clk
Path Type: max

Fanout     Cap    Slew   Delay    Time   Description
-----------------------------------------------------------------------------
                          0.00    0.00   clock clk (rise edge)
                          0.00    0.00   clock source latency
                  0.07    0.05    0.05 ^ clk (in)
     1    0.01                           clk (net)
                  0.07    0.00    0.05 ^ clkbuf_0_clk/A (sky130_fd_sc_hd__clkbuf_16)
                  0.06    0.16    0.21 ^ clkbuf_0_clk/X (sky130_fd_sc_hd__clkbuf_16)
     4    0.04                           clknet_0_clk (net)
                  0.06    0.00    0.21 ^ clkbuf_2_2__f_clk/A (sky130_fd_sc_hd__clkbuf_16)
                  0.04    0.14    0.35 ^ clkbuf_2_2__f_clk/X (sky130_fd_sc_hd__clkbuf_16)
     6    0.02                           clknet_2_2__leaf_clk (net)
                  0.04    0.00    0.35 ^ _233_/CLK (sky130_fd_sc_hd__dfrtp_1)
                  0.08    0.42    0.78 v _233_/Q (sky130_fd_sc_hd__dfrtp_1)
     5    0.01                           rx_inst.state[3] (net)
                  0.08    0.00    0.78 v _119_/A (sky130_fd_sc_hd__or3_2)
                  0.12    0.58    1.36 v _119_/X (sky130_fd_sc_hd__or3_2)
     6    0.02                           _061_ (net)
                  0.12    0.00    1.36 v _139_/D (sky130_fd_sc_hd__or4_1)
                  0.09    0.46    1.82 v _139_/X (sky130_fd_sc_hd__or4_1)
     1    0.00                           _076_ (net)
                  0.09    0.00    1.82 v _140_/S (sky130_fd_sc_hd__mux2_1)
                  0.05    0.33    2.15 v _140_/X (sky130_fd_sc_hd__mux2_1)
     1    0.00                           _077_ (net)
                  0.05    0.00    2.15 v _141_/A (sky130_fd_sc_hd__clkbuf_1)
                  0.02    0.09    2.24 v _141_/X (sky130_fd_sc_hd__clkbuf_1)
     1    0.00                           _043_ (net)
                  0.02    0.00    2.24 v _249_/D (sky130_fd_sc_hd__dfrtp_1)
                                  2.24   data arrival time

                         20.00   20.00   clock clk (rise edge)
                          0.00   20.00   clock source latency
                  0.07    0.05   20.05 ^ clk (in)
     1    0.01                           clk (net)
                  0.07    0.00   20.05 ^ clkbuf_0_clk/A (sky130_fd_sc_hd__clkbuf_16)
                  0.06    0.15   20.19 ^ clkbuf_0_clk/X (sky130_fd_sc_hd__clkbuf_16)
     4    0.04                           clknet_0_clk (net)
                  0.06    0.00   20.19 ^ clkbuf_2_0__f_clk/A (sky130_fd_sc_hd__clkbuf_16)
                  0.05    0.13   20.33 ^ clkbuf_2_0__f_clk/X (sky130_fd_sc_hd__clkbuf_16)
     9    0.03                           clknet_2_0__leaf_clk (net)
                  0.05    0.00   20.33 ^ _249_/CLK (sky130_fd_sc_hd__dfrtp_1)
                         -0.25   20.08   clock uncertainty
                          0.02   20.10   clock reconvergence pessimism
                         -0.10   19.99   library setup time
                                 19.99   data required time
-----------------------------------------------------------------------------
                                 19.99   data required time
                                 -2.24   data arrival time
-----------------------------------------------------------------------------
                                 17.75   slack (MET)


Startpoint: _233_ (rising edge-triggered flip-flop clocked by clk)
Endpoint: _253_ (rising edge-triggered flip-flop clocked by clk)
Path Group: clk
Path Type: max

Fanout     Cap    Slew   Delay    Time   Description
-----------------------------------------------------------------------------
                          0.00    0.00   clock clk (rise edge)
                          0.00    0.00   clock source latency
                  0.07    0.05    0.05 ^ clk (in)
     1    0.01                           clk (net)
                  0.07    0.00    0.05 ^ clkbuf_0_clk/A (sky130_fd_sc_hd__clkbuf_16)
                  0.06    0.16    0.21 ^ clkbuf_0_clk/X (sky130_fd_sc_hd__clkbuf_16)
     4    0.04                           clknet_0_clk (net)
                  0.06    0.00    0.21 ^ clkbuf_2_2__f_clk/A (sky130_fd_sc_hd__clkbuf_16)
                  0.04    0.14    0.35 ^ clkbuf_2_2__f_clk/X (sky130_fd_sc_hd__clkbuf_16)
     6    0.02                           clknet_2_2__leaf_clk (net)
                  0.04    0.00    0.35 ^ _233_/CLK (sky130_fd_sc_hd__dfrtp_1)
                  0.08    0.42    0.78 v _233_/Q (sky130_fd_sc_hd__dfrtp_1)
     5    0.01                           rx_inst.state[3] (net)
                  0.08    0.00    0.78 v _126_/A (sky130_fd_sc_hd__or4b_1)
                  0.12    0.61    1.39 v _126_/X (sky130_fd_sc_hd__or4b_1)
     3    0.01                           _067_ (net)
                  0.12    0.00    1.39 v _127_/C (sky130_fd_sc_hd__or3_1)
                  0.10    0.39    1.78 v _127_/X (sky130_fd_sc_hd__or3_1)
     1    0.01                           _068_ (net)
                  0.10    0.00    1.78 v _128_/S (sky130_fd_sc_hd__mux2_1)
                  0.05    0.34    2.11 v _128_/X (sky130_fd_sc_hd__mux2_1)
     1    0.00                           _069_ (net)
                  0.05    0.00    2.11 v _129_/A (sky130_fd_sc_hd__clkbuf_1)
                  0.03    0.10    2.21 v _129_/X (sky130_fd_sc_hd__clkbuf_1)
     1    0.00                           _047_ (net)
                  0.03    0.00    2.21 v _253_/D (sky130_fd_sc_hd__dfrtp_1)
                                  2.21   data arrival time

                         20.00   20.00   clock clk (rise edge)
                          0.00   20.00   clock source latency
                  0.07    0.05   20.05 ^ clk (in)
     1    0.01                           clk (net)
                  0.07    0.00   20.05 ^ clkbuf_0_clk/A (sky130_fd_sc_hd__clkbuf_16)
                  0.06    0.15   20.19 ^ clkbuf_0_clk/X (sky130_fd_sc_hd__clkbuf_16)
     4    0.04                           clknet_0_clk (net)
                  0.06    0.00   20.19 ^ clkbuf_2_3__f_clk/A (sky130_fd_sc_hd__clkbuf_16)
                  0.05    0.13   20.33 ^ clkbuf_2_3__f_clk/X (sky130_fd_sc_hd__clkbuf_16)
     9    0.03                           clknet_2_3__leaf_clk (net)
                  0.05    0.00   20.33 ^ _253_/CLK (sky130_fd_sc_hd__dfrtp_1)
                         -0.25   20.08   clock uncertainty
                          0.02   20.10   clock reconvergence pessimism
                         -0.11   19.99   library setup time
                                 19.99   data required time
-----------------------------------------------------------------------------
                                 19.99   data required time
                                 -2.21   data arrival time
-----------------------------------------------------------------------------
                                 17.78   slack (MET)


Startpoint: _233_ (rising edge-triggered flip-flop clocked by clk)
Endpoint: _251_ (rising edge-triggered flip-flop clocked by clk)
Path Group: clk
Path Type: max

Fanout     Cap    Slew   Delay    Time   Description
-----------------------------------------------------------------------------
                          0.00    0.00   clock clk (rise edge)
                          0.00    0.00   clock source latency
                  0.07    0.05    0.05 ^ clk (in)
     1    0.01                           clk (net)
                  0.07    0.00    0.05 ^ clkbuf_0_clk/A (sky130_fd_sc_hd__clkbuf_16)
                  0.06    0.16    0.21 ^ clkbuf_0_clk/X (sky130_fd_sc_hd__clkbuf_16)
     4    0.04                           clknet_0_clk (net)
                  0.06    0.00    0.21 ^ clkbuf_2_2__f_clk/A (sky130_fd_sc_hd__clkbuf_16)
                  0.04    0.14    0.35 ^ clkbuf_2_2__f_clk/X (sky130_fd_sc_hd__clkbuf_16)
     6    0.02                           clknet_2_2__leaf_clk (net)
                  0.04    0.00    0.35 ^ _233_/CLK (sky130_fd_sc_hd__dfrtp_1)
                  0.08    0.42    0.78 v _233_/Q (sky130_fd_sc_hd__dfrtp_1)
     5    0.01                           rx_inst.state[3] (net)
                  0.08    0.00    0.78 v _126_/A (sky130_fd_sc_hd__or4b_1)
                  0.12    0.61    1.39 v _126_/X (sky130_fd_sc_hd__or4b_1)
     3    0.01                           _067_ (net)
                  0.12    0.00    1.39 v _133_/C (sky130_fd_sc_hd__or3_1)
                  0.09    0.38    1.77 v _133_/X (sky130_fd_sc_hd__or3_1)
     1    0.01                           _072_ (net)
                  0.09    0.00    1.77 v _134_/S (sky130_fd_sc_hd__mux2_1)
                  0.05    0.33    2.10 v _134_/X (sky130_fd_sc_hd__mux2_1)
     1    0.00                           _073_ (net)
                  0.05    0.00    2.10 v _135_/A (sky130_fd_sc_hd__clkbuf_1)
                  0.02    0.09    2.20 v _135_/X (sky130_fd_sc_hd__clkbuf_1)
     1    0.00                           _045_ (net)
                  0.02    0.00    2.20 v _251_/D (sky130_fd_sc_hd__dfrtp_1)
                                  2.20   data arrival time

                         20.00   20.00   clock clk (rise edge)
                          0.00   20.00   clock source latency
                  0.07    0.05   20.05 ^ clk (in)
     1    0.01                           clk (net)
                  0.07    0.00   20.05 ^ clkbuf_0_clk/A (sky130_fd_sc_hd__clkbuf_16)
                  0.06    0.15   20.19 ^ clkbuf_0_clk/X (sky130_fd_sc_hd__clkbuf_16)
     4    0.04                           clknet_0_clk (net)
                  0.06    0.00   20.19 ^ clkbuf_2_2__f_clk/A (sky130_fd_sc_hd__clkbuf_16)
                  0.04    0.13   20.32 ^ clkbuf_2_2__f_clk/X (sky130_fd_sc_hd__clkbuf_16)
     6    0.02                           clknet_2_2__leaf_clk (net)
                  0.04    0.00   20.32 ^ _251_/CLK (sky130_fd_sc_hd__dfrtp_1)
                         -0.25   20.07   clock uncertainty
                          0.03   20.10   clock reconvergence pessimism
                         -0.11   20.00   library setup time
                                 20.00   data required time
-----------------------------------------------------------------------------
                                 20.00   data required time
                                 -2.20   data arrival time
-----------------------------------------------------------------------------
                                 17.80   slack (MET)


Startpoint: _234_ (rising edge-triggered flip-flop clocked by clk)
Endpoint: _234_ (rising edge-triggered flip-flop clocked by clk)
Path Group: clk
Path Type: max

Fanout     Cap    Slew   Delay    Time   Description
-----------------------------------------------------------------------------
                          0.00    0.00   clock clk (rise edge)
                          0.00    0.00   clock source latency
                  0.07    0.05    0.05 ^ clk (in)
     1    0.01                           clk (net)
                  0.07    0.00    0.05 ^ clkbuf_0_clk/A (sky130_fd_sc_hd__clkbuf_16)
                  0.06    0.16    0.21 ^ clkbuf_0_clk/X (sky130_fd_sc_hd__clkbuf_16)
     4    0.04                           clknet_0_clk (net)
                  0.06    0.00    0.21 ^ clkbuf_2_3__f_clk/A (sky130_fd_sc_hd__clkbuf_16)
                  0.05    0.15    0.36 ^ clkbuf_2_3__f_clk/X (sky130_fd_sc_hd__clkbuf_16)
     9    0.03                           clknet_2_3__leaf_clk (net)
                  0.05    0.00    0.36 ^ _234_/CLK (sky130_fd_sc_hd__dfrtp_4)
                  0.10    0.55    0.91 v _234_/Q (sky130_fd_sc_hd__dfrtp_4)
     9    0.03                           tx_inst.bit_count[0] (net)
                  0.10    0.00    0.91 v hold27/A (sky130_fd_sc_hd__dlygate4sd3_1)
                  0.06    0.60    1.51 v hold27/X (sky130_fd_sc_hd__dlygate4sd3_1)
     1    0.00                           net47 (net)
                  0.06    0.00    1.51 v _169_/A1 (sky130_fd_sc_hd__a21oi_1)
                  0.10    0.12    1.63 ^ _169_/Y (sky130_fd_sc_hd__a21oi_1)
     1    0.00                           _033_ (net)
                  0.10    0.00    1.63 ^ hold28/A (sky130_fd_sc_hd__dlygate4sd3_1)
                  0.05    0.57    2.20 ^ hold28/X (sky130_fd_sc_hd__dlygate4sd3_1)
     1    0.00                           net48 (net)
                  0.05    0.00    2.20 ^ _234_/D (sky130_fd_sc_hd__dfrtp_4)
                                  2.20   data arrival time

                         20.00   20.00   clock clk (rise edge)
                          0.00   20.00   clock source latency
                  0.07    0.05   20.05 ^ clk (in)
     1    0.01                           clk (net)
                  0.07    0.00   20.05 ^ clkbuf_0_clk/A (sky130_fd_sc_hd__clkbuf_16)
                  0.06    0.15   20.19 ^ clkbuf_0_clk/X (sky130_fd_sc_hd__clkbuf_16)
     4    0.04                           clknet_0_clk (net)
                  0.06    0.00   20.19 ^ clkbuf_2_3__f_clk/A (sky130_fd_sc_hd__clkbuf_16)
                  0.05    0.13   20.33 ^ clkbuf_2_3__f_clk/X (sky130_fd_sc_hd__clkbuf_16)
     9    0.03                           clknet_2_3__leaf_clk (net)
                  0.05    0.00   20.33 ^ _234_/CLK (sky130_fd_sc_hd__dfrtp_4)
                         -0.25   20.08   clock uncertainty
                          0.03   20.11   clock reconvergence pessimism
                         -0.06   20.05   library setup time
                                 20.05   data required time
-----------------------------------------------------------------------------
                                 20.05   data required time
                                 -2.20   data arrival time
-----------------------------------------------------------------------------
                                 17.84   slack (MET)


Startpoint: _236_ (rising edge-triggered flip-flop clocked by clk)
Endpoint: _236_ (rising edge-triggered flip-flop clocked by clk)
Path Group: clk
Path Type: max

Fanout     Cap    Slew   Delay    Time   Description
-----------------------------------------------------------------------------
                          0.00    0.00   clock clk (rise edge)
                          0.00    0.00   clock source latency
                  0.07    0.05    0.05 ^ clk (in)
     1    0.01                           clk (net)
                  0.07    0.00    0.05 ^ clkbuf_0_clk/A (sky130_fd_sc_hd__clkbuf_16)
                  0.06    0.16    0.21 ^ clkbuf_0_clk/X (sky130_fd_sc_hd__clkbuf_16)
     4    0.04                           clknet_0_clk (net)
                  0.06    0.00    0.21 ^ clkbuf_2_3__f_clk/A (sky130_fd_sc_hd__clkbuf_16)
                  0.05    0.15    0.36 ^ clkbuf_2_3__f_clk/X (sky130_fd_sc_hd__clkbuf_16)
     9    0.03                           clknet_2_3__leaf_clk (net)
                  0.05    0.00    0.36 ^ _236_/CLK (sky130_fd_sc_hd__dfrtp_1)
                  0.08    0.42    0.78 v _236_/Q (sky130_fd_sc_hd__dfrtp_1)
     5    0.01                           tx_inst.bit_count[2] (net)
                  0.08    0.00    0.78 v hold14/A (sky130_fd_sc_hd__dlygate4sd3_1)
                  0.05    0.59    1.37 v hold14/X (sky130_fd_sc_hd__dlygate4sd3_1)
     1    0.00                           net34 (net)
                  0.05    0.00    1.37 v _162_/B2 (sky130_fd_sc_hd__a32o_1)
                  0.04    0.21    1.58 v _162_/X (sky130_fd_sc_hd__a32o_1)
     1    0.00                           _035_ (net)
                  0.04    0.00    1.58 v hold15/A (sky130_fd_sc_hd__dlygate4sd3_1)
                  0.05    0.57    2.15 v hold15/X (sky130_fd_sc_hd__dlygate4sd3_1)
     1    0.00                           net35 (net)
                  0.05    0.00    2.15 v _236_/D (sky130_fd_sc_hd__dfrtp_1)
                                  2.15   data arrival time

                         20.00   20.00   clock clk (rise edge)
                          0.00   20.00   clock source latency
                  0.07    0.05   20.05 ^ clk (in)
     1    0.01                           clk (net)
                  0.07    0.00   20.05 ^ clkbuf_0_clk/A (sky130_fd_sc_hd__clkbuf_16)
                  0.06    0.15   20.19 ^ clkbuf_0_clk/X (sky130_fd_sc_hd__clkbuf_16)
     4    0.04                           clknet_0_clk (net)
                  0.06    0.00   20.19 ^ clkbuf_2_3__f_clk/A (sky130_fd_sc_hd__clkbuf_16)
                  0.05    0.13   20.33 ^ clkbuf_2_3__f_clk/X (sky130_fd_sc_hd__clkbuf_16)
     9    0.03                           clknet_2_3__leaf_clk (net)
                  0.05    0.00   20.33 ^ _236_/CLK (sky130_fd_sc_hd__dfrtp_1)
                         -0.25   20.08   clock uncertainty
                          0.03   20.11   clock reconvergence pessimism
                         -0.12   19.99   library setup time
                                 19.99   data required time
-----------------------------------------------------------------------------
                                 19.99   data required time
                                 -2.15   data arrival time
-----------------------------------------------------------------------------
                                 17.84   slack (MET)


Startpoint: _232_ (rising edge-triggered flip-flop clocked by clk)
Endpoint: _231_ (rising edge-triggered flip-flop clocked by clk)
Path Group: clk
Path Type: max

Fanout     Cap    Slew   Delay    Time   Description
-----------------------------------------------------------------------------
                          0.00    0.00   clock clk (rise edge)
                          0.00    0.00   clock source latency
                  0.07    0.05    0.05 ^ clk (in)
     1    0.01                           clk (net)
                  0.07    0.00    0.05 ^ clkbuf_0_clk/A (sky130_fd_sc_hd__clkbuf_16)
                  0.06    0.16    0.21 ^ clkbuf_0_clk/X (sky130_fd_sc_hd__clkbuf_16)
     4    0.04                           clknet_0_clk (net)
                  0.06    0.00    0.21 ^ clkbuf_2_2__f_clk/A (sky130_fd_sc_hd__clkbuf_16)
                  0.04    0.14    0.35 ^ clkbuf_2_2__f_clk/X (sky130_fd_sc_hd__clkbuf_16)
     6    0.02                           clknet_2_2__leaf_clk (net)
                  0.04    0.00    0.35 ^ _232_/CLK (sky130_fd_sc_hd__dfrtp_1)
                  0.08    0.42    0.78 v _232_/Q (sky130_fd_sc_hd__dfrtp_1)
     4    0.01                           rx_inst.state[2] (net)
                  0.08    0.00    0.78 v hold3/A (sky130_fd_sc_hd__dlygate4sd3_1)
                  0.07    0.62    1.40 v hold3/X (sky130_fd_sc_hd__dlygate4sd3_1)
     1    0.01                           net23 (net)
                  0.07    0.00    1.40 v _172_/B1 (sky130_fd_sc_hd__a21o_1)
                  0.03    0.16    1.56 v _172_/X (sky130_fd_sc_hd__a21o_1)
     1    0.00                           _004_ (net)
                  0.03    0.00    1.56 v hold4/A (sky130_fd_sc_hd__dlygate4sd3_1)
                  0.05    0.57    2.13 v hold4/X (sky130_fd_sc_hd__dlygate4sd3_1)
     1    0.00                           net24 (net)
                  0.05    0.00    2.13 v _231_/D (sky130_fd_sc_hd__dfrtp_2)
                                  2.13   data arrival time

                         20.00   20.00   clock clk (rise edge)
                          0.00   20.00   clock source latency
                  0.07    0.05   20.05 ^ clk (in)
     1    0.01                           clk (net)
                  0.07    0.00   20.05 ^ clkbuf_0_clk/A (sky130_fd_sc_hd__clkbuf_16)
                  0.06    0.15   20.19 ^ clkbuf_0_clk/X (sky130_fd_sc_hd__clkbuf_16)
     4    0.04                           clknet_0_clk (net)
                  0.06    0.00   20.19 ^ clkbuf_2_0__f_clk/A (sky130_fd_sc_hd__clkbuf_16)
                  0.05    0.13   20.33 ^ clkbuf_2_0__f_clk/X (sky130_fd_sc_hd__clkbuf_16)
     9    0.03                           clknet_2_0__leaf_clk (net)
                  0.05    0.00   20.33 ^ _231_/CLK (sky130_fd_sc_hd__dfrtp_2)
                         -0.25   20.08   clock uncertainty
                          0.02   20.10   clock reconvergence pessimism
                         -0.12   19.98   library setup time
                                 19.98   data required time
-----------------------------------------------------------------------------
                                 19.98   data required time
                                 -2.13   data arrival time
-----------------------------------------------------------------------------
                                 17.85   slack (MET)


Startpoint: _244_ (rising edge-triggered flip-flop clocked by clk)
Endpoint: _243_ (rising edge-triggered flip-flop clocked by clk)
Path Group: clk
Path Type: max

Fanout     Cap    Slew   Delay    Time   Description
-----------------------------------------------------------------------------
                          0.00    0.00   clock clk (rise edge)
                          0.00    0.00   clock source latency
                  0.07    0.05    0.05 ^ clk (in)
     1    0.01                           clk (net)
                  0.07    0.00    0.05 ^ clkbuf_0_clk/A (sky130_fd_sc_hd__clkbuf_16)
                  0.06    0.16    0.21 ^ clkbuf_0_clk/X (sky130_fd_sc_hd__clkbuf_16)
     4    0.04                           clknet_0_clk (net)
                  0.06    0.00    0.21 ^ clkbuf_2_3__f_clk/A (sky130_fd_sc_hd__clkbuf_16)
                  0.05    0.15    0.36 ^ clkbuf_2_3__f_clk/X (sky130_fd_sc_hd__clkbuf_16)
     9    0.03                           clknet_2_3__leaf_clk (net)
                  0.05    0.00    0.36 ^ _244_/CLK (sky130_fd_sc_hd__dfrtp_1)
                  0.05    0.38    0.74 v _244_/Q (sky130_fd_sc_hd__dfrtp_1)
     2    0.00                           tx_inst.state[2] (net)
                  0.05    0.00    0.74 v hold1/A (sky130_fd_sc_hd__dlygate4sd3_1)
                  0.05    0.58    1.32 v hold1/X (sky130_fd_sc_hd__dlygate4sd3_1)
     1    0.00                           net21 (net)
                  0.05    0.00    1.32 v _173_/B1 (sky130_fd_sc_hd__a21o_1)
                  0.03    0.15    1.47 v _173_/X (sky130_fd_sc_hd__a21o_1)
     1    0.00                           _007_ (net)
                  0.03    0.00    1.47 v hold2/A (sky130_fd_sc_hd__dlygate4sd3_1)
                  0.05    0.57    2.04 v hold2/X (sky130_fd_sc_hd__dlygate4sd3_1)
     1    0.00                           net22 (net)
                  0.05    0.00    2.04 v _243_/D (sky130_fd_sc_hd__dfrtp_4)
                                  2.04   data arrival time

                         20.00   20.00   clock clk (rise edge)
                          0.00   20.00   clock source latency
                  0.07    0.05   20.05 ^ clk (in)
     1    0.01                           clk (net)
                  0.07    0.00   20.05 ^ clkbuf_0_clk/A (sky130_fd_sc_hd__clkbuf_16)
                  0.06    0.15   20.19 ^ clkbuf_0_clk/X (sky130_fd_sc_hd__clkbuf_16)
     4    0.04                           clknet_0_clk (net)
                  0.06    0.00   20.19 ^ clkbuf_2_3__f_clk/A (sky130_fd_sc_hd__clkbuf_16)
                  0.05    0.13   20.33 ^ clkbuf_2_3__f_clk/X (sky130_fd_sc_hd__clkbuf_16)
     9    0.03                           clknet_2_3__leaf_clk (net)
                  0.05    0.00   20.33 ^ _243_/CLK (sky130_fd_sc_hd__dfrtp_4)
                         -0.25   20.08   clock uncertainty
                          0.03   20.11   clock reconvergence pessimism
                         -0.12   19.99   library setup time
                                 19.99   data required time
-----------------------------------------------------------------------------
                                 19.99   data required time
                                 -2.04   data arrival time
-----------------------------------------------------------------------------
                                 17.95   slack (MET)


Startpoint: _234_ (rising edge-triggered flip-flop clocked by clk)
Endpoint: _237_ (rising edge-triggered flip-flop clocked by clk)
Path Group: clk
Path Type: max

Fanout     Cap    Slew   Delay    Time   Description
-----------------------------------------------------------------------------
                          0.00    0.00   clock clk (rise edge)
                          0.00    0.00   clock source latency
                  0.07    0.05    0.05 ^ clk (in)
     1    0.01                           clk (net)
                  0.07    0.00    0.05 ^ clkbuf_0_clk/A (sky130_fd_sc_hd__clkbuf_16)
                  0.06    0.16    0.21 ^ clkbuf_0_clk/X (sky130_fd_sc_hd__clkbuf_16)
     4    0.04                           clknet_0_clk (net)
                  0.06    0.00    0.21 ^ clkbuf_2_3__f_clk/A (sky130_fd_sc_hd__clkbuf_16)
                  0.05    0.15    0.36 ^ clkbuf_2_3__f_clk/X (sky130_fd_sc_hd__clkbuf_16)
     9    0.03                           clknet_2_3__leaf_clk (net)
                  0.05    0.00    0.36 ^ _234_/CLK (sky130_fd_sc_hd__dfrtp_4)
                  0.13    0.49    0.85 ^ _234_/Q (sky130_fd_sc_hd__dfrtp_4)
     9    0.03                           tx_inst.bit_count[0] (net)
                  0.13    0.00    0.85 ^ _179_/S0 (sky130_fd_sc_hd__mux4_1)
                  0.10    0.60    1.46 v _179_/X (sky130_fd_sc_hd__mux4_1)
     1    0.00                           _099_ (net)
                  0.10    0.00    1.46 v _180_/A (sky130_fd_sc_hd__or2b_1)
                  0.05    0.25    1.71 v _180_/X (sky130_fd_sc_hd__or2b_1)
     1    0.00                           _100_ (net)
                  0.05    0.00    1.71 v _181_/A3 (sky130_fd_sc_hd__a311o_1)
                  0.05    0.36    2.07 v _181_/X (sky130_fd_sc_hd__a311o_1)
     1    0.00                           _114_ (net)
                  0.05    0.00    2.07 v _237_/D (sky130_fd_sc_hd__dfstp_1)
                                  2.07   data arrival time

                         20.00   20.00   clock clk (rise edge)
                          0.00   20.00   clock source latency
                  0.07    0.05   20.05 ^ clk (in)
     1    0.01                           clk (net)
                  0.07    0.00   20.05 ^ clkbuf_0_clk/A (sky130_fd_sc_hd__clkbuf_16)
                  0.06    0.15   20.19 ^ clkbuf_0_clk/X (sky130_fd_sc_hd__clkbuf_16)
     4    0.04                           clknet_0_clk (net)
                  0.06    0.00   20.19 ^ clkbuf_2_3__f_clk/A (sky130_fd_sc_hd__clkbuf_16)
                  0.05    0.13   20.33 ^ clkbuf_2_3__f_clk/X (sky130_fd_sc_hd__clkbuf_16)
     9    0.03                           clknet_2_3__leaf_clk (net)
                  0.05    0.00   20.33 ^ _237_/CLK (sky130_fd_sc_hd__dfstp_1)
                         -0.25   20.08   clock uncertainty
                          0.03   20.11   clock reconvergence pessimism
                         -0.07   20.04   library setup time
                                 20.04   data required time
-----------------------------------------------------------------------------
                                 20.04   data required time
                                 -2.07   data arrival time
-----------------------------------------------------------------------------
                                 17.97   slack (MET)


Startpoint: _233_ (rising edge-triggered flip-flop clocked by clk)
Endpoint: _247_ (rising edge-triggered flip-flop clocked by clk)
Path Group: clk
Path Type: max

Fanout     Cap    Slew   Delay    Time   Description
-----------------------------------------------------------------------------
                          0.00    0.00   clock clk (rise edge)
                          0.00    0.00   clock source latency
                  0.07    0.05    0.05 ^ clk (in)
     1    0.01                           clk (net)
                  0.07    0.00    0.05 ^ clkbuf_0_clk/A (sky130_fd_sc_hd__clkbuf_16)
                  0.06    0.16    0.21 ^ clkbuf_0_clk/X (sky130_fd_sc_hd__clkbuf_16)
     4    0.04                           clknet_0_clk (net)
                  0.06    0.00    0.21 ^ clkbuf_2_2__f_clk/A (sky130_fd_sc_hd__clkbuf_16)
                  0.04    0.14    0.35 ^ clkbuf_2_2__f_clk/X (sky130_fd_sc_hd__clkbuf_16)
     6    0.02                           clknet_2_2__leaf_clk (net)
                  0.04    0.00    0.35 ^ _233_/CLK (sky130_fd_sc_hd__dfrtp_1)
                  0.08    0.42    0.78 v _233_/Q (sky130_fd_sc_hd__dfrtp_1)
     5    0.01                           rx_inst.state[3] (net)
                  0.08    0.00    0.78 v _119_/A (sky130_fd_sc_hd__or3_2)
                  0.12    0.58    1.36 v _119_/X (sky130_fd_sc_hd__or3_2)
     6    0.02                           _061_ (net)
                  0.12    0.00    1.36 v _145_/A (sky130_fd_sc_hd__nor2_1)
                  0.14    0.18    1.54 ^ _145_/Y (sky130_fd_sc_hd__nor2_1)
     1    0.01                           _080_ (net)
                  0.14    0.00    1.54 ^ _146_/S (sky130_fd_sc_hd__mux2_1)
                  0.06    0.35    1.89 v _146_/X (sky130_fd_sc_hd__mux2_1)
     1    0.00                           _081_ (net)
                  0.06    0.00    1.89 v _147_/A (sky130_fd_sc_hd__clkbuf_1)
                  0.02    0.09    1.99 v _147_/X (sky130_fd_sc_hd__clkbuf_1)
     1    0.00                           _041_ (net)
                  0.02    0.00    1.99 v _247_/D (sky130_fd_sc_hd__dfrtp_1)
                                  1.99   data arrival time

                         20.00   20.00   clock clk (rise edge)
                          0.00   20.00   clock source latency
                  0.07    0.05   20.05 ^ clk (in)
     1    0.01                           clk (net)
                  0.07    0.00   20.05 ^ clkbuf_0_clk/A (sky130_fd_sc_hd__clkbuf_16)
                  0.06    0.15   20.19 ^ clkbuf_0_clk/X (sky130_fd_sc_hd__clkbuf_16)
     4    0.04                           clknet_0_clk (net)
                  0.06    0.00   20.19 ^ clkbuf_2_2__f_clk/A (sky130_fd_sc_hd__clkbuf_16)
                  0.04    0.13   20.32 ^ clkbuf_2_2__f_clk/X (sky130_fd_sc_hd__clkbuf_16)
     6    0.02                           clknet_2_2__leaf_clk (net)
                  0.04    0.00   20.32 ^ _247_/CLK (sky130_fd_sc_hd__dfrtp_1)
                         -0.25   20.07   clock uncertainty
                          0.03   20.10   clock reconvergence pessimism
                         -0.11   20.00   library setup time
                                 20.00   data required time
-----------------------------------------------------------------------------
                                 20.00   data required time
                                 -1.99   data arrival time
-----------------------------------------------------------------------------
                                 18.01   slack (MET)


Startpoint: _233_ (rising edge-triggered flip-flop clocked by clk)
Endpoint: _252_ (rising edge-triggered flip-flop clocked by clk)
Path Group: clk
Path Type: max

Fanout     Cap    Slew   Delay    Time   Description
-----------------------------------------------------------------------------
                          0.00    0.00   clock clk (rise edge)
                          0.00    0.00   clock source latency
                  0.07    0.05    0.05 ^ clk (in)
     1    0.01                           clk (net)
                  0.07    0.00    0.05 ^ clkbuf_0_clk/A (sky130_fd_sc_hd__clkbuf_16)
                  0.06    0.16    0.21 ^ clkbuf_0_clk/X (sky130_fd_sc_hd__clkbuf_16)
     4    0.04                           clknet_0_clk (net)
                  0.06    0.00    0.21 ^ clkbuf_2_2__f_clk/A (sky130_fd_sc_hd__clkbuf_16)
                  0.04    0.14    0.35 ^ clkbuf_2_2__f_clk/X (sky130_fd_sc_hd__clkbuf_16)
     6    0.02                           clknet_2_2__leaf_clk (net)
                  0.04    0.00    0.35 ^ _233_/CLK (sky130_fd_sc_hd__dfrtp_1)
                  0.08    0.42    0.78 v _233_/Q (sky130_fd_sc_hd__dfrtp_1)
     5    0.01                           rx_inst.state[3] (net)
                  0.08    0.00    0.78 v _126_/A (sky130_fd_sc_hd__or4b_1)
                  0.12    0.61    1.39 v _126_/X (sky130_fd_sc_hd__or4b_1)
     3    0.01                           _067_ (net)
                  0.12    0.00    1.39 v _131_/A3 (sky130_fd_sc_hd__o31a_1)
                  0.05    0.27    1.66 v _131_/X (sky130_fd_sc_hd__o31a_1)
     1    0.00                           _071_ (net)
                  0.05    0.00    1.66 v _132_/B1 (sky130_fd_sc_hd__a41o_1)
                  0.04    0.21    1.87 v _132_/X (sky130_fd_sc_hd__a41o_1)
     1    0.00                           _046_ (net)
                  0.04    0.00    1.87 v _252_/D (sky130_fd_sc_hd__dfrtp_1)
                                  1.87   data arrival time

                         20.00   20.00   clock clk (rise edge)
                          0.00   20.00   clock source latency
                  0.07    0.05   20.05 ^ clk (in)
     1    0.01                           clk (net)
                  0.07    0.00   20.05 ^ clkbuf_0_clk/A (sky130_fd_sc_hd__clkbuf_16)
                  0.06    0.15   20.19 ^ clkbuf_0_clk/X (sky130_fd_sc_hd__clkbuf_16)
     4    0.04                           clknet_0_clk (net)
                  0.06    0.00   20.19 ^ clkbuf_2_0__f_clk/A (sky130_fd_sc_hd__clkbuf_16)
                  0.05    0.13   20.33 ^ clkbuf_2_0__f_clk/X (sky130_fd_sc_hd__clkbuf_16)
     9    0.03                           clknet_2_0__leaf_clk (net)
                  0.05    0.00   20.33 ^ _252_/CLK (sky130_fd_sc_hd__dfrtp_1)
                         -0.25   20.08   clock uncertainty
                          0.02   20.10   clock reconvergence pessimism
                         -0.11   19.99   library setup time
                                 19.99   data required time
-----------------------------------------------------------------------------
                                 19.99   data required time
                                 -1.87   data arrival time
-----------------------------------------------------------------------------
                                 18.12   slack (MET)


Startpoint: _239_ (rising edge-triggered flip-flop clocked by clk)
Endpoint: _239_ (rising edge-triggered flip-flop clocked by clk)
Path Group: clk
Path Type: max

Fanout     Cap    Slew   Delay    Time   Description
-----------------------------------------------------------------------------
                          0.00    0.00   clock clk (rise edge)
                          0.00    0.00   clock source latency
                  0.07    0.05    0.05 ^ clk (in)
     1    0.01                           clk (net)
                  0.07    0.00    0.05 ^ clkbuf_0_clk/A (sky130_fd_sc_hd__clkbuf_16)
                  0.06    0.16    0.21 ^ clkbuf_0_clk/X (sky130_fd_sc_hd__clkbuf_16)
     4    0.04                           clknet_0_clk (net)
                  0.06    0.00    0.21 ^ clkbuf_2_0__f_clk/A (sky130_fd_sc_hd__clkbuf_16)
                  0.05    0.15    0.36 ^ clkbuf_2_0__f_clk/X (sky130_fd_sc_hd__clkbuf_16)
     9    0.03                           clknet_2_0__leaf_clk (net)
                  0.05    0.00    0.36 ^ _239_/CLK (sky130_fd_sc_hd__dfrtp_1)
                  0.06    0.39    0.76 v _239_/Q (sky130_fd_sc_hd__dfrtp_1)
     2    0.01                           rx_inst.bit_count[0] (net)
                  0.06    0.00    0.76 v _115_/A (sky130_fd_sc_hd__buf_2)
                  0.08    0.18    0.94 v _115_/X (sky130_fd_sc_hd__buf_2)
    10    0.03                           _057_ (net)
                  0.08    0.00    0.94 v _121_/B (sky130_fd_sc_hd__and2_1)
                  0.08    0.22    1.16 v _121_/X (sky130_fd_sc_hd__and2_1)
     4    0.01                           _063_ (net)
                  0.08    0.00    1.16 v _122_/B (sky130_fd_sc_hd__nand2_1)
                  0.11    0.14    1.30 ^ _122_/Y (sky130_fd_sc_hd__nand2_1)
     3    0.01                           _064_ (net)
                  0.11    0.00    1.30 ^ _155_/A2 (sky130_fd_sc_hd__a21boi_1)
                  0.07    0.10    1.40 v _155_/Y (sky130_fd_sc_hd__a21boi_1)
     2    0.01                           _086_ (net)
                  0.07    0.00    1.40 v _157_/A1 (sky130_fd_sc_hd__mux2_1)
                  0.06    0.31    1.72 v _157_/X (sky130_fd_sc_hd__mux2_1)
     1    0.00                           _087_ (net)
                  0.06    0.00    1.72 v _158_/A (sky130_fd_sc_hd__clkbuf_1)
                  0.03    0.10    1.81 v _158_/X (sky130_fd_sc_hd__clkbuf_1)
     1    0.00                           _037_ (net)
                  0.03    0.00    1.81 v _239_/D (sky130_fd_sc_hd__dfrtp_1)
                                  1.81   data arrival time

                         20.00   20.00   clock clk (rise edge)
                          0.00   20.00   clock source latency
                  0.07    0.05   20.05 ^ clk (in)
     1    0.01                           clk (net)
                  0.07    0.00   20.05 ^ clkbuf_0_clk/A (sky130_fd_sc_hd__clkbuf_16)
                  0.06    0.15   20.19 ^ clkbuf_0_clk/X (sky130_fd_sc_hd__clkbuf_16)
     4    0.04                           clknet_0_clk (net)
                  0.06    0.00   20.19 ^ clkbuf_2_0__f_clk/A (sky130_fd_sc_hd__clkbuf_16)
                  0.05    0.13   20.33 ^ clkbuf_2_0__f_clk/X (sky130_fd_sc_hd__clkbuf_16)
     9    0.03                           clknet_2_0__leaf_clk (net)
                  0.05    0.00   20.33 ^ _239_/CLK (sky130_fd_sc_hd__dfrtp_1)
                         -0.25   20.08   clock uncertainty
                          0.03   20.11   clock reconvergence pessimism
                         -0.10   20.01   library setup time
                                 20.01   data required time
-----------------------------------------------------------------------------
                                 20.01   data required time
                                 -1.81   data arrival time
-----------------------------------------------------------------------------
                                 18.19   slack (MET)


Startpoint: _233_ (rising edge-triggered flip-flop clocked by clk)
Endpoint: _254_ (rising edge-triggered flip-flop clocked by clk)
Path Group: clk
Path Type: max

Fanout     Cap    Slew   Delay    Time   Description
-----------------------------------------------------------------------------
                          0.00    0.00   clock clk (rise edge)
                          0.00    0.00   clock source latency
                  0.07    0.05    0.05 ^ clk (in)
     1    0.01                           clk (net)
                  0.07    0.00    0.05 ^ clkbuf_0_clk/A (sky130_fd_sc_hd__clkbuf_16)
                  0.06    0.16    0.21 ^ clkbuf_0_clk/X (sky130_fd_sc_hd__clkbuf_16)
     4    0.04                           clknet_0_clk (net)
                  0.06    0.00    0.21 ^ clkbuf_2_2__f_clk/A (sky130_fd_sc_hd__clkbuf_16)
                  0.04    0.14    0.35 ^ clkbuf_2_2__f_clk/X (sky130_fd_sc_hd__clkbuf_16)
     6    0.02                           clknet_2_2__leaf_clk (net)
                  0.04    0.00    0.35 ^ _233_/CLK (sky130_fd_sc_hd__dfrtp_1)
                  0.08    0.42    0.78 v _233_/Q (sky130_fd_sc_hd__dfrtp_1)
     5    0.01                           rx_inst.state[3] (net)
                  0.08    0.00    0.78 v _119_/A (sky130_fd_sc_hd__or3_2)
                  0.12    0.58    1.36 v _119_/X (sky130_fd_sc_hd__or3_2)
     6    0.02                           _061_ (net)
                  0.12    0.00    1.36 v _123_/A1 (sky130_fd_sc_hd__o21a_1)
                  0.04    0.22    1.58 v _123_/X (sky130_fd_sc_hd__o21a_1)
     1    0.00                           _065_ (net)
                  0.04    0.00    1.58 v _124_/B1 (sky130_fd_sc_hd__a41o_1)
                  0.04    0.20    1.79 v _124_/X (sky130_fd_sc_hd__a41o_1)
     1    0.00                           _048_ (net)
                  0.04    0.00    1.79 v _254_/D (sky130_fd_sc_hd__dfrtp_1)
                                  1.79   data arrival time

                         20.00   20.00   clock clk (rise edge)
                          0.00   20.00   clock source latency
                  0.07    0.05   20.05 ^ clk (in)
     1    0.01                           clk (net)
                  0.07    0.00   20.05 ^ clkbuf_0_clk/A (sky130_fd_sc_hd__clkbuf_16)
                  0.06    0.15   20.19 ^ clkbuf_0_clk/X (sky130_fd_sc_hd__clkbuf_16)
     4    0.04                           clknet_0_clk (net)
                  0.06    0.00   20.19 ^ clkbuf_2_0__f_clk/A (sky130_fd_sc_hd__clkbuf_16)
                  0.05    0.13   20.33 ^ clkbuf_2_0__f_clk/X (sky130_fd_sc_hd__clkbuf_16)
     9    0.03                           clknet_2_0__leaf_clk (net)
                  0.05    0.00   20.33 ^ _254_/CLK (sky130_fd_sc_hd__dfrtp_1)
                         -0.25   20.08   clock uncertainty
                          0.02   20.10   clock reconvergence pessimism
                         -0.11   19.99   library setup time
                                 19.99   data required time
-----------------------------------------------------------------------------
                                 19.99   data required time
                                 -1.79   data arrival time
-----------------------------------------------------------------------------
                                 18.20   slack (MET)


Startpoint: _241_ (rising edge-triggered flip-flop clocked by clk)
Endpoint: _241_ (rising edge-triggered flip-flop clocked by clk)
Path Group: clk
Path Type: max

Fanout     Cap    Slew   Delay    Time   Description
-----------------------------------------------------------------------------
                          0.00    0.00   clock clk (rise edge)
                          0.00    0.00   clock source latency
                  0.07    0.05    0.05 ^ clk (in)
     1    0.01                           clk (net)
                  0.07    0.00    0.05 ^ clkbuf_0_clk/A (sky130_fd_sc_hd__clkbuf_16)
                  0.06    0.16    0.21 ^ clkbuf_0_clk/X (sky130_fd_sc_hd__clkbuf_16)
     4    0.04                           clknet_0_clk (net)
                  0.06    0.00    0.21 ^ clkbuf_2_0__f_clk/A (sky130_fd_sc_hd__clkbuf_16)
                  0.05    0.15    0.36 ^ clkbuf_2_0__f_clk/X (sky130_fd_sc_hd__clkbuf_16)
     9    0.03                           clknet_2_0__leaf_clk (net)
                  0.05    0.00    0.36 ^ _241_/CLK (sky130_fd_sc_hd__dfrtp_4)
                  0.09    0.54    0.90 v _241_/Q (sky130_fd_sc_hd__dfrtp_4)
     9    0.03                           rx_inst.bit_count[2] (net)
                  0.09    0.00    0.90 v hold29/A (sky130_fd_sc_hd__dlygate4sd3_1)
                  0.05    0.60    1.50 v hold29/X (sky130_fd_sc_hd__dlygate4sd3_1)
     1    0.00                           net49 (net)
                  0.05    0.00    1.50 v _152_/B2 (sky130_fd_sc_hd__a22o_1)
                  0.04    0.21    1.71 v _152_/X (sky130_fd_sc_hd__a22o_1)
     1    0.00                           _039_ (net)
                  0.04    0.00    1.71 v _241_/D (sky130_fd_sc_hd__dfrtp_4)
                                  1.71   data arrival time

                         20.00   20.00   clock clk (rise edge)
                          0.00   20.00   clock source latency
                  0.07    0.05   20.05 ^ clk (in)
     1    0.01                           clk (net)
                  0.07    0.00   20.05 ^ clkbuf_0_clk/A (sky130_fd_sc_hd__clkbuf_16)
                  0.06    0.15   20.19 ^ clkbuf_0_clk/X (sky130_fd_sc_hd__clkbuf_16)
     4    0.04                           clknet_0_clk (net)
                  0.06    0.00   20.19 ^ clkbuf_2_0__f_clk/A (sky130_fd_sc_hd__clkbuf_16)
                  0.05    0.13   20.33 ^ clkbuf_2_0__f_clk/X (sky130_fd_sc_hd__clkbuf_16)
     9    0.03                           clknet_2_0__leaf_clk (net)
                  0.05    0.00   20.33 ^ _241_/CLK (sky130_fd_sc_hd__dfrtp_4)
                         -0.25   20.08   clock uncertainty
                          0.03   20.11   clock reconvergence pessimism
                         -0.11   20.00   library setup time
                                 20.00   data required time
-----------------------------------------------------------------------------
                                 20.00   data required time
                                 -1.71   data arrival time
-----------------------------------------------------------------------------
                                 18.29   slack (MET)


Startpoint: _235_ (rising edge-triggered flip-flop clocked by clk)
Endpoint: _235_ (rising edge-triggered flip-flop clocked by clk)
Path Group: clk
Path Type: max

Fanout     Cap    Slew   Delay    Time   Description
-----------------------------------------------------------------------------
                          0.00    0.00   clock clk (rise edge)
                          0.00    0.00   clock source latency
                  0.07    0.05    0.05 ^ clk (in)
     1    0.01                           clk (net)
                  0.07    0.00    0.05 ^ clkbuf_0_clk/A (sky130_fd_sc_hd__clkbuf_16)
                  0.06    0.16    0.21 ^ clkbuf_0_clk/X (sky130_fd_sc_hd__clkbuf_16)
     4    0.04                           clknet_0_clk (net)
                  0.06    0.00    0.21 ^ clkbuf_2_3__f_clk/A (sky130_fd_sc_hd__clkbuf_16)
                  0.05    0.15    0.36 ^ clkbuf_2_3__f_clk/X (sky130_fd_sc_hd__clkbuf_16)
     9    0.03                           clknet_2_3__leaf_clk (net)
                  0.05    0.00    0.36 ^ _235_/CLK (sky130_fd_sc_hd__dfrtp_4)
                  0.08    0.53    0.89 v _235_/Q (sky130_fd_sc_hd__dfrtp_4)
     7    0.02                           tx_inst.bit_count[1] (net)
                  0.08    0.00    0.89 v hold24/A (sky130_fd_sc_hd__dlygate4sd3_1)
                  0.06    0.60    1.49 v hold24/X (sky130_fd_sc_hd__dlygate4sd3_1)
     1    0.00                           net44 (net)
                  0.06    0.00    1.49 v _166_/B1 (sky130_fd_sc_hd__a21oi_1)
                  0.10    0.12    1.61 ^ _166_/Y (sky130_fd_sc_hd__a21oi_1)
     1    0.00                           _093_ (net)
                  0.10    0.00    1.61 ^ _167_/B1 (sky130_fd_sc_hd__a21oi_1)
                  0.05    0.05    1.66 v _167_/Y (sky130_fd_sc_hd__a21oi_1)
     1    0.00                           _034_ (net)
                  0.05    0.00    1.66 v _235_/D (sky130_fd_sc_hd__dfrtp_4)
                                  1.66   data arrival time

                         20.00   20.00   clock clk (rise edge)
                          0.00   20.00   clock source latency
                  0.07    0.05   20.05 ^ clk (in)
     1    0.01                           clk (net)
                  0.07    0.00   20.05 ^ clkbuf_0_clk/A (sky130_fd_sc_hd__clkbuf_16)
                  0.06    0.15   20.19 ^ clkbuf_0_clk/X (sky130_fd_sc_hd__clkbuf_16)
     4    0.04                           clknet_0_clk (net)
                  0.06    0.00   20.19 ^ clkbuf_2_3__f_clk/A (sky130_fd_sc_hd__clkbuf_16)
                  0.05    0.13   20.33 ^ clkbuf_2_3__f_clk/X (sky130_fd_sc_hd__clkbuf_16)
     9    0.03                           clknet_2_3__leaf_clk (net)
                  0.05    0.00   20.33 ^ _235_/CLK (sky130_fd_sc_hd__dfrtp_4)
                         -0.25   20.08   clock uncertainty
                          0.03   20.11   clock reconvergence pessimism
                         -0.11   20.00   library setup time
                                 20.00   data required time
-----------------------------------------------------------------------------
                                 20.00   data required time
                                 -1.66   data arrival time
-----------------------------------------------------------------------------
                                 18.34   slack (MET)


Startpoint: _231_ (rising edge-triggered flip-flop clocked by clk)
Endpoint: _240_ (rising edge-triggered flip-flop clocked by clk)
Path Group: clk
Path Type: max

Fanout     Cap    Slew   Delay    Time   Description
-----------------------------------------------------------------------------
                          0.00    0.00   clock clk (rise edge)
                          0.00    0.00   clock source latency
                  0.07    0.05    0.05 ^ clk (in)
     1    0.01                           clk (net)
                  0.07    0.00    0.05 ^ clkbuf_0_clk/A (sky130_fd_sc_hd__clkbuf_16)
                  0.06    0.16    0.21 ^ clkbuf_0_clk/X (sky130_fd_sc_hd__clkbuf_16)
     4    0.04                           clknet_0_clk (net)
                  0.06    0.00    0.21 ^ clkbuf_2_0__f_clk/A (sky130_fd_sc_hd__clkbuf_16)
                  0.05    0.15    0.36 ^ clkbuf_2_0__f_clk/X (sky130_fd_sc_hd__clkbuf_16)
     9    0.03                           clknet_2_0__leaf_clk (net)
                  0.05    0.00    0.36 ^ _231_/CLK (sky130_fd_sc_hd__dfrtp_2)
                  0.07    0.45    0.81 v _231_/Q (sky130_fd_sc_hd__dfrtp_2)
     6    0.02                           rx_inst.state[1] (net)
                  0.07    0.00    0.81 v hold26/A (sky130_fd_sc_hd__dlygate4sd3_1)
                  0.07    0.62    1.43 v hold26/X (sky130_fd_sc_hd__dlygate4sd3_1)
     2    0.01                           net46 (net)
                  0.07    0.00    1.43 v _156_/A1 (sky130_fd_sc_hd__a22o_1)
                  0.04    0.22    1.65 v _156_/X (sky130_fd_sc_hd__a22o_1)
     1    0.00                           _038_ (net)
                  0.04    0.00    1.65 v _240_/D (sky130_fd_sc_hd__dfrtp_4)
                                  1.65   data arrival time

                         20.00   20.00   clock clk (rise edge)
                          0.00   20.00   clock source latency
                  0.07    0.05   20.05 ^ clk (in)
     1    0.01                           clk (net)
                  0.07    0.00   20.05 ^ clkbuf_0_clk/A (sky130_fd_sc_hd__clkbuf_16)
                  0.06    0.15   20.19 ^ clkbuf_0_clk/X (sky130_fd_sc_hd__clkbuf_16)
     4    0.04                           clknet_0_clk (net)
                  0.06    0.00   20.19 ^ clkbuf_2_0__f_clk/A (sky130_fd_sc_hd__clkbuf_16)
                  0.05    0.13   20.33 ^ clkbuf_2_0__f_clk/X (sky130_fd_sc_hd__clkbuf_16)
     9    0.03                           clknet_2_0__leaf_clk (net)
                  0.05    0.00   20.33 ^ _240_/CLK (sky130_fd_sc_hd__dfrtp_4)
                         -0.25   20.08   clock uncertainty
                          0.03   20.11   clock reconvergence pessimism
                         -0.11   20.00   library setup time
                                 20.00   data required time
-----------------------------------------------------------------------------
                                 20.00   data required time
                                 -1.65   data arrival time
-----------------------------------------------------------------------------
                                 18.35   slack (MET)


Startpoint: _230_ (rising edge-triggered flip-flop clocked by clk)
Endpoint: _232_ (rising edge-triggered flip-flop clocked by clk)
Path Group: clk
Path Type: max

Fanout     Cap    Slew   Delay    Time   Description
-----------------------------------------------------------------------------
                          0.00    0.00   clock clk (rise edge)
                          0.00    0.00   clock source latency
                  0.07    0.05    0.05 ^ clk (in)
     1    0.01                           clk (net)
                  0.07    0.00    0.05 ^ clkbuf_0_clk/A (sky130_fd_sc_hd__clkbuf_16)
                  0.06    0.16    0.21 ^ clkbuf_0_clk/X (sky130_fd_sc_hd__clkbuf_16)
     4    0.04                           clknet_0_clk (net)
                  0.06    0.00    0.21 ^ clkbuf_2_2__f_clk/A (sky130_fd_sc_hd__clkbuf_16)
                  0.04    0.14    0.35 ^ clkbuf_2_2__f_clk/X (sky130_fd_sc_hd__clkbuf_16)
     6    0.02                           clknet_2_2__leaf_clk (net)
                  0.04    0.00    0.35 ^ _230_/CLK (sky130_fd_sc_hd__dfstp_1)
                  0.07    0.54    0.89 ^ _230_/Q (sky130_fd_sc_hd__dfstp_1)
     3    0.01                           rx_inst.state[0] (net)
                  0.07    0.00    0.89 ^ hold11/A (sky130_fd_sc_hd__dlygate4sd3_1)
                  0.10    0.62    1.51 ^ hold11/X (sky130_fd_sc_hd__dlygate4sd3_1)
     2    0.01                           net31 (net)
                  0.10    0.00    1.51 ^ _148_/A (sky130_fd_sc_hd__inv_2)
                  0.03    0.05    1.56 v _148_/Y (sky130_fd_sc_hd__inv_2)
     2    0.01                           _082_ (net)
                  0.03    0.00    1.56 v _182_/A (sky130_fd_sc_hd__nor2_1)
                  0.08    0.09    1.66 ^ _182_/Y (sky130_fd_sc_hd__nor2_1)
     1    0.00                           _001_ (net)
                  0.08    0.00    1.66 ^ _232_/D (sky130_fd_sc_hd__dfrtp_1)
                                  1.66   data arrival time

                         20.00   20.00   clock clk (rise edge)
                          0.00   20.00   clock source latency
                  0.07    0.05   20.05 ^ clk (in)
     1    0.01                           clk (net)
                  0.07    0.00   20.05 ^ clkbuf_0_clk/A (sky130_fd_sc_hd__clkbuf_16)
                  0.06    0.15   20.19 ^ clkbuf_0_clk/X (sky130_fd_sc_hd__clkbuf_16)
     4    0.04                           clknet_0_clk (net)
                  0.06    0.00   20.19 ^ clkbuf_2_2__f_clk/A (sky130_fd_sc_hd__clkbuf_16)
                  0.04    0.13   20.32 ^ clkbuf_2_2__f_clk/X (sky130_fd_sc_hd__clkbuf_16)
     6    0.02                           clknet_2_2__leaf_clk (net)
                  0.04    0.00   20.32 ^ _232_/CLK (sky130_fd_sc_hd__dfrtp_1)
                         -0.25   20.07   clock uncertainty
                          0.03   20.10   clock reconvergence pessimism
                         -0.07   20.04   library setup time
                                 20.04   data required time
-----------------------------------------------------------------------------
                                 20.04   data required time
                                 -1.66   data arrival time
-----------------------------------------------------------------------------
                                 18.38   slack (MET)


Startpoint: _230_ (rising edge-triggered flip-flop clocked by clk)
Endpoint: _230_ (rising edge-triggered flip-flop clocked by clk)
Path Group: clk
Path Type: max

Fanout     Cap    Slew   Delay    Time   Description
-----------------------------------------------------------------------------
                          0.00    0.00   clock clk (rise edge)
                          0.00    0.00   clock source latency
                  0.07    0.05    0.05 ^ clk (in)
     1    0.01                           clk (net)
                  0.07    0.00    0.05 ^ clkbuf_0_clk/A (sky130_fd_sc_hd__clkbuf_16)
                  0.06    0.16    0.21 ^ clkbuf_0_clk/X (sky130_fd_sc_hd__clkbuf_16)
     4    0.04                           clknet_0_clk (net)
                  0.06    0.00    0.21 ^ clkbuf_2_2__f_clk/A (sky130_fd_sc_hd__clkbuf_16)
                  0.04    0.14    0.35 ^ clkbuf_2_2__f_clk/X (sky130_fd_sc_hd__clkbuf_16)
     6    0.02                           clknet_2_2__leaf_clk (net)
                  0.04    0.00    0.35 ^ _230_/CLK (sky130_fd_sc_hd__dfstp_1)
                  0.07    0.54    0.89 ^ _230_/Q (sky130_fd_sc_hd__dfstp_1)
     3    0.01                           rx_inst.state[0] (net)
                  0.07    0.00    0.89 ^ hold11/A (sky130_fd_sc_hd__dlygate4sd3_1)
                  0.10    0.62    1.51 ^ hold11/X (sky130_fd_sc_hd__dlygate4sd3_1)
     2    0.01                           net31 (net)
                  0.10    0.00    1.51 ^ _149_/A2 (sky130_fd_sc_hd__o21a_1)
                  0.08    0.15    1.66 ^ _149_/X (sky130_fd_sc_hd__o21a_1)
     2    0.01                           _000_ (net)
                  0.08    0.00    1.66 ^ _230_/D (sky130_fd_sc_hd__dfstp_1)
                                  1.66   data arrival time

                         20.00   20.00   clock clk (rise edge)
                          0.00   20.00   clock source latency
                  0.07    0.05   20.05 ^ clk (in)
     1    0.01                           clk (net)
                  0.07    0.00   20.05 ^ clkbuf_0_clk/A (sky130_fd_sc_hd__clkbuf_16)
                  0.06    0.15   20.19 ^ clkbuf_0_clk/X (sky130_fd_sc_hd__clkbuf_16)
     4    0.04                           clknet_0_clk (net)
                  0.06    0.00   20.19 ^ clkbuf_2_2__f_clk/A (sky130_fd_sc_hd__clkbuf_16)
                  0.04    0.13   20.32 ^ clkbuf_2_2__f_clk/X (sky130_fd_sc_hd__clkbuf_16)
     6    0.02                           clknet_2_2__leaf_clk (net)
                  0.04    0.00   20.32 ^ _230_/CLK (sky130_fd_sc_hd__dfstp_1)
                         -0.25   20.07   clock uncertainty
                          0.03   20.10   clock reconvergence pessimism
                         -0.06   20.04   library setup time
                                 20.04   data required time
-----------------------------------------------------------------------------
                                 20.04   data required time
                                 -1.66   data arrival time
-----------------------------------------------------------------------------
                                 18.38   slack (MET)


Startpoint: _234_ (rising edge-triggered flip-flop clocked by clk)
Endpoint: _245_ (rising edge-triggered flip-flop clocked by clk)
Path Group: clk
Path Type: max

Fanout     Cap    Slew   Delay    Time   Description
-----------------------------------------------------------------------------
                          0.00    0.00   clock clk (rise edge)
                          0.00    0.00   clock source latency
                  0.07    0.05    0.05 ^ clk (in)
     1    0.01                           clk (net)
                  0.07    0.00    0.05 ^ clkbuf_0_clk/A (sky130_fd_sc_hd__clkbuf_16)
                  0.06    0.16    0.21 ^ clkbuf_0_clk/X (sky130_fd_sc_hd__clkbuf_16)
     4    0.04                           clknet_0_clk (net)
                  0.06    0.00    0.21 ^ clkbuf_2_3__f_clk/A (sky130_fd_sc_hd__clkbuf_16)
                  0.05    0.15    0.36 ^ clkbuf_2_3__f_clk/X (sky130_fd_sc_hd__clkbuf_16)
     9    0.03                           clknet_2_3__leaf_clk (net)
                  0.05    0.00    0.36 ^ _234_/CLK (sky130_fd_sc_hd__dfrtp_4)
                  0.10    0.55    0.91 v _234_/Q (sky130_fd_sc_hd__dfrtp_4)
     9    0.03                           tx_inst.bit_count[0] (net)
                  0.10    0.00    0.91 v _183_/C (sky130_fd_sc_hd__and4_1)
                  0.04    0.21    1.12 v _183_/X (sky130_fd_sc_hd__and4_1)
     1    0.00                           _101_ (net)
                  0.04    0.00    1.12 v _184_/A (sky130_fd_sc_hd__clkbuf_1)
                  0.03    0.09    1.21 v _184_/X (sky130_fd_sc_hd__clkbuf_1)
     1    0.00                           _003_ (net)
                  0.03    0.00    1.21 v _245_/D (sky130_fd_sc_hd__dfrtp_1)
                                  1.21   data arrival time

                         20.00   20.00   clock clk (rise edge)
                          0.00   20.00   clock source latency
                  0.07    0.05   20.05 ^ clk (in)
     1    0.01                           clk (net)
                  0.07    0.00   20.05 ^ clkbuf_0_clk/A (sky130_fd_sc_hd__clkbuf_16)
                  0.06    0.15   20.19 ^ clkbuf_0_clk/X (sky130_fd_sc_hd__clkbuf_16)
     4    0.04                           clknet_0_clk (net)
                  0.06    0.00   20.19 ^ clkbuf_2_3__f_clk/A (sky130_fd_sc_hd__clkbuf_16)
                  0.05    0.13   20.33 ^ clkbuf_2_3__f_clk/X (sky130_fd_sc_hd__clkbuf_16)
     9    0.03                           clknet_2_3__leaf_clk (net)
                  0.05    0.00   20.33 ^ _245_/CLK (sky130_fd_sc_hd__dfrtp_1)
                         -0.25   20.08   clock uncertainty
                          0.03   20.11   clock reconvergence pessimism
                         -0.11   20.00   library setup time
                                 20.00   data required time
-----------------------------------------------------------------------------
                                 20.00   data required time
                                 -1.21   data arrival time
-----------------------------------------------------------------------------
                                 18.79   slack (MET)



